case类型,模型输入,模型输出
群聊负向,"这是要分析的对话:&&&08月24日 12:42分。牵手(客户):""[视频]""。牵手(客户):""这就是你们说的有所改善""。牵手(客户):""每天中午到下午6，7点都是这么多车""。韶关恒大城A区监控员(客户):""收到""。08月24日 12:49分。牵手(客户):""每天都是这样的，能不能来点实际的""。A晴空万里(客户):""@韶关恒大城A区监控员?，每次都说收到收到，有意思吗？有没有去想怎么解决问题，能不能给业主一个安全，舒适的环境""。牵手(客户):""整个恒大就一期是这样的，是不是我们一期的没交物业费""。08月24日 13:40分。阿霞(客户):""应该是我们的物业费交得太爽快了""。08月24日 15:38分。永兴(客户):""恒大一期车辆管理太差了""。08月24日 16:00分。鳯(客户):""[视频]""。鳯(客户):""19栋1楼电梯按键坏了""。韶关恒大城A区监控员(客户):""收到""。08月24日 16:07分。韶关恒大城A区监控员(客户):""@鳯?有业主在负3搬物品 挡门了""。08月24日 16:16分。我还是我(客户):""[文件超过最大限制]""。我还是我(客户):""[文件超过最大限制]""。我还是我(客户):""[文件超过最大限制]""。我还是我(客户):""这就是有改善？@雪容融???""。08月24日 16:27分。快乐人(客户):""大家好，想问一下周边幼儿园那家性价比好些（刚刚搬来有小朋友读大班，有校车接送的）[抱拳][抱拳][抱拳]""。唐学纬(客户):""恒大贝尔幼儿园，自己小区的就挺好的""。快乐人(客户):""听说学费不低[呲牙]""。雪容融??(客户):""「我还是我：。这就是有改善？@雪容融???」。- - - - - - - - - - - - - - -。下午好，白天车辆不长时间停放，如果一小时内不出场，两次以后就会设置限制入园名单，这个是会落实好，这两天管家也会把系统有出现长时间停放的车辆进行逐一温馨提醒。然后六点以后晚上就是非必要入园管控。""。08月24日 16:39分。A晴空万里(客户):""@雪容融???，同一个问题天天反应都不见解决，啥回事？？""。A晴空万里(客户):""这是小区，不是停车场""。A晴空万里(客户):""每月交那么高的物业费，是否应该给业主一个舒适，安全的环境""。我还是我(客户):""园区不是停车场，小区建设就明确了，你们这是胡乱管理，激化矛盾！@雪容融???""。雪容融??(客户):""白天车辆不长时间停放，如果一小时内不出场，两次以后就会设置限制入园名单，这个是会落实好，这两天管家也会把系统有出现长时间停放的车辆进行逐一温馨提醒。然后六点以后晚上就是非必要入园管控。""。雪容融??(客户):""这个是目前能够执行起来的""。08月24日 16:44分。我还是我(客户):""你们这样的胡乱管理行为让一小部分人变成既得利益者，霍乱小区秩序、文明和良好环境！@雪容融???""。尹子(客户):""各位邻居们稍安勿躁，一期这里就只有我们这几栋有地下停车场，那其他栋的业主们有时候有事，或者拿东西，放东西，需要进来，保安又不能不让业主的车进来，我觉得这才是问题的根本，不是物业的原因""。08月24日 16:53分。梓墨mm(客户):""「雪容融??：白天车辆不长时间停放，如果一小时内不出场，两次以后就会设置限制入园名单，这个是会落实好，这两天管家也会把系统有出现长时间停放的车辆进行逐一温馨提醒。然后六点以后晚上就是非必要入园管控。」。- - - - - - - - - - - - - - -。为什么不能全天都实行非必要不入园的管控？非得6点后才实行""。我还是我(客户):""邻居你好，不知你看了前因后果没？最好了解清楚了再说，不然感觉你在帮着洗地@19栋2202?""。雪容融??(客户):""[图片]""。雪容融??(客户):""我之前也说明过这个情况""。我还是我(客户):""[图片]""。我还是我(客户):""去年的前年的及今年以前的还需要翻吗？""。梓墨mm(客户):""「雪容融??：[图片]」。- - - - - - - - - - - - - - -。你搞错了吧，大家一直说的都是非必要情况不入园，而不是全时间段一个车都不让进，紧急特殊情况进来，没人有意见""。雪容融??(客户):""不是停车场，进来临停放东西或者送人的话，弄完就出去，不要长时间停放，如果有出现两次我们就会设置限制入场。""。zeng(客户):""[视频]""。08月24日 16:58分。娜只猪(客户):""为什么要两次才限制？""。zeng(客户):""这像是临时放一下东西吗""。zeng(客户):""业主给你们想了这么多办法你们不用""。zeng(客户):""说了从收费门岗进""。zeng(客户):""超过半小时收钱""。zeng(客户):""你看这些人还停不停""。我还是我(客户):""关于韶关恒大城一期车辆入园通知。尊敬的业主：。您好！8-9栋大门岗已完成升级改造，于2023年12月28日早上9:00正式启用，登记的车辆可以自动识别入场和出场。详情如下：。1、登记的车辆可自动识别入场。否则，将按照临停车辆来访询问登记，为避免引起误会，请有需要开车入园的业主，将车辆信息及时告知管家登记处理。。2、所有进入一期园区的车辆，请从8-9栋正门进出，运动中心门岗仅限人员出入，及消防车、救护车、校车等应急车辆出入。。3、运动中心两旁入口将启动人面识别系统进入园区，还未认证业主相关信息或者未授权门禁卡的，请及时认证。不使用人面识别系统的，可以下载小程序用远程开门或拿门禁卡到13栋物业中心前台办理。。4、入园车辆为临时应急，放置和安置完请及时离场，车辆设定为1个小时内临时停放，如果出现两次超时停放，系统将设置黑名单处理。。5、进出园区车辆请低速行驶，礼让行人。如有地下停车场区域楼栋的车辆，请从车库出入，降低园区车流量。。感谢您对物业中心工作的支持和配合，如有疑问可及时联系我们，物业服务中心24小时服务热线：0751-8709633   。。 韶关恒大城物业服务中心。                                二〇二三年十二月二十七日""。雪容融??(客户):""他们进来了，不遵守就设限制限制入园权限""。zeng(客户):""凭什么老实人就要买车位，月租车位""。我还是我(客户):""就这个你们自己出的通知，做到了吗？@雪容融???""。雪容融??(客户):""「zeng：。说了从收费门岗进」。- - - - - - - - - - - - - - -。要全体业主表决超过三分之二人参与表决，还有超过4分之三业主同意才可以启动收费啊。1到11栋20到23栋那边是大头啊，还有12栋19栋业不能保证全体业主都去支持收费的啊。不是我们不想弄啊。""。zeng(客户):""从地下室进""。我还是我(客户):""这样进车也要4分之三业主同意吧，你们有吗？""。zeng(客户):""要么就把小区分开，眼不见为净""。zeng(客户):""我们这边他们别过来""。娜只猪(客户):""18、19栋楼下现在都有车停着，这两栋不是有地下车库吗？为什么还要给他们进来呢？""。我还是我(客户):""就自己随意的搞个所谓分时段控制，这不是想怎么管就怎么管，不是胡乱管理是什么？""。08月24日 17:05分。我还是我(客户):""既然都没有四分之三的业主同意变化，那就得按原规划设计来管理，园区不是停车场！""。zeng(客户):""还是物业好，比单位都稳，旱涝保收""。zeng(客户):""业主急了安抚下就行""。小万万(客户):""@雪容融???这几年群里都在反馈园区停车的问题，记得每次都是你在说会解决，但是一直都没解决好反而园区停车的现象越来越多了，越来越乱，你们??反思过吗？""。雪容融??(客户):""商铺搬运货品不给进，他们怎么运东西，给商铺进，不给住宅买东西进，然后有老人家，有生病进来的，业主看到有车都会觉得他可以进为什么我不可以，然后还是一个死循环里面。""。08月24日 17:12分。A晴空万里(客户):""小区里现在的停车情况像是应急车吗，一停就是好几个小时""。zeng(客户):""[视频]""。zeng(客户):""@雪容融???这车队都是带了老人家的？""。我还是我(客户):""你这是胡搅蛮缠，一直以来这些特殊情况（都建议了清单）什么时候见大家说不让进吗？""。雪容融??(客户):""弊端现在就是只有六栋楼有停车场，其他14栋楼都没有车库的，他们日常有运送东西，或者病人婴儿孩子送的，商铺这些运行中需要运送货品这部分人进入园区需求怎么解决的同时可以把园区停放车辆时间秩序不矛盾。每个人能够遵守一个大家约定去走。""。我还是我(客户):""{""pre_msgid"":""18432137939423624833_1724490790365_external""}""。A(客户):""「雪容融??：商铺搬运货品不给进，他们怎么运东西，给商铺进，不给住宅买东西进，然后有老人家，有生病进来的，业主看到有车都会觉得他可以进为什么我不可以，然后还是一个死循环里面。」。- - - - - - - - - - - - - - -。是我们没表达清楚吗？地面不进出消防车以外的车辆。所有车走停车场进出。二十栋边上的入口打开。他们有急事，上就是了。办完停回停车场""。我还是我(客户):""你这是胡搅蛮缠，一直以来这些特殊情况（都建议了清单）什么时候见大家说不让进吗？@雪容融???""。zeng(客户):""「A：是我们没表达清楚吗？地面不进出消防车以外的车辆。所有车走停车场进出。二十栋边上的入口打开。他们有急事，上就是了。办完停回停车场」。- - - - - - - - - - - - - - -。对啊""。A(客户):""园区不是免费停车场""。zeng(客户):""这样特殊情况也照顾了""。zeng(客户):""占便宜的也杜绝了""。我还是我(客户):""物业同志又开始扯有的没的了[汗]""。我还是我(客户):""这就是一直管不好的根源！""。小万万(客户):""解决不好问题就东拉西扯""。雪容融??(客户):""现在就是放了进来，她就不去移车了啊，都那么自觉，哪有我们在这里热闹讨论了""。zeng(客户):""「A：是我们没表达清楚吗？地面不进出消防车以外的车辆。所有车走停车场进出。二十栋边上的入口打开。他们有急事，上就是了。办完停回停车场」。- - - - - - - - - - - - - - -。你能认真看下这条吗""。zeng(客户):""@雪容融???""。雪容融??(客户):""「zeng：。这样特殊情况也照顾了」。- - - - - - - - - - - - - - -。那就不去晚上六点以后没有车的问题了，而是24小时园区的车都会一直转。""。zeng(客户):""你们想不到解决方法其他业主想到了""。08月24日 17:17分。zeng(客户):""「雪容融??：那就不去晚上六点以后没有车的问题了，而是24小时园区的车都会一直转。」。- - - - - - - - - - - - - - -。你不会6点把花园的栏杆放下去？""。zeng(客户):""这么好的方法业主都想到了你们为什么不用""。zeng(客户):""你们是不是收了麻将馆的钱，答应了放他们客人进来放车""。A(客户):""就不该让车走园区大门入！有事走停车场进！二十栋边上有停车场出口。""。二哥（苇）(客户):""其余14栋没有直达车库的楼栋原则都是进去放物品和接送人员就出来，但确实存在部分业主不遵守规定，我们也不停的在通知挪车清车，对于不遵守规定的业主，我们也正在沟通，告知，接下来就是拉黑名，不让进园区了。""。二哥（苇）(客户):""「A A A A A：。就不该让车走园区大门入！有事走停车场进！二十栋边上有停车场出口。」。- - - - - - - - - - - - - - -。现在进入小区的车百分之60以上都是有车位或者月租，从车库进出那就24小时都会在园区里面""。zeng(客户):""说得好，过两天业主不出声了又可以忽悠一段时间了""。A(客户):""「二哥（苇）：其余14栋没有直达车库的楼栋原则都是进去放物品和接送人员就出来，但确实存在部分业主不遵守规定，我们也不停的在通知挪车清车，对于不遵守规定的业主，我们也正在沟通，告知，接下来就是拉黑名，不让进园区了。」。- - - - - - - - - - - - - - -。既增加了工作量又做不好工作。所图为何？拿着大家的地方给物业做人情？和你们好的随意进出停放？""。雪容融??(客户):""「zeng：你不会6点把花园的栏杆放下去？」。- - - - - - - - - - - - - - -。明白了，我周一回去反馈，看看方案可行性。感谢建议。""。08月24日 17:22分。zeng(客户):""难管大家可以一起提建议，本质也是为了营造好的小区环境""。zeng(客户):""不能我们拼命维护好的环境，别人拼命破坏，换谁来都不愿意""。雪容融??(客户):""「A A A A A：既增加了工作量又做不好工作。所图为何？拿着大家的地方给物业做人情？和你们好的随意进出停放？」。- - - - - - - - - - - - - - -。这些想法，业主现场想进车辆，和你想法也是一样的，所以物业水洗都是不清的。就是因为有这个想法，所以看到车辆他可以进入，我也是可以进的。""。二哥（苇）(客户):""「zeng：。说得好，过两天业主不出声了又可以忽悠一段时间了」。- - - - - - - - - - - - - - -。过两天我们门岗挨骂的时候麻烦过来支援一下下，让其他业主也知道他们的行为多影响他人""。雪容融??(客户):""「zeng：。难管大家可以一起提建议，本质也是为了营造好的小区环境」。- - - - - - - - - - - - - - -。嗯嗯，明白的，现在我们就是想试行一些方法去改善。""。zeng(客户):""「二哥（苇）：过两天我们门岗挨骂的时候麻烦过来支援一下下，让其他业主也知道他们的行为多影响他人」。- - - - - - - - - - - - - - -。上次我就支援了啊，晚上业主堵门我帮你们怼他了""。A(客户):""「雪容融??：这些想法，业主现场想进车辆，和你想法也是一样的，所以物业水洗都是不清的。就是因为有这个想法，所以看到车辆他可以进入，我也是可以进的。」。- - - - - - - - - - - - - - -。所以一视同仁都走停车场入口嘛！""。&&&","{""事件提取"":[{""业主情感强度"":{""娜只猪"":""一般负面"",""A"":""一般负面"",""梓墨mm"":""一般负面"",""快乐人"":""无明显情绪"",""小万万"":""一般负面"",""阿霞"":""一般负面"",""鳯"":""一般负面"",""A晴空万里"":""强烈负面"",""永兴"":""一般负面"",""二哥（苇）"":""一般负面"",""我还是我"":""强烈负面"",""牵手"":""强烈负面"",""唐学纬"":""无明显情绪"",""尹子"":""一般负面"",""zeng"":""强烈负面""},""事件讨论开始时间"":""08月24日 12:42"",""事件讨论结束时间"":""08月24日 17:22"",""事件详情"":""业主对恒大城一期车辆管理问题表达不满，尤其是对车辆在小区内长时间停放的情况。物业表示正在采取措施，包括设置限制入园名单和提醒长时间停放的车辆，但业主认为这些措施并未有效执行。"",""话题倾向"":""""}],""思考说明"":""分析对话内容，识别出业主针对小区内车辆管理问题的负面情绪。确定事件为业主对小区内车辆乱停现象的不满，以及物业对此问题的应对措施。注意到该事件中涉及多个业主，他们的情绪强度各有不同。"",""提取结果"":false}"
群聊负向,"这是要分析的对话:&&&08月28日 15:00分。徐文珠(员工):""嗨喽，业主，您看关于8栋两台电梯配件需启…………""。08月28日 15:49分。旋(客户):""用维修基金，自己不需要另外交钱对吧""。徐文珠(员工):""不用的""。08月28日 15:59分。旋(客户):""好的""。旋(客户):""「韶关恒大城-管家-徐文珠：尊敬的业主：。       您好！因近期部分业主反映8栋电梯运行异常，经日立电梯公司工作人员现场排查确认8栋【客梯】钢丝绳及曳引轮、补偿链损坏；8栋【货梯】钢丝绳及曳引轮损坏，建议及时进行更换。电梯投入使用至今已有10年1个月。根据合同约定：电梯钢丝绳及曳引轮、补偿链保修期限为1年，目前已超过保修期，【客梯】预算更换配件费用为19721.72元，此次维修涉及96户，总建筑面积为9210.34平方米，每平方米分摊费用为2.141元；【货梯】预算更换配件费用为13951.72元，此次维修涉及96户，总建筑面积为9210.34平方米，每平方米分摊费用为1.515元。。      为保证电梯正常运行，现物业公司按照国家《住宅专项维修基金管理办法》中具体要求向政府相关部门申请维修资金对该处进行维修。。      申请列支维修资金，需征求业主意见，现在通过微信征集，请问您是同意还是不同意使用维修资金？还是弃权？麻烦您收到信息尽快回复意见给我，谢谢！。      即：01户型，109.80平方米，合计分摊客梯235.12元+货梯166.33元=401.45元；02户型，90.79平方米，合计分摊客梯194.40元+货梯137.52元=331.92元；03/04户型，91.60平方米，合计分摊客梯196.14元+货梯138.76元=334.90元。麻烦尽快发意见给我，谢谢配合！」。- - - - - - - - - - - - - - -。同意使用维修基金""。徐文珠(员工):""收到""。徐文珠(员工):""另外这边还有一个表决需要征询您的意见，您…………""。徐文珠(员工):""尊敬的业主，您好！。现拟启用专项维修资金…………""。徐文珠(员工):""[文件]""。徐文珠(员工):""[文件]""。徐文珠(员工):""[文件]""。徐文珠(员工):""[文件]""。旋(客户):""不同意""。徐文珠(员工):""收到""。&&&","{""事件提取"":null,""提取结果"":false}"
群聊负向,"这是要分析的对话:&&&08月23日 17:12分。花开富贵(客户):""[文件下载失败]""。花开富贵(客户):""47栋1单元的后门的小道请清理一下野草！""。花开富贵(客户):""后面的石板已经被野草全覆盖了！""。08月23日 17:35分。蒋青艳(员工):""好的""。&&&","{""事件提取"":[业主情感""：""一般负面"",""事件倾向""：""负向"",""事件详情""：""业主花开富贵对物业未清理小道野草表示不满。""],""思考说明"":""我的任务是筛查对话中的业主情绪较为显著的物业正向或负向事件，进行全司通报表扬或批评。情绪明显指的是业主在对话中表现出的强烈正面或负面情绪。日常物业事件指的是那些不带有明显情绪，属于物业日常管理范围内的事件。从对话中看，业主提出了关于清理野草的请求，并且表达了一定的急切情绪。物业员工对此进行了回应。"",""提取结果"":false}"
群聊负向,"这是要分析的对话:&&&08月23日 09:25分。shine.(客户):""管家，差不多一周了，二楼有去修空调管吗？""。shine.(客户):""今天回家来看墙面都已经开始掉了""。08月23日 10:24分。shine.(客户):""管家，十点半师傅来的时候可以顺便看看四楼空调管哈""。shine.(客户):""[视频]""。shine.(客户):""他家这个也是在漏的""。08月23日 11:00分。刘丹(员工):""这是现在的视频吗""。刘丹(员工):""他们家上午开空调了是吗""。shine.(客户):""这是上次和你说的时候拍的""。shine.(客户):""他们家现在没有开空调""。shine.(客户):""现在有师傅在二楼""。shine.(客户):""二楼家反而没有湿""。shine.(客户):""全湿在我们家""。刘丹(员工):""10点45打师傅电话没接""。刘丹(员工):""我现在就过来""。shine.(客户):""好的，先弄好二楼这里吧""。08月23日 12:17分。shine.(客户):""管家，那个师傅发我一下哦""。shine.(客户):""我爸爸在问我""。shine.(客户):""那个视频""。08月23日 12:48分。刘丹(员工):""[图片]""。刘丹(员工):""[文件超过最大限制]""。刘丹(员工):""楼下邻居说下午五点半才有时间""。刘丹(员工):""[图片]""。shine.(客户):""那就五点半去弄吗""。shine.(客户):""我可以在家等你们""。08月23日 12:58分。shine.(客户):""决定啥时候来和我说一下""。shine.(客户):""要是五点半才来我下午就也出去一下""。08月23日 13:16分。shine.(客户):""滴滴，怎么样了""。shine.(客户):""下午五点半来的话我就准备出去一趟了""。08月23日 14:28分。刘丹(员工):""5点半哦""。刘丹(员工):""中午休息了不好意思""。shine.(客户):""好的五点半来我出一趟门，五点半回来""。08月23日 17:01分。刘丹(员工):""5点半只是来看下那个墙面""。刘丹(员工):""物业师傅来看哦""。shine.(客户):""要爬下去看看吗""。shine.(客户):""感觉表面应该看不出来，得爬下去看看""。shine.(客户):""看里面""。刘丹(员工):""204不相信墙面湿，物业师傅看得出来""。shine.(客户):""笑死了，摸都能摸出来""。shine.(客户):""是湿的""。刘丹(员工):""里面看下也可以，但是物业师傅不一定会爬上…………""。shine.(客户):""他们自己家里比我们严重多了""。刘丹(员工):""这是一条引用/回复消息：。""shine.…………""。刘丹(员工):""她就是不想动这个""。刘丹(员工):""外机""。shine.(客户):""对非常明显""。shine.(客户):""她自己家里其实是受害最严重的""。shine.(客户):""她自己反而不想搞""。刘丹(员工):""搞不懂她想法""。shine.(客户):""不知道怎么想的""。刘丹(员工):""而且她主卧室也都是会湿的""。shine.(客户):""她那里的漏水完全是因为他自己了""。shine.(客户):""对""。shine.(客户):""主卧那边完全只能影响到她自己""。shine.(客户):""他自己要是不愿意修主卧，我们也就不要多说了""。shine.(客户):""感觉他主卧那边应该影响不到我家吧""。刘丹(员工):""她主卧室开的应该不多""。刘丹(员工):""时间长了可能说不定了""。08月23日 17:06分。shine.(客户):""是的""。shine.(客户):""他们自己家里反而是漏的最严重的，他们自己都不愿意弄""。shine.(客户):""不知道怎么想的""。08月23日 17:31分。shine.(客户):""怎么样，师傅来了不""。08月23日 17:58分。刘丹(员工):""15388963415空调""。shine.(客户):""姐，你把物业师傅刚刚拍的那个照片发我一下呗""。shine.(客户):""我发给我爸爸看看""。08月23日 18:03分。shine.(客户):""就是那个冷凝水的那个位置""。08月23日 18:22分。刘丹(员工):""[名片]""。&&&","{""事件提取"":null""提取结果"":false}"
群聊负向,"这是要分析的对话:&&&08月30日 04:06分。yh(客户):""【?? 秩序服务?巡逻篇】。我们是晚班园区秩序的守护者??。每天园区全覆盖巡视??。希望用我们的行动??。为您营造舒适的居家环境??。如需帮助请拨打24小时服务热线。?:0731一82231519。值班中队长。?:17700582090（二期）。??我们竭诚为您服务??""。yh(客户):""[图片]""。08月30日 06:03分。心情尚好15367485711(客户):""??长沙恒大雅苑。?2024年8??30日  星期五。?天气: 多云  气温：26－36℃。1、重庆：因持续晴热高温天气，部分区县推迟至9月9日开学；。2、国家体育总局：坚决遏制体育“饭圈化”愈演愈烈态势；。3、周杰伦公司终审败诉网易：赔偿205万元等诉讼请求均被驳回；。4、理想纯电野心不改，李想放话两年内进入高端纯电第一梯队；。5、我国网民规模近11亿人 互联网普及率达78.0%；微信搜：每日微语报。6、国家能源局：2023年中国风光发电量超过城乡居民生活用电量；。7、官方通报“昆山一医院要求患者单体消费不低于7000元”：存在违法违规行为，已立案；。8、陕西一女子在商场光脚试鞋真菌感染，半月跑3家医院花1500元治疗；。9、专家：调休得到3天假期，代价是5个星期的工作和休息不正常；。10、信阳一高中宿舍被指一间拟住48人，官方责令：学生临时安排到附近校区；。11、钓鱼人在河道发现佛头：离龙门石窟仅1公里，有尖锐物品锯凿过的痕迹；。12、48岁刘谦回应患肺腺癌：谢谢关心，现在好得很，估计还能再变很久魔术；。13、韩国41岁跑单王骑手车祸去世：每天16小时接120单，月收入超6万人民币；。14、荷兰皇家航空公司：不再使用波音公司生产的飞机，计划使用空客代替；。15、美国中情局副局长：普京将尝试收复乌克兰所占领土，但俄军会面临恶战；""。心情尚好15367485711(客户):""[图片]""。心情尚好15367485711(客户):""???♂【防溺水??安全温馨提示】。??亲爱的业主家人们：大家好??。?天气渐热，为了孩子们??的安全，请提高安全防范意识?，时刻监督和管理??好孩子，加强对孩子的防溺水??安全教育，禁止??孩子私自到小溪、水库、江边玩水、捕鱼、捉虾、游泳等。 。??安全无小事 时刻要警惕??。请家长??加强对孩子防溺水的监管力度，提高孩子??防溺水的自觉性?。同时物业工作人员??也会加大对园区的巡逻。为孩子的生命安全构筑坚实的防线??。??如需帮助请拨24小时服务热线。二期?:0731-85066275。一期?:0731-85520610。#长沙恒大雅苑物业服务中心""。08月30日 08:19分。黄啟连(客户):""跪求大家，救救我家孩子[合十][合十]，曾是保疆卫国的战士，斗歹徒，抓罪犯，治暴乱，参加过抗洪抢险，地震救灾，救了很多人，却救不了自己的儿子[苦涩]真的走头无路了只能发起众筹，跪求大家能帮帮我们，你们的恩情我必铭记在心，感激不尽！孩子若救治成功，我必挨个道谢，还清大家筹集的款项，做人懂得感恩，大家捐助的每一笔款项我都会记录在本子上，一定会还给大家的善心，积善之家必有余庆，好人一生平安[合十][合十]。情况属实！可以查证""。黄啟连(客户):""[视频]""。黄啟连(客户):""[链接]""。08月30日 09:01分。otis陈献文18522972841(客户):""温馨提示：。亲爱的业主家人们，8月30日 （今天）将对37栋电梯进行例行保养，保养采取两台电梯轮流停梯作业的方式，无特殊情况，每台电梯保养时间大概为1小时左右，请各位家人提前做好出行准备哦，给您造成不便敬请谅解。保养时间如下： 。37-1梯：9:10-10:10。37-2梯：10:10-11:10""。08月30日 09:19分。秩序部李彪(客户):""【?? 秩序服务?巡逻篇】。我们是白班园区秩序的守护者??。每天园区全覆盖巡视??。希望用我们的行动??。为您营造舒适的居家环境??。如需帮助请拨打24小时服务热线。?:0731一82231519。值班中队长。?:17700582090（二期）。??我们竭诚为您服务??""。秩序部李彪(客户):""[视频]""。08月30日 09:34分。otis陈献文18522972841(客户):""因上午有业主搬家需要占用电梯所以37栋保养时间调整至下午：。37-1梯:15:00-16:00。27-2梯:16:00-17:00""。otis陈献文18522972841(客户):""{""pre_msgid"":""2130700169514752250_1724981653462_external""}""。otis陈献文18522972841(客户):""因上午有业主搬家需要占用电梯所以37栋保养时间调整至下午：。37-1梯:15:00-16:00。37-2梯:16:00-17:00""。08月30日 09:42分。LGQ(客户):""亲爱的业主家人们，我是物业公区维修李师傅，今天对本栋门禁设施进行了巡检维修，已维护完成，祝您生活愉快。""。LGQ(客户):""[图片]""。LGQ(客户):""[图片]""。LGQ(客户):""[文件超过最大限制]""。LGQ(客户):""[文件超过最大限制]""。LGQ(客户):""37栋负一楼门禁每次都是这样，如果不需要，可以转告管家通知工程部断电处理哦""。08月30日 10:43分。长沙恒大雅苑管家张婷婷(员工):""【晨跑结束圆满结束??】。??随着清晨的…………""。长沙恒大雅苑管家张婷婷(员工):""[图片]""。猫叽～(客户):""「长沙恒大雅苑管家张婷婷：[图片]」。- - - - - - - - - - - - - - -。[强]""。08月30日 11:51分。长沙恒大雅苑管家张婷婷(员工):""尊敬的业主朋友 画??  ，欢迎加入业主…………""。08月30日 13:06分。??.Fag*(客户):""@何彤?""。??.Fag*(客户):""@长沙恒大雅苑管家张婷婷?。。我们楼上不知道谁家中午午休时间敲敲打打[捂脸]""。08月30日 13:11分。二期中队长(客户):""亲，您是哪栋哪楼，马上来处理@36栋8?""。??.Fag*(客户):""36栋8楼，楼上""。二期中队长(客户):""好的""。??.Fag*(客户):""不知道是哪户在敲""。??.Fag*(客户):""@二期中队长?谢谢""。何彤(客户):""已经不敲了""。08月30日 14:30分。长沙恒大雅苑管家张婷婷(员工):""[庆祝][庆祝][庆祝]如何让孩子学会阅…………""。长沙恒大雅苑管家张婷婷(员工):""[图片]""。08月30日 18:51分。秩序部李彪(客户):""【?? 秩序服务?巡逻篇】。我们是白班园区秩序的守护者??。每天园区全覆盖巡视??。希望用我们的行动??。为您营造舒适的居家环境??。如需帮助请拨打24小时服务热线。?:0731一82231519。值班中队长。?:17700582090（二期）。??我们竭诚为您服务??""。秩序部李彪(客户):""[视频]""。08月30日 19:54分。Vampiae(客户):""业主您好??。我是夜班秩序班长（周游：17700582090），也是你的夜间安全守护者??，也许您从来没有见过我，因为我值守在您熟睡的每个晚上。夜间??我们会跟踪可疑人员、巡查车库、巡查园区、巡查楼层。。??清晨06:00我们还会查看每个电梯，确保您上班时电梯正常运行。。??如需帮助请及时拨打24小时服务电话85066275，我会出现在你需要的每个时刻???♂????♂????♂?。祝?您好梦！一醒来又是美美哒的一天哦??????""。08月30日 20:27分。心情尚好15367485711(客户):""业主您好??。我是夜班秩序班长（周游：17700582090），也是你的夜间安全守护者??，也许您从来没有见过我，因为我值守在您熟睡的每个晚上。夜间??我们会跟踪可疑人员、巡查车库、巡查园区、巡查楼层。。??清晨06:00我们还会查看每个电梯，确保您上班时电梯正常运行。。??如需帮助请及时拨打24小时服务电话85066275，我会出现在你需要的每个时刻???♂????♂????♂?。祝?您好梦！一醒来又是美美哒的一天哦??????""。08月30日 21:10分。心情尚好15367485711(客户):""【?? 秩序服务?巡逻篇】。我们是晚班园区秩序的守护者??。每天园区全覆盖巡视??。希望用我们的行动??。为您营造舒适的居家环境??。如需帮助请拨打24小时服务热线。?:0731一82231519。值班中队长。?:17700582090（二期）。??我们竭诚为您服务??""。心情尚好15367485711(客户):""[视频]""。08月30日 22:30分。yh(客户):""??秩序小哥无处不在??，晚间环境卫生有我在，舒适环境携手大家一起共同营造[握手]。      ??文明呼吁【垃圾有个家，那是垃圾桶，请送它回家】 如您需要帮助请拨打物业中心24小时服务热线：?0731一85066275。值班中队长：周游。电话：17700582090""。yh(客户):""[图片]""。&&&","{""事件提取"":[{""业主情感"":""一般负面"",""事件倾向"":""负向"",""事件讨论开始时间"":""08月30日 13:06分"",""事件讨论结束时间"":""08月30日 13:11"",""事件详情"":""业主??.Fag*对楼上午休时间敲打制造噪音表达不满。""}],""思考说明"":""经过分析，群聊中的对话内容主要包括物业通知、业主间的互动、个别业主的求助以及一些日常分享。在这些对话中，没有发现业主对物业有明显的抱怨、投诉、批评或质疑等负面情绪强烈的异常事件。大部分对话都属于日常信息交流，不涉及显著的负面情绪。"",""提取结果"":false}"
群聊负向,"这是要分析的对话:&&&08月22日 05:11分。美羊羊(客户):""[图片]""。美羊羊(客户):""一直停在20楼是怎么回事""。一期中队长(客户):""@美羊羊?收到，马上通知师傅""。美羊羊(客户):""每一层都停几分钟""。一期中队长(客户):""有可能是保洁在打扫卫生@美羊羊?""。08月22日 06:05分。一期中队长(客户):""??长沙恒大雅苑。?2024年8??22日  星期四。?天气: 晴  气温：27－37℃。1、贵州毕节一落马副局长贪腐细节：刚工作工资725元，后来吃顿饭上万元；。2、机动车检测站“猫腻”：与黄牛合作揽客，送该维修的问题车作弊过年检；。3、实探奶茶价格战现场：20步内5家店，遍地都是9块9；。4、白菜不是“白菜价”！暴雨造成蔬菜减产涨价，菜价预计两周后恢复常态；。5、字节跳动创始人张一鸣、CEO梁汝波向南开大学捐赠2亿元；微信搜：每日微语报。6、中国汽车工业协会：坚决反对欧委会对华电动汽车加征高额关税；。7、《黑神话悟空》点燃山西旅游：搜索热度翻倍，暑假小西天门票订单增长了236%；。8、四川阿坝一小饭馆被村干部拖欠1200元餐费4年，纪委介入后结清，多人被处分；。9、29岁女子吃素半年吃出中重度脂肪肝：每顿饭都是水煮菜加上蒸杂粮；。10、钟薛高被强制执行68.5万 被执行总金额超946万；。11、一个月就“吸金”5亿美元！哈里斯人气持续高涨；。12、中国籍播音员称“钓鱼岛是中国的”被解雇,在NHK工作已22年；。13、117岁世界最长寿老人去世，曾称长寿秘诀是“情绪稳定，远离有毒的人”；。14、乌军称已控制超过1250平方公里的俄罗斯领土，涉及92个定居点；。15、美媒称拜登已批准一项高度机密核战略，首次将重心转向“中国核威胁”；""。一期中队长(客户):""[图片]""。一期中队长(客户):""???♂【防溺水??安全温馨提示】。??亲爱的业主家人们：大家好??。?天气渐热，为了孩子们??的安全，请提高安全防范意识?，时刻监督和管理??好孩子，加强对孩子的防溺水??安全教育，禁止??孩子私自到小溪、水库、江边玩水、捕鱼、捉虾、游泳等。 。??安全无小事 时刻要警惕??。请家长??加强对孩子防溺水的监管力度，提高孩子??防溺水的自觉性?。同时物业工作人员??也会加大对园区的巡逻。为孩子的生命安全构筑坚实的防线??。??如需帮助请拨24小时服务热线。二期?:0731-85066275。一期?:0731-85520610。#长沙恒大雅苑物业服务中心""。08月22日 08:46分。同心圆(客户):""@长沙恒大雅苑19栋.30-32栋管家?请问西大门门禁系统是坏了吗？用手机NFc打不开门，我前面一个阿姨用物业门禁卡也打不开门。但我在32楼栋用手机又可以用。""。08月22日 08:52分。长沙恒大雅苑19栋.30-32栋管家(员工):""@同心圆业主您好，就是我在等一下我会去1…………""。08月22日 09:00分。同心圆(客户):""@长沙恒大雅苑19栋.30-32栋管家?什么时候去19栋？现在吗？晚点我就没时间""。一期中队长(客户):""【?? 秩序服务?巡逻篇】。我们是白班园区秩序的守护者??。每天园区全覆盖巡视??。希望用我们的行动??。为您营造舒适的居家环境??。如需帮助请拨打24小时服务热线。?:0731一85520610。值班中队长。?:17700582951（一期）。??我们竭诚为您服务??""。一期中队长(客户):""[视频]""。08月22日 09:06分。同心圆(客户):""@长沙恒大雅苑19栋.30-32栋管家?你什么时候去19栋录卡？我9：40后就没时间过去。我们领卡的时候物业没记录的吗，不能系统自动升级？""。08月22日 09:53分。长沙恒大雅苑19栋.30-32栋管家(员工):""好""。08月22日 12:00分。长沙恒大雅苑19栋.30-32栋管家(员工):""??晨跑活动火热进行中！[加油]汗水带来…………""。长沙恒大雅苑19栋.30-32栋管家(员工):""[图片]""。08月22日 12:42分。蒋小姐(客户):""[视频]""。蒋小姐(客户):""@长沙恒大雅苑19栋.30-32栋管家?""。蒋小姐(客户):""12楼以上""。蒋小姐(客户):""漏水很厉害[惊讶]""。蒋小姐(客户):""[视频]""。蒋小姐(客户):""[惊讶]馆子不放进去、我这个墙壁彻底废了……""。蒋小姐(客户):""[视频]""。蒋小姐(客户):""@长沙恒大雅苑19栋.30-32栋管家?""。蒋小姐(客户):""你可以去无人机拍一下、是那一户赶快叫他处理一下""。08月22日 12:47分。蒋小姐(客户):""[视频]""。蒋小姐(客户):""@梁志义?""。木子李(客户):""我家主卧挨着窗户的这个墙壁这里也是这样，被渗透发霉印了""。人生如锁.心既是钥匙(客户):""[图片]""。人生如锁.心既是钥匙(客户):""[图片]""。人生如锁.心既是钥匙(客户):""我家也惨不忍睹[咒骂]""。人生如锁.心既是钥匙(客户):""楼上漏水导致的""。木子李(客户):""这是哪里""。木子李(客户):""[捂脸]""。小黄人(客户):""@长沙恒大雅苑19栋.30-32栋管家?对了。我进楼的时候刚好听到右边楼上好大一坨什么东西砸到地面上，吓死了[恐惧]最好查查怎么回事""。08月22日 12:53分。梁志义(客户):""@蒋小姐?收到，此事我会转告管家安排处理[抱拳]""。??時全十美?? ??(客户):""@人生如锁.心既是钥匙?我家厨房卫生间做了吊顶，看不到墙面脱落没[偷笑]""。人生如锁.心既是钥匙(客户):""卧室门口，之前楼上邻居家漏水下来""。08月22日 13:49分。??Tan小妞??(客户):""我们家主卧窗户现在是完全不能打开出去的。滴水比之前很严重，放水一样的滴水下来。""。08月22日 13:58分。呼噜噜(客户):""28楼以上03户型主卧这边也还是空调漏水""。呼噜噜(客户):""我们家玻璃每天都是湿的""。08月22日 14:15分。长沙恒大雅苑19栋.30-32栋管家(员工):""不好意思哈，各位业主中午休息时间，没有看…………""。长沙恒大雅苑19栋.30-32栋管家(员工):""这是一条引用/回复消息：。""人生如锁.心…………""。长沙恒大雅苑19栋.30-32栋管家(员工):""@蒋小姐好""。长沙恒大雅苑19栋.30-32栋管家(员工):"" 尊敬的业主你们好，这边打听到一个吊绳的…………""。长沙恒大雅苑19栋.30-32栋管家(员工):""关于空调滴水这个事情，我已经找了师傅问了…………""。长沙恒大雅苑19栋.30-32栋管家(员工):""所有滴水的楼栋户型有问题的，我都可以帮你…………""。夹心(客户):""帮我看下我家有漏水吗""。夹心(客户):""1802""。长沙恒大雅苑19栋.30-32栋管家(员工):""也可以，就是协调业主去帮忙处理。""。长沙恒大雅苑19栋.30-32栋管家(员工):""{""pre_msgid"":""444545…………""。夹心(客户):""要看""。蒋小姐(客户):""@长沙恒大雅苑19栋.30-32栋管家?""。呼噜噜(客户):""3号户型的也麻烦一起看下""。一氧化二氢(客户):""1户型的也麻烦一起看下""。08月22日 14:20分。长沙恒大雅苑19栋.30-32栋管家(员工):""[图片]""。长沙恒大雅苑19栋.30-32栋管家(员工):""32栋2号户型，31楼，少一根软水管。""。蒋小姐(客户):""02户型有问题全部拍出来、如业主坚决不改、那我们墙壁发霉都找她赔偿！ ""。蒋小姐(客户):""[视频]""。长沙恒大雅苑19栋.30-32栋管家(员工):""麻烦业主先暂时不要发信息。我把所有的照片…………""。长沙恒大雅苑19栋.30-32栋管家(员工):""有问题私聊我好不？""。长沙恒大雅苑19栋.30-32栋管家(员工):""等下，我怕搞错。""。长沙恒大雅苑19栋.30-32栋管家(员工):""[图片]""。长沙恒大雅苑19栋.30-32栋管家(员工):""{""pre_msgid"":""338880…………""。长沙恒大雅苑19栋.30-32栋管家(员工):""30栋有一根水管直接从上面漏下来。""。长沙恒大雅苑19栋.30-32栋管家(员工):""没有插到排水管里面去。""。长沙恒大雅苑19栋.30-32栋管家(员工):""[图片]""。08月22日 14:25分。长沙恒大雅苑19栋.30-32栋管家(员工):""26楼看不到软水管。""。长沙恒大雅苑19栋.30-32栋管家(员工):""[图片]""。长沙恒大雅苑19栋.30-32栋管家(员工):""25楼水管没有插到排水管里面去。""。长沙恒大雅苑19栋.30-32栋管家(员工):""[图片]""。长沙恒大雅苑19栋.30-32栋管家(员工):""{""pre_msgid"":""158131…………""。长沙恒大雅苑19栋.30-32栋管家(员工):""24楼少一根排水管。""。长沙恒大雅苑19栋.30-32栋管家(员工):""[图片]""。长沙恒大雅苑19栋.30-32栋管家(员工):""23楼少一根排水管。""。长沙恒大雅苑19栋.30-32栋管家(员工):""[图片]""。长沙恒大雅苑19栋.30-32栋管家(员工):""22楼少一根排水管。""。长沙恒大雅苑19栋.30-32栋管家(员工):""[图片]""。长沙恒大雅苑19栋.30-32栋管家(员工):""21楼少一根排水管。""。08月22日 14:31分。蒲公英的旅行(客户):""管家，建议你统计一个表格发出来，这样一个个发，大多数人不会全部看完的""。长沙恒大雅苑19栋.30-32栋管家(员工):""[图片]""。长沙恒大雅苑19栋.30-32栋管家(员工):""{""pre_msgid"":""130112…………""。长沙恒大雅苑19栋.30-32栋管家(员工):""19楼软管都没有插进排水管。""。长沙恒大雅苑19栋.30-32栋管家(员工):""[图片]""。长沙恒大雅苑19栋.30-32栋管家(员工):""18楼没有一个水管插进排水管里面去了。""。长沙恒大雅苑19栋.30-32栋管家(员工):""[图片]""。长沙恒大雅苑19栋.30-32栋管家(员工):""{""pre_msgid"":""411744…………""。长沙恒大雅苑19栋.30-32栋管家(员工):""16楼水管，没有插进排水管。""。长沙恒大雅苑19栋.30-32栋管家(员工):""[图片]""。长沙恒大雅苑19栋.30-32栋管家(员工):""15楼两根管子都没有插进排水管。""。长沙恒大雅苑19栋.30-32栋管家(员工):""[图片]""。长沙恒大雅苑19栋.30-32栋管家(员工):""14楼有一根软管断了，""。08月22日 14:36分。长沙恒大雅苑19栋.30-32栋管家(员工):""[图片]""。长沙恒大雅苑19栋.30-32栋管家(员工):""13楼有一根软管没插进排水管。""。长沙恒大雅苑19栋.30-32栋管家(员工):""[图片]""。长沙恒大雅苑19栋.30-32栋管家(员工):""12楼两根软管都没有放进排水管。""。长沙恒大雅苑19栋.30-32栋管家(员工):""[图片]""。长沙恒大雅苑19栋.30-32栋管家(员工):""11楼有一根软管没有插进排水管。""。长沙恒大雅苑19栋.30-32栋管家(员工):""[图片]""。长沙恒大雅苑19栋.30-32栋管家(员工):""10楼没有一根水管插进排水管了。""。长沙恒大雅苑19栋.30-32栋管家(员工):""[图片]""。长沙恒大雅苑19栋.30-32栋管家(员工):""9楼有一根软水管没插进排水管。""。08月22日 14:42分。长沙恒大雅苑19栋.30-32栋管家(员工):""[图片]""。长沙恒大雅苑19栋.30-32栋管家(员工):""6楼水管没有插进排水管。""。长沙恒大雅苑19栋.30-32栋管家(员工):""[图片]""。长沙恒大雅苑19栋.30-32栋管家(员工):""2楼软水管没有插进排水管。""。长沙恒大雅苑19栋.30-32栋管家(员工):""各位32栋的2号户型的业主们，视频我已经…………""。08月22日 14:48分。长沙恒大雅苑19栋.30-32栋管家(员工):""假如有些没有看得很清楚的，还尽量哦。""。长沙恒大雅苑19栋.30-32栋管家(员工):""3号户型的话，如果你们要查的话，就是我到…………""。长沙恒大雅苑19栋.30-32栋管家(员工):""[文件超过最大限制]""。08月22日 14:55分。长沙恒大雅苑19栋.30-32栋管家(员工):""亲爱的业主家人们，以上是用无人机排查的3…………""。长沙恒大雅苑19栋.30-32栋管家(员工):""另外，万一楼层有没有核对好，请业主们谅解""。08月22日 15:00分。长沙恒大雅苑19栋.30-32栋管家(员工):""今天事太多了，我还要跑到一期那边录门禁卡…………""。木子李(客户):""@长沙恒大雅苑19栋.30-32栋管家?1号户型没有么？""。08月22日 15:12分。李玉兰*五坤(客户):""一到晚上就像下雨一样的[呲牙]""。长沙恒大雅苑19栋.30-32栋管家(员工):""这是一条引用/回复消息：。""木子李。@长…………""。长沙恒大雅苑19栋.30-32栋管家(员工):""我现在出来录门禁卡，没时间看了""。长沙恒大雅苑19栋.30-32栋管家(员工):""不好意思哦""。两年(客户):""@长沙恒大雅苑19栋.30-32栋管家?你在哪""。08月22日 15:20分。长沙恒大雅苑19栋.30-32栋管家(员工):""我在31栋地下车库""。08月22日 15:32分。长沙恒大雅苑19栋.30-32栋管家(员工):""[图片]""。长沙恒大雅苑19栋.30-32栋管家(员工):""15387489720空调师傅""。长沙恒大雅苑19栋.30-32栋管家(员工):""业主问了120元""。??Tan小妞??(客户):""6 点 10 后师傅过来""。长沙恒大雅苑19栋.30-32栋管家(员工):""你们有需要联系师傅哦""。??Tan小妞??(客户):""包工包料""。长沙恒大雅苑19栋.30-32栋管家(员工):""【管家播报·环境篇??】 。??全方位打…………""。长沙恒大雅苑19栋.30-32栋管家(员工):""[图片]""。08月22日 15:49分。蒋小姐(客户):""@长沙恒大雅苑19栋.30-32栋管家?""。蒋小姐(客户):""[图片]""。蒋小姐(客户):""[图片]""。蒋小姐(客户):""[图片]""。蒋小姐(客户):""[图片]""。蒋小姐(客户):""[图片]""。蒋小姐(客户):""[图片]""。蒋小姐(客户):""[图片]""。&&&","{""code"":999,""message"":""原因：数据json解析异常;data:{\""choices\"":[{\""finishReason\"":\""stop\"",\""index\"":0,\""message\"":{\""content\"":\""```json\\n{\\n  \\\""思考说明\\\"":\\\""详细分析了对话内容，识别出业主反馈的物业异常问题，主要集中在以下几个方面：1. 多户业主反映楼上漏水问题严重，导致墙面发霉。2. 部分业主反映门禁系统存在问题，无法正常使用。针对这些反馈，以下是事件的提取结果。\\\"",\\n  \\\""提取结果\\\"":\\\""\\\"",\\n  \\\""事件提取\\\"": [\\n    {\\n      \\\""事件详情\\\"": \\\""业主反映19栋等多栋楼出现严重的漏水问题，导致墙面发霉，影响居住环境。\\\"",\\n      \\\""业主情感强度\\\"": \\\""强（多个业主反复提出，情绪激动）\\\"",\\n      \\\""事件讨论开始时间\\\"":\\\""08月22日 12:42分\\\"",\\n      \\\""事件讨论结束时间\\\"":\\\""08月22日 15:32分\\\""\\n    },\\n    {\\n      \\\""事件详情\\\"": \\\""业主反映西大门门禁系统无法使用，用手机NFC和物业门禁卡均无法打开门。\\\"",\\n      \\\""业主情感强度\\\"": \\\""中（个别业主提出，但没有强烈的情绪表达）\\\"",\\n      \\\""事件讨论开始时间\\\"":\\\""08月22日 08:46分\\\"",\\n      \\\""事件讨论结束时间\\\"":\\\""08月22日 08:52分\\\""\\n    }\\n  ]\\n}\\n```\"",\""role\"":\""assistant\""}}],\""created\"":1725080170,\""id\"":\""20240831125548bad238c7e9fa4def\"",\""model\"":\""glm-4-0520-jbwy-0808\"",\""requestId\"":\""kht-bm-1725080148186-313\"",\""usage\"":{\""completionTokens\"":255,\""promptTokens\"":4188,\""totalTokens\"":4443}}"",""success"":false}"
群聊负向,"这是要分析的对话:&&&08月26日 07:28分。金华(客户):""[图片]""。08月26日 08:05分。济南绿洲37-38管家立冬(员工):""????金碧物业晨跑开跑啦！！！大朋友、…………""。济南绿洲37-38管家立冬(员工):""[图片]""。济南绿洲37-38管家立冬(员工):""[图片]""。济南绿洲37-38管家立冬(员工):""[图片]""。济南绿洲37-38管家立冬(员工):""[文件超过最大限制]""。08月26日 08:42分。济南绿洲37-38管家立冬(员工):""[玫瑰][玫瑰]早安  绿洲[玫瑰][玫…………""。济南绿洲37-38管家立冬(员工):""[链接]""。08月26日 09:45分。恒大四社区@蒋(客户):""8.13元，接到[爆竹]“银监会”[爆竹]电话被骗。。3.63万元，大学生??兼职??被骗。。3.5万元，初中生被骗。。3.46万元，妇女?兼职刷单?被骗。。2.31万元，男青年[色]约炮[色]被骗。。。男青年[色][色]约炮[色][色]，妇女??兼职刷单??、????被“异性网友”诱导投资????诈骗高发！。转发提醒好家里的[拥抱]年轻人、妇女[拥抱]！。。【8月25日电诈警情通报】（近三天典型案例）。【平安街道、开发区派出所】。1、乙武村居民（开发区报警），【接到“银监会”电话】被骗8.13万元。。??手段：接到电话，对方自称?【“银监会”工作人员】??，要帮其“降低网贷利率”，还让其??登陆假的银监会网站??。。        过程中，?开启“屏幕共享”?，指导其将钱转走。。。【大学城、大学路派出所】。2、山东师范大学思想政治教育专业大四学生，【兼职】被骗3.63万元。。??手段：网上看到信息，兼职（“垫资”代充话费）。对方称选择[爆竹][爆竹]“企业代付”[爆竹][爆竹]，??钱就不会被转走，但操作后，钱还是被转走??。。       对方称其操作失误，??为退款，按对方要求，继续转账??。。。【马山镇、马山派出所】。3、周庙村初中生，【找人“解封微信”】被骗3.5万元。。??手段：快手找人解封微信，对方让其?提供了家长微信、银行卡的【验证码】?，钱被转走。。。【文昌街道、新城派出所】。4、建发天玺妇女，网上兼职【垫资做任务、刷销量、刷关注、刷点赞】被骗3.46万元。。??手段：??被陌生人拉进群??，推荐足不出户做兼职，[裂开]抖音刷关注[裂开]挣到佣金，后被引诱??“垫资”刷购“抖币”??。。        前期挣到小额返利，后被以【系统设置，需要[苦涩]连续刷任务才能退还垫付金、佣金[苦涩]】，【??操作失误，需要刷补救单??】为由要求转账。。。【崮云湖街道、大学路派出所】。5、河南籍务工男青年（租住乐天），【刷单做任务以?? 免费约炮?? 】被骗2.31万元。。??手段：??网上看到信息??，下载APP，为[吐]解锁约炮资格[吐]，??“约炮”客服引诱其“垫资”刷“会员费”??，前期挣到小额返利。。        后被以【系统设置，需要[裂开]连续刷任务[裂开]才能退还垫付金、佣金】、【??操作失误??（后台都能做手脚），刷补救单】为由要求多次转账。""。08月26日 11:26分。平平安安(客户):""【公区维修8月19日-8月25日工作汇报】。●公区及地下车库排污泵检修7处。●公区及地下车库照明更换6处。●公区直饮水机滤芯更换4处。●公区大堂顶子破损粉刷5处。●公区墙砖破损更换3处。●公区消防故障处理47处。●公区充电桩头安装21处。●园区排污管道疏通8处。●园区路面维修3处。●电梯维保125部。●设备房维护保养。●设备房巡查。工程维修，为您的生活保驾护航。如需帮助请拨打。24小时物业热线:。0531-55615896。济南恒大绿洲物业服务中心""。平平安安(客户):""[图片]""。08月26日 15:06分。红尘一粒(客户):""[链接]""。红尘一粒(客户):""发错了撤不回来了""。08月26日 15:27分。。(客户):""    【社区儿童跳绳比赛通知】。亲爱的居民们：。为了丰富我们社区儿童的课余生活，增强孩子们的体质，培养团队合作精神与竞争意识，我们社区将于周四（8月29日）下午2:30，在恒大第四社区（37号楼）举办一场别开生面的“快乐童年，绳彩飞扬”儿童跳绳比赛。现面向全体社区儿童发出诚挚邀请，快来加入我们，一起跳动健康，跳出欢乐吧！。?? 比赛时间：8月29日（周四）下午2:30。?? 比赛地点：恒大绿洲37号党群服务中心。?? 参与对象：社区内所有5-12岁的儿童（欢迎家长陪同观看）。?? 比赛项目：。单人速度跳（计时赛）。花样跳绳展示（创意加分）。?? 报名方式：请家长或监护人于本周四前，填报跳绳报名表或通过电话/微信（87219936/13156193896）进行报名。报名时请提供孩子的姓名、年龄及联系方式。。?? 准备事项：。自备跳绳：每位参赛小朋友需自备一根跳绳，确保比赛顺利进行。。着装舒适：请穿着适合运动的服装和鞋子，以最佳状态迎接比赛。。安全第一：比赛过程中请遵守规则，注意安全，友谊第一，比赛第二。。?? 奖项设置：我们将为各项目组别的优胜者颁发精美奖品，更有参与奖等待每一位勇敢参与的小朋友！。让我们在这个充满活力的季节里，以绳为媒，共赴一场健康与快乐的盛宴。期待每一位小朋友的精彩表现，不见不散！。                        。     ??恒大绿洲第四社区居委会""。。(客户):""[链接]""。08月26日 18:19分。七分毒-(客户):""电梯上谁的纸忘了，想起来来我家拿""。08月26日 18:39分。A大漠(客户):""??物业秩序“小蜜蜂” ??。[庆祝]“小蜜蜂”来了！来了！[庆祝]。[太阳]有事，您说话[太阳]。[庆祝]车辆电瓶亏电启动不了！。[庆祝]家里有沉物品搬不动了！。[庆祝]买了好多东西拿不了！。联系电话：0531-55612606。秩序小“蜜蜂”竭诚为您服务！[耶][耶][耶]。[庆祝]我们的口号：。[庆祝]真心帮助每一位[庆祝]。[庆祝]热心服务每一人[庆祝]。[庆祝]赠人玫瑰[玫瑰]，手有余香[庆祝]""。A大漠(客户):""[图片]""。08月26日 19:15分。－(客户):""[文件下载失败]""。－(客户):""负二电梯坏了，二单元东侧""。37-38将停用，请添加企业微信(客户):""收到""。济南绿洲37-38管家立冬(员工):""已联系值班师傅处理[抱拳]""。08月26日 19:35分。LH789(客户):""@七分毒-?我的纸，是不是顺清柔的，我孩子忘拿了[捂脸][捂脸]""。七分毒-(客户):""来拿吧亲""。LH789(客户):""@七分毒-?你几楼的""。七分毒-(客户):""2-401""。LH789(客户):""谢谢""。LH789(客户):""一会过去拿""。LH789(客户):""刚找纸呢找不着了，一看群里还真找着了""。LH789(客户):""[呲牙][呲牙]""。LH789(客户):""@七分毒-?谢谢""。08月26日 20:03分。你的月亮我的心(客户):""尊敬的业主，您好：。       为更好、更快的解决业主问题，现将各值班人员、联系电话及值班时间公示在群内，各位业主可直接电话联系或在群内@秩序110。1、日常家用维修工具(螺丝刀、活动扳手、小锤等);。2、小型购物车、平板车、人字梯、打气筒，应急医用品等。。为您爱家保驾护航，如果您有家政保洁、直饮水卡办理、白蚁消杀、有偿维修、房屋租赁的业务需求，随时与我们联系，为您提供专业的服务。。【秩序维护部】。[爱心]1.值班时间段：。????20:00－08:00????。[爱心]2.值班中队长-赵队电话：0531-55615881。[爱心]3.物业服务电话：0531-55615896、55615596。??4.监控室值班24小时电话：0531-55612606。3、【物业-安保服务“小蜜蜂”】。[抱拳]如您家中有需要帮助的请联系我们?。[爱心]24小时为各位家人守候。[合十]贴心服务、真诚相伴。如需便民服务车，请直接联系；。①55612606。②55612808。有事您说话，我们会在第一时间安排人员帮你处理[玫瑰][玫瑰]""。你的月亮我的心(客户):""[图片]""。08月26日 21:38分。明天会更好平(客户):""咱们的楼顶是通道下雨往家里漏水，是不是得改修？""。明天会更好平(客户):""楼顶是通道，就是公共场所应该修房顶""。08月26日 23:50分。你的月亮我的心(客户):""尊敬的业主大家好！我是夜间执勤赵队长，金碧物业安保服务8月26号巡查，时刻守护业主们的安全，请安心入睡，如有紧急情况请拨打0531-55612606""。你的月亮我的心(客户):""[图片]""。08月27日 03:01分。你的月亮我的心(客户):""尊敬的业主大家好！我是夜间执勤赵队长，金碧物业安保服务8月27号巡查，时刻守护业主们的安全，请安心入睡，如有紧急情况请拨打0531-55612606""。你的月亮我的心(客户):""[图片]""。&&&","{""事件提取"":null,""提取结果"":false}"
群聊负向,"这是要分析的对话:&&&08月26日 08:48分。Huang_A_Qiang(客户):""[视频]""。二哥（苇）(客户):""@陈宜权?麻烦安排师傅过去查看一下""。Huang_A_Qiang(客户):""@韶关恒大城B区监控员?63栋这边底下车库，61号车位上面的水管滴水好几天了！有空修一下呗""。Huang_A_Qiang(客户):""对呀""。Huang_A_Qiang(客户):""好几天了""。韶关恒大城B区监控员(客户):""@Huang_A_Qiang?您好，收到这边通知师傅过去处理""。08月26日 09:01分。恒大社区居委会8731213(客户):""[视频号消息]""。08月26日 10:17分。恒大社区居委会8731213(客户):""活动通知：恒大社区将于本周三8月28日下午3：00开展社区文明宣传和清扫活动，请需要参与暑假社会实践活动的学生扫下方的腾讯问卷报名参与。。集合地点：恒大社区居委会办公室（恒大城1期1栋内铺）。集合时间：8月28日下午2：50。备注：目前我们发的志愿活动主要是针对学校有要求学生参加暑假社会实践活动要盖章的或者是学校有要求做I志愿的学生，一般是中学生或者大学生，因每次活动人数有限，请没有这方面要求的学生家长暂时不要报名，谢谢！。温馨提示：。1.最近天气多变，请自备雨具遮阳防雨，注意安全。。2.请有需要拍照交学校的同学，自行带手机拍照哈。3.本次活动为24年暑期学生社会实践活动的最后一次活动，后续将不再开展，请有需要的学生积极参与。""。恒大社区居委会8731213(客户):""[图片]""。08月26日 17:29分。韶关恒大城-管家-侯稼杰(员工):""@所有人 关于八月园区消杀通知。尊敬的业…………""。08月26日 19:07分。韶关恒大城B区监控员(客户):""2024-8-26。【秩序维护部】。1、值班时间段:【19:00-7:00】。2、值班中队长:  李佰全。联系电话：18933707875。【温馨提示】。请各位业主知悉，如需要帮助或遇紧急情况，请电话联系值班室或值班中队长。。物业24小时值班电话：0751-8706100。0751-8706228""。&&&","[
    {
        ""业主情感强度"": {
            ""Huang_A_Qiang"": ""一般负面""
        },
        ""事件讨论开始时间"": ""08月26日 08:48"",
        ""事件讨论结束时间"": ""08月26日 08:48"",
        ""事件详情"": ""Huang_A_Qiang(客户)反映，恒大城B区63栋底下车库，61号车位上面的水管滴水好几天了，希望物业能修一下。"",
        ""话题倾向"": """"
    }
]"
群聊负向,"这是要分析的对话:&&&08月26日 08:48分。Huang_A_Qiang(客户):""[视频]""。二哥（苇）(客户):""@陈宜权?麻烦安排师傅过去查看一下""。Huang_A_Qiang(客户):""@韶关恒大城B区监控员?63栋这边底下车库，61号车位上面的水管滴水好几天了！有空修一下呗""。Huang_A_Qiang(客户):""对呀""。Huang_A_Qiang(客户):""好几天了""。韶关恒大城B区监控员(客户):""@Huang_A_Qiang?您好，收到这边通知师傅过去处理""。08月26日 09:01分。恒大社区居委会8731213(客户):""[视频号消息]""。08月26日 10:17分。恒大社区居委会8731213(客户):""活动通知：恒大社区将于本周三8月28日下午3：00开展社区文明宣传和清扫活动，请需要参与暑假社会实践活动的学生扫下方的腾讯问卷报名参与。。集合地点：恒大社区居委会办公室（恒大城1期1栋内铺）。集合时间：8月28日下午2：50。备注：目前我们发的志愿活动主要是针对学校有要求学生参加暑假社会实践活动要盖章的或者是学校有要求做I志愿的学生，一般是中学生或者大学生，因每次活动人数有限，请没有这方面要求的学生家长暂时不要报名，谢谢！。温馨提示：。1.最近天气多变，请自备雨具遮阳防雨，注意安全。。2.请有需要拍照交学校的同学，自行带手机拍照哈。3.本次活动为24年暑期学生社会实践活动的最后一次活动，后续将不再开展，请有需要的学生积极参与。""。恒大社区居委会8731213(客户):""[图片]""。08月26日 17:29分。韶关恒大城-管家-侯稼杰(员工):""@所有人 关于八月园区消杀通知。尊敬的业…………""。08月26日 19:07分。韶关恒大城B区监控员(客户):""2024-8-26。【秩序维护部】。1、值班时间段:【19:00-7:00】。2、值班中队长:  李佰全。联系电话：18933707875。【温馨提示】。请各位业主知悉，如需要帮助或遇紧急情况，请电话联系值班室或值班中队长。。物业24小时值班电话：0751-8706100。0751-8706228""。&&&","[
    {
        ""业主情感强度"": {
            ""Huang_A_Qiang"": ""一般负面""
        },
        ""事件讨论开始时间"": ""08月26日 08:48"",
        ""事件讨论结束时间"": ""08月26日 08:48"",
        ""事件详情"": ""Huang_A_Qiang(客户)反映，恒大城B区63栋底下车库，61号车位上面的水管滴水好几天了，希望物业能修一下。"",
        ""话题倾向"": """"
    }
]"
群聊负向,"这是要分析的对话:&&&08月28日 18:26分。觅(客户):""[图片]""。觅(客户):""刚刚发现这个""。觅(客户):""门口有只死蟑螂几天了都还在那里""。觅(客户):""[图片]""。08月28日 18:31分。郭文锋(客户):""收到这边通知保洁跟进  是几楼的@觅?""。08月28日 19:03分。韶关恒大城B区监控员(客户):""2024-8-28。【秩序维护部】。1、值班时间段:【19:00-7:00】。2、值班中队长:  李佰全。联系电话：18933707875。【温馨提示】。请各位业主知悉，如需要帮助或遇紧急情况，请电话联系值班室或值班中队长。。物业24小时值班电话：0751-8706100。0751-8706228""。08月28日 19:11分。觅(客户):""二楼""。08月28日 19:21分。郭文锋(客户):""收到""。&&&","{""事件提取"":null,""提取结果"":false}"
群聊负向,"这是要分析的对话:&&&08月26日 09:18分。恒大城???? 秩序部 三期监控室(客户):""[视频号消息]""。恒大城???? 秩序部 三期监控室(客户):""“客服”给你打来电话，说你网购商品出现问题！可以给你申请退款，还给你发来陌生链接！让你注册账号填写信息，再说因“操作失误”导致账户被冻结，让你转账解冻后才能退款？南昌反诈提醒您：退换货请认准官方平台，陌生链接不要点击，不要透露个人信息。敬请各位领导同事转发反诈视频及反诈日历。[抱拳][抱拳][抱拳]""。恒大城???? 秩序部 三期监控室(客户):""[图片]""。08月26日 11:37分。人生如梦(客户):""楼上怎回事，一天倒晚都是滴水，晒点东西都晒不了。@恒大城-管家-小李?""。晴  天(客户):""这个问题都持续好久了，到底谁家哦""。恒大城-管家-小李(员工):""@人生如梦@2单元101上次是03户型业…………""。08月26日 11:43分。人生如梦(客户):""02""。人生如梦(客户):""18楼上面""。恒大城-管家-小李(员工):""【关于四害消杀的温馨提示】。      …………""。恒大城-管家-小李(员工):""[图片]""。恒大城-管家-小李(员工):""@人生如梦好的""。08月26日 11:49分。朱朱(客户):""01户型也有滴水""。朱朱(客户):""每天都有好大滴的水滴下来""。08月26日 16:24分。恒大城-管家-小李(员工):""【44栋地库口维修封闭通知】。    各…………""。恒大城-管家-小李(员工):""[图片]""。08月26日 16:37分。恒大城-管家-小李(员工):""【南昌恒大城—周报】。?? 一周美好，与…………""。恒大城-管家-小李(员工):""[图片]""。08月26日 18:16分。恒大城???? 秩序部 三期监控室(客户):""重要警示：。    8月23日晚10时，江苏省宿迁市一电动自行车店起火，虽然仅半小时明火就得到控制，但仍造成6人死亡（尤为痛心的是，遇难者中4人系未成年人）。此前，2024年2月23日4时许，江苏南京市雨花台区一小区发生电动自行车火灾，造成15人死亡，44人受伤。今年4月27日，我县一小区也发生了电动自行车火灾亡人事件。在此警示，电动自行车起火，燃烧迅速并会在短时间造成大量有害气体，因灾致死率极高！因此，为了大家的生命财产安全，恳请各位业主对自己负责，也对左右邻里负责，严禁将电动自行车违规入楼、违规充电！也请各位监督，一发现有电动车上楼进单元的，请及时联系物业24小时电话:85130408，物业会第一时间上户整治，保障大家居住安全。""。08月26日 18:55分。凤(客户):""[表情]""。08月26日 19:00分。ZJT(客户):""[图片]""。恒大城???? 秩序部 三期监控室(客户):""@ZJT?我联系人去挪一下电动车""。ZJT(客户):""[抱拳]""。08月26日 20:00分。恒大城???? 秩序部 三期监控室(客户):""? 2024.8.26日? 。【秩序维护部】 。1.夜班值班时间段：20：00—08：00。2.夜班值班队长:徐霖。3.物业24小时服务电话：0791-85957719/85130408。? 【物业小贴士】?。1、园区道路是大家的，请将爱车停至车位或车库，勿占行车主干道。。2、予人方便，予己方便，整齐有序，文明停车。。3、随身携带门禁卡，刷卡进出，提高安全防止偷盗。。4、请随手关大堂门，轻拉轻推，勿用力拉扯。。5、非机动车请勿进大堂、楼道内充电。。6、请勿让爱宠随地大小便，做文明养宠人。""。&&&","[
    {
        ""业主情感强度"": {
            ""人生如梦"": ""强烈负面"",
            ""朱朱"": ""一般负面"",
            ""晴 天"": ""强烈负面""
        },
        ""事件讨论开始时间"": ""08月26日 11:37分"",
        ""事件讨论结束时间"": ""08月26日 11:49分"",
        ""事件详情"": ""恒大城小区内，有多名业主反映楼上滴水问题，影响楼下业主的生活。具体为人生如梦业主反映18楼上面一天到晚滴水，晴 天反映问题持续了好久，朱朱业主反映01户型也有滴水。"",
        ""话题倾向"": """"
    }
]"
群聊负向,"这是要分析的对话:&&&08月26日 07:42分。洋溢(客户):""地库停得太乱了，没办法解决了吗？""。【古僖】原创设计(客户):""[视频]""。08月26日 08:29分。恒大城-管家-罗欢(员工):""巡逻同事马上过去""。展翔(客户):""@恒大城-管家-罗欢?有收废品的电话吗？""。恒大城-管家-罗欢(员工):""有稍等下""。恒大城-管家-罗欢(员工):""废品回收老苏：13613828296。1…………""。恒大城-管家-罗欢(员工):""28栋收废品大叔18172802413 …………""。08月26日 08:42分。展翔(客户):""收到，谢谢！""。08月26日 09:10分。恒大城???? 秩序部 三期监控室(客户):""[视频号消息]""。恒大城???? 秩序部 三期监控室(客户):""“客服”给你打来电话，说你网购商品出现问题！可以给你申请退款，还给你发来陌生链接！让你注册账号填写信息，再说因“操作失误”导致账户被冻结，让你转账解冻后才能退款？南昌反诈提醒您：退换货请认准官方平台，陌生链接不要点击，不要透露个人信息。敬请各位领导同事转发反诈视频及反诈日历。[抱拳][抱拳][抱拳]""。恒大城???? 秩序部 三期监控室(客户):""[图片]""。08月26日 11:31分。恒大城-管家-罗欢(员工):""【关于四害消杀的温馨提示】。      …………""。恒大城-管家-罗欢(员工):""[文件下载失败]""。08月26日 15:51分。恒大城-管家-罗欢(员工):""【南昌恒大城—周报】。?? 一周美好，与…………""。恒大城-管家-罗欢(员工):""[图片]""。08月26日 16:25分。恒大城-管家-罗欢(员工):""【44栋地库口维修封闭通知】。    各…………""。恒大城-管家-罗欢(员工):""[图片]""。08月26日 18:16分。恒大城???? 秩序部 三期监控室(客户):""重要警示：。    8月23日晚10时，江苏省宿迁市一电动自行车店起火，虽然仅半小时明火就得到控制，但仍造成6人死亡（尤为痛心的是，遇难者中4人系未成年人）。此前，2024年2月23日4时许，江苏南京市雨花台区一小区发生电动自行车火灾，造成15人死亡，44人受伤。今年4月27日，我县一小区也发生了电动自行车火灾亡人事件。在此警示，电动自行车起火，燃烧迅速并会在短时间造成大量有害气体，因灾致死率极高！因此，为了大家的生命财产安全，恳请各位业主对自己负责，也对左右邻里负责，严禁将电动自行车违规入楼、违规充电！也请各位监督，一发现有电动车上楼进单元的，请及时联系物业24小时电话:85130408，物业会第一时间上户整治，保障大家居住安全。""。08月26日 20:04分。恒大城???? 秩序部 三期监控室(客户):""? 2024.8.26日? 。【秩序维护部】 。1.夜班值班时间段：20：00—08：00。2.夜班值班队长:徐霖。3.物业24小时服务电话：0791-85957719/85130408。? 【物业小贴士】?。1、园区道路是大家的，请将爱车停至车位或车库，勿占行车主干道。。2、予人方便，予己方便，整齐有序，文明停车。。3、随身携带门禁卡，刷卡进出，提高安全防止偷盗。。4、请随手关大堂门，轻拉轻推，勿用力拉扯。。5、非机动车请勿进大堂、楼道内充电。。6、请勿让爱宠随地大小便，做文明养宠人。""。08月26日 21:17分。小鱼???干??(客户):""@恒大城-管家-罗欢?你好，2单元阳台的尺寸有吗，装窗帘""。??A0专业清洗家电18379130102(客户):""量一下就可以""。??A0专业清洗家电18379130102(客户):""很简单的""。小鱼???干??(客户):""自己量不准[掩面]""。??A0专业清洗家电18379130102(客户):""[捂脸][捂脸][捂脸][捂脸]""。小鱼???干??(客户):""没有专业的工具""。??A0专业清洗家电18379130102(客户):""你只要到做窗帘的地方说恒大城的户型。有的人一下就知道。""。小鱼???干??(客户):""群里有做窗帘的吗""。小鱼???干??(客户):""就装一层纱布多少钱呢""。08月26日 21:27分。恒大城-管家-罗欢(员工):""可以看下那个购房合同的那个有一张平面图，…………""。恒大城-管家-罗欢(员工):""好像是4栋外面有一个窗帘店，影城那个窗帘…………""。&&&","[
    {
        ""业主情感强度"": {
            ""洋溢"": ""一般负面""
        },
        ""事件讨论开始时间"": ""08月26日 07:42"",
        ""事件讨论结束时间"": ""08月26日 07:42"",
        ""事件详情"": ""业主洋溢在08月26日 07:42分提出地库停车混乱的问题，表达了对物业管理的失望和不满。没有其他业主对此问题进行共鸣讨论。"",
        ""话题倾向"": """"
    }
]"
群聊负向,"这是要分析的对话:&&&08月26日 09:18分。恒大城???? 秩序部 三期监控室(客户):""[视频号消息]""。恒大城???? 秩序部 三期监控室(客户):""[图片]""。恒大城???? 秩序部 三期监控室(客户):""“客服”给你打来电话，说你网购商品出现问题！可以给你申请退款，还给你发来陌生链接！让你注册账号填写信息，再说因“操作失误”导致账户被冻结，让你转账解冻后才能退款？南昌反诈提醒您：退换货请认准官方平台，陌生链接不要点击，不要透露个人信息。敬请各位领导同事转发反诈视频及反诈日历。[抱拳][抱拳][抱拳]""。08月26日 14:55分。澈丶丶(客户):""各位居民朋友们:。 为了提高辖区孕、产妇及宝妈的健康指数，彭家坊社区将开展“幸福来敲门，健康暖人心”活动，特邀请一附医院妇产专家亲临指导，对孕妈营养咨询、护士进行胎心监护，女性妇科健康义诊等活动，让妈妈们在家门口就可以享受专业的妇产服务。。1、活动时间：2024年8月31日。2、活动地点:彭家坊社区。3、现场有价值200元的产检券、两癌筛查体检券由爱佳妇产医院免费提供，还有精美礼品相赠。。请大家踊跃报名，名额有限，先报先得！""。08月26日 16:48分。恒大城-管家-小尧(员工):""【44栋地库口维修封闭通知】。    各…………""。恒大城-管家-小尧(员工):""[图片]""。08月26日 18:16分。恒大城???? 秩序部 三期监控室(客户):""重要警示：。    8月23日晚10时，江苏省宿迁市一电动自行车店起火，虽然仅半小时明火就得到控制，但仍造成6人死亡（尤为痛心的是，遇难者中4人系未成年人）。此前，2024年2月23日4时许，江苏南京市雨花台区一小区发生电动自行车火灾，造成15人死亡，44人受伤。今年4月27日，我县一小区也发生了电动自行车火灾亡人事件。在此警示，电动自行车起火，燃烧迅速并会在短时间造成大量有害气体，因灾致死率极高！因此，为了大家的生命财产安全，恳请各位业主对自己负责，也对左右邻里负责，严禁将电动自行车违规入楼、违规充电！也请各位监督，一发现有电动车上楼进单元的，请及时联系物业24小时电话:85130408，物业会第一时间上户整治，保障大家居住安全。""。08月26日 18:33分。利华(客户):""3楼楼梯还是臭的""。利华(客户):""{""pre_msgid"":""7642958146238282792_1724668391343_external""}""。利华(客户):""3楼楼梯间还是臭的""。利华(客户):""请问是否有排查原因吗？""。利华(客户):""@恒大城-管家-小尧?""。恒大城???? 秩序部 三期监控室(客户):""@利华?好的，我通知人过去""。08月26日 20:01分。恒大城???? 秩序部 三期监控室(客户):""? 2024.8.26日? 。【秩序维护部】 。1.夜班值班时间段：20：00—08：00。2.夜班值班队长:徐霖。3.物业24小时服务电话：0791-85957719/85130408。? 【物业小贴士】?。1、园区道路是大家的，请将爱车停至车位或车库，勿占行车主干道。。2、予人方便，予己方便，整齐有序，文明停车。。3、随身携带门禁卡，刷卡进出，提高安全防止偷盗。。4、请随手关大堂门，轻拉轻推，勿用力拉扯。。5、非机动车请勿进大堂、楼道内充电。。6、请勿让爱宠随地大小便，做文明养宠人。""。08月26日 21:55分。魏菇娘????(客户):""怎么交不了停车费？""。08月26日 22:15分。lt's my Life(客户):""明天白天再试试""。&&&","[
    {
        ""业主情感强度"": {
            ""利华"": ""一般负面""
        },
        ""事件讨论开始时间"": ""08月26日 18:33分"",
        ""事件讨论结束时间"": ""08月26日 18:33分"",
        ""事件详情"": ""利华反映3楼楼梯间存在异味，询问是否已经排查原因，并对物业的处理情况表示关注。"",
        ""话题倾向"": """"
    }
]"
群聊负向,"这是要分析的对话:&&&08月26日 06:13分。胡立岗(客户):""停电了""。阳(客户):""跳闸了，推不上去。""。08月26日 06:25分。婵娟(客户):""停电了""。08月26日 06:34分。中辰李永攀(客户):""15号三单元""。08月26日 07:59分。B10-B11-15号楼管家(客户):""????金碧物业晨跑开跑啦！！！大朋友、小朋友们请为我们加油吧[加油]欢迎更多的小朋友加入我们的晨跑队伍，健康快乐的成长[跳跳]""。B10-B11-15号楼管家(客户):""[图片]""。B10-B11-15号楼管家(客户):""[图片]""。B10-B11-15号楼管家(客户):""[图片]""。A00(客户):""尊敬的业主，您好：。       为更好、更快的解决业主问题，现将各值班人员、联系电话及值班时间公示在群内，各位业主可直接电话联系或在群内@秩序110。1、日常家用维修工具(螺丝刀、活动扳手、小锤等);。2、小型购物车、平板车、人字梯、打气筒，应急医用品等。。为您爱家保驾护航，如果您有家政保洁、直饮水卡办理、白蚁消杀、有偿维修、房屋租赁的业务需求，随时与我们联系，为您提供专业的服务。。【秩序维护部】。[爱心]1.值班时间段：。????08:00－20:00????。[爱心]2.值班中队长-赵队电话：0531-83131013。[爱心]3.物业服务电话：0531-55615896、55615596。??4.监控室值班24小时电话：0531-55612606。3、【物业-安保服务“小蜜蜂”】。[抱拳]如您家中有需要帮助的请联系我们?。[爱心]24小时为各位家人守候。[合十]贴心服务、真诚相伴。如需便民服务车，请直接联系；。①55612606。②55612808。有事您说话，我们会在第一时间安排人员帮你处理[玫瑰][玫瑰]""。A00(客户):""[图片]""。08月26日 08:18分。宁宁(客户):""??ˋ????ˊ??????????????????.*·做自己生活的舵手 把握梦想前进的方向 不服输 才能成长更好的自己。各位家人们[爱心]早上好！。我是物业保洁领班庄明华，联系电话 15628830750。各位保洁叔叔阿姨已到岗。??倘若您发现任何环境方面的问题或者有宝贵的建议，随时与我联系，我定会全力以赴为您排忧解难！。??感谢各位家人一直以来的信赖与支持！ ?? ??""。宁宁(客户):""[图片]""。08月26日 08:42分。B10-B11-15号楼管家(客户):""[玫瑰][玫瑰]早安  绿洲[玫瑰][玫瑰]今天是2024年8月26日（农历七月二十三）星期一。  【济南天气】。?天       气?:雨。?温       度?:  24-28度。?空气质量?:良。       新的一天，新的开始。余生很贵，请别浪费，用一份云淡风轻的心情，面对生命中的每一天。早安~[爱心]""。B10-B11-15号楼管家(客户):""[链接]""。08月26日 09:55分。顺其自然(客户):""8.13元，接到[爆竹]“银监会”[爆竹]电话被骗。。3.63万元，大学生??兼职??被骗。。3.5万元，初中生被骗。。3.46万元，妇女?兼职刷单?被骗。。2.31万元，男青年[色]约炮[色]被骗。。。男青年[色][色]约炮[色][色]，妇女??兼职刷单??、????被“异性网友”诱导投资????诈骗高发！。转发提醒好家里的[拥抱]年轻人、妇女[拥抱]！。。【8月25日电诈警情通报】（近三天典型案例）。【平安街道、开发区派出所】。1、乙武村居民（开发区报警），【接到“银监会”电话】被骗8.13万元。。??手段：接到电话，对方自称?【“银监会”工作人员】??，要帮其“降低网贷利率”，还让其??登陆假的银监会网站??。。        过程中，?开启“屏幕共享”?，指导其将钱转走。。。【大学城、大学路派出所】。2、山东师范大学思想政治教育专业大四学生，【兼职】被骗3.63万元。。??手段：网上看到信息，兼职（“垫资”代充话费）。对方称选择[爆竹][爆竹]“企业代付”[爆竹][爆竹]，??钱就不会被转走，但操作后，钱还是被转走??。。       对方称其操作失误，??为退款，按对方要求，继续转账??。。。【马山镇、马山派出所】。3、周庙村初中生，【找人“解封微信”】被骗3.5万元。。??手段：快手找人解封微信，对方让其?提供了家长微信、银行卡的【验证码】?，钱被转走。。。【文昌街道、新城派出所】。4、建发天玺妇女，网上兼职【垫资做任务、刷销量、刷关注、刷点赞】被骗3.46万元。。??手段：??被陌生人拉进群??，推荐足不出户做兼职，[裂开]抖音刷关注[裂开]挣到佣金，后被引诱??“垫资”刷购“抖币”??。。        前期挣到小额返利，后被以【系统设置，需要[苦涩]连续刷任务才能退还垫付金、佣金[苦涩]】，【??操作失误，需要刷补救单??】为由要求转账。。。【崮云湖街道、大学路派出所】。5、河南籍务工男青年（租住乐天），【刷单做任务以?? 免费约炮?? 】被骗2.31万元。。??手段：??网上看到信息??，下载APP，为[吐]解锁约炮资格[吐]，??“约炮”客服引诱其“垫资”刷“会员费”??，前期挣到小额返利。。        后被以【系统设置，需要[裂开]连续刷任务[裂开]才能退还垫付金、佣金】、【??操作失误??（后台都能做手脚），刷补救单】为由要求多次转账。""。08月26日 10:21分。顺其自然(客户):""各位居民朋友好~。社区邻里夜校“AI机器人”招生啦~，详细信息如下：。上课时间：2024年8月28日本周三晚上七点半。活动地点：恒大绿洲第二社区党群服务中心""。顺其自然(客户):""[小程序消息]""。08月26日 15:38分。宁宁(客户):""[图片]""。宁宁(客户):""[图片]""。宁宁(客户):""[图片]""。宁宁(客户):""[图片]""。08月26日 16:54分。宁宁(客户):""[拳头]环境提升持续进行中[拳头]。[太阳]今天地下室清理[太阳]。恒大绿洲保洁团队为您服务[玫瑰]""。宁宁(客户):""[图片]""。08月26日 17:37分。双双(客户):""[图片]""。双双(客户):""[图片]""。双双(客户):""[图片]""。双双(客户):""15号楼垃圾桶附近和桥上的积水没有扫，水下全是污泥""。双双(客户):""以前都会扫，就不会沉积泥巴，现在不扫了，等干了泥巴也去不了""。宁宁(客户):""[图片]""。宁宁(客户):""[图片]""。08月26日 17:42分。宁宁(客户):""你好亲，还是有存水，再清理""。双双(客户):""好的，这是五分钟前看见的，可能没清理彻底""。08月26日 18:03分。顺理成张??(客户):""[表情]""。08月26日 18:39分。A大漠(客户):""??物业秩序“小蜜蜂” ??。[庆祝]“小蜜蜂”来了！来了！[庆祝]。[太阳]有事，您说话[太阳]。[庆祝]车辆电瓶亏电启动不了！。[庆祝]家里有沉物品搬不动了！。[庆祝]买了好多东西拿不了！。联系电话：0531-55612606。秩序小“蜜蜂”竭诚为您服务！[耶][耶][耶]。[庆祝]我们的口号：。[庆祝]真心帮助每一位[庆祝]。[庆祝]热心服务每一人[庆祝]。[庆祝]赠人玫瑰[玫瑰]，手有余香[庆祝]""。A大漠(客户):""[图片]""。08月26日 20:05分。你的月亮我的心(客户):""尊敬的业主，您好：。       为更好、更快的解决业主问题，现将各值班人员、联系电话及值班时间公示在群内，各位业主可直接电话联系或在群内@秩序110。1、日常家用维修工具(螺丝刀、活动扳手、小锤等);。2、小型购物车、平板车、人字梯、打气筒，应急医用品等。。为您爱家保驾护航，如果您有家政保洁、直饮水卡办理、白蚁消杀、有偿维修、房屋租赁的业务需求，随时与我们联系，为您提供专业的服务。。【秩序维护部】。[爱心]1.值班时间段：。????20:00－08:00????。[爱心]2.值班中队长-赵队电话：0531-55615881。[爱心]3.物业服务电话：0531-55615896、55615596。??4.监控室值班24小时电话：0531-55612606。3、【物业-安保服务“小蜜蜂”】。[抱拳]如您家中有需要帮助的请联系我们?。[爱心]24小时为各位家人守候。[合十]贴心服务、真诚相伴。如需便民服务车，请直接联系；。①55612606。②55612808。有事您说话，我们会在第一时间安排人员帮你处理[玫瑰][玫瑰]""。你的月亮我的心(客户):""[图片]""。08月26日 23:50分。你的月亮我的心(客户):""尊敬的业主大家好！我是夜间执勤赵队长，金碧物业安保服务8月26号巡查，时刻守护业主们的安全，请安心入睡，如有紧急情况请拨打0531-55612606""。你的月亮我的心(客户):""[图片]""。08月27日 03:01分。你的月亮我的心(客户):""尊敬的业主大家好！我是夜间执勤赵队长，金碧物业安保服务8月27号巡查，时刻守护业主们的安全，请安心入睡，如有紧急情况请拨打0531-55612606""。你的月亮我的心(客户):""[图片]""。&&&","[
    {
        ""业主情感强度"": {
            ""双双(客户)"": ""一般负面""
        },
        ""事件讨论开始时间"": ""08月26日 17:37分"",
        ""事件讨论结束时间"": ""08月26日 17:42分"",
        ""事件详情"": ""双双(客户)反映15号楼垃圾桶附近和桥上的积水没有扫，这种情况以前都会扫但现在没人扫，对此提出抱怨"",
        ""话题倾向"": """"
    }
]"
群聊负向,"这是要分析的对话:&&&08月26日 08:07分。A00(客户):""尊敬的业主，您好：。       为更好、更快的解决业主问题，现将各值班人员、联系电话及值班时间公示在群内，各位业主可直接电话联系或在群内@秩序110。1、日常家用维修工具(螺丝刀、活动扳手、小锤等);。2、小型购物车、平板车、人字梯、打气筒，应急医用品等。。为您爱家保驾护航，如果您有家政保洁、直饮水卡办理、白蚁消杀、有偿维修、房屋租赁的业务需求，随时与我们联系，为您提供专业的服务。。【秩序维护部】。[爱心]1.值班时间段：。????08:00－20:00????。[爱心]2.值班中队长-赵队电话：0531-83131013。[爱心]3.物业服务电话：0531-55615896、55615596。??4.监控室值班24小时电话：0531-55612606。3、【物业-安保服务“小蜜蜂”】。[抱拳]如您家中有需要帮助的请联系我们?。[爱心]24小时为各位家人守候。[合十]贴心服务、真诚相伴。如需便民服务车，请直接联系；。①55612606。②55612808。有事您说话，我们会在第一时间安排人员帮你处理[玫瑰][玫瑰]""。A00(客户):""[图片]""。08月26日 08:28分。JN29岁月静好(客户):""。[庆祝]雨后园林座椅已擦拭[庆祝]。    [烟花]游乐设施已清理?积水清理中[烟花]。恒大绿洲保洁团队为您服务[玫瑰]""。JN29岁月静好(客户):""[图片]""。08月26日 08:45分。恒大绿洲22-23-24-25管家谷雨(员工):""????金碧物业晨跑开跑啦！！！大朋友、…………""。恒大绿洲22-23-24-25管家谷雨(员工):""[图片]""。恒大绿洲22-23-24-25管家谷雨(员工):""[图片]""。恒大绿洲22-23-24-25管家谷雨(员工):""[图片]""。08月26日 08:52分。王丽(客户):""              [庆祝][庆祝]通知[庆祝][庆祝]。        为切实提高妇女健康水平，提升自我保健意识。恒大绿洲第三社区联合济南市人民医院将在恒大三社区开展甲状腺、乳腺癌免费检查。。时间：2024年8月26日（周一）。上午9:00——11：30下午14:00——16:00。地点：恒大三期31号楼内铺党群服务中心。                  。                 恒大绿洲第三社区。                   2024年8月23日""。王丽(客户):""[链接]""。王丽(客户):""[小程序消息]""。王丽(客户):"" 各位居民:。       为提高社区火灾预警和防控能力，保障居民的居家安全。由政府联合联通公司为居民免费上门安装独立式烟感报警器。安装以后若家中有火灾隐患，可通过网络直接推送给业主本人及消防大队。目前先进行报名，后期会有联通公司工作人员与业主联系，上门进行安装。本期独立式烟感报警器数量80个，先报先得 ，报满为止。。              恒大绿洲第三社区。                   2024.8.22""。08月26日 10:22分。王丽(客户):""8.13元，接到[爆竹]“银监会”[爆竹]电话被骗。。3.63万元，大学生??兼职??被骗。。3.5万元，初中生被骗。。3.46万元，妇女?兼职刷单?被骗。。2.31万元，男青年[色]约炮[色]被骗。。。男青年[色][色]约炮[色][色]，妇女??兼职刷单??、????被“异性网友”诱导投资????诈骗高发！。转发提醒好家里的[拥抱]年轻人、妇女[拥抱]！。。【8月25日电诈警情通报】（近三天典型案例）。【平安街道、开发区派出所】。1、乙武村居民（开发区报警），【接到“银监会”电话】被骗8.13万元。。??手段：接到电话，对方自称?【“银监会”工作人员】??，要帮其“降低网贷利率”，还让其??登陆假的银监会网站??。。        过程中，?开启“屏幕共享”?，指导其将钱转走。。。【大学城、大学路派出所】。2、山东师范大学思想政治教育专业大四学生，【兼职】被骗3.63万元。。??手段：网上看到信息，兼职（“垫资”代充话费）。对方称选择[爆竹][爆竹]“企业代付”[爆竹][爆竹]，??钱就不会被转走，但操作后，钱还是被转走??。。       对方称其操作失误，??为退款，按对方要求，继续转账??。。。【马山镇、马山派出所】。3、周庙村初中生，【找人“解封微信”】被骗3.5万元。。??手段：快手找人解封微信，对方让其?提供了家长微信、银行卡的【验证码】?，钱被转走。。。【文昌街道、新城派出所】。4、建发天玺妇女，网上兼职【垫资做任务、刷销量、刷关注、刷点赞】被骗3.46万元。。??手段：??被陌生人拉进群??，推荐足不出户做兼职，[裂开]抖音刷关注[裂开]挣到佣金，后被引诱??“垫资”刷购“抖币”??。。        前期挣到小额返利，后被以【系统设置，需要[苦涩]连续刷任务才能退还垫付金、佣金[苦涩]】，【??操作失误，需要刷补救单??】为由要求转账。。。【崮云湖街道、大学路派出所】。5、河南籍务工男青年（租住乐天），【刷单做任务以?? 免费约炮?? 】被骗2.31万元。。??手段：??网上看到信息??，下载APP，为[吐]解锁约炮资格[吐]，??“约炮”客服引诱其“垫资”刷“会员费”??，前期挣到小额返利。。        后被以【系统设置，需要[裂开]连续刷任务[裂开]才能退还垫付金、佣金】、【??操作失误??（后台都能做手脚），刷补救单】为由要求多次转账。""。08月26日 10:28分。王丽(客户):""各位居民朋友:。       为保障济南市居民健康权益，逐步健全完善居民特殊疾病风险体系，区妇联与中国人寿保险股份有限公司济南分公司启动了“男性女性安康保障工程”面向18周岁至60周岁以下身体健康者推出团体安康保险，社区居民可根据个人情况自愿购买。。详情请咨询恒大三社区居委会。。地址:恒大22号楼内铺。。电话：87207026""。王丽(客户):""[图片]""。08月26日 12:09分。恒大绿洲22-23-24-25管家谷雨(员工):""????金碧物业晨跑开跑啦！！！打卡第一…………""。恒大绿洲22-23-24-25管家谷雨(员工):""[文件超过最大限制]""。08月26日 12:30分。恒大绿洲22-23-24-25管家谷雨(员工):""[图片]""。恒大绿洲22-23-24-25管家谷雨(员工):""{""pre_msgid"":""125883…………""。08月26日 18:41分。A大漠(客户):""??物业秩序“小蜜蜂” ??。[庆祝]“小蜜蜂”来了！来了！[庆祝]。[太阳]有事，您说话[太阳]。[庆祝]车辆电瓶亏电启动不了！。[庆祝]家里有沉物品搬不动了！。[庆祝]买了好多东西拿不了！。联系电话：0531-55612606。秩序小“蜜蜂”竭诚为您服务！[耶][耶][耶]。[庆祝]我们的口号：。[庆祝]真心帮助每一位[庆祝]。[庆祝]热心服务每一人[庆祝]。[庆祝]赠人玫瑰[玫瑰]，手有余香[庆祝]""。A大漠(客户):""[图片]""。08月26日 20:04分。你的月亮我的心(客户):""尊敬的业主，您好：。       为更好、更快的解决业主问题，现将各值班人员、联系电话及值班时间公示在群内，各位业主可直接电话联系或在群内@秩序110。1、日常家用维修工具(螺丝刀、活动扳手、小锤等);。2、小型购物车、平板车、人字梯、打气筒，应急医用品等。。为您爱家保驾护航，如果您有家政保洁、直饮水卡办理、白蚁消杀、有偿维修、房屋租赁的业务需求，随时与我们联系，为您提供专业的服务。。【秩序维护部】。[爱心]1.值班时间段：。????20:00－08:00????。[爱心]2.值班中队长-赵队电话：0531-55615881。[爱心]3.物业服务电话：0531-55615896、55615596。??4.监控室值班24小时电话：0531-55612606。3、【物业-安保服务“小蜜蜂”】。[抱拳]如您家中有需要帮助的请联系我们?。[爱心]24小时为各位家人守候。[合十]贴心服务、真诚相伴。如需便民服务车，请直接联系；。①55612606。②55612808。有事您说话，我们会在第一时间安排人员帮你处理[玫瑰][玫瑰]""。你的月亮我的心(客户):""[图片]""。08月26日 21:07分。该账号已注销(客户):""车库入口""。该账号已注销(客户):""[图片]""。该账号已注销(客户):""一帮没素质的狗""。该账号已注销(客户):""猪狗不如""。08月26日 23:03分。齐凯(客户):""请问这个地方什么时候修啊？""。齐凯(客户):""[图片]""。08月26日 23:50分。你的月亮我的心(客户):""尊敬的业主大家好！我是夜间执勤赵队长，金碧物业安保服务8月26号巡查，时刻守护业主们的安全，请安心入睡，如有紧急情况请拨打0531-55612606""。你的月亮我的心(客户):""[图片]""。08月27日 03:01分。你的月亮我的心(客户):""尊敬的业主大家好！我是夜间执勤赵队长，金碧物业安保服务8月27号巡查，时刻守护业主们的安全，请安心入睡，如有紧急情况请拨打0531-55612606""。你的月亮我的心(客户):""[图片]""。&&&","[
    {
        ""业主情感强度"": {
            ""该账号已注销"": ""强烈负面""
        },
        ""事件讨论开始时间"": ""08月26日 21:07"",
        ""事件讨论结束时间"": ""08月26日 21:07"",
        ""事件详情"": ""业主‘该账号已注销’在08月26日 21:07分对车库入口表示不满，并使用了侮辱性语言表达情绪，称‘一帮没素质的狗’和‘猪狗不如’。"",
        ""话题倾向"": """"
    }
]"
群聊负向,"这是要分析的对话:&&&08月26日 09:18分。恒大城???? 秩序部 三期监控室(客户):""[视频号消息]""。恒大城???? 秩序部 三期监控室(客户):""“客服”给你打来电话，说你网购商品出现问题！可以给你申请退款，还给你发来陌生链接！让你注册账号填写信息，再说因“操作失误”导致账户被冻结，让你转账解冻后才能退款？南昌反诈提醒您：退换货请认准官方平台，陌生链接不要点击，不要透露个人信息。敬请各位领导同事转发反诈视频及反诈日历。[抱拳][抱拳][抱拳]""。恒大城???? 秩序部 三期监控室(客户):""[图片]""。08月26日 14:11分。恒大城-管家-小冯(员工):""【关于四害消杀的温馨提示】。      …………""。恒大城-管家-小冯(员工):""[图片]""。08月26日 14:45分。樂可樂(客户):""各位居民朋友们:。 为了提高辖区孕、产妇及宝妈的健康指数，彭家坊社区将开展“幸福来敲门，健康暖人心”活动，特邀请一附医院妇产专家亲临指导，对孕妈营养咨询、护士进行胎心监护，女性妇科健康义诊等活动，让妈妈们在家门口就可以享受专业的妇产服务。。1、活动时间：2024年8月31日。2、活动地点:彭家坊社区。3、现场有价值200元的产检券、两癌筛查体检券由爱佳妇产医院免费提供，还有精美礼品相赠。。请大家踊跃报名，名额有限，先报先得！""。08月26日 18:19分。恒大城???? 秩序部 三期监控室(客户):""重要警示：。    8月23日晚10时，江苏省宿迁市一电动自行车店起火，虽然仅半小时明火就得到控制，但仍造成6人死亡（尤为痛心的是，遇难者中4人系未成年人）。此前，2024年2月23日4时许，江苏南京市雨花台区一小区发生电动自行车火灾，造成15人死亡，44人受伤。今年4月27日，我县一小区也发生了电动自行车火灾亡人事件。在此警示，电动自行车起火，燃烧迅速并会在短时间造成大量有害气体，因灾致死率极高！因此，为了大家的生命财产安全，恳请各位业主对自己负责，也对左右邻里负责，严禁将电动自行车违规入楼、违规充电！也请各位监督，一发现有电动车上楼进单元的，请及时联系物业24小时电话:85130408，物业会第一时间上户整治，保障大家居住安全。""。08月26日 20:02分。恒大城???? 秩序部 三期监控室(客户):""? 2024.8.26日? 。【秩序维护部】 。1.夜班值班时间段：20：00—08：00。2.夜班值班队长:徐霖。3.物业24小时服务电话：0791-85957719/85130408。? 【物业小贴士】?。1、园区道路是大家的，请将爱车停至车位或车库，勿占行车主干道。。2、予人方便，予己方便，整齐有序，文明停车。。3、随身携带门禁卡，刷卡进出，提高安全防止偷盗。。4、请随手关大堂门，轻拉轻推，勿用力拉扯。。5、非机动车请勿进大堂、楼道内充电。。6、请勿让爱宠随地大小便，做文明养宠人。""。08月26日 20:35分。运-好(客户):""[图片]""。运-好(客户):""[图片]""。运-好(客户):""@恒大城???? 秩序部 三期监控室?""。运-好(客户):""车子出不去""。运-好(客户):""@恒大城???? 秩序部 三期监控室?""。恒大城???? 秩序部 三期监控室(客户):""好的""。运-好(客户):""@恒大城???? 秩序部 三期监控室?速度，有事""。08月26日 20:46分。运-好(客户):""来了没有""。运-好(客户):""@恒大城???? 秩序部 三期监控室?来了没有""。运-好(客户):""妈的这样交停车费有什么用，车子都堵的不的出去，""。恒大城???? 秩序部 三期监控室(客户):""已经通知同事上门去了，电话一直没有人接听""。运-好(客户):""车子电话又没有，故意这样停的车的吗，""。08月26日 20:52分。???随? ??缘?(客户):""你也把自己车堵在那里，都不要走@运-好?看看物业会上进管不""。运-好(客户):""@???随? ??缘??下次老子就把车停在这里""。运-好(客户):""妈的地下室又不可以停，搞什么鸡巴东西吗""。???随? ??缘?(客户):""@运-好?嫩不这样做没有人会重视这个事情的""。&&&","[
    {
        ""业主情感强度"": {
            ""???随? ??缘?"": ""一般负面"",
            ""运-好"": ""强烈负面""
        },
        ""事件讨论开始时间"": ""08月26日 20:35分"",
        ""事件讨论结束时间"": ""08月26日 20:52分"",
        ""事件详情"": ""8月26日晚上，运-好业主发现自己的车辆被其他车辆堵住，无法出行，对此表示强烈不满。在多次催促物业后，情绪激动，并对物业的管理表示质疑。"",
        ""话题倾向"": """"
    }
]"
群聊负向,"这是要分析的对话:&&&08月26日 08:59分。石娇(员工):""?????????家人们，早上好~。今天…………""。石娇(员工):""?????????家人们，早上好~。今天…………""。08月26日 12:32分。觉醒(客户):""报警器在叫""。石娇(员工):""您好业主，是22楼吗""。觉醒(客户):""大厅""。08月26日 12:37分。石娇(员工):""好的，马上通知秩序同事过来看一下""。觉醒(客户):""一楼大厅""。石娇(员工):""好的""。08月26日 14:51分。厶爷(客户):""@管家石娇?最近七栋消防报警系统总是爱报警，是不是安排师傅好好检查一下。""。厶爷(客户):""{""pre_msgid"":""8721784477494891183_1724655113459_external""}""。08月26日 20:37分。??一切??? 随缘????(客户):""各位业主：晚上好！[玫瑰]。8月 26日秩序部夜间执勤安排：。一、值班:罗中林。电话:17584997003。二、24小时值班电：0851-83862661。辖区派出所电话：0851-83851334。值班维修师傅：。杨丙云:13984310672带班时间：20:00-08:00。四、我们将12小时坚守岗位，如有需要请致电，我们将竭诚为您服务。夜间休息请关好门窗，做好安全防范，出入小区带好业主卡。。贵阳恒大文化旅游城物业服务中心祝您：。               生活愉快！""。??一切??? 随缘????(客户):""[视频]""。08月26日 23:10分。筑安(客户):""[视频号消息]""。筑安(客户):""【提示】买卖游戏账号、游戏装备等一定要在官方平台进行，不要点击陌生链接，以交保证金、提现失败、账号冻结等理由要求继续充值的都是诈骗！""。筑安(客户):""通知：。8月25日是全国第八个残疾预防日，筑安社区居委会于明天8月27日（本周二）上午在辖区内开展“预防疾病致残  共享健康生活”宣传服务活动，希望学校有社会实践活动要求的学生积极参与，请有意参加志愿服务活动的人员于8月27日早上9:30到8组团筑安社区居委会集中开展活动。""。&&&","[
    {
        ""业主情感强度"": {
            ""觉醒"": ""无明显情绪"",
            ""厶爷"": ""一般负面""
        },
        ""事件讨论开始时间"": ""08月26日 12:32"",
        ""事件讨论结束时间"": ""08月26日 14:51"",
        ""事件详情"": ""8月26日，业主""觉醒""首先反馈大厅的报警器在叫，随后业主厶爷提到最近七栋消防报警系统总是爱报警的长期问题，建议物业安排师傅检查。这表明消防报警系统可能存在故障或误报问题，给业主带来了困扰和不安。"",
        ""话题倾向"": """"
    }
]"
群聊负向,"这是要分析的对话:&&&08月26日 09:01分。恒大社区居委会8731213(客户):""[视频号消息]""。08月26日 10:16分。恒大社区居委会8731213(客户):""[图片]""。恒大社区居委会8731213(客户):""活动通知：恒大社区将于本周三8月28日下午3：00开展社区文明宣传和清扫活动，请需要参与暑假社会实践活动的学生扫下方的腾讯问卷报名参与。。集合地点：恒大社区居委会办公室（恒大城1期1栋内铺）。集合时间：8月28日下午2：50。备注：目前我们发的志愿活动主要是针对学校有要求学生参加暑假社会实践活动要盖章的或者是学校有要求做I志愿的学生，一般是中学生或者大学生，因每次活动人数有限，请没有这方面要求的学生家长暂时不要报名，谢谢！。温馨提示：。1.最近天气多变，请自备雨具遮阳防雨，注意安全。。2.请有需要拍照交学校的同学，自行带手机拍照哈。3.本次活动为24年暑期学生社会实践活动的最后一次活动，后续将不再开展，请有需要的学生积极参与。""。08月26日 17:44分。韶关恒大城-管家张世辉(员工):""@所有人 关于八月园区消杀通知。尊敬的业…………""。08月26日 19:07分。韶关恒大城B区监控员(客户):""2024-8-26。【秩序维护部】。1、值班时间段:【19:00-7:00】。2、值班中队长:  李佰全。联系电话：18933707875。【温馨提示】。请各位业主知悉，如需要帮助或遇紧急情况，请电话联系值班室或值班中队长。。物业24小时值班电话：0751-8706100。0751-8706228""。&&&","{""事件提取"":null,""提取结果"":false}"
群聊负向,"这是要分析的对话:&&&08月26日 08:54分。王宝忠18745227027(客户):""[视频]""。王宝忠18745227027(客户):""12栋1单元电梯""。08月26日 09:01分。Mi Manchi(客户):""收到""。Mi Manchi(客户):""{""pre_msgid"":""14165632226523579023_1724634065509_external""}""。王宝忠18745227027(客户):""是2单元""。08月26日 09:06分。丁启凯(客户):""「王宝忠18745227027：[视频]」。- - - - - - - - - - - - - - -。@物业维修部陈仕江?安排人固定一下""。王宝忠18745227027(客户):""@三菱电梯丁启凯13765346634?[OK]""。08月26日 15:37分。珊儿。(客户):""@卢贵翱?麻烦派人来一下我家这里，楼上施工老是掉东西在我家，好几次了，说了也不听""。08月26日 15:42分。卢贵翱(员工):""@珊儿。好的""。08月26日 20:48分。矿泉水(客户):""各位业主：晚上好！[玫瑰]。8月26日秩序部夜间执勤安排：。一、值班人员:  韦飞龙18798007817。  监控室电话号码：83873539。  维修值班人员： ?郭文波18111908017?。二、巡查期间未发现流浪狗、猫，值班期间如发现第一时间处理。三、带班时间：20:00-08:00。四、我们将12小时坚守岗位，如有需要请致电，我们将竭诚为您服务。夜间休息请关好门窗，做好安全防范，出入小区带好业主卡、谨防尾随。。贵阳金碧物业服务中心祝您：生活愉快！[烟花]""。矿泉水(客户):""[视频]""。08月26日 22:23分。杨俊兴(员工):""各位业主大家晚上好，园区设备房巡查正常，…………""。杨俊兴(员工):""[图片]""。&&&","[
    {
        ""业主情感强度"": {
            ""珊儿。"": ""强烈负面""
        },
        ""事件讨论开始时间"": ""08月26日 15:37"",
        ""事件讨论结束时间"": ""08月26日 15:42"",
        ""事件详情"": ""珊儿。(客户)反映楼上施工经常掉落物品到她家，对此表示不满，并要求物业派人处理。"",
        ""话题倾向"": """"
    }
]"
群聊负向,"这是要分析的对话:&&&08月26日 04:06分。一期中队长(客户):""[图片]""。一期中队长(客户):""【?? 秩序服务?巡逻篇】。我们是晚班园区秩序的守护者??。每天园区全覆盖巡视??。希望用我们的行动??。为您营造舒适的居家环境??。如需帮助请拨打24小时服务热线。?:0731一85520610。值班中队长。?:17700582951（一期）。??我们竭诚为您服务??""。08月26日 06:32分。一期中队长(客户):""??长沙恒大雅苑。?2024年8??26日  星期一。?天气: 晴  气温：28－37℃。1、广西一景区“飞天魔毯”项目故障致1死60伤 景区提出“买断”赔偿方案；。2、浙江绍兴一医院眼科套取医保资金2000万，手术医生庭审坚称无罪引争议；。3、郑州：相关企业限期撤除全市小区电梯里的“上门按摩”广告；。4、今年三伏，全国平均气温达到23.24℃，为史上最热；。5、日本核污染水排海一年，8轮累计排放将达62500吨；微信搜：每日微语报。6、超80城支持国企等收购存量房：36城已启动征集，“去库存效果最直接”；。7、合肥女子李梅在长沙坐拥87套房，因涉罪被查封，正式被法院挂网待拍卖；。8、安徽发文鼓励探索垂钓实名制，官方回应：还未启动落实；。9、周鸿祎再回应“手表不当回答”：已惩罚产品经理接一个月客服电话；。10、三文鱼刺身隔夜返包销售 胖东来：奖励投诉者10万，补偿购买者1000元；。11、黎真主党宣布第一阶段对以袭击取得成功 发射320余枚火箭弹；。12、世卫组织表示，猴痘疫情存在扩散风险，各国防控措施有待加强；。13、防止播音员“讲真话”，日本广播协会开始预录中文新闻；。14、17名中国公民命丧韩国电池厂 火灾调查：因培训不足错失37秒逃生窗口；。15、美国顶尖纳米科学家打算来华工作，曾因与中国高校合作而被美政府判刑；""。一期中队长(客户):""[图片]""。一期中队长(客户):""???♂【防溺水??安全温馨提示】。??亲爱的业主家人们：大家好??。?天气渐热，为了孩子们??的安全，请提高安全防范意识?，时刻监督和管理??好孩子，加强对孩子的防溺水??安全教育，禁止??孩子私自到小溪、水库、江边玩水、捕鱼、捉虾、游泳等。 。??安全无小事 时刻要警惕??。请家长??加强对孩子防溺水的监管力度，提高孩子??防溺水的自觉性?。同时物业工作人员??也会加大对园区的巡逻。为孩子的生命安全构筑坚实的防线??。??如需帮助请拨24小时服务热线。二期?:0731-85066275。一期?:0731-85520610。#长沙恒大雅苑物业服务中心""。08月26日 09:03分。楼栋管家(员工):""关于开展小区四害消杀的通知。    尊敬…………""。楼栋管家(员工):""[图片]""。08月26日 11:18分。楼栋管家(员工):""【??物业工作周报】  。尊敬的业主/住…………""。楼栋管家(员工):""[图片]""。子鱼(客户):""【??遛狗不随便，随手清狗便??】。     。      ??最近存在严重的不文明养犬的现象，绿化带、草坪的狗便??比比皆是，给其他美邻的生活带来了很大的困扰。。      宠物是人类的朋友，为生活增添不少乐趣??，享受权利的同时还请履行义务哦[抱拳]，为了给小区营造一个整洁和谐的环境??，物业中心倡议各位饲养宠物的业主，请您随身携带废纸或垃圾袋，以便随时清理“排泄物”。    ??优美的居住环境需要大家的共同创造和维护，请从文明养狗开始。??""。子鱼(客户):""[文件超过最大限制]""。08月26日 11:30分。伊人(客户):""有需要找做饭阿姨的吗？""。08月26日 17:45分。楼栋管家(员工):""关于小区内防范蛇类动物的温馨提示。各位业…………""。楼栋管家(员工):""[图片]""。08月26日 19:16分。一期中队长(客户):""【?? 秩序服务?巡逻篇】。我们是白班园区秩序的守护者??。每天园区全覆盖巡视??。希望用我们的行动??。为您营造舒适的居家环境??。如需帮助请拨打24小时服务热线。?:0731一85520610。值班中队长。?:17700582951（一期）。??我们竭诚为您服务??""。一期中队长(客户):""[视频]""。一期中队长(客户):""[视频]""。08月26日 19:54分。小牛牛(客户):""8月26日园林工作日常""。小牛牛(客户):""[文件下载失败]""。08月26日 20:05分。一期中队长(客户):""业主您好??。我是夜班秩序班长（苏静普17700582951），也是你的夜间安全守护者??，也许您从来没有见过我，因为我值守在您熟睡的每个晚上。夜间??我们会跟踪可疑人员、巡查车库、巡查园区、巡查楼层。。??清晨06:00我们还会查看每个电梯，确保您上班时电梯正常运行。。??如需帮助请及时拨打24小时服务电话85520610，我会出现在你需要的每个时刻???♂???♂???♂。祝您好梦！一醒来又是美美哒的一天哦???""。08月26日 20:49分。一期中队长(客户):""【?? 秩序服务?巡逻篇】。我们是晚班园区秩序的守护者??。每天园区全覆盖巡视??。希望用我们的行动??。为您营造舒适的居家环境??。如需帮助请拨打24小时服务热线。?:0731一85520610。值班中队长。?:17700582951（一期）。??我们竭诚为您服务??""。一期中队长(客户):""[视频]""。08月26日 21:33分。simple(客户):""@10-13栋，24栋管家凌炀?。13栋6楼，包括608门口，不知道什么原因。。出门的时候还正常，回来整个通道，全部都是狗的尿骚味。。我整个拖了一遍，用清水，还是有很大气味。。请求物业速派人来用清洁剂，清洗一下""。楼栋管家(员工):""好的收到马上处理@一期中队长""。simple(客户):""都不敢开门了，真不夸张。只要打开门，扑鼻而来。。我拖过了，还是不行。""。simple(客户):""要用专门的清洁剂""。楼栋管家(员工):""@一期中队长""。楼栋管家(员工):""好的""。simple(客户):""感谢物业及时回复跟处理[玫瑰][玫瑰]""。殇訫丶(客户):""收到""。08月26日 21:40分。殇訫丶(客户):""@simple?已喷了空气清新剂""。08月26日 22:43分。simple(客户):""好的[强][强][强]""。08月26日 23:52分。大圣(客户):""[强][强]""。08月27日 03:44分。一期中队长(客户):""【?? 秩序服务?巡逻篇】。我们是晚班园区秩序的守护者??。每天园区全覆盖巡视??。希望用我们的行动??。为您营造舒适的居家环境??。如需帮助请拨打24小时服务热线。?:0731一85520610。值班中队长。?:17700582951（一期）。??我们竭诚为您服务??""。一期中队长(客户):""[图片]""。&&&","[
    {
        ""业主情感强度"": {
            ""simple"": ""一般负面""
        },
        ""事件讨论开始时间"": ""08月26日 21:33分"",
        ""事件讨论结束时间"": ""08月26日 22:43分"",
        ""事件详情"": ""simple业主在8月26日晚上回到居住的13栋6楼时，发现整个通道有浓烈的狗尿骚味，业主自行尝试清理后仍有很大气味，因此向物业提出请求，要求派人使用清洁剂进行清洗。业主情绪表现出强烈的不满，表示不敢开门，气味非常刺鼻。"",
        ""话题倾向"": """"
    }
]"
群聊负向,"这是要分析的对话:&&&08月26日 07:42分。简单点(客户):""[文件超过最大限制]""。简单点(客户):""@恒大城-管家-小舒?""。简单点(客户):""这个4楼的他妈的跟要死的一样，上去说过都说不听""。简单点(客户):""还以为他家死人了，麻痹的一家子都说不听，一大早就要让人骂，一家子贱货傻逼""。08月26日 08:30分。恒大城-32.33.34.35管家小舒(客户):""大家脱水了再晾出来哈""。08月26日 09:11分。恒大城???? 秩序部 三期监控室(客户):""“客服”给你打来电话，说你网购商品出现问题！可以给你申请退款，还给你发来陌生链接！让你注册账号填写信息，再说因“操作失误”导致账户被冻结，让你转账解冻后才能退款？南昌反诈提醒您：退换货请认准官方平台，陌生链接不要点击，不要透露个人信息。敬请各位领导同事转发反诈视频及反诈日历。[抱拳][抱拳][抱拳]""。恒大城???? 秩序部 三期监控室(客户):""[视频号消息]""。恒大城???? 秩序部 三期监控室(客户):""[图片]""。08月26日 11:31分。恒大城-32.33.34.35管家小舒(客户):""【关于四害消杀的温馨提示】。       物业服务中心将于2024年8月29日-2024年8月30日对小区公共区域进行消杀工作，请各位业主注意安全防护。[玫瑰]""。恒大城-32.33.34.35管家小舒(客户):""[文件下载失败]""。08月26日 15:54分。恒大城-管家-小舒(员工):""【南昌恒大城—周报】。?? 一周美好，与…………""。恒大城-管家-小舒(员工):""[图片]""。08月26日 16:23分。恒大城-32.33.34.35管家小舒(客户):""【44栋地库口维修封闭通知】。    各位业主，因44栋地库口需临时进行维修，将于8月27日上午09:00封闭，预计恢复时间9月2日（下周一）。维修期间进出口都受影响，请各位业主绕行至其他入口进出。维修完成后会通知大家，给您带来不便，敬请谅解[抱拳]""。恒大城-32.33.34.35管家小舒(客户):""[图片]""。08月26日 18:17分。恒大城???? 秩序部 三期监控室(客户):""重要警示：。    8月23日晚10时，江苏省宿迁市一电动自行车店起火，虽然仅半小时明火就得到控制，但仍造成6人死亡（尤为痛心的是，遇难者中4人系未成年人）。此前，2024年2月23日4时许，江苏南京市雨花台区一小区发生电动自行车火灾，造成15人死亡，44人受伤。今年4月27日，我县一小区也发生了电动自行车火灾亡人事件。在此警示，电动自行车起火，燃烧迅速并会在短时间造成大量有害气体，因灾致死率极高！因此，为了大家的生命财产安全，恳请各位业主对自己负责，也对左右邻里负责，严禁将电动自行车违规入楼、违规充电！也请各位监督，一发现有电动车上楼进单元的，请及时联系物业24小时电话:85130408，物业会第一时间上户整治，保障大家居住安全。""。08月26日 20:04分。恒大城???? 秩序部 三期监控室(客户):""? 2024.8.26日? 。【秩序维护部】 。1.夜班值班时间段：20：00—08：00。2.夜班值班队长:徐霖。3.物业24小时服务电话：0791-85957719/85130408。? 【物业小贴士】?。1、园区道路是大家的，请将爱车停至车位或车库，勿占行车主干道。。2、予人方便，予己方便，整齐有序，文明停车。。3、随身携带门禁卡，刷卡进出，提高安全防止偷盗。。4、请随手关大堂门，轻拉轻推，勿用力拉扯。。5、非机动车请勿进大堂、楼道内充电。。6、请勿让爱宠随地大小便，做文明养宠人。""。&&&","[
    {
        ""业主情感强度"": {
            ""简单点"": ""强烈负面""
        },
        ""事件讨论开始时间"": ""08月26日 07:42"",
        ""事件讨论结束时间"": ""08月26日 07:42"",
        ""事件详情"": ""一位业主对4楼邻居产生的噪音表示极度不满，称其'他妈的跟要死的一样'，并且表示上去说过但对方不听。业主情绪激动，使用了侮辱性语言表达不满。"",
        ""话题倾向"": """"
    }
]"
群聊负向,"这是要分析的对话:&&&08月26日 08:34分。恒大城–管家–丹丹(员工):""【休息知会】。各位亲爱的业主朋友:。  …………""。08月26日 09:13分。恒大城???? 秩序部 三期监控室(客户):""[视频号消息]""。恒大城???? 秩序部 三期监控室(客户):""“客服”给你打来电话，说你网购商品出现问题！可以给你申请退款，还给你发来陌生链接！让你注册账号填写信息，再说因“操作失误”导致账户被冻结，让你转账解冻后才能退款？南昌反诈提醒您：退换货请认准官方平台，陌生链接不要点击，不要透露个人信息。敬请各位领导同事转发反诈视频及反诈日历。[抱拳][抱拳][抱拳]""。恒大城???? 秩序部 三期监控室(客户):""[图片]""。08月26日 11:45分。恒大城–管家–丹丹(员工):""【关于四害消杀的温馨提示】。      …………""。恒大城–管家–丹丹(员工):""[图片]""。08月26日 18:19分。恒大城???? 秩序部 三期监控室(客户):""重要警示：。    8月23日晚10时，江苏省宿迁市一电动自行车店起火，虽然仅半小时明火就得到控制，但仍造成6人死亡（尤为痛心的是，遇难者中4人系未成年人）。此前，2024年2月23日4时许，江苏南京市雨花台区一小区发生电动自行车火灾，造成15人死亡，44人受伤。今年4月27日，我县一小区也发生了电动自行车火灾亡人事件。在此警示，电动自行车起火，燃烧迅速并会在短时间造成大量有害气体，因灾致死率极高！因此，为了大家的生命财产安全，恳请各位业主对自己负责，也对左右邻里负责，严禁将电动自行车违规入楼、违规充电！也请各位监督，一发现有电动车上楼进单元的，请及时联系物业24小时电话:85130408，物业会第一时间上户整治，保障大家居住安全。""。08月26日 18:29分。??Valar Morghulis??(客户):""「恒大城???? 秩序部 三期监控室：重要警示：。    8月23日晚10时，江苏省宿迁市一电动自行车店起火，虽然仅半小时明火就得到控制，但仍造成6人死亡（尤为痛心的是，遇难者中4人系未成年人）。此前，2024年2月23日4时许，江苏南京市雨花台区一小区发生电动自行车火灾，造成15人死亡，44人受伤。今年4月27日，我县一小区也发生了电动自行车火灾亡人事件。在此警示，电动自行车起火，燃烧迅速并会在短时间造成大量有害气体，因灾致死率极高！因此，为了大家的生命财产安全，恳请各位业主对自己负责，也对左右邻里负责，严禁将电动自行车违规入楼、违规充电！也请各位监督，一发现有电动车上楼进单元的，请及时联系物业24小时电话:85130408，物业会第一时间上户整治，保障大家居住安全。」。- - - - - - - - - - - - - - -。大天朝的悲哀""。08月26日 20:01分。恒大城???? 秩序部 三期监控室(客户):""? 2024.8.26日? 。【秩序维护部】 。1.夜班值班时间段：20：00—08：00。2.夜班值班队长:徐霖。3.物业24小时服务电话：0791-85957719/85130408。? 【物业小贴士】?。1、园区道路是大家的，请将爱车停至车位或车库，勿占行车主干道。。2、予人方便，予己方便，整齐有序，文明停车。。3、随身携带门禁卡，刷卡进出，提高安全防止偷盗。。4、请随手关大堂门，轻拉轻推，勿用力拉扯。。5、非机动车请勿进大堂、楼道内充电。。6、请勿让爱宠随地大小便，做文明养宠人。""。&&&","{""事件提取"":null,""提取结果"":false}"
群聊负向,"这是要分析的对话:&&&08月26日 09:15分。恒大城???? 秩序部 三期监控室(客户):""[视频号消息]""。恒大城???? 秩序部 三期监控室(客户):""“客服”给你打来电话，说你网购商品出现问题！可以给你申请退款，还给你发来陌生链接！让你注册账号填写信息，再说因“操作失误”导致账户被冻结，让你转账解冻后才能退款？南昌反诈提醒您：退换货请认准官方平台，陌生链接不要点击，不要透露个人信息。敬请各位领导同事转发反诈视频及反诈日历。[抱拳][抱拳][抱拳]""。恒大城???? 秩序部 三期监控室(客户):""[图片]""。08月26日 09:24分。·耿凯(客户):""@南昌恒大城-管家?停车费怎么续""。·耿凯(客户):""APP没用""。南昌恒大城-管家(员工):""好的，这边我私信您""。如初&(客户):""@·耿凯?好哥哥停车费一年交一次啊""。如初&(客户):""呜呜呜呜""。·耿凯(客户):""你不是要我的命吗""。·耿凯(客户):""信用卡刷爆了也刷不出960[旺柴]""。08月26日 09:30分。如初&(客户):""要是给交半个月，我都想半个月半个月的交了""。如初&(客户):""[表情]""。·耿凯(客户):""可以日结吗""。如初&(客户):""日结每天出去交停车费就可以了[旺柴]""。·耿凯(客户):""停在南门马路上 便宜点""。南昌恒大城-管家(员工):""哈哈哈 真相了[呲牙]""。·耿凯(客户):""这个APP怎么回事哦""。·耿凯(客户):""怎么续不了""。08月26日 09:35分。南昌恒大城-管家(员工):""是APP系统设置好了三月一交的，我这边发…………""。·耿凯(客户):""交不了 只能到8月底""。南昌恒大城-管家(员工):""恩呢，老板发过去了~""。如初&(客户):""「·耿凯：停在南门马路上 便宜点」。- - - - - - - - - - - - - - -。一个月省80一年省960""。如初&(客户):""被刮擦一下喷个漆两个面就差不多900""。如初&(客户):""[旺柴]""。08月26日 09:40分。·耿凯(客户):""不存在的 刮了就等有缘人  ""。如初&(客户):""@·耿凯?好哥哥车停哪里，我想去抽点油""。如初&(客户):""[表情]""。·耿凯(客户):""95加92 ""。·耿凯(客户):""穷则思变 油改电""。·耿凯(客户):""你的车日子过得太好了  也该让他吃点92了""。08月26日 09:46分。如初&(客户):""我这边的95便宜""。如初&(客户):""[表情]""。如初&(客户):""455抵500""。如初&(客户):""7.44的95很香哇@·耿凯?""。恒大城-32.33.34.35管家小舒(客户):""她休了半年多产假""。恒大城-32.33.34.35管家小舒(客户):""{""pre_msgid"":""13622183386715928832_1724637033354_external""}""。08月26日 09:52分。·耿凯(客户):""哪里哦""。如初&(客户):""我偷偷的发给你""。如初&(客户):""[表情]""。08月26日 11:48分。南昌恒大城-管家(员工):""【关于四害消杀的温馨提示】。      …………""。南昌恒大城-管家(员工):""[图片]""。08月26日 11:57分。Tina(客户):""麻烦问一句，咱们楼的邻居 有做车险的吗？""。南昌恒大城-管家(员工):""这是一条引用/回复消息：。""Tina：。…………""。08月26日 12:04分。如初&(客户):""车检随便检哇""。08月26日 12:23分。赵希楠(客户):""[图片]""。赵希楠(客户):""三天没人拖地了""。恒大城???? 秩序部 三期监控室(客户):""@赵希楠?这是在几楼""。赵希楠(客户):""五楼""。恒大城???? 秩序部 三期监控室(客户):""好的""。恒大城???? 秩序部 三期监控室(客户):""我通知人处理""。08月26日 15:49分。南昌恒大城-管家(员工):""【南昌恒大城—周报】。?? 一周美好，与…………""。08月26日 16:53分。南昌恒大城-管家(员工):""[图片]""。08月26日 17:06分。南昌恒大城-管家(员工):""【44栋地库口维修封闭通知】。    各…………""。南昌恒大城-管家(员工):""[图片]""。08月26日 17:33分。南昌恒大城-管家(员工):""@所有人 请问有业主车位出租吗，有意私信…………""。如初&(客户):""车位出租？""。如初&(客户):""[表情]""。如初&(客户):""[表情]""。南昌恒大城-管家(员工):""嗯嗯，有业主新能源车想装个充电桩来着""。08月26日 18:14分。恒大城???? 秩序部 三期监控室(客户):""重要警示：。    8月23日晚10时，江苏省宿迁市一电动自行车店起火，虽然仅半小时明火就得到控制，但仍造成6人死亡（尤为痛心的是，遇难者中4人系未成年人）。此前，2024年2月23日4时许，江苏南京市雨花台区一小区发生电动自行车火灾，造成15人死亡，44人受伤。今年4月27日，我县一小区也发生了电动自行车火灾亡人事件。在此警示，电动自行车起火，燃烧迅速并会在短时间造成大量有害气体，因灾致死率极高！因此，为了大家的生命财产安全，恳请各位业主对自己负责，也对左右邻里负责，严禁将电动自行车违规入楼、违规充电！也请各位监督，一发现有电动车上楼进单元的，请及时联系物业24小时电话:85130408，物业会第一时间上户整治，保障大家居住安全。""。08月26日 19:05分。煊煊麻麻(客户):""怎么还没开灯小区""。煊煊麻麻(客户):""[文件下载失败]""。煊煊麻麻(客户):""乌漆嘛黑[捂脸][捂脸]""。恒大城???? 秩序部 三期监控室(客户):""@煊煊麻麻?到了时间会自动开的，请放心""。恒大城???? 秩序部 三期监控室(客户):""快了""。煊煊麻麻(客户):""现在天黑得早了""。南昌恒大城-管家(员工):""路灯时间是19.15哈，现在天黑得早了，…………""。煊煊麻麻(客户):""??""。南昌恒大城-管家(员工):""[愉快][愉快]""。08月26日 20:00分。恒大城???? 秩序部 三期监控室(客户):""? 2024.8.26日? 。【秩序维护部】 。1.夜班值班时间段：20：00—08：00。2.夜班值班队长:徐霖。3.物业24小时服务电话：0791-85957719/85130408。? 【物业小贴士】?。1、园区道路是大家的，请将爱车停至车位或车库，勿占行车主干道。。2、予人方便，予己方便，整齐有序，文明停车。。3、随身携带门禁卡，刷卡进出，提高安全防止偷盗。。4、请随手关大堂门，轻拉轻推，勿用力拉扯。。5、非机动车请勿进大堂、楼道内充电。。6、请勿让爱宠随地大小便，做文明养宠人。""。&&&","[
    {
        ""业主情感强度"": {
            ""如初&"": ""一般负面"",
            ""耿凯"": ""一般负面""
        },
        ""事件讨论开始时间"": ""08月26日 09:24分"",
        ""事件讨论结束时间"": ""08月26日 09:52分"",
        ""事件详情"": ""耿凯和如初&对停车费续费方式和高额费用表示不满，耿凯表示APP无法正常使用进行续费，如初&则对停车费的计算方式表示不满。"",
        ""话题倾向"": """"
    },
{
        ""业主情感强度"": {
            ""赵希楠"": ""一般负面""
        },
        ""事件讨论开始时间"": ""08月26日 12:23分"",
        ""事件讨论结束时间"": ""08月26日 12:23分"",
        ""事件详情"": ""赵希楠投诉其所在楼栋的五楼连续三天没有人拖地，对物业的清洁工作表示不满。"",
        ""话题倾向"": """"
    },
    {
        ""业主情感强度"": {
            ""煊煊麻麻"": ""一般负面""
        },
        ""事件讨论开始时间"": ""08月26日 19:05分"",
        ""事件讨论结束时间"": ""08月26日 19:05分"",
        ""事件详情"": ""煊煊麻麻对天黑后小区路灯未按时开启表示不满。"",
        ""话题倾向"": """"
    }
]"
群聊负向,"这是要分析的对话:&&&08月26日 07:58分。天道酬勤(客户):"" 尊敬的各位业主：早上好  。8月26日执勤安排如下：。一、值班队长：张小书18302656806。二、24小时值班电：0851-83873003。辖区派出所电话：0851-83851334。三、带班时间：08:00-20:00。四、我们将12小时坚守岗位，如有需要请致电，我们将竭诚为您服务。外出请关好门窗、水电及燃气、出入小区带好业主卡、做好个人防护。。五、检查道路通行情况正常。。贵阳恒大文化旅游城物业服务中心祝您：生活愉快[烟花]""。08月26日 09:20分。。(客户):""[视频号消息]""。。(客户):""【提示】买卖游戏账号、游戏装备等一定要在官方平台进行，不要点击陌生链接，以交保证金、提现失败、账号冻结等理由要求继续充值的都是诈骗！""。08月26日 10:57分。天道酬勤(客户):""#金碧物业·秩序(保安)服务篇。??用心打磨每一个细节，用真诚赢得您的信赖??。??优美的环境，优良的秩序，优质的服务，都藏在细节里??。?从平凡处发现不平凡，感受我们的用心??。??绝不辜负您的信赖，全心全意为您服务??。         ??金碧物业  我们与您同在。               ——贵阳恒大文化旅游城物业服务中心""。天道酬勤(客户):""[图片]""。08月26日 12:03分。Still Moving Under Gunfire(客户):""[视频]""。Still Moving Under Gunfire(客户):""上行这边电梯还是弄下咯，这个声音""。Still Moving Under Gunfire(客户):""{""pre_msgid"":""15425800160363912072_1724645048436_external""}""。Still Moving Under Gunfire(客户):""上行这边电梯还是弄下咯，这个声音肯定有问题""。Still Moving Under Gunfire(客户):""左边的胶带直接不动，右边的动""。08月26日 12:11分。文旅城三组团管家王南燕(员工):""好的，哥，我给电梯公司反馈一下""。08月26日 15:54分。某某(客户):""2202里面有只猫一直叫，不知道里面住人了嘛""。文旅城三组团管家王南燕(员工):""我问一下业主，谢谢小姐姐""。08月26日 18:12分。古松(员工):""关于小区园林绿化养护的温馨提示??。尊敬…………""。08月26日 21:05分。飞虎(客户):""[强][强][强][微笑][玫瑰]""。。(客户):""通知：。8月25日是全国第八个残疾预防日，筑安社区居委会于明天8月27日（本周二）上午在辖区内开展“预防疾病致残  共享健康生活”宣传服务活动，希望学校有社会实践活动要求的学生积极参与，请有意参加志愿服务活动的人员于8月27日早上9:30到8组团筑安社区居委会集中开展活动。""。@????川川??(客户):""今日秩序巡查园区，通报情况如下：。1、巡查地库，发现未关闭单元门禁，已全部进行了关闭处理；。2、园区运行一切正常，无可疑人员逗留；。4、各位业主如遇紧急情况可拨打值班人员电话：。秩序部:舒川13668509505。维修部:何彬18984855091。辖区派出所电话085183851334。[抱拳]秩序小哥在此呼吁大家：?区的安全、和谐离不开我们共同的努?，请各位小主进出随手关闭单元门，做好安全防范。如遇问题或需帮助欢迎致电。""。@????川川??(客户):""[图片]""。08月27日 01:44分。无星无风(客户):""[图片]""。无星无风(客户):""有一只狗狗走丢了，在9栋17-18楼梯这""。@????川川??(客户):""好的  我通知值班人员过去看看""。&&&","[
    {
        ""业主情感强度"": {
            ""Still Moving Under Gunfire"": ""一般负面""
        },
        ""事件讨论开始时间"": ""08月26日 12:03分"",
        ""事件讨论结束时间"": ""08月26日 12:11分"",
        ""事件详情"": ""业主'Still Moving Under Gunfire'在8月26日 12:03分反映电梯存在异常声音，且上行时左边胶带不动，右边动，表示电梯可能存在问题。"",
        ""话题倾向"": """"
    },
]"
群聊负向,"这是要分析的对话:&&&08月26日 07:58分。济南绿洲40-41号楼管家大雪(员工):""????金碧物业晨跑开跑啦！！！大朋友、…………""。济南绿洲40-41号楼管家大雪(员工):""[图片]""。济南绿洲40-41号楼管家大雪(员工):""[图片]""。济南绿洲40-41号楼管家大雪(员工):""[图片]""。济南绿洲40-41号楼管家大雪(员工):""[文件超过最大限制]""。08月26日 08:04分。A00(客户):""尊敬的业主，您好：。       为更好、更快的解决业主问题，现将各值班人员、联系电话及值班时间公示在群内，各位业主可直接电话联系或在群内@秩序110。1、日常家用维修工具(螺丝刀、活动扳手、小锤等);。2、小型购物车、平板车、人字梯、打气筒，应急医用品等。。为您爱家保驾护航，如果您有家政保洁、直饮水卡办理、白蚁消杀、有偿维修、房屋租赁的业务需求，随时与我们联系，为您提供专业的服务。。【秩序维护部】。[爱心]1.值班时间段：。????08:00－20:00????。[爱心]2.值班中队长-赵队电话：0531-83131013。[爱心]3.物业服务电话：0531-55615896、55615596。??4.监控室值班24小时电话：0531-55612606。3、【物业-安保服务“小蜜蜂”】。[抱拳]如您家中有需要帮助的请联系我们?。[爱心]24小时为各位家人守候。[合十]贴心服务、真诚相伴。如需便民服务车，请直接联系；。①55612606。②55612808。有事您说话，我们会在第一时间安排人员帮你处理[玫瑰][玫瑰]""。A00(客户):""[图片]""。08月26日 08:58分。济南绿洲40-41号楼管家大雪(员工):""[玫瑰][玫瑰]早安  绿洲[玫瑰][玫…………""。济南绿洲40-41号楼管家大雪(员工):""[链接]""。08月26日 09:43分。恒大四社区@蒋(客户):""8.13元，接到[爆竹]“银监会”[爆竹]电话被骗。。3.63万元，大学生??兼职??被骗。。3.5万元，初中生被骗。。3.46万元，妇女?兼职刷单?被骗。。2.31万元，男青年[色]约炮[色]被骗。。。男青年[色][色]约炮[色][色]，妇女??兼职刷单??、????被“异性网友”诱导投资????诈骗高发！。转发提醒好家里的[拥抱]年轻人、妇女[拥抱]！。。【8月25日电诈警情通报】（近三天典型案例）。【平安街道、开发区派出所】。1、乙武村居民（开发区报警），【接到“银监会”电话】被骗8.13万元。。??手段：接到电话，对方自称?【“银监会”工作人员】??，要帮其“降低网贷利率”，还让其??登陆假的银监会网站??。。        过程中，?开启“屏幕共享”?，指导其将钱转走。。。【大学城、大学路派出所】。2、山东师范大学思想政治教育专业大四学生，【兼职】被骗3.63万元。。??手段：网上看到信息，兼职（“垫资”代充话费）。对方称选择[爆竹][爆竹]“企业代付”[爆竹][爆竹]，??钱就不会被转走，但操作后，钱还是被转走??。。       对方称其操作失误，??为退款，按对方要求，继续转账??。。。【马山镇、马山派出所】。3、周庙村初中生，【找人“解封微信”】被骗3.5万元。。??手段：快手找人解封微信，对方让其?提供了家长微信、银行卡的【验证码】?，钱被转走。。。【文昌街道、新城派出所】。4、建发天玺妇女，网上兼职【垫资做任务、刷销量、刷关注、刷点赞】被骗3.46万元。。??手段：??被陌生人拉进群??，推荐足不出户做兼职，[裂开]抖音刷关注[裂开]挣到佣金，后被引诱??“垫资”刷购“抖币”??。。        前期挣到小额返利，后被以【系统设置，需要[苦涩]连续刷任务才能退还垫付金、佣金[苦涩]】，【??操作失误，需要刷补救单??】为由要求转账。。。【崮云湖街道、大学路派出所】。5、河南籍务工男青年（租住乐天），【刷单做任务以?? 免费约炮?? 】被骗2.31万元。。??手段：??网上看到信息??，下载APP，为[吐]解锁约炮资格[吐]，??“约炮”客服引诱其“垫资”刷“会员费”??，前期挣到小额返利。。        后被以【系统设置，需要[裂开]连续刷任务[裂开]才能退还垫付金、佣金】、【??操作失误??（后台都能做手脚），刷补救单】为由要求多次转账。""。08月26日 11:07分。??  ??  ??  ??RS7(客户):""[图片]""。??  ??  ??  ??RS7(客户):""怎么又有人扔垃圾了""。济南绿洲40-41号楼管家大雪(员工):""@??  ??  ??  ??RS7哥，…………""。08月26日 11:24分。济南绿洲40-41号楼管家大雪(员工):""????金碧物业晨跑开跑啦！！！打卡第一…………""。济南绿洲40-41号楼管家大雪(员工):""[文件超过最大限制]""。李强(客户):""【公区维修8月19日-8月25日工作汇报】。●公区及地下车库排污泵检修7处。●公区及地下车库照明更换6处。●公区直饮水机滤芯更换4处。●公区大堂顶子破损粉刷5处。●公区墙砖破损更换3处。●公区消防故障处理47处。●公区充电桩头安装21处。●园区排污管道疏通8处。●园区路面维修3处。●电梯维保125部。●设备房维护保养。●设备房巡查。工程维修，为您的生活保驾护航。如需帮助请拨打。24小时物业热线:。0531-55615896。济南恒大绿洲物业服务中心""。李强(客户):""[图片]""。08月26日 15:26分。吃薯片(客户):""    【社区儿童跳绳比赛通知】。亲爱的居民们：。为了丰富我们社区儿童的课余生活，增强孩子们的体质，培养团队合作精神与竞争意识，我们社区将于周四（8月29日）下午2:30，在恒大第四社区（37号楼）举办一场别开生面的“快乐童年，绳彩飞扬”儿童跳绳比赛。现面向全体社区儿童发出诚挚邀请，快来加入我们，一起跳动健康，跳出欢乐吧！。?? 比赛时间：8月29日（周四）下午2:30。?? 比赛地点：恒大绿洲37号党群服务中心。?? 参与对象：社区内所有5-12岁的儿童（欢迎家长陪同观看）。?? 比赛项目：。单人速度跳（计时赛）。花样跳绳展示（创意加分）。?? 报名方式：请家长或监护人于本周四前，填报跳绳报名表或通过电话/微信（87219936/13156193896）进行报名。报名时请提供孩子的姓名、年龄及联系方式。。?? 准备事项：。自备跳绳：每位参赛小朋友需自备一根跳绳，确保比赛顺利进行。。着装舒适：请穿着适合运动的服装和鞋子，以最佳状态迎接比赛。。安全第一：比赛过程中请遵守规则，注意安全，友谊第一，比赛第二。。?? 奖项设置：我们将为各项目组别的优胜者颁发精美奖品，更有参与奖等待每一位勇敢参与的小朋友！。让我们在这个充满活力的季节里，以绳为媒，共赴一场健康与快乐的盛宴。期待每一位小朋友的精彩表现，不见不散！。                        。     ??恒大绿洲第四社区居委会""。吃薯片(客户):""[链接]""。08月26日 18:41分。A大漠(客户):""??物业秩序“小蜜蜂” ??。[庆祝]“小蜜蜂”来了！来了！[庆祝]。[太阳]有事，您说话[太阳]。[庆祝]车辆电瓶亏电启动不了！。[庆祝]家里有沉物品搬不动了！。[庆祝]买了好多东西拿不了！。联系电话：0531-55612606。秩序小“蜜蜂”竭诚为您服务！[耶][耶][耶]。[庆祝]我们的口号：。[庆祝]真心帮助每一位[庆祝]。[庆祝]热心服务每一人[庆祝]。[庆祝]赠人玫瑰[玫瑰]，手有余香[庆祝]""。A大漠(客户):""[图片]""。08月26日 20:04分。你的月亮我的心(客户):""尊敬的业主，您好：。       为更好、更快的解决业主问题，现将各值班人员、联系电话及值班时间公示在群内，各位业主可直接电话联系或在群内@秩序110。1、日常家用维修工具(螺丝刀、活动扳手、小锤等);。2、小型购物车、平板车、人字梯、打气筒，应急医用品等。。为您爱家保驾护航，如果您有家政保洁、直饮水卡办理、白蚁消杀、有偿维修、房屋租赁的业务需求，随时与我们联系，为您提供专业的服务。。【秩序维护部】。[爱心]1.值班时间段：。????20:00－08:00????。[爱心]2.值班中队长-赵队电话：0531-55615881。[爱心]3.物业服务电话：0531-55615896、55615596。??4.监控室值班24小时电话：0531-55612606。3、【物业-安保服务“小蜜蜂”】。[抱拳]如您家中有需要帮助的请联系我们?。[爱心]24小时为各位家人守候。[合十]贴心服务、真诚相伴。如需便民服务车，请直接联系；。①55612606。②55612808。有事您说话，我们会在第一时间安排人员帮你处理[玫瑰][玫瑰]""。你的月亮我的心(客户):""[图片]""。08月26日 23:52分。你的月亮我的心(客户):""尊敬的业主大家好！我是夜间执勤赵队长，金碧物业安保服务8月26号巡查，时刻守护业主们的安全，请安心入睡，如有紧急情况请拨打0531-55612606""。你的月亮我的心(客户):""[图片]""。08月27日 01:17分。佳艾源长清店~侯玉霞(客户):""[视频]""。佳艾源长清店~侯玉霞(客户):""{""pre_msgid"":""10682759126464725127_1724692662213_external""}""。佳艾源长清店~侯玉霞(客户):""[视频]""。佳艾源长清店~侯玉霞(客户):""@秩序110?你好楼上不知道有没有人一直在铛铛响从10点多开始，请帮忙看一下，没法睡觉了""。08月27日 01:22分。你的月亮我的心(客户):""收到，马上安排人排查""。佳艾源长清店~侯玉霞(客户):""好的谢谢""。08月27日 02:58分。你的月亮我的心(客户):""[图片]""。你的月亮我的心(客户):""尊敬的业主大家好！我是夜间执勤赵队长，金碧物业安保服务8月26号巡查，时刻守护业主们的安全，请安心入睡，如有紧急情况请拨打0531-55612606""。你的月亮我的心(客户):""{""pre_msgid"":""7808806050253600779_1724698736182_external""}""。你的月亮我的心(客户):""尊敬的业主大家好！我是夜间执勤赵队长，金碧物业安保服务8月27号巡查，时刻守护业主们的安全，请安心入睡，如有紧急情况请拨打0531-55612606""。&&&","[{
        ""业主情感强度"": {
            ""??  ??  ??  ??RS7(客户)"": ""一般负面""
        },
        ""事件讨论开始时间"": ""08月26日 11:07分"",
        ""事件讨论结束时间"": ""08月26日 11:07分"",
        ""事件详情"": ""业主  ??  ??  ??RS7反映有垃圾需要物业清理"",
        ""话题倾向"": ""负向""
    }
    {
        ""业主情感强度"": {
            ""佳艾源长清店~侯玉霞"": ""一般负面""
        },
        ""事件讨论开始时间"": ""08月27日 01:17分"",
        ""事件讨论结束时间"": ""08月27日 01:22分"",
        ""事件详情"": ""业主@佳艾源长清店~侯玉霞在夜间01:17分反映，从晚上10点多开始楼上持续有铛铛的响声，导致无法睡觉，请求物业秩序110帮忙查看处理。"",
        ""话题倾向"": ""负向""
    }
]"
群聊负向,"这是要分析的对话:&&&08月26日 06:06分。心情尚好15367485711(客户):""??长沙恒大雅苑。?2024年8??26日  星期一。?天气: 晴  气温：28－37℃。1、1、广西一景区“飞天魔毯”项目故障致1死60伤 景区提出“买断”赔偿方案；。2、浙江绍兴一医院眼科套取医保资金2000万，手术医生庭审坚称无罪引争议；。3、郑州：相关企业限期撤除全市小区电梯里的“上门按摩”广告；。4、今年三伏，全国平均气温达到23.24℃，为史上最热；。5、日本核污染水排海一年，8轮累计排放将达62500吨；微信搜：每日微语报。6、超80城支持国企等收购存量房：36城已启动征集，“去库存效果最直接”；。7、合肥女子李梅在长沙坐拥87套房，因涉罪被查封，正式被法院挂网待拍卖；。8、安徽发文鼓励探索垂钓实名制，官方回应：还未启动落实；。9、周鸿祎再回应“手表不当回答”：已惩罚产品经理接一个月客服电话；。10、三文鱼刺身隔夜返包销售 胖东来：奖励投诉者10万，补偿购买者1000元；。11、黎真主党宣布第一阶段对以袭击取得成功 发射320余枚火箭弹；。12、世卫组织表示，猴痘疫情存在扩散风险，各国防控措施有待加强；。13、防止播音员“讲真话”，日本广播协会开始预录中文新闻；。14、17名中国公民命丧韩国电池厂 火灾调查：因培训不足错失37秒逃生窗口；。15、美国顶尖纳米科学家打算来华工作，曾因与中国高校合作而被美政府判刑；""。心情尚好15367485711(客户):""???♂【防溺水??安全温馨提示】。??亲爱的业主家人们：大家好??。?天气渐热，为了孩子们??的安全，请提高安全防范意识?，时刻监督和管理??好孩子，加强对孩子的防溺水??安全教育，禁止??孩子私自到小溪、水库、江边玩水、捕鱼、捉虾、游泳等。 。??安全无小事 时刻要警惕??。请家长??加强对孩子防溺水的监管力度，提高孩子??防溺水的自觉性?。同时物业工作人员??也会加大对园区的巡逻。为孩子的生命安全构筑坚实的防线??。??如需帮助请拨24小时服务热线。二期?:0731-85066275。一期?:0731-85520610。#长沙恒大雅苑物业服务中心""。心情尚好15367485711(客户):""[图片]""。08月26日 07:30分。月亮子(客户):""地下室电梯是不是坏了，不上来""。月亮子(客户):""{""pre_msgid"":""1269593467205335678_1724628637326_external""}""。08月26日 09:06分。彪(客户):""【?? 秩序服务?巡逻篇】。我们是白班园区秩序的守护者??。每天园区全覆盖巡视??。希望用我们的行动??。为您营造舒适的居家环境??。如需帮助请拨打24小时服务热线。?:0731一82231519。值班中队长。?:17700582090（二期）。??我们竭诚为您服务??""。彪(客户):""[视频]""。08月26日 11:21分。子鱼(客户):""【??遛狗不随便，随手清狗便??】。     。      ??最近存在严重的不文明养犬的现象，绿化带、草坪的狗便??比比皆是，给其他美邻的生活带来了很大的困扰。。      宠物是人类的朋友，为生活增添不少乐趣??，享受权利的同时还请履行义务哦[抱拳]，为了给小区营造一个整洁和谐的环境??，物业中心倡议各位饲养宠物的业主，请您随身携带废纸或垃圾袋，以便随时清理“排泄物”。    ??优美的居住环境需要大家的共同创造和维护，请从文明养狗开始。??""。子鱼(客户):""[文件超过最大限制]""。08月26日 11:40分。长沙恒大雅苑管家张婷婷(员工):""【??物业工作周报】  。尊敬的业主/住…………""。长沙恒大雅苑管家张婷婷(员工):""[图片]""。08月26日 12:24分。娜娜(客户):""门面招租。各位邻居，打扰了，恒大雅苑55栋106门面招合租。联系电话：13973146189（微信同号）[抱拳][玫瑰]""。08月26日 19:14分。彪(客户):""【?? 秩序服务?巡逻篇】。我们是白班园区秩序的守护者??。每天园区全覆盖巡视??。希望用我们的行动??。为您营造舒适的居家环境??。如需帮助请拨打24小时服务热线。?:0731一82231519。值班中队长。?:17700582090（二期）。??我们竭诚为您服务??""。彪(客户):""[视频]""。长沙恒大雅苑管家张婷婷(员工):""[图片]""。长沙恒大雅苑管家张婷婷(员工):""关于小区内防范蛇类动物的温馨提示。各位业…………""。08月26日 19:53分。小牛牛(客户):""8月26日园林工作日常""。小牛牛(客户):""[文件下载失败]""。08月26日 20:02分。Vampiae(客户):""业主您好??。我是夜班秩序班长（周游：17700582090），也是你的夜间安全守护者??，也许您从来没有见过我，因为我值守在您熟睡的每个晚上。夜间??我们会跟踪可疑人员、巡查车库、巡查园区、巡查楼层。。??清晨06:00我们还会查看每个电梯，确保您上班时电梯正常运行。。??如需帮助请及时拨打24小时服务电话85066275，我会出现在你需要的每个时刻???♂????♂????♂?。祝?您好梦！一醒来又是美美哒的一天哦??????""。08月26日 20:14分。珠珠(客户):""[图片]""。珠珠(客户):""电梯又坏了""。Vampiae(客户):""@珠珠业主?您好。请问是34 还是35 马上通知师傅来处理""。刘灿(客户):""收到""。张大厨的柠檬(客户):""34栋负一楼的电梯""。08月26日 20:35分。凶猛小老虎(客户):""[图片]""。凶猛小老虎(客户):""34栋2楼门轮破损，现在更换哦，请业主稍等，马上处理完""。08月26日 20:49分。凶猛小老虎(客户):""已经更换""。Vampiae(客户):""【?? 秩序服务?巡逻篇】。我们是晚班园区秩序的守护者??。每天园区全覆盖巡视??。希望用我们的行动??。为您营造舒适的居家环境??。如需帮助请拨打24小时服务热线。?:0731一82231519。值班中队长： 周游。?:17700582090（二期）。??我们竭诚为您服务??""。Vampiae(客户):""[视频]""。凶猛小老虎(客户):""[图片]""。08月26日 20:54分。Vampiae(客户):""「凶猛小老虎：[图片]」。- - - - - - - - - - - - - - -。@珠珠?@张大厨的柠檬?34栋2楼门轮破损，现已更换哦，感谢反馈祝您们生活愉快""。08月26日 21:03分。张大厨的柠檬(客户):""辛苦了""。08月27日 00:08分。dafei47(客户):""@中队长周游?34栋11楼好吵""。dafei47(客户):""过来好下""。Vampiae(客户):""@dafei47?收到 马上来""。dafei47(客户):""好滴，谢谢""。08月27日 00:18分。Vampiae(客户):""@dafei47?没有发现异常""。Vampiae(客户):""[文件下载失败]""。dafei47(客户):""楼上楼下听听""。dafei47(客户):""卧室""。Vampiae(客户):""好。现在还在排查""。dafei47(客户):""辛苦了，刚刚好吵""。Vampiae(客户):""现在还有声音吗@dafei47?""。dafei47(客户):""没了""。Vampiae(客户):""如果还有方便进去听听吗""。Vampiae(客户):""好的。有异常随时联系我""。dafei47(客户):""谢谢哈，辛苦啦""。Vampiae(客户):""客气了。应该的。祝您好梦""。08月27日 03:49分。yh(客户):""【?? 秩序服务?巡逻篇】。我们是晚班园区秩序的守护者??。每天园区全覆盖巡视??。希望用我们的行动??。为您营造舒适的居家环境??。如需帮助请拨打24小时服务热线。?:0731一82231519。值班中队长。?:17700582090（二期）。??我们竭诚为您服务??""。yh(客户):""[图片]""。&&&","[
{
        ""业主情感强度"": {
            ""珠珠"": ""一般负面""
        },
        ""事件讨论开始时间"": ""08月26日 20:14"",
        ""事件讨论结束时间"": ""08月26日 20:14"",
        ""事件详情"": ""业主珠珠对34栋电梯再次损坏表示不满。"",
        ""话题倾向"": ""负向""
    }
    {
        ""业主情感强度"": {
            ""dafei47"": ""一般负面""
        },
        ""事件讨论开始时间"": ""08月27日 00:08"",
        ""事件讨论结束时间"": ""08月27日 00:18"",
        ""事件详情"": ""业主dafei47于08月27日 00:08分反映34栋11楼噪音问题，表示很吵，并请求物业中队长周游前往查看。周游前往排查后，dafei47表示噪音消失。"",
        ""话题倾向"": ""负向""
    }
]"
群聊负向,"这是要分析的对话:&&&08月26日 09:16分。恒大城???? 秩序部 三期监控室(客户):""[视频号消息]""。恒大城???? 秩序部 三期监控室(客户):""“客服”给你打来电话，说你网购商品出现问题！可以给你申请退款，还给你发来陌生链接！让你注册账号填写信息，再说因“操作失误”导致账户被冻结，让你转账解冻后才能退款？南昌反诈提醒您：退换货请认准官方平台，陌生链接不要点击，不要透露个人信息。敬请各位领导同事转发反诈视频及反诈日历。[抱拳][抱拳][抱拳]""。恒大城???? 秩序部 三期监控室(客户):""[图片]""。08月26日 18:19分。恒大城???? 秩序部 三期监控室(客户):""重要警示：。    8月23日晚10时，江苏省宿迁市一电动自行车店起火，虽然仅半小时明火就得到控制，但仍造成6人死亡（尤为痛心的是，遇难者中4人系未成年人）。此前，2024年2月23日4时许，江苏南京市雨花台区一小区发生电动自行车火灾，造成15人死亡，44人受伤。今年4月27日，我县一小区也发生了电动自行车火灾亡人事件。在此警示，电动自行车起火，燃烧迅速并会在短时间造成大量有害气体，因灾致死率极高！因此，为了大家的生命财产安全，恳请各位业主对自己负责，也对左右邻里负责，严禁将电动自行车违规入楼、违规充电！也请各位监督，一发现有电动车上楼进单元的，请及时联系物业24小时电话:85130408，物业会第一时间上户整治，保障大家居住安全。""。08月26日 18:43分。千里快哉风(客户):""@曾细苍?你好，你是燃气公司的吧，帮我查下我家表号50856981，最后一次抄表时间和表数发给我吧，谢谢！""。08月26日 20:01分。恒大城???? 秩序部 三期监控室(客户):""? 2024.8.26日? 。【秩序维护部】 。1.夜班值班时间段：20：00—08：00。2.夜班值班队长:徐霖。3.物业24小时服务电话：0791-85957719/85130408。? 【物业小贴士】?。1、园区道路是大家的，请将爱车停至车位或车库，勿占行车主干道。。2、予人方便，予己方便，整齐有序，文明停车。。3、随身携带门禁卡，刷卡进出，提高安全防止偷盗。。4、请随手关大堂门，轻拉轻推，勿用力拉扯。。5、非机动车请勿进大堂、楼道内充电。。6、请勿让爱宠随地大小便，做文明养宠人。""。08月26日 20:23分。?(客户):""[图片]""。?(客户):""麻烦车主挪一下车位！""。?(客户):""请不要占领别人的车位[抱拳]""。?(客户):""@恒大城???? 秩序部 三期监控室?""。?(客户):""麻烦通知一下，已经在地下室等了很久了，电话也没有""。恒大城???? 秩序部 三期监控室(客户):""没有查到电话，""。?(客户):""赣AZ91H5""。?(客户):""那联系不上我就不用停车吗""。?(客户):""那我买车位的意义在哪里""。?(客户):""在于每天叫人挪车位吗""。?(客户):""我这不是自找麻烦吗""。恒大城???? 秩序部 三期监控室(客户):""在小区门口，马上过去挪""。?(客户):""行""。Tu(客户):""问题是还占用两个车位[捂脸]""。08月26日 20:28分。?(客户):""是啊，你说好好停我不说什么""。?(客户):""@恒大城???? 秩序部 三期监控室?可以直接给我电话吗""。?(客户):""已经等了好久了""。邹(客户):""在电梯里了，实在不好意思""。邹(客户):""@??""。?(客户):""好的，因为车上有小孩子""。08月26日 20:33分。?(客户):""不方便停太久在车上""。邹(客户):""实在不好意思，因为有事车子停的比较急，以后不会停在您的车位上[抱拳]实在是抱歉""。?(客户):""好的，没事能理解[抱拳]""。邹(客户):""[握手]谢谢""。08月26日 20:42分。恒大城-管家小傅(员工):""【管家休息】尊敬的各位业主，明天2024…………""。恒大城-管家小傅(员工):""[图片]""。&&&","[
    {
        ""业主情感强度"": {
            ""Tu"": ""无明显情绪"",
            ""?"": ""强烈负面"",
            ""邹"": ""无明显情绪""
        },
        ""事件讨论开始时间"": ""08月26日 20:23分"",
        ""事件讨论结束时间"": ""08月26日 20:33分"",
        ""事件详情"": ""业主?发现自己的车位被其他车辆占用，且该车辆还占用了另外一个车位。业主表达了对每天需要叫人挪车位的强烈不满，并对物业未能及时解决问题表示了不满。随后，占用车位的邹业主表示了歉意，并承诺以后不会再占用他人车位。"",
        ""话题倾向"": """"
    }
]"
群聊负向,"这是要分析的对话:&&&08月26日 08:58分。齐琦(客户):""管一下门口停的面包车""。齐琦(客户):""早上上班过都过不去""。石娇(员工):""?????????家人们，早上好~。今天…………""。石娇(员工):""这是一条引用/回复消息：。""齐琦。管一下…………""。石娇(员工):""{""pre_msgid"":""462807…………""。石娇(员工):""?????????家人们，早上好~。今天…………""。08月26日 20:37分。??一切??? 随缘????(客户):""各位业主：晚上好！[玫瑰]。8月 26日秩序部夜间执勤安排：。一、值班:罗中林。电话:17584997003。二、24小时值班电：0851-83862661。辖区派出所电话：0851-83851334。值班维修师傅：。杨丙云:13984310672带班时间：20:00-08:00。四、我们将12小时坚守岗位，如有需要请致电，我们将竭诚为您服务。夜间休息请关好门窗，做好安全防范，出入小区带好业主卡。。贵阳恒大文化旅游城物业服务中心祝您：。               生活愉快！""。??一切??? 随缘????(客户):""[视频]""。08月26日 23:10分。筑安(客户):""[视频号消息]""。筑安(客户):""【提示】买卖游戏账号、游戏装备等一定要在官方平台进行，不要点击陌生链接，以交保证金、提现失败、账号冻结等理由要求继续充值的都是诈骗！""。筑安(客户):""通知：。8月25日是全国第八个残疾预防日，筑安社区居委会于明天8月27日（本周二）上午在辖区内开展“预防疾病致残  共享健康生活”宣传服务活动，希望学校有社会实践活动要求的学生积极参与，请有意参加志愿服务活动的人员于8月27日早上9:30到8组团筑安社区居委会集中开展活动。""。&&&","[
    {
        ""业主情感强度"": {
            ""齐琦"": ""一般负面""
        },
        ""事件讨论开始时间"": ""08月26日 08:58"",
        ""事件讨论结束时间"": ""08月26日 08:58"",
        ""事件详情"": ""齐琦(客户)在08月26日 08:58分反馈，门口停放的面包车影响了其上班通行，表达了不满情绪。"",
        ""话题倾向"": """"
    }
]"
群聊负向,"这是要分析的对话:&&&08月26日 09:16分。恒大城???? 秩序部 三期监控室(客户):""[视频号消息]""。恒大城???? 秩序部 三期监控室(客户):""“客服”给你打来电话，说你网购商品出现问题！可以给你申请退款，还给你发来陌生链接！让你注册账号填写信息，再说因“操作失误”导致账户被冻结，让你转账解冻后才能退款？南昌反诈提醒您：退换货请认准官方平台，陌生链接不要点击，不要透露个人信息。敬请各位领导同事转发反诈视频及反诈日历。[抱拳][抱拳][抱拳]""。恒大城???? 秩序部 三期监控室(客户):""[图片]""。08月26日 18:19分。恒大城???? 秩序部 三期监控室(客户):""重要警示：。    8月23日晚10时，江苏省宿迁市一电动自行车店起火，虽然仅半小时明火就得到控制，但仍造成6人死亡（尤为痛心的是，遇难者中4人系未成年人）。此前，2024年2月23日4时许，江苏南京市雨花台区一小区发生电动自行车火灾，造成15人死亡，44人受伤。今年4月27日，我县一小区也发生了电动自行车火灾亡人事件。在此警示，电动自行车起火，燃烧迅速并会在短时间造成大量有害气体，因灾致死率极高！因此，为了大家的生命财产安全，恳请各位业主对自己负责，也对左右邻里负责，严禁将电动自行车违规入楼、违规充电！也请各位监督，一发现有电动车上楼进单元的，请及时联系物业24小时电话:85130408，物业会第一时间上户整治，保障大家居住安全。""。08月26日 20:02分。恒大城???? 秩序部 三期监控室(客户):""? 2024.8.26日? 。【秩序维护部】 。1.夜班值班时间段：20：00—08：00。2.夜班值班队长:徐霖。3.物业24小时服务电话：0791-85957719/85130408。? 【物业小贴士】?。1、园区道路是大家的，请将爱车停至车位或车库，勿占行车主干道。。2、予人方便，予己方便，整齐有序，文明停车。。3、随身携带门禁卡，刷卡进出，提高安全防止偷盗。。4、请随手关大堂门，轻拉轻推，勿用力拉扯。。5、非机动车请勿进大堂、楼道内充电。。6、请勿让爱宠随地大小便，做文明养宠人。""。08月26日 22:23分。AA江西悦凡广告邓九云(客户):""[文件超过最大限制]""。AA江西悦凡广告邓九云(客户):""@恒大城???? 秩序部 三期监控室?9楼的这个应急灯故障""。AA江西悦凡广告邓九云(客户):""一直在响""。恒大城???? 秩序部 三期监控室(客户):""收到，我通知师傅看看""。&&&","{""事件提取"":null,""提取结果"":false}"
群聊负向,"这是要分析的对话:&&&08月26日 07:37分。济南绿洲5-6号楼管家白露(员工):""????金碧物业晨跑开跑啦！！！大朋友、…………""。济南绿洲5-6号楼管家白露(员工):""[图片]""。济南绿洲5-6号楼管家白露(员工):""[图片]""。08月26日 08:06分。A00(客户):""尊敬的业主，您好：。       为更好、更快的解决业主问题，现将各值班人员、联系电话及值班时间公示在群内，各位业主可直接电话联系或在群内@秩序110。1、日常家用维修工具(螺丝刀、活动扳手、小锤等);。2、小型购物车、平板车、人字梯、打气筒，应急医用品等。。为您爱家保驾护航，如果您有家政保洁、直饮水卡办理、白蚁消杀、有偿维修、房屋租赁的业务需求，随时与我们联系，为您提供专业的服务。。【秩序维护部】。[爱心]1.值班时间段：。????08:00－20:00????。[爱心]2.值班中队长-赵队电话：0531-83131013。[爱心]3.物业服务电话：0531-55615896、55615596。??4.监控室值班24小时电话：0531-55612606。3、【物业-安保服务“小蜜蜂”】。[抱拳]如您家中有需要帮助的请联系我们?。[爱心]24小时为各位家人守候。[合十]贴心服务、真诚相伴。如需便民服务车，请直接联系；。①55612606。②55612808。有事您说话，我们会在第一时间安排人员帮你处理[玫瑰][玫瑰]""。A00(客户):""[图片]""。08月26日 08:17分。宁宁(客户):""??ˋ????ˊ??????????????????.*·做自己生活的舵手 把握梦想前进的方向 不服输 才能成长更好的自己。各位家人们[爱心]早上好！。我是物业保洁领班庄明华，联系电话 15628830750。各位保洁叔叔阿姨已到岗。??倘若您发现任何环境方面的问题或者有宝贵的建议，随时与我联系，我定会全力以赴为您排忧解难！。??感谢各位家人一直以来的信赖与支持！ ?? ??""。宁宁(客户):""[图片]""。08月26日 09:01分。济南绿洲5-6号楼管家白露(员工):""[玫瑰][玫瑰]早安  绿洲[玫瑰][玫…………""。济南绿洲5-6号楼管家白露(员工):""[链接]""。08月26日 09:53分。派出所反诈宣传员(客户):""8.13元，接到[爆竹]“银监会”[爆竹]电话被骗。。3.63万元，大学生??兼职??被骗。。3.5万元，初中生被骗。。3.46万元，妇女?兼职刷单?被骗。。2.31万元，男青年[色]约炮[色]被骗。。。男青年[色][色]约炮[色][色]，妇女??兼职刷单??、????被“异性网友”诱导投资????诈骗高发！。转发提醒好家里的[拥抱]年轻人、妇女[拥抱]！。。【8月25日电诈警情通报】（近三天典型案例）。【平安街道、开发区派出所】。1、乙武村居民（开发区报警），【接到“银监会”电话】被骗8.13万元。。??手段：接到电话，对方自称?【“银监会”工作人员】??，要帮其“降低网贷利率”，还让其??登陆假的银监会网站??。。        过程中，?开启“屏幕共享”?，指导其将钱转走。。。【大学城、大学路派出所】。2、山东师范大学思想政治教育专业大四学生，【兼职】被骗3.63万元。。??手段：网上看到信息，兼职（“垫资”代充话费）。对方称选择[爆竹][爆竹]“企业代付”[爆竹][爆竹]，??钱就不会被转走，但操作后，钱还是被转走??。。       对方称其操作失误，??为退款，按对方要求，继续转账??。。。【马山镇、马山派出所】。3、周庙村初中生，【找人“解封微信”】被骗3.5万元。。??手段：快手找人解封微信，对方让其?提供了家长微信、银行卡的【验证码】?，钱被转走。。。【文昌街道、新城派出所】。4、建发天玺妇女，网上兼职【垫资做任务、刷销量、刷关注、刷点赞】被骗3.46万元。。??手段：??被陌生人拉进群??，推荐足不出户做兼职，[裂开]抖音刷关注[裂开]挣到佣金，后被引诱??“垫资”刷购“抖币”??。。        前期挣到小额返利，后被以【系统设置，需要[苦涩]连续刷任务才能退还垫付金、佣金[苦涩]】，【??操作失误，需要刷补救单??】为由要求转账。。。【崮云湖街道、大学路派出所】。5、河南籍务工男青年（租住乐天），【刷单做任务以?? 免费约炮?? 】被骗2.31万元。。??手段：??网上看到信息??，下载APP，为[吐]解锁约炮资格[吐]，??“约炮”客服引诱其“垫资”刷“会员费”??，前期挣到小额返利。。        后被以【系统设置，需要[裂开]连续刷任务[裂开]才能退还垫付金、佣金】、【??操作失误??（后台都能做手脚），刷补救单】为由要求多次转账。""。08月26日 10:11分。刘娟(客户):""邻居们，大家家里有蚂蚁??吗？很小就那种，都是怎么处理的[抱拳]""。08月26日 11:13分。济南绿洲5-6号楼管家白露(员工):""?高空抛物温馨提示?。尊敬的各位业主（住…………""。08月26日 15:33分。派出所反诈宣传员(客户):""[小程序消息]""。宁宁(客户):""[图片]""。宁宁(客户):""[图片]""。宁宁(客户):""[图片]""。宁宁(客户):""[图片]""。08月26日 16:54分。宁宁(客户):""[拳头]环境提升持续进行中[拳头]。[太阳]今天地下室清理[太阳]。恒大绿洲保洁团队为您服务[玫瑰]""。宁宁(客户):""[图片]""。大鹏展翅(客户):""【公区维修8月19日-8月25日工作汇报】。●公区及地下车库排污泵检修7处。●公区及地下车库照明更换6处。●公区直饮水机滤芯更换4处。●公区大堂顶子破损粉刷5处。●公区墙砖破损更换3处。●公区消防故障处理47处。●公区充电桩头安装21处。●园区排污管道疏通8处。●园区路面维修3处。●电梯维保125部。●设备房维护保养。●设备房巡查。工程维修，为您的生活保驾护航。如需帮助请拨打。24小时物业热线:。0531-55615896。济南恒大绿洲物业服务中心""。大鹏展翅(客户):""[图片]""。08月26日 17:31分。love他她:-*forever(客户):""@节节高?我家也很多，烦死了快，在网上买了药，不管用，[呲牙]我咨询了那种专业消杀的，他们说现在我们整栋楼管道里肯定都有了，咱家杀完了还会顺着管道跑来，我都是用抢手看到就喷，但还是很多，孩子吃的东西掉个小渣渣都能引来很多很多""。08月26日 17:42分。刘娟(客户):""俺家，现在卧室床上都有了""。刘娟(客户):""群里物业的人员看到想想办法，根治了才有效啊。记得这个蚂蚁的事大家早就在群里说过，没啥进展啊。""。宁宁(客户):""你好亲，公区消杀打打药吧[捂脸]""。08月26日 18:39分。A大漠(客户):""??物业秩序“小蜜蜂” ??。[庆祝]“小蜜蜂”来了！来了！[庆祝]。[太阳]有事，您说话[太阳]。[庆祝]车辆电瓶亏电启动不了！。[庆祝]家里有沉物品搬不动了！。[庆祝]买了好多东西拿不了！。联系电话：0531-55612606。秩序小“蜜蜂”竭诚为您服务！[耶][耶][耶]。[庆祝]我们的口号：。[庆祝]真心帮助每一位[庆祝]。[庆祝]热心服务每一人[庆祝]。[庆祝]赠人玫瑰[玫瑰]，手有余香[庆祝]""。A大漠(客户):""[图片]""。08月26日 20:05分。你的月亮我的心(客户):""尊敬的业主，您好：。       为更好、更快的解决业主问题，现将各值班人员、联系电话及值班时间公示在群内，各位业主可直接电话联系或在群内@秩序110。1、日常家用维修工具(螺丝刀、活动扳手、小锤等);。2、小型购物车、平板车、人字梯、打气筒，应急医用品等。。为您爱家保驾护航，如果您有家政保洁、直饮水卡办理、白蚁消杀、有偿维修、房屋租赁的业务需求，随时与我们联系，为您提供专业的服务。。【秩序维护部】。[爱心]1.值班时间段：。????20:00－08:00????。[爱心]2.值班中队长-赵队电话：0531-55615881。[爱心]3.物业服务电话：0531-55615896、55615596。??4.监控室值班24小时电话：0531-55612606。3、【物业-安保服务“小蜜蜂”】。[抱拳]如您家中有需要帮助的请联系我们?。[爱心]24小时为各位家人守候。[合十]贴心服务、真诚相伴。如需便民服务车，请直接联系；。①55612606。②55612808。有事您说话，我们会在第一时间安排人员帮你处理[玫瑰][玫瑰]""。你的月亮我的心(客户):""[图片]""。08月26日 23:50分。你的月亮我的心(客户):""尊敬的业主大家好！我是夜间执勤赵队长，金碧物业安保服务8月26号巡查，时刻守护业主们的安全，请安心入睡，如有紧急情况请拨打0531-55612606""。你的月亮我的心(客户):""[图片]""。08月27日 03:01分。你的月亮我的心(客户):""尊敬的业主大家好！我是夜间执勤赵队长，金碧物业安保服务8月27号巡查，时刻守护业主们的安全，请安心入睡，如有紧急情况请拨打0531-55612606""。你的月亮我的心(客户):""[图片]""。&&&","[
    {
        ""业主情感强度"": {
            ""love他她:-*forever"": ""强烈负面"",
            ""刘娟"": ""强烈负面""
        },
        ""事件讨论开始时间"": ""08月26日 10:11分"",
        ""事件讨论结束时间"": ""08月26日 17:42分"",
        ""事件详情"": ""8月26日，业主刘娟和love他她:-*forever反映家中有蚂蚁问题，表示很烦恼，并称之前反映过但未见改善。刘娟后续提到蚂蚁已经出现在卧室床上，宁宁提出公区消杀的建议。此事件显示业主对物业的消杀服务不满。"",
        ""话题倾向"": """"
    }
]"
群聊负向,"这是要分析的对话:&&&08月26日 09:16分。恒大城???? 秩序部 三期监控室(客户):""[视频号消息]""。恒大城???? 秩序部 三期监控室(客户):""“客服”给你打来电话，说你网购商品出现问题！可以给你申请退款，还给你发来陌生链接！让你注册账号填写信息，再说因“操作失误”导致账户被冻结，让你转账解冻后才能退款？南昌反诈提醒您：退换货请认准官方平台，陌生链接不要点击，不要透露个人信息。敬请各位领导同事转发反诈视频及反诈日历。[抱拳][抱拳][抱拳]""。恒大城???? 秩序部 三期监控室(客户):""[图片]""。08月26日 12:13分。往后余生(客户):""1401业主麻烦和你家装修的工人说一声，中午了能不能不要施工了？实在是噪音太大""。小彭(客户):""中午不允许装修的""。小彭(客户):""过了12点就得停""。恒大城???? 秩序部 三期监控室(客户):""好的，我联系人去看一下""。恒大城???? 秩序部 三期监控室(客户):""@往后余生?@小彭?""。08月26日 12:23分。往后余生(客户):""好的""。08月26日 12:31分。胡晓敏ˇ(客户):""14楼没有装修""。胡晓敏ˇ(客户):""15楼的在装修""。恒大城???? 秩序部 三期监控室(客户):""好的""。08月26日 14:11分。恒大城-管家-小冯(员工):""【关于四害消杀的温馨提示】。      …………""。恒大城-管家-小冯(员工):""[图片]""。08月26日 14:51分。草莓不馁(客户):""各位居民朋友们:。 为了提高辖区孕、产妇及宝妈的健康指数，彭家坊社区将开展“幸福来敲门，健康暖人心”活动，特邀请一附医院妇产专家亲临指导，对孕妈营养咨询、护士进行胎心监护，女性妇科健康义诊等活动，让妈妈们在家门口就可以享受专业的妇产服务。。1、活动时间：2024年8月31日。2、活动地点:彭家坊社区。3、现场有价值200元的产检券、两癌筛查体检券由爱佳妇产医院免费提供，还有精美礼品相赠。。请大家踊跃报名，名额有限，先报先得！""。08月26日 17:11分。奋斗！(客户):""[图片]""。奋斗！(客户):""@恒大城-管家-小冯?通知车主下来""。08月26日 17:19分。奋斗！(客户):""他停一部车，把我两个车位都占到了，一部都停不进去""。奋斗！(客户):""@恒大城-管家-小冯?联系到了吗""。08月26日 18:01分。恒大城-管家-小冯(员工):""已联系上了，马上回去挪车""。08月26日 18:14分。恒大城???? 秩序部 三期监控室(客户):""重要警示：。    8月23日晚10时，江苏省宿迁市一电动自行车店起火，虽然仅半小时明火就得到控制，但仍造成6人死亡（尤为痛心的是，遇难者中4人系未成年人）。此前，2024年2月23日4时许，江苏南京市雨花台区一小区发生电动自行车火灾，造成15人死亡，44人受伤。今年4月27日，我县一小区也发生了电动自行车火灾亡人事件。在此警示，电动自行车起火，燃烧迅速并会在短时间造成大量有害气体，因灾致死率极高！因此，为了大家的生命财产安全，恳请各位业主对自己负责，也对左右邻里负责，严禁将电动自行车违规入楼、违规充电！也请各位监督，一发现有电动车上楼进单元的，请及时联系物业24小时电话:85130408，物业会第一时间上户整治，保障大家居住安全。""。08月26日 20:06分。恒大城???? 秩序部 三期监控室(客户):""? 2024.8.26日? 。【秩序维护部】 。1.夜班值班时间段：20：00—08：00。2.夜班值班队长:徐霖。3.物业24小时服务电话：0791-85957719/85130408。? 【物业小贴士】?。1、园区道路是大家的，请将爱车停至车位或车库，勿占行车主干道。。2、予人方便，予己方便，整齐有序，文明停车。。3、随身携带门禁卡，刷卡进出，提高安全防止偷盗。。4、请随手关大堂门，轻拉轻推，勿用力拉扯。。5、非机动车请勿进大堂、楼道内充电。。6、请勿让爱宠随地大小便，做文明养宠人。""。&&&","[
    {
        ""业主情感强度"": {
            ""小彭"": ""无明显情绪"",
            ""往后余生"": ""一般负面""
        },
        ""事件讨论开始时间"": ""08月26日 12:13分"",
        ""事件讨论结束时间"": ""08月26日 12:31分"",
        ""事件详情"": ""业主往后余生和小彭反映，中午时间有装修噪音，影响休息。经恒大城????秩序部三期监控室确认，是15楼在装修。"",
        ""话题倾向"": """"
    },
    {
        ""业主情感强度"": {
            ""奋斗！"": ""一般负面""
        },
        ""事件讨论开始时间"": ""08月26日 17:11分"",
        ""事件讨论结束时间"": ""08月26日 18:01分"",
        ""事件详情"": ""业主奋斗！反映有车辆占用了他的两个车位，导致他无法停车。后经恒大城-管家-小冯协调，占位车主将车挪走。"",
        ""话题倾向"": """"
    }
]"
群聊负向,"这是要分析的对话:&&&08月26日 09:15分。恒大城???? 秩序部 三期监控室(客户):""[视频号消息]""。恒大城???? 秩序部 三期监控室(客户):""[图片]""。恒大城???? 秩序部 三期监控室(客户):""“客服”给你打来电话，说你网购商品出现问题！可以给你申请退款，还给你发来陌生链接！让你注册账号填写信息，再说因“操作失误”导致账户被冻结，让你转账解冻后才能退款？南昌反诈提醒您：退换货请认准官方平台，陌生链接不要点击，不要透露个人信息。敬请各位领导同事转发反诈视频及反诈日历。[抱拳][抱拳][抱拳]""。08月26日 09:21分。吴小祥(客户):""[图片]""。08月26日 09:33分。恒大城-32.33.34.35管家小舒(客户):""大叔过去了""。08月26日 09:53分。吴小祥(客户):""爱护公共人人有责，不是每次叫大叔过去就好了，可以适当提醒一下业主，大叔也挺忙的，上次的还没过几天，电梯总是臭臭的，谢谢！[抱拳][抱拳][抱拳]""。吴小祥(客户):""@恒大城-32.33.34.35管家小舒?@恒大城???? 秩序部 三期监控室?""。恒大城-32.33.34.35管家小舒(客户):""垃圾袋破了，上次看了监控徒手掏垃圾出去，就是大家漏了及时跟我说呀""。夏春玉(客户):""不光电动车不能进电梯，要求废品只能出电梯，废品不能进电梯，因33栋靠学校，电动车棚根本不够用""。可爱多??(客户):""[文件超过最大限制]""。08月26日 09:58分。可爱多??(客户):""这个垃圾桶能不能离门远一点 ""。可爱多??(客户):""臭的要死""。可爱多??(客户):""每天放在门中间""。夏春玉(客户):""我经常看到老人拣废品大袋小袋进电梯，弄得电梯很脏，要物业何用？""。恒大城-32.33.34.35管家小舒(客户):""垃圾桶已经跟保洁说了哈。""。夏春玉(客户):""只想收费，不负责任""。恒大城-32.33.34.35管家小舒(客户):""大家跟家里的老人说一下啊。当天捡的就不要带回家及时卖掉。""。可爱多??(客户):""昨天地库卖垃圾的场景真的惊掉下巴 那么多的垃圾  整个地库 臭的作呕  那平时这些垃圾堆放在哪 楼道？地库？ 为什么可以允许堆放？""。夏春玉(客户):""他们要留到收废品的来一次卖""。08月26日 10:03分。可爱多??(客户):""不巡楼吗 楼道堆放垃圾 消防合格？""。夏春玉(客户):""物业没干活，根本不知道，凭什么收物业费？""。夏春玉(客户):""金碧物业是恒大留下的毒瘤，剥削者""。恒大城-32.33.34.35管家小舒(客户):""巡查也劝说了也带消防上门也清理了几次""。恒大城-32.33.34.35管家小舒(客户):""我这边会再跟社区一起上门劝说。清理""。08月26日 10:08分。可爱多??(客户):""这大夏天的 味道真的很重 ""。美登美发(客户):""一年都过半了，梯控是请美国老师来调试吗？""。夏春玉(客户):""恒大城太大，利益太多，业主一盘沙，这么多业主，业主委员会都成立不了，业主利益谁来监督？""。左右(客户):""@恒大城-32.33.34.35管家小舒?对了，能不能把通风打开一下，车库又开始又味道了""。美登美发(客户):""国外老师来应该也不要这么久""。恒大城-32.33.34.35管家小舒(客户):""「美登美发：。一年都过半了，梯控是请美国老师来调试吗？」。- - - - - - - - - - - - - - -。我们这边梯控开了的""。夏春玉(客户):""哪天电梯起火，还不是我们业主该死！""。恒大城-32.33.34.35管家小舒(客户):""「左右：。@恒大城-32.33.34.35管家小舒?对了，能不能把通风打开一下，车库又开始又味道了」。- - - - - - - - - - - - - - -。可以的我叫师傅过去打开。""。可爱多??(客户):""别的单元  真没这么臭 ""。可爱多??(客户):""这家里来个朋友亲戚 都不太好意思""。08月26日 10:16分。夏春玉(客户):""因为33栋二单元靠校门，天晴下雨，开学后很多学生都从33栋二单元电梯从地库上学下学，电梯成公共电梯，怎么会不坏？""。08月26日 10:27分。美登美发(客户):""梯控不是刷卡才可以上下吗？""。恒大城-32.33.34.35管家小舒(客户):""我们有电动车进电梯会警报。""。08月26日 10:39分。夏春玉(客户):""以前电动棚根本不够，电动车可进电梯，今年设置，增加了一点棚，还是不够，二单元靠学校太吃亏，钱都是物业挣，学校，一层当门店出租，更脏，更吵，哪是高档小区，是闹市一样""。???柠檬草的味道??(客户):""「恒大城-32.33.34.35管家小舒：。我们有电动车进电梯会警报。」。- - - - - - - - - - - - - - -。会报警，但可以正常上下""。08月26日 10:46分。夏春玉(客户):""刚收房都是大道，物业为了收停车费，现都是鸡肠小道，到处石??拦路，以前是喷水，音乐，现在水不流了，湖是干的，哪是湖景房？一切都变了，管家只是打工的收费的，我们业主的利益管家又做不了主，要成立业主委员会才有监督权""。08月26日 11:31分。恒大城-32.33.34.35管家小舒(客户):""【关于四害消杀的温馨提示】。       物业服务中心将于2024年8月29日-2024年8月30日对小区公共区域进行消杀工作，请各位业主注意安全防护。[玫瑰]""。恒大城-32.33.34.35管家小舒(客户):""[文件下载失败]""。08月26日 15:54分。恒大城-管家-小舒(员工):""【南昌恒大城—周报】。?? 一周美好，与…………""。恒大城-管家-小舒(员工):""[图片]""。08月26日 16:23分。恒大城-32.33.34.35管家小舒(客户):""【44栋地库口维修封闭通知】。    各位业主，因44栋地库口需临时进行维修，将于8月27日上午09:00封闭，预计恢复时间9月2日（下周一）。维修期间进出口都受影响，请各位业主绕行至其他入口进出。维修完成后会通知大家，给您带来不便，敬请谅解[抱拳]""。恒大城-32.33.34.35管家小舒(客户):""[图片]""。08月26日 18:17分。恒大城???? 秩序部 三期监控室(客户):""重要警示：。    8月23日晚10时，江苏省宿迁市一电动自行车店起火，虽然仅半小时明火就得到控制，但仍造成6人死亡（尤为痛心的是，遇难者中4人系未成年人）。此前，2024年2月23日4时许，江苏南京市雨花台区一小区发生电动自行车火灾，造成15人死亡，44人受伤。今年4月27日，我县一小区也发生了电动自行车火灾亡人事件。在此警示，电动自行车起火，燃烧迅速并会在短时间造成大量有害气体，因灾致死率极高！因此，为了大家的生命财产安全，恳请各位业主对自己负责，也对左右邻里负责，严禁将电动自行车违规入楼、违规充电！也请各位监督，一发现有电动车上楼进单元的，请及时联系物业24小时电话:85130408，物业会第一时间上户整治，保障大家居住安全。""。08月26日 20:04分。恒大城???? 秩序部 三期监控室(客户):""? 2024.8.26日? 。【秩序维护部】 。1.夜班值班时间段：20：00—08：00。2.夜班值班队长:徐霖。3.物业24小时服务电话：0791-85957719/85130408。? 【物业小贴士】?。1、园区道路是大家的，请将爱车停至车位或车库，勿占行车主干道。。2、予人方便，予己方便，整齐有序，文明停车。。3、随身携带门禁卡，刷卡进出，提高安全防止偷盗。。4、请随手关大堂门，轻拉轻推，勿用力拉扯。。5、非机动车请勿进大堂、楼道内充电。。6、请勿让爱宠随地大小便，做文明养宠人。""。&&&","[
    {
        ""业主情感强度"": {
            ""夏春玉"": ""强烈负面"",
            ""可爱多??"": ""强烈负面""，
            ""吴小祥"":""一般负面""
        },
        ""事件讨论开始时间"": ""08月26日 09:58分"",
        ""事件讨论结束时间"": ""08月26日 10:08分"",
        ""事件详情"": ""业主吴小祥反映电梯总有异味，认为物业应该适当提醒业主而不是总是让清洁大叔处理。业主夏春玉和可爱多??对小区内垃圾堆放和异味问题表达了不满，质疑物业的巡查和管理，业主夏春玉更是直接批评物业只收费不负责。"",
        ""话题倾向"": """"
    },
{
        ""业主情感强度"": {
            ""左右"": ""一般负面""
        },
        ""事件讨论开始时间"": ""08月26日 10:08分"",
        ""事件讨论结束时间"": ""08月26日 10:08分"",
        ""事件详情"": ""业主左右对车库有味道提出了不满"",
        ""话题倾向"": """"
    },
    {
        ""业主情感强度"": {
            ""夏春玉"": ""强烈负面""，
            ""美登美发""：""强烈负面""

        },
        ""事件讨论开始时间"": ""08月26日 10:16分"",
        ""事件讨论结束时间"": ""08月26日 11:46分"",
        ""事件详情"": ""业主夏春玉对物业的管理提出了多项批评，包括电动车棚不足、梯控问题、学生占用电梯、小区过道狭窄、物业费收取等问题，业主美登美发也表示梯控一直没调试好并表达了对物业服务质量的不满。"",
        ""话题倾向"": """"
    }
]"
群聊负向,"这是要分析的对话:&&&08月26日 08:58分。13.15管家李彬(员工):""?????????家人们，早上好~。今天…………""。08月26日 10:54分。伊(客户):""已经缴费，请问一下是自动开电嘛？""。伊(客户):""@13.15管家李彬?""。08月26日 11:06分。13.15管家李彬(员工):""@2903缴费半个小时左右来电""。13.15管家李彬(员工):""{""pre_msgid"":""154384…………""。13.15管家李彬(员工):""@2903缴费后半个小时左右来电""。08月26日 13:00分。未来可期(客户):""@13.15管家李彬?请问13组团5栋28楼楼道的垃圾你们收不收？如果你们不收我安排人收了，从此以后楼道都不用你们打扫也别喊我们交物业费。""。Fresh wind(客户):""@未来可期?我让人过来处理""。未来可期(客户):""「Fresh wind：。@未来可期?我让人过来处理」。- - - - - - - - - - - - - - -。请问你是""。未来可期(客户):""那多不好意思啊""。08月26日 13:05分。Fresh wind(客户):""@未来可期?你好业主，我这边是物业工作人员，我这边让阿姨过来处理[害羞]""。未来可期(客户):""喔喔好嘛，谢谢！""。Fresh wind(客户):""[表情]""。08月26日 16:32分。行????囊(客户):""[图片]""。行????囊(客户):""@物业—李彬?叫人把这个垃圾拉走，放好多天了""。08月26日 16:58分。Fresh wind(客户):""@行????囊?收到，这是施工单位遗留得，已经让他们尽快拉走""。08月26日 17:18分。13.15管家李彬(员工):""【物业在行动-日常清洁】。?? 烈日当空…………""。13.15管家李彬(员工):""[图片]""。13.15管家李彬(员工):""[图片]""。13.15管家李彬(员工):""[图片]""。&&&","[
    {
        ""业主情感强度"": {
            ""行????囊"": ""一般负面"",
            ""未来可期"": ""强烈负面""
        },
        ""事件讨论开始时间"": ""08月26日 13:00分"",
        ""事件讨论结束时间"": ""08月26日 17:18分"",
        ""事件详情"": ""在13组团5栋28楼楼道，业主'未来可期'发现垃圾未清理，并对物业表示如果不处理将自行解决并拒绝支付物业费。随后，业主'行????囊'也提出有垃圾长时间未清理的问题。"",
        ""话题倾向"": """"
    }
]"
群聊负向,"这是要分析的对话:&&&08月26日 08:07分。A00(客户):""尊敬的业主，您好：。       为更好、更快的解决业主问题，现将各值班人员、联系电话及值班时间公示在群内，各位业主可直接电话联系或在群内@秩序110。1、日常家用维修工具(螺丝刀、活动扳手、小锤等);。2、小型购物车、平板车、人字梯、打气筒，应急医用品等。。为您爱家保驾护航，如果您有家政保洁、直饮水卡办理、白蚁消杀、有偿维修、房屋租赁的业务需求，随时与我们联系，为您提供专业的服务。。【秩序维护部】。[爱心]1.值班时间段：。????08:00－20:00????。[爱心]2.值班中队长-赵队电话：0531-83131013。[爱心]3.物业服务电话：0531-55615896、55615596。??4.监控室值班24小时电话：0531-55612606。3、【物业-安保服务“小蜜蜂”】。[抱拳]如您家中有需要帮助的请联系我们?。[爱心]24小时为各位家人守候。[合十]贴心服务、真诚相伴。如需便民服务车，请直接联系；。①55612606。②55612808。有事您说话，我们会在第一时间安排人员帮你处理[玫瑰][玫瑰]""。A00(客户):""[图片]""。08月26日 08:16分。宁宁(客户):""??ˋ????ˊ??????????????????.*·做自己生活的舵手 把握梦想前进的方向 不服输 才能成长更好的自己。各位家人们[爱心]早上好！。我是物业保洁领班庄明华，联系电话 15628830750。各位保洁叔叔阿姨已到岗。??倘若您发现任何环境方面的问题或者有宝贵的建议，随时与我联系，我定会全力以赴为您排忧解难！。??感谢各位家人一直以来的信赖与支持！ ?? ??""。宁宁(客户):""[图片]""。08月26日 08:42分。济南绿洲16-18-19管家晴天(员工):""[玫瑰][玫瑰]早安  绿洲[玫瑰][玫…………""。济南绿洲16-18-19管家晴天(员工):""[链接]""。08月26日 09:55分。顺其自然(客户):""8.13元，接到[爆竹]“银监会”[爆竹]电话被骗。。3.63万元，大学生??兼职??被骗。。3.5万元，初中生被骗。。3.46万元，妇女?兼职刷单?被骗。。2.31万元，男青年[色]约炮[色]被骗。。。男青年[色][色]约炮[色][色]，妇女??兼职刷单??、????被“异性网友”诱导投资????诈骗高发！。转发提醒好家里的[拥抱]年轻人、妇女[拥抱]！。。【8月25日电诈警情通报】（近三天典型案例）。【平安街道、开发区派出所】。1、乙武村居民（开发区报警），【接到“银监会”电话】被骗8.13万元。。??手段：接到电话，对方自称?【“银监会”工作人员】??，要帮其“降低网贷利率”，还让其??登陆假的银监会网站??。。        过程中，?开启“屏幕共享”?，指导其将钱转走。。。【大学城、大学路派出所】。2、山东师范大学思想政治教育专业大四学生，【兼职】被骗3.63万元。。??手段：网上看到信息，兼职（“垫资”代充话费）。对方称选择[爆竹][爆竹]“企业代付”[爆竹][爆竹]，??钱就不会被转走，但操作后，钱还是被转走??。。       对方称其操作失误，??为退款，按对方要求，继续转账??。。。【马山镇、马山派出所】。3、周庙村初中生，【找人“解封微信”】被骗3.5万元。。??手段：快手找人解封微信，对方让其?提供了家长微信、银行卡的【验证码】?，钱被转走。。。【文昌街道、新城派出所】。4、建发天玺妇女，网上兼职【垫资做任务、刷销量、刷关注、刷点赞】被骗3.46万元。。??手段：??被陌生人拉进群??，推荐足不出户做兼职，[裂开]抖音刷关注[裂开]挣到佣金，后被引诱??“垫资”刷购“抖币”??。。        前期挣到小额返利，后被以【系统设置，需要[苦涩]连续刷任务才能退还垫付金、佣金[苦涩]】，【??操作失误，需要刷补救单??】为由要求转账。。。【崮云湖街道、大学路派出所】。5、河南籍务工男青年（租住乐天），【刷单做任务以?? 免费约炮?? 】被骗2.31万元。。??手段：??网上看到信息??，下载APP，为[吐]解锁约炮资格[吐]，??“约炮”客服引诱其“垫资”刷“会员费”??，前期挣到小额返利。。        后被以【系统设置，需要[裂开]连续刷任务[裂开]才能退还垫付金、佣金】、【??操作失误??（后台都能做手脚），刷补救单】为由要求多次转账。""。08月26日 10:21分。顺其自然(客户):""各位居民朋友好~。社区邻里夜校“AI机器人”招生啦~，详细信息如下：。上课时间：2024年8月28日本周三晚上七点半。活动地点：恒大绿洲第二社区党群服务中心""。顺其自然(客户):""[小程序消息]""。08月26日 11:25分。济南绿洲16-18-19管家晴天(员工):""????金碧物业晨跑开跑啦！！！打卡第一…………""。济南绿洲16-18-19管家晴天(员工):""[文件超过最大限制]""。08月26日 11:38分。宁宁(客户):""各位家人们，由于热力的维修管道，导致楼层管道弄出来不少垃圾，保洁也正在逐层清理着，有打扫不及时的地方还请家人们多多关照[抱拳][抱拳]""。08月26日 15:37分。宁宁(客户):""[图片]""。宁宁(客户):""[图片]""。宁宁(客户):""[图片]""。宁宁(客户):""[图片]""。08月26日 16:54分。宁宁(客户):""[拳头]环境提升持续进行中[拳头]。[太阳]今天地下室清理[太阳]。恒大绿洲保洁团队为您服务[玫瑰]""。宁宁(客户):""[图片]""。08月26日 17:47分。不再犹豫(客户):""地下一灯坏了""。不再犹豫(客户):""[图片]""。不再犹豫(客户):""@济南绿洲16-18-19管家晴天?""。08月26日 18:27分。爱在日落之前(客户):""@济南绿洲16-18-19管家晴天?这里什么时候打扫一下""。爱在日落之前(客户):""[图片]""。AAA(客户):""[视频]""。AAA(客户):""这是怎么回事？@济南绿洲16-18-19管家晴天?""。济南绿洲16-18-19管家晴天(员工):""@不再犹豫收到，明天我联系维修师傅维修""。济南绿洲16-18-19管家晴天(员工):""@AAA@爱在日落之前这是维修管道的弄的…………""。08月26日 18:39分。A大漠(客户):""??物业秩序“小蜜蜂” ??。[庆祝]“小蜜蜂”来了！来了！[庆祝]。[太阳]有事，您说话[太阳]。[庆祝]车辆电瓶亏电启动不了！。[庆祝]家里有沉物品搬不动了！。[庆祝]买了好多东西拿不了！。联系电话：0531-55612606。秩序小“蜜蜂”竭诚为您服务！[耶][耶][耶]。[庆祝]我们的口号：。[庆祝]真心帮助每一位[庆祝]。[庆祝]热心服务每一人[庆祝]。[庆祝]赠人玫瑰[玫瑰]，手有余香[庆祝]""。A大漠(客户):""[图片]""。08月26日 20:05分。你的月亮我的心(客户):""尊敬的业主，您好：。       为更好、更快的解决业主问题，现将各值班人员、联系电话及值班时间公示在群内，各位业主可直接电话联系或在群内@秩序110。1、日常家用维修工具(螺丝刀、活动扳手、小锤等);。2、小型购物车、平板车、人字梯、打气筒，应急医用品等。。为您爱家保驾护航，如果您有家政保洁、直饮水卡办理、白蚁消杀、有偿维修、房屋租赁的业务需求，随时与我们联系，为您提供专业的服务。。【秩序维护部】。[爱心]1.值班时间段：。????20:00－08:00????。[爱心]2.值班中队长-赵队电话：0531-55615881。[爱心]3.物业服务电话：0531-55615896、55615596。??4.监控室值班24小时电话：0531-55612606。3、【物业-安保服务“小蜜蜂”】。[抱拳]如您家中有需要帮助的请联系我们?。[爱心]24小时为各位家人守候。[合十]贴心服务、真诚相伴。如需便民服务车，请直接联系；。①55612606。②55612808。有事您说话，我们会在第一时间安排人员帮你处理[玫瑰][玫瑰]""。你的月亮我的心(客户):""[图片]""。08月26日 20:47分。刘洪山(员工):""【公区维修8月19日-8月25日工作汇报…………""。刘洪山(员工):""[图片]""。08月26日 23:50分。你的月亮我的心(客户):""尊敬的业主大家好！我是夜间执勤赵队长，金碧物业安保服务8月26号巡查，时刻守护业主们的安全，请安心入睡，如有紧急情况请拨打0531-55612606""。你的月亮我的心(客户):""[图片]""。08月27日 03:01分。你的月亮我的心(客户):""尊敬的业主大家好！我是夜间执勤赵队长，金碧物业安保服务8月27号巡查，时刻守护业主们的安全，请安心入睡，如有紧急情况请拨打0531-55612606""。你的月亮我的心(客户):""[图片]""。&&&","{""事件提取"":null,""提取结果"":false}"
群聊负向,"这是要分析的对话:&&&08月26日 07:40分。济南绿洲44-45-49楼管家立春(员工):""????金碧物业晨跑开跑啦！！！大朋友、…………""。济南绿洲44-45-49楼管家立春(员工):""[图片]""。济南绿洲44-45-49楼管家立春(员工):""[图片]""。08月26日 08:06分。A00(客户):""尊敬的业主，您好：。       为更好、更快的解决业主问题，现将各值班人员、联系电话及值班时间公示在群内，各位业主可直接电话联系或在群内@秩序110。1、日常家用维修工具(螺丝刀、活动扳手、小锤等);。2、小型购物车、平板车、人字梯、打气筒，应急医用品等。。为您爱家保驾护航，如果您有家政保洁、直饮水卡办理、白蚁消杀、有偿维修、房屋租赁的业务需求，随时与我们联系，为您提供专业的服务。。【秩序维护部】。[爱心]1.值班时间段：。????08:00－20:00????。[爱心]2.值班中队长-赵队电话：0531-83131013。[爱心]3.物业服务电话：0531-55615896、55615596。??4.监控室值班24小时电话：0531-55612606。3、【物业-安保服务“小蜜蜂”】。[抱拳]如您家中有需要帮助的请联系我们?。[爱心]24小时为各位家人守候。[合十]贴心服务、真诚相伴。如需便民服务车，请直接联系；。①55612606。②55612808。有事您说话，我们会在第一时间安排人员帮你处理[玫瑰][玫瑰]""。A00(客户):""[图片]""。08月26日 08:28分。JN29岁月静好(客户):""。[庆祝]雨后园林座椅已擦拭[庆祝]。    [烟花]游乐设施已清理?积水清理中[烟花]。恒大绿洲保洁团队为您服务[玫瑰]""。JN29岁月静好(客户):""[图片]""。08月26日 09:53分。大帅(客户):""@济南绿洲44-45-49楼管家立春?电梯什么时候修好，昨天专业师傅看过后咋说的""。08月26日 10:06分。小辣椒 ??(客户):""就是啊，什么时候能修好""。小辣椒 ??(客户):""这一个电梯根本也不行啊""。08月26日 10:14分。段德荣(员工):""@小辣椒 ??你好老师预计最近两天恢复运…………""。小辣椒 ??(客户):""好的，尽快修好吧，孩子马上开学了""。焦冠军(客户):""是不是导向轮坏了""。段德荣(员工):""[图片]""。段德荣(员工):""[图片]""。段德荣(员工):""技术专家正在维修""。08月26日 11:54分。Gm(客户):""【公区维修8月19日-8月25日工作汇报】。●公区及地下车库排污泵检修7处。●公区及地下车库照明更换6处。●公区直饮水机滤芯更换4处。●公区大堂顶子破损粉刷5处。●公区墙砖破损更换3处。●公区消防故障处理47处。●公区充电桩头安装21处。●园区排污管道疏通8处。●园区路面维修3处。●电梯维保125部。●设备房维护保养。●设备房巡查。工程维修，为您的生活保驾护航。如需帮助请拨打。24小时物业热线:。0531-55615896。济南恒大绿洲物业服务中心""。Gm(客户):""[图片]""。08月26日 18:10分。段德荣(员工):""家人们  西梯已恢复运行[鼓掌]""。08月26日 18:37分。A 虎虎生威??(客户):""[强]""。A大漠(客户):""??物业秩序“小蜜蜂” ??。[庆祝]“小蜜蜂”来了！来了！[庆祝]。[太阳]有事，您说话[太阳]。[庆祝]车辆电瓶亏电启动不了！。[庆祝]家里有沉物品搬不动了！。[庆祝]买了好多东西拿不了！。联系电话：0531-55612606。秩序小“蜜蜂”竭诚为您服务！[耶][耶][耶]。[庆祝]我们的口号：。[庆祝]真心帮助每一位[庆祝]。[庆祝]热心服务每一人[庆祝]。[庆祝]赠人玫瑰[玫瑰]，手有余香[庆祝]""。A大漠(客户):""[图片]""。辛梦(客户):""@物业公区维修-电梯管理员?哪修好了5""。辛梦(客户):""？""。08月26日 18:43分。该微信已停用，请添加企业微信(客户):""已联系师傅""。小辣椒 ??(客户):""我刚下来，电梯可以用""。08月26日 19:11分。大地飞歌(客户):""西电梯又不能用了""。08月26日 20:03分。你的月亮我的心(客户):""尊敬的业主，您好：。       为更好、更快的解决业主问题，现将各值班人员、联系电话及值班时间公示在群内，各位业主可直接电话联系或在群内@秩序110。1、日常家用维修工具(螺丝刀、活动扳手、小锤等);。2、小型购物车、平板车、人字梯、打气筒，应急医用品等。。为您爱家保驾护航，如果您有家政保洁、直饮水卡办理、白蚁消杀、有偿维修、房屋租赁的业务需求，随时与我们联系，为您提供专业的服务。。【秩序维护部】。[爱心]1.值班时间段：。????20:00－08:00????。[爱心]2.值班中队长-赵队电话：0531-55615881。[爱心]3.物业服务电话：0531-55615896、55615596。??4.监控室值班24小时电话：0531-55612606。3、【物业-安保服务“小蜜蜂”】。[抱拳]如您家中有需要帮助的请联系我们?。[爱心]24小时为各位家人守候。[合十]贴心服务、真诚相伴。如需便民服务车，请直接联系；。①55612606。②55612808。有事您说话，我们会在第一时间安排人员帮你处理[玫瑰][玫瑰]""。你的月亮我的心(客户):""[图片]""。08月26日 20:21分。小辣椒 ??(客户):""运行了那半个小时，接着坏了是什么情况呢？这样还怎么敢用？多吓人""。小辣椒 ??(客户):""[图片]""。小辣椒 ??(客户):""@济南绿洲44-45-49楼管家立春?16楼连廊上东边那个灯不亮了，明天让师傅修一下""。08月26日 23:50分。你的月亮我的心(客户):""尊敬的业主大家好！我是夜间执勤赵队长，金碧物业安保服务8月26号巡查，时刻守护业主们的安全，请安心入睡，如有紧急情况请拨打0531-55612606""。你的月亮我的心(客户):""[图片]""。08月27日 03:01分。你的月亮我的心(客户):""尊敬的业主大家好！我是夜间执勤赵队长，金碧物业安保服务8月27号巡查，时刻守护业主们的安全，请安心入睡，如有紧急情况请拨打0531-55612606""。你的月亮我的心(客户):""[图片]""。&&&","[
    {
        ""业主情感强度"": {
            ""小辣椒"": ""强烈负面"",
            ""大地飞歌"": ""一般负面""，""辛梦"":""一般负面""
        },
        ""事件讨论开始时间"": ""08月26日 09:53"",
        ""事件讨论结束时间"": ""08月26日 20:21"",
        ""事件详情"": ""8月26日，业主大帅询问电梯维修情况，随后小辣椒表达了电梯修理的不满，并提到孩子即将开学，对电梯修理进度表示急切。物业员工段德荣回复称预计近期修复。当天晚上，大地飞歌报告电梯再次不能使用，辛梦也表示电梯没有修好，小辣椒对此表示了担忧，并询问了电梯短暂运行后再次故障的原因。"",
        ""话题倾向"": """"
    }
]"
群聊负向,"这是要分析的对话:&&&08月26日 09:01分。恒大社区居委会8731213(客户):""[视频号消息]""。08月26日 10:16分。恒大社区居委会8731213(客户):""活动通知：恒大社区将于本周三8月28日下午3：00开展社区文明宣传和清扫活动，请需要参与暑假社会实践活动的学生扫下方的腾讯问卷报名参与。。集合地点：恒大社区居委会办公室（恒大城1期1栋内铺）。集合时间：8月28日下午2：50。备注：目前我们发的志愿活动主要是针对学校有要求学生参加暑假社会实践活动要盖章的或者是学校有要求做I志愿的学生，一般是中学生或者大学生，因每次活动人数有限，请没有这方面要求的学生家长暂时不要报名，谢谢！。温馨提示：。1.最近天气多变，请自备雨具遮阳防雨，注意安全。。2.请有需要拍照交学校的同学，自行带手机拍照哈。3.本次活动为24年暑期学生社会实践活动的最后一次活动，后续将不再开展，请有需要的学生积极参与。""。恒大社区居委会8731213(客户):""[图片]""。08月26日 11:27分。刘玉顺(客户):""[链接]""。08月26日 11:43分。燕子(客户):""[文件下载失败]""。燕子(客户):""这个门禁坏了，随便进""。韶关恒大城B区监控员(客户):""@燕子?您好，这边通知师傅处理""。08月26日 17:09分。（休假中）韶关恒大城-管家-彭小芸(员工):""@所有人     关于八月园区消杀通知。…………""。08月26日 17:26分。（休假中）韶关恒大城-管家-彭小芸(员工):""温馨提醒：。        下午好[玫瑰…………""。08月26日 19:07分。韶关恒大城B区监控员(客户):""2024-8-26。【秩序维护部】。1、值班时间段:【19:00-7:00】。2、值班中队长:  李佰全。联系电话：18933707875。【温馨提示】。请各位业主知悉，如需要帮助或遇紧急情况，请电话联系值班室或值班中队长。。物业24小时值班电话：0751-8706100。0751-8706228""。&&&","{""事件提取"":null,""提取结果"":false}"
群聊负向,"这是要分析的对话:&&&08月26日 09:45分。沁雪&幽兰(客户):""问请物业到底是谁在管事？互相推诿吗？就是一个空调水管滴水问题，都报了两个月了，就连是哪家的空调肇事都还未排查出来，还不要说去解决问题了。这么贵的物业管理费堪称花溪第一，但是办事效率可能是倒数第一！""。沁雪&幽兰(客户):""{""pre_msgid"":""6128628472463383112_1724636738367_external""}""。沁雪&幽兰(客户):""请问物业到底是谁在管事？互相推诿吗？就是一个空调水管滴水问题，都报了两个月了，就连是哪家的空调肇事都还未排查出来，还不要说去解决问题了。这么贵的物业管理费堪称花溪第一，但是办事效率可能是倒数第一！""。魏孝万(员工):""@沁雪&幽兰现在在进行排查""。08月26日 10:00分。沁雪&幽兰(客户):""还有这栋2号房的邻居们也希望自觉点，昨天白天就在书房窗外倒水和吐痰，楼下的窗户是开的，一下子把脏水淋在了飘窗上。还有，是个白痴都知道空调排水管肯定不能随便露在窗外的，在群里说了多少次，就是装风作哑。打扰到了别人还心安理得。良心被狗吃了吗？""。08月26日 10:13分。爱不解释(客户):""@沁雪&幽兰?阿姨已经排查好了，业主他自己都不知道，他已经联系安装师傅来重新整一下""。爱不解释(客户):""[图片]""。沁雪&幽兰(客户):""@秩序部 彭文庆 15285001561?：谢谢哈""。爱不解释(客户):""@沁雪&幽兰?不客气，他家之前没在业主群，所以说他也不知道。""。08月26日 10:23分。爱不解释(客户):""#金碧物业·秩序(保安)服务篇。??用心打磨每一个细节，用真诚赢得您的信赖??。??优美的环境，优良的秩序，优质的服务，都藏在细节里??。?从平凡处发现不平凡，感受我们的用心??。??绝不辜负您的信赖，全心全意为您服务??。         ??金碧物业  我们与您同在。               ——贵阳恒大文化旅游城物业服务中心""。爱不解释(客户):""[图片]""。08月26日 12:20分。南锺(客户):""通知：。8月25日是全国第八个残疾预防日，筑安社区居委会于明天8月27日（本周二）上午在辖区内开展“预防疾病致残  共享健康生活”宣传服务活动，希望学校有社会实践活动要求的学生积极参与，请有意参加志愿服务活动的人员于8月27日早上9:30到8组团筑安社区居委会集中开展活动。""。&&&","[
    {
        ""业主情感强度"": {
            ""沁雪&幽兰"": ""强烈负面""
        },
        ""事件讨论开始时间"": ""08月26日 09:45"",
        ""事件讨论结束时间"": ""08月26日 10:23"",
        ""事件详情"": ""业主沁雪&幽兰反映空调水管滴水问题长达两个月未得到解决，质疑物业的办事效率，并对于物业管理费的昂贵与办事效率的不匹配表示不满。此外，业主还对邻居的不文明行为进行了投诉，包括在书房窗外倒水和吐痰，以及空调排水管随意露在窗外的问题。"",
        ""话题倾向"": """"
    }
]"
群聊负向,"这是要分析的对话:&&&08月26日 08:58分。13.15管家李彬(员工):""?????????家人们，早上好~。今天…………""。08月26日 11:02分。叶峰(客户):""请问一下朋友们，燃气怎么去开通，""。叶峰(客户):""有开通的朋友介绍一下哦""。08月26日 11:12分。Rui(客户):""燃气都没得验收。开不了户""。Rui(客户):""在等地产公司提交资料以后""。08月26日 11:39分。文文(客户):""@李彬?美女，今天怎么停电了？要停多久？[微笑]""。13.15管家李彬(员工):""没有收到停电消息哦，月底了，你家是不是欠…………""。文文(客户):""[呲牙]我查下""。08月26日 11:46分。13.15管家李彬(员工):""好的[害羞]""。08月26日 12:02分。叶子??(客户):""@李彬?怎么查""。叶子??(客户):""我家也没有电""。08月26日 12:19分。13.15管家李彬(员工):""这是一条引用/回复消息：。""李彬。尊敬的…………""。08月26日 16:14分。AAA喜花flower(客户):""@李彬?楼道灯不亮2天了，麻烦检查，""。08月26日 17:08分。邹可可(员工):""@AAA喜花flower您好，是多少层呢…………""。AAA喜花flower(客户):""全楼栋！""。AAA喜花flower(客户):""1楼入户都没灯，看看是不是又跳闸了，""。08月26日 17:13分。邹可可(员工):""好的，我们检查看看""。08月26日 17:18分。13.15管家李彬(员工):""【物业在行动-日常清洁】。?? 烈日当空…………""。13.15管家李彬(员工):""[图片]""。13.15管家李彬(员工):""[图片]""。13.15管家李彬(员工):""[图片]""。08月26日 17:25分。AAA喜花flower(客户):""这是打扫其他组团的图片吗？""。08月26日 17:33分。13.15管家李彬(员工):""@1-80313组团和15组团""。AAA喜花flower(客户):""这些好像都是打扫12组团的吧""。13.15管家李彬(员工):""每个组团都有保洁工作人员的，随时欢迎您到…………""。08月26日 17:42分。AAA喜花flower(客户):""是只打扫小区绿化吗？楼道卫生什么时候能打扫了？""。AAA喜花flower(客户):""从入住以来，都是我自己打扫呢，""。08月26日 17:49分。13.15管家李彬(员工):""都有人在处理的，现在是初步阶段，逐渐来。""。AAA喜花flower(客户):""好的！""。AAA喜花flower(客户):""燃气什么时候能通了？""。AAA喜花flower(客户):""洗澡做饭都很不方便了！""。08月26日 18:36分。13.15管家李彬(员工):""燃气还有一段时间哦""。08月26日 19:20分。Jerry Lee(客户):""大概需要多久@李彬?""。08月26日 19:31分。13.15管家李彬(员工):""这个目前还没有大约的时间哦@Jerry …………""。&&&","{""事件提取"":null,""提取结果"":false}"
群聊负向,"这是要分析的对话:&&&08月26日 09:17分。恒大城???? 秩序部 三期监控室(客户):""“客服”给你打来电话，说你网购商品出现问题！可以给你申请退款，还给你发来陌生链接！让你注册账号填写信息，再说因“操作失误”导致账户被冻结，让你转账解冻后才能退款？南昌反诈提醒您：退换货请认准官方平台，陌生链接不要点击，不要透露个人信息。敬请各位领导同事转发反诈视频及反诈日历。[抱拳][抱拳][抱拳]""。恒大城???? 秩序部 三期监控室(客户):""[视频号消息]""。恒大城???? 秩序部 三期监控室(客户):""[图片]""。08月26日 12:53分。???????赵娟?????(客户):""@恒大城-管家-红红?上次跟你说了，APP怎么还不能交停车费呢？""。恒大城???? 秩序部 三期监控室(客户):""@1单元3001?如果APP上交不了，可以到物业前台交""。???????赵娟?????(客户):""那为什么老交不了呢？上个月也是这样""。08月26日 13:00分。恒大城???? 秩序部 三期监控室(客户):""哦，可以在前台问一下""。08月26日 18:19分。恒大城???? 秩序部 三期监控室(客户):""重要警示：。    8月23日晚10时，江苏省宿迁市一电动自行车店起火，虽然仅半小时明火就得到控制，但仍造成6人死亡（尤为痛心的是，遇难者中4人系未成年人）。此前，2024年2月23日4时许，江苏南京市雨花台区一小区发生电动自行车火灾，造成15人死亡，44人受伤。今年4月27日，我县一小区也发生了电动自行车火灾亡人事件。在此警示，电动自行车起火，燃烧迅速并会在短时间造成大量有害气体，因灾致死率极高！因此，为了大家的生命财产安全，恳请各位业主对自己负责，也对左右邻里负责，严禁将电动自行车违规入楼、违规充电！也请各位监督，一发现有电动车上楼进单元的，请及时联系物业24小时电话:85130408，物业会第一时间上户整治，保障大家居住安全。""。08月26日 20:02分。恒大城???? 秩序部 三期监控室(客户):""? 2024.8.26日? 。【秩序维护部】 。1.夜班值班时间段：20：00—08：00。2.夜班值班队长:徐霖。3.物业24小时服务电话：0791-85957719/85130408。? 【物业小贴士】?。1、园区道路是大家的，请将爱车停至车位或车库，勿占行车主干道。。2、予人方便，予己方便，整齐有序，文明停车。。3、随身携带门禁卡，刷卡进出，提高安全防止偷盗。。4、请随手关大堂门，轻拉轻推，勿用力拉扯。。5、非机动车请勿进大堂、楼道内充电。。6、请勿让爱宠随地大小便，做文明养宠人。""。&&&","[
    {
        ""业主情感强度"": {
            ""赵娟?????"": ""强烈负面""
        },
        ""事件讨论开始时间"": ""08月26日 12:53"",
        ""事件讨论结束时间"": ""08月26日 13:00"",
        ""事件详情"": ""赵娟女士在群聊中反映，她多次尝试通过APP缴纳停车费均未能成功，且上个月也存在同样问题。她对此表示疑惑和不满。"",
        ""话题倾向"": """"
    }
]"
群聊负向,"这是要分析的对话:&&&08月26日 08:47分。雷松(员工):""?????????家人们，早上好~。今天…………""。08月26日 10:47分。Tantoo贵州程家勤13765026110(客户):""[图片]""。Tantoo贵州程家勤13765026110(客户):""8栋4楼这个这个吊起有安全隐患，麻烦安排人维修一下。@雷松?""。08月26日 11:57分。雷松(员工):""这是一条引用/回复消息：。""Tantoo…………""。08月26日 16:04分。漫步云端(客户):""[链接]""。小先女(客户):""@燃气安检员?你好，我家要开通天然气，时需要去天然气公司吗？""。茅台镇五星酒厂(客户):""要去，我上周才去开通@小先女?""。小先女(客户):""@茅台镇五星酒厂?好的，谢谢""。08月26日 16:10分。茅台镇五星酒厂(客户):""温馨提示:。敬爱的家人们，燃气开户需要资料如下:。1.产权人身份证复印件。2.燃气表照片（注意拍清条形码）。3.入住证明（12组团铂金会所办理）。4.购房合同（6、7、20页复印件）。5.自备三节五号电池。地址：花溪明珠大道国溪溪畔酒店旁。。电话:0851-88901395。         96977。工作时间:周一至周五上午9:00-17:00""。小先女(客户):""@茅台镇五星酒厂?我户是开通了的，现在只需要同气就行""。小先女(客户):""谢谢""。茅台镇五星酒厂(客户):""那可以打电话问问。""。小先女(客户):""好的，谢谢""。08月26日 17:29分。物业-吴子兵15585131702(客户):""物业＃（秩序服务）装修管控。??文明施工，共创温馨家园。装修巡查及提醒装修时间为早上8:30-12:00下午14:00-18:00。#周末节假日全天禁止装修。——贵阳恒大文化旅游城物业服务中心祝各位业主生活愉快[玫瑰][玫瑰]""。08月26日 18:02分。雷松(员工):""【物业在行动-日常清洁】。?? 烈日当空…………""。雷松(员工):""[图片]""。雷松(员工):""[图片]""。雷松(员工):""[图片]""。08月26日 19:47分。?(客户):""各位业主：晚上好！[玫瑰]。8 月 26日秩序部夜间执勤安排：。一、值班队长：董煜轩。电话: 17855557716。二、24小时值班电话：0851-83873635。辖区派出所电话：0851-83851334。三、带班时间：。20:00-08:00。四、我们将12小时坚守岗位，如有需要请致电，我们将竭诚为您服务。夜间休息请关好门窗，做好安全防范，出入小区带好业主卡。。贵阳恒大文化旅游城物业服务中心祝您：生活愉快！[烟花]""。&&&","{""事件提取"":null,""提取结果"":false}"
群聊负向,"这是要分析的对话:&&&08月26日 07:28分。金华(客户):""[图片]""。08月26日 08:05分。济南绿洲37-38管家立冬(员工):""????金碧物业晨跑开跑啦！！！大朋友、…………""。济南绿洲37-38管家立冬(员工):""[图片]""。济南绿洲37-38管家立冬(员工):""[图片]""。济南绿洲37-38管家立冬(员工):""[图片]""。济南绿洲37-38管家立冬(员工):""[文件超过最大限制]""。08月26日 08:42分。济南绿洲37-38管家立冬(员工):""[玫瑰][玫瑰]早安  绿洲[玫瑰][玫…………""。济南绿洲37-38管家立冬(员工):""[链接]""。08月26日 09:45分。恒大四社区@蒋(客户):""8.13元，接到[爆竹]“银监会”[爆竹]电话被骗。。3.63万元，大学生??兼职??被骗。。3.5万元，初中生被骗。。3.46万元，妇女?兼职刷单?被骗。。2.31万元，男青年[色]约炮[色]被骗。。。男青年[色][色]约炮[色][色]，妇女??兼职刷单??、????被“异性网友”诱导投资????诈骗高发！。转发提醒好家里的[拥抱]年轻人、妇女[拥抱]！。。【8月25日电诈警情通报】（近三天典型案例）。【平安街道、开发区派出所】。1、乙武村居民（开发区报警），【接到“银监会”电话】被骗8.13万元。。??手段：接到电话，对方自称?【“银监会”工作人员】??，要帮其“降低网贷利率”，还让其??登陆假的银监会网站??。。        过程中，?开启“屏幕共享”?，指导其将钱转走。。。【大学城、大学路派出所】。2、山东师范大学思想政治教育专业大四学生，【兼职】被骗3.63万元。。??手段：网上看到信息，兼职（“垫资”代充话费）。对方称选择[爆竹][爆竹]“企业代付”[爆竹][爆竹]，??钱就不会被转走，但操作后，钱还是被转走??。。       对方称其操作失误，??为退款，按对方要求，继续转账??。。。【马山镇、马山派出所】。3、周庙村初中生，【找人“解封微信”】被骗3.5万元。。??手段：快手找人解封微信，对方让其?提供了家长微信、银行卡的【验证码】?，钱被转走。。。【文昌街道、新城派出所】。4、建发天玺妇女，网上兼职【垫资做任务、刷销量、刷关注、刷点赞】被骗3.46万元。。??手段：??被陌生人拉进群??，推荐足不出户做兼职，[裂开]抖音刷关注[裂开]挣到佣金，后被引诱??“垫资”刷购“抖币”??。。        前期挣到小额返利，后被以【系统设置，需要[苦涩]连续刷任务才能退还垫付金、佣金[苦涩]】，【??操作失误，需要刷补救单??】为由要求转账。。。【崮云湖街道、大学路派出所】。5、河南籍务工男青年（租住乐天），【刷单做任务以?? 免费约炮?? 】被骗2.31万元。。??手段：??网上看到信息??，下载APP，为[吐]解锁约炮资格[吐]，??“约炮”客服引诱其“垫资”刷“会员费”??，前期挣到小额返利。。        后被以【系统设置，需要[裂开]连续刷任务[裂开]才能退还垫付金、佣金】、【??操作失误??（后台都能做手脚），刷补救单】为由要求多次转账。""。08月26日 11:26分。平平安安(客户):""【公区维修8月19日-8月25日工作汇报】。●公区及地下车库排污泵检修7处。●公区及地下车库照明更换6处。●公区直饮水机滤芯更换4处。●公区大堂顶子破损粉刷5处。●公区墙砖破损更换3处。●公区消防故障处理47处。●公区充电桩头安装21处。●园区排污管道疏通8处。●园区路面维修3处。●电梯维保125部。●设备房维护保养。●设备房巡查。工程维修，为您的生活保驾护航。如需帮助请拨打。24小时物业热线:。0531-55615896。济南恒大绿洲物业服务中心""。平平安安(客户):""[图片]""。08月26日 15:06分。红尘一粒(客户):""[链接]""。红尘一粒(客户):""发错了撤不回来了""。08月26日 15:27分。。(客户):""    【社区儿童跳绳比赛通知】。亲爱的居民们：。为了丰富我们社区儿童的课余生活，增强孩子们的体质，培养团队合作精神与竞争意识，我们社区将于周四（8月29日）下午2:30，在恒大第四社区（37号楼）举办一场别开生面的“快乐童年，绳彩飞扬”儿童跳绳比赛。现面向全体社区儿童发出诚挚邀请，快来加入我们，一起跳动健康，跳出欢乐吧！。?? 比赛时间：8月29日（周四）下午2:30。?? 比赛地点：恒大绿洲37号党群服务中心。?? 参与对象：社区内所有5-12岁的儿童（欢迎家长陪同观看）。?? 比赛项目：。单人速度跳（计时赛）。花样跳绳展示（创意加分）。?? 报名方式：请家长或监护人于本周四前，填报跳绳报名表或通过电话/微信（87219936/13156193896）进行报名。报名时请提供孩子的姓名、年龄及联系方式。。?? 准备事项：。自备跳绳：每位参赛小朋友需自备一根跳绳，确保比赛顺利进行。。着装舒适：请穿着适合运动的服装和鞋子，以最佳状态迎接比赛。。安全第一：比赛过程中请遵守规则，注意安全，友谊第一，比赛第二。。?? 奖项设置：我们将为各项目组别的优胜者颁发精美奖品，更有参与奖等待每一位勇敢参与的小朋友！。让我们在这个充满活力的季节里，以绳为媒，共赴一场健康与快乐的盛宴。期待每一位小朋友的精彩表现，不见不散！。                        。     ??恒大绿洲第四社区居委会""。。(客户):""[链接]""。08月26日 18:19分。七分毒-(客户):""电梯上谁的纸忘了，想起来来我家拿""。08月26日 18:39分。A大漠(客户):""??物业秩序“小蜜蜂” ??。[庆祝]“小蜜蜂”来了！来了！[庆祝]。[太阳]有事，您说话[太阳]。[庆祝]车辆电瓶亏电启动不了！。[庆祝]家里有沉物品搬不动了！。[庆祝]买了好多东西拿不了！。联系电话：0531-55612606。秩序小“蜜蜂”竭诚为您服务！[耶][耶][耶]。[庆祝]我们的口号：。[庆祝]真心帮助每一位[庆祝]。[庆祝]热心服务每一人[庆祝]。[庆祝]赠人玫瑰[玫瑰]，手有余香[庆祝]""。A大漠(客户):""[图片]""。08月26日 19:15分。－(客户):""[文件下载失败]""。－(客户):""负二电梯坏了，二单元东侧""。37-38将停用，请添加企业微信(客户):""收到""。济南绿洲37-38管家立冬(员工):""已联系值班师傅处理[抱拳]""。08月26日 19:35分。LH789(客户):""@七分毒-?我的纸，是不是顺清柔的，我孩子忘拿了[捂脸][捂脸]""。七分毒-(客户):""来拿吧亲""。LH789(客户):""@七分毒-?你几楼的""。七分毒-(客户):""2-401""。LH789(客户):""谢谢""。LH789(客户):""一会过去拿""。LH789(客户):""刚找纸呢找不着了，一看群里还真找着了""。LH789(客户):""[呲牙][呲牙]""。LH789(客户):""@七分毒-?谢谢""。08月26日 20:03分。你的月亮我的心(客户):""尊敬的业主，您好：。       为更好、更快的解决业主问题，现将各值班人员、联系电话及值班时间公示在群内，各位业主可直接电话联系或在群内@秩序110。1、日常家用维修工具(螺丝刀、活动扳手、小锤等);。2、小型购物车、平板车、人字梯、打气筒，应急医用品等。。为您爱家保驾护航，如果您有家政保洁、直饮水卡办理、白蚁消杀、有偿维修、房屋租赁的业务需求，随时与我们联系，为您提供专业的服务。。【秩序维护部】。[爱心]1.值班时间段：。????20:00－08:00????。[爱心]2.值班中队长-赵队电话：0531-55615881。[爱心]3.物业服务电话：0531-55615896、55615596。??4.监控室值班24小时电话：0531-55612606。3、【物业-安保服务“小蜜蜂”】。[抱拳]如您家中有需要帮助的请联系我们?。[爱心]24小时为各位家人守候。[合十]贴心服务、真诚相伴。如需便民服务车，请直接联系；。①55612606。②55612808。有事您说话，我们会在第一时间安排人员帮你处理[玫瑰][玫瑰]""。你的月亮我的心(客户):""[图片]""。08月26日 21:38分。明天会更好平(客户):""咱们的楼顶是通道下雨往家里漏水，是不是得改修？""。明天会更好平(客户):""楼顶是通道，就是公共场所应该修房顶""。08月26日 23:50分。你的月亮我的心(客户):""尊敬的业主大家好！我是夜间执勤赵队长，金碧物业安保服务8月26号巡查，时刻守护业主们的安全，请安心入睡，如有紧急情况请拨打0531-55612606""。你的月亮我的心(客户):""[图片]""。08月27日 03:01分。你的月亮我的心(客户):""尊敬的业主大家好！我是夜间执勤赵队长，金碧物业安保服务8月27号巡查，时刻守护业主们的安全，请安心入睡，如有紧急情况请拨打0531-55612606""。你的月亮我的心(客户):""[图片]""。&&&","{""事件提取"":null,""提取结果"":false}"
群聊负向,"这是要分析的对话:&&&08月26日 09:14分。恒大城???? 秩序部 三期监控室(客户):""[视频号消息]""。恒大城???? 秩序部 三期监控室(客户):""[图片]""。恒大城???? 秩序部 三期监控室(客户):""“客服”给你打来电话，说你网购商品出现问题！可以给你申请退款，还给你发来陌生链接！让你注册账号填写信息，再说因“操作失误”导致账户被冻结，让你转账解冻后才能退款？南昌反诈提醒您：退换货请认准官方平台，陌生链接不要点击，不要透露个人信息。敬请各位领导同事转发反诈视频及反诈日历。[抱拳][抱拳][抱拳]""。08月26日 10:19分。可可西里(客户):""群里有没有修煤气灶师傅""。08月26日 10:47分。可可西里(客户):""打不着火""。ZX(客户):""换电池""。美加华，道奇卫浴小钟(客户):""@可可西里?到网上预约""。美加华，道奇卫浴小钟(客户):""我上次花了300[撇嘴]""。黄欢??????(客户):""@可可西里?抖音搜一下""。可可西里(客户):""厉害""。黄欢??????(客户):""各种情况都有   都能自己解决""。可可西里(客户):""换了，不是这个问题""。可可西里(客户):""物业都不能解决""。可可西里(客户):""精装房，海尔的""。ZX(客户):""他们收物业费比较积极[呲牙]""。08月26日 10:52分。美加华，道奇卫浴小钟(客户):""@可可西里?看一下是不是煤气灶湿了""。美加华，道奇卫浴小钟(客户):""那样也会打不着""。08月26日 10:58分。可可西里(客户):""是""。可可西里(客户):""物业说，油太多了，油太多就洗了一下，洗了一下还是不能打着""。可可西里(客户):""不知道什么原因，开不了火，好难打着，好久了。不是现在，现在两个都打不着了""。可可西里(客户):""本来精装房嘛，这个煤气灶什么的，他肯定时间久了会不好用，肯定物业要安排有人来维修啊""。可可西里(客户):""那如果是材料费的话，那业主肯定会出，对不对？""。可可西里(客户):""那后期维护啊，精装房好多问题的，这物业也真的是要开个会说一下""。恒大城-管家-小冷(员工):""您好 这个小家电确实物业师傅也不专业 这…………""。08月26日 11:13分。可可西里(客户):""我已经找人上门了""。可可西里(客户):""@恒大城-管家-小冷?谢谢""。08月26日 11:21分。恒大城-管家-小冷(员工):""[OK][抱拳]""。08月26日 12:30分。酒有故事(客户):""@恒大城-管家-小冷?您好，请问一下物业电话号码""。恒大城???? 秩序部 三期监控室(客户):""@酒有事故?85130408""。酒有故事(客户):""收到，谢谢！""。08月26日 18:19分。恒大城???? 秩序部 三期监控室(客户):""重要警示：。    8月23日晚10时，江苏省宿迁市一电动自行车店起火，虽然仅半小时明火就得到控制，但仍造成6人死亡（尤为痛心的是，遇难者中4人系未成年人）。此前，2024年2月23日4时许，江苏南京市雨花台区一小区发生电动自行车火灾，造成15人死亡，44人受伤。今年4月27日，我县一小区也发生了电动自行车火灾亡人事件。在此警示，电动自行车起火，燃烧迅速并会在短时间造成大量有害气体，因灾致死率极高！因此，为了大家的生命财产安全，恳请各位业主对自己负责，也对左右邻里负责，严禁将电动自行车违规入楼、违规充电！也请各位监督，一发现有电动车上楼进单元的，请及时联系物业24小时电话:85130408，物业会第一时间上户整治，保障大家居住安全。""。08月26日 19:09分。阿西(客户):""[文件下载失败]""。阿西(客户):""@恒大城???? 秩序部 三期监控室?""。阿西(客户):""天都黑了，开路灯""。恒大城???? 秩序部 三期监控室(客户):""@50～1?马上就快了""。恒大城???? 秩序部 三期监控室(客户):""还有几分钟就到时间了，自动会开""。08月26日 20:00分。恒大城???? 秩序部 三期监控室(客户):""? 2024.8.26日? 。【秩序维护部】 。1.夜班值班时间段：20：00—08：00。2.夜班值班队长:徐霖。3.物业24小时服务电话：0791-85957719/85130408。? 【物业小贴士】?。1、园区道路是大家的，请将爱车停至车位或车库，勿占行车主干道。。2、予人方便，予己方便，整齐有序，文明停车。。3、随身携带门禁卡，刷卡进出，提高安全防止偷盗。。4、请随手关大堂门，轻拉轻推，勿用力拉扯。。5、非机动车请勿进大堂、楼道内充电。。6、请勿让爱宠随地大小便，做文明养宠人。""。&&&","[
    {
        ""业主情感强度"": {
            ""可可西里"": ""一般负面"",
            ""ZX"": ""一般负面""，

        },
        ""事件讨论开始时间"": ""08月26日 10:19分"",
        ""事件讨论结束时间"": ""08月26日 11:13分"",
        ""事件详情"": ""业主可可西里反映家中精装房的煤气灶打不着火，物业未能及时解决问题，可可西里对此表示不满。期间，业主ZX对物业费收取积极而服务不周的情况表示讽刺。"",
        ""话题倾向"": """"
    }
]"
群聊负向,"这是要分析的对话:&&&08月26日 08:02分。姜(客户):""尊敬的各位业主：早上好[玫瑰]。8月26日秩序部白班已接班，执勤安排如下：。一、值班:姜小朋 18786658735。二、24小时值班电：0851-83873003。辖区派出所电话：0851-83851334。三、带班时间：08:00-20:00。四、我们将12小时坚守岗位，如有需要请致电，我们将竭诚为您服务。外出请关好门窗、水电及燃气、出入小区带好业主卡、做好个人防护。。贵阳恒大文化旅游城物业服务中心祝您：生活愉快！[烟花]""。姜(客户):""[图片]""。08月26日 11:01分。姜(客户):""#金碧物业·秩序(保安)服务篇。??用心打磨每一个细节，用真诚赢得您的信赖??。??优美的环境，优良的秩序，优质的服务，都藏在细节里??。?从平凡处发现不平凡，感受我们的用心??。??绝不辜负您的信赖，全心全意为您服务??。         ??金碧物业  我们与您同在。               ——贵阳恒大文化旅游城物业服务中心""。姜(客户):""[图片]""。08月26日 12:26分。心之恋(客户):""【提示】买卖游戏账号、游戏装备等一定要在官方平台进行，不要点击陌生链接，以交保证金、提现失败、账号冻结等理由要求继续充值的都是诈骗！""。心之恋(客户):""通知：。8月25日是全国第八个残疾预防日，筑安社区居委会于明天8月27日（本周二）上午在辖区内开展“预防疾病致残  共享健康生活”宣传服务活动，希望学校有社会实践活动要求的学生积极参与，请有意参加志愿服务活动的人员于8月27日早上9:30到8组团筑安社区居委会集中开展活动。""。心之恋(客户):""[视频号消息]""。08月26日 19:51分。王夏15(客户):""管家，14楼垃圾桶装满了！冒出来了""。王夏15(客户):""麻烦找人清理一下""。王夏15(客户):""谢谢""。08月26日 19:57分。文旅城-管家-周鹏(员工):""好的，我联系保洁明天一早就过来处理""。08月26日 20:07分。王夏15(客户):""小区内路上骑车的小孩很多，一个大点的孩子撞倒小一点的，两个倒在地上""。王夏15(客户):""有一个差点把我撞倒""。游露(客户):""我让人过来巡查提醒一下""。王夏15(客户):""希望物业管理规范一下""。王夏15(客户):""谢谢""。游露(客户):""[抱拳][抱拳]""。08月26日 20:17分。吕国忠(客户):""上次我被小孩骑自行车撞伤这几天还没好[流泪]。当时我只是叫家长来提醒一下孩子，下次骑车注意，自己干痛苦。""。吕国忠(客户):""[图片]""。吕国忠(客户):""{""pre_msgid"":""11513217756251830999_1724674773346_external""}""。吕国忠(客户):""[图片]""。吕国忠(客户):""[图片]""。08月26日 20:22分。        (客户):""?各位业主：晚上好！[玫瑰]。8月26日秩序部夜间执勤安排：。值班：罗锋18285024210 。维修部：何彬18984855091?。辖区派出所电话：0851-83851334。三、带班时间：20:00-08:00。四、我们将12小时坚守岗位，如有需要请致电，我们将竭诚为您服务。夜间休息请关好门窗，做好安全防范，出入小区带好业主卡、谨防尾随。。贵阳恒大文化旅游城物业服务中心祝您：生活愉快！[烟花]""。08月26日 20:29分。游露(客户):""[图片]""。游露(客户):""[图片]""。游露(客户):""[图片]""。游露(客户):""[图片]""。游露(客户):""[图片]""。游露(客户):""@吕国忠?@王夏15?已对园区内骑车的小孩做提醒 ""。        (客户):""[图片]""。        (客户):""[视频]""。08月26日 20:37分。        (客户):""[图片]""。&&&","[
    {
        ""业主情感强度"": {
            ""王夏15"": ""一般负面"",
            ""吕国忠"": ""一般负面""
        },
        ""事件讨论开始时间"": ""08月26日 20:07分"",
        ""事件讨论结束时间"": ""08月26日 20:29分"",
        ""事件详情"": ""在小区内，有小孩骑自行车撞倒其他小孩，并差点撞到业主王夏15。另外，业主吕国忠之前被骑自行车的孩子撞伤，至今未愈。两位业主均对此情况表示不满，并希望物业能够规范管理。"",
        ""话题倾向"": """"
    }
]"
群聊负向,"这是要分析的对话:&&&08月26日 09:01分。恒大社区居委会8731213(客户):""[视频号消息]""。08月26日 10:16分。恒大社区居委会8731213(客户):""活动通知：恒大社区将于本周三8月28日下午3：00开展社区文明宣传和清扫活动，请需要参与暑假社会实践活动的学生扫下方的腾讯问卷报名参与。。集合地点：恒大社区居委会办公室（恒大城1期1栋内铺）。集合时间：8月28日下午2：50。备注：目前我们发的志愿活动主要是针对学校有要求学生参加暑假社会实践活动要盖章的或者是学校有要求做I志愿的学生，一般是中学生或者大学生，因每次活动人数有限，请没有这方面要求的学生家长暂时不要报名，谢谢！。温馨提示：。1.最近天气多变，请自备雨具遮阳防雨，注意安全。。2.请有需要拍照交学校的同学，自行带手机拍照哈。3.本次活动为24年暑期学生社会实践活动的最后一次活动，后续将不再开展，请有需要的学生积极参与。""。恒大社区居委会8731213(客户):""[图片]""。08月26日 17:11分。韶关恒大城-管家-杨洪财(员工):""@所有人。关于八月园区消杀通知。尊敬的业…………""。08月26日 17:33分。至秦(客户):""@韶关恒大城-管家-杨洪财?。40栋货梯很响""。08月26日 17:41分。韶关恒大城-管家张世辉(员工):""@40-2001我们安排师傅过去查看""。08月26日 18:06分。毛哥(客户):""40栋的电梯这声音不正常""。韶关恒大城-管家-杨洪财(员工):""已通知电梯师傅""。毛哥(客户):""@韶关恒大城-管家-杨洪财?师傅来之前是不是放个提示标志，叫大家暂时不要乘坐这台电梯。安全第一""。08月26日 19:06分。韶关恒大城B区监控员(客户):""2024-8-26。【秩序维护部】。1、值班时间段:【19:00-7:00】。2、值班中队长:  李佰全。联系电话：18933707875。【温馨提示】。请各位业主知悉，如需要帮助或遇紧急情况，请电话联系值班室或值班中队长。。物业24小时值班电话：0751-8706100。0751-8706228""。08月26日 19:37分。韶关恒大城-管家-杨洪财(员工):""这是一条引用/回复消息：。""毛哥。@韶…………""。08月26日 19:43分。毛哥(客户):""@韶关恒大城-管家-杨洪财?安全了就好，辛苦啦！""。&&&","{""事件提取"":null,""提取结果"":false}"
群聊负向,"这是要分析的对话:&&&08月26日 09:16分。恒大城???? 秩序部 三期监控室(客户):""[视频号消息]""。恒大城???? 秩序部 三期监控室(客户):""“客服”给你打来电话，说你网购商品出现问题！可以给你申请退款，还给你发来陌生链接！让你注册账号填写信息，再说因“操作失误”导致账户被冻结，让你转账解冻后才能退款？南昌反诈提醒您：退换货请认准官方平台，陌生链接不要点击，不要透露个人信息。敬请各位领导同事转发反诈视频及反诈日历。[抱拳][抱拳][抱拳]""。恒大城???? 秩序部 三期监控室(客户):""[图片]""。08月26日 11:31分。恒大城-管家-罗欢(员工):""【关于四害消杀的温馨提示】。      …………""。恒大城-管家-罗欢(员工):""[文件下载失败]""。08月26日 12:32分。寒江雪(客户):""[图片]""。寒江雪(客户):""[图片]""。寒江雪(客户):""@恒大城???? 秩序部 三期监控室?，请通知移车，直接挡在我车位正前方。""。恒大城???? 秩序部 三期监控室(客户):""好""。恒大城???? 秩序部 三期监控室(客户):""@19-1-503?稍等一下""。恒大城???? 秩序部 三期监控室(客户):""@19-1-503?车主马上来""。08月26日 15:51分。恒大城-管家-罗欢(员工):""【南昌恒大城—周报】。?? 一周美好，与…………""。恒大城-管家-罗欢(员工):""[图片]""。08月26日 16:25分。恒大城-管家-罗欢(员工):""【44栋地库口维修封闭通知】。    各…………""。恒大城-管家-罗欢(员工):""[图片]""。08月26日 18:16分。恒大城???? 秩序部 三期监控室(客户):""重要警示：。    8月23日晚10时，江苏省宿迁市一电动自行车店起火，虽然仅半小时明火就得到控制，但仍造成6人死亡（尤为痛心的是，遇难者中4人系未成年人）。此前，2024年2月23日4时许，江苏南京市雨花台区一小区发生电动自行车火灾，造成15人死亡，44人受伤。今年4月27日，我县一小区也发生了电动自行车火灾亡人事件。在此警示，电动自行车起火，燃烧迅速并会在短时间造成大量有害气体，因灾致死率极高！因此，为了大家的生命财产安全，恳请各位业主对自己负责，也对左右邻里负责，严禁将电动自行车违规入楼、违规充电！也请各位监督，一发现有电动车上楼进单元的，请及时联系物业24小时电话:85130408，物业会第一时间上户整治，保障大家居住安全。""。08月26日 18:51分。飘雪(客户):""本店招聘服务员，3000一个月每天做八个小时左右""。飘雪(客户):""{""pre_msgid"":""14967811774581948747_1724669477437_external""}""。飘雪(客户):""本店招聘服务员，3000一个月每天做八个小时左右，18870836030""。飘雪(客户):""{""pre_msgid"":""3490163610153733846_1724669507394_external""}""。飘雪(客户):""本店招聘服务员，3000一个月每天做八个小时左右，18870836064""。飘雪(客户):""{""pre_msgid"":""1506717441599379208_1724669525385_external""}""。飘雪(客户):""本店招聘服务员，3000一个月每天做八个小时左右，游18870836064。游氏姐妹粉面馆（恒大影城店）""。08月26日 20:00分。恒大城???? 秩序部 三期监控室(客户):""? 2024.8.26日? 。【秩序维护部】 。1.夜班值班时间段：20：00—08：00。2.夜班值班队长:徐霖。3.物业24小时服务电话：0791-85957719/85130408。? 【物业小贴士】?。1、园区道路是大家的，请将爱车停至车位或车库，勿占行车主干道。。2、予人方便，予己方便，整齐有序，文明停车。。3、随身携带门禁卡，刷卡进出，提高安全防止偷盗。。4、请随手关大堂门，轻拉轻推，勿用力拉扯。。5、非机动车请勿进大堂、楼道内充电。。6、请勿让爱宠随地大小便，做文明养宠人。""。08月26日 20:15分。恒大城-管家-罗欢(员工):""尊敬的各位业主：。        您好！…………""。08月26日 20:46分。??～芝芝(客户):""我不会再客客气气打电话通知，（你好你占用车位了，请摞下车），天天停天天打，我电话费也是要钱的""。??～芝芝(客户):""[图片]""。??～芝芝(客户):""我特么的10天9天都在打电话摞车，哪有这样的""。08月26日 20:52分。lele(客户):""「??～芝芝：我特么的10天9天都在打电话摞车，哪有这样的」。- - - - - - - - - - - - - - -。不要让他出去。 我看好你""。闲得无聊(客户):""@??～芝芝?不好意思，这个车是我妹妹的，她到我家吃一下饭就走的，""。闲得无聊(客户):""停了你的车位""。08月26日 20:57分。闲得无聊(客户):""真的不好意思""。闲得无聊(客户):""她很少到这边来""。08月26日 21:07分。闲得无聊(客户):""@恒大城???? 秩序部 三期监控室?麻烦你叫他挪一下车""。闲得无聊(客户):""[图片]""。08月26日 21:13分。??～芝芝(客户):""@闲得无聊?秩序没空看群，我马上到""。闲得无聊(客户):""@??～芝芝?谢谢你""。闲得无聊(客户):""@??～芝芝?今天真的不好意思""。&&&","[
    {
        ""业主情感强度"": {
            ""??～芝芝"": ""强烈负面""
        },
        ""事件讨论开始时间"": ""08月26日 20:46分"",
        ""事件讨论结束时间"": ""08月26日 21:13分"",
        ""事件详情"": ""业主??～芝芝反映，连续多日有车辆占用其车位，需要每天打电话要求移车，对此表示极度不满。从对话中可以看出，该问题已经持续了较长一段时间，??～芝芝的情绪非常激动，甚至爆粗口表达不满。"",
        ""话题倾向"": """"
    }
]"
群聊负向,"这是要分析的对话:&&&08月26日 07:20分。July.(客户):""小区里这是什么动静""。July.(客户):""大早上的乱死了""。阳光总在风雨后(客户):""修理草坪的""。08月26日 07:28分。阳光总在风雨后(客户):""[文件超过最大限制]""。08月26日 08:06分。A00(客户):""尊敬的业主，您好：。       为更好、更快的解决业主问题，现将各值班人员、联系电话及值班时间公示在群内，各位业主可直接电话联系或在群内@秩序110。1、日常家用维修工具(螺丝刀、活动扳手、小锤等);。2、小型购物车、平板车、人字梯、打气筒，应急医用品等。。为您爱家保驾护航，如果您有家政保洁、直饮水卡办理、白蚁消杀、有偿维修、房屋租赁的业务需求，随时与我们联系，为您提供专业的服务。。【秩序维护部】。[爱心]1.值班时间段：。????08:00－20:00????。[爱心]2.值班中队长-赵队电话：0531-83131013。[爱心]3.物业服务电话：0531-55615896、55615596。??4.监控室值班24小时电话：0531-55612606。3、【物业-安保服务“小蜜蜂”】。[抱拳]如您家中有需要帮助的请联系我们?。[爱心]24小时为各位家人守候。[合十]贴心服务、真诚相伴。如需便民服务车，请直接联系；。①55612606。②55612808。有事您说话，我们会在第一时间安排人员帮你处理[玫瑰][玫瑰]""。A00(客户):""[图片]""。08月26日 08:28分。JN29岁月静好(客户):""。[庆祝]雨后园林座椅已擦拭[庆祝]。    [烟花]游乐设施已清理?积水清理中[烟花]。恒大绿洲保洁团队为您服务[玫瑰]""。JN29岁月静好(客户):""[图片]""。08月26日 08:45分。恒大绿洲22-23-24-25管家谷雨(员工):""????金碧物业晨跑开跑啦！！！大朋友、…………""。恒大绿洲22-23-24-25管家谷雨(员工):""[图片]""。恒大绿洲22-23-24-25管家谷雨(员工):""[图片]""。08月26日 08:52分。王丽(客户):""              [庆祝][庆祝]通知[庆祝][庆祝]。        为切实提高妇女健康水平，提升自我保健意识。恒大绿洲第三社区联合济南市人民医院将在恒大三社区开展甲状腺、乳腺癌免费检查。。时间：2024年8月26日（周一）。上午9:00——11：30下午14:00——16:00。地点：恒大三期31号楼内铺党群服务中心。                  。                 恒大绿洲第三社区。                   2024年8月23日""。王丽(客户):""[链接]""。王丽(客户):""[小程序消息]""。王丽(客户):"" 各位居民:。       为提高社区火灾预警和防控能力，保障居民的居家安全。由政府联合联通公司为居民免费上门安装独立式烟感报警器。安装以后若家中有火灾隐患，可通过网络直接推送给业主本人及消防大队。目前先进行报名，后期会有联通公司工作人员与业主联系，上门进行安装。本期独立式烟感报警器数量80个，先报先得 ，报满为止。。              恒大绿洲第三社区。                   2024.8.22""。08月26日 10:22分。王丽(客户):""8.13元，接到[爆竹]“银监会”[爆竹]电话被骗。。3.63万元，大学生??兼职??被骗。。3.5万元，初中生被骗。。3.46万元，妇女?兼职刷单?被骗。。2.31万元，男青年[色]约炮[色]被骗。。。男青年[色][色]约炮[色][色]，妇女??兼职刷单??、????被“异性网友”诱导投资????诈骗高发！。转发提醒好家里的[拥抱]年轻人、妇女[拥抱]！。。【8月25日电诈警情通报】（近三天典型案例）。【平安街道、开发区派出所】。1、乙武村居民（开发区报警），【接到“银监会”电话】被骗8.13万元。。??手段：接到电话，对方自称?【“银监会”工作人员】??，要帮其“降低网贷利率”，还让其??登陆假的银监会网站??。。        过程中，?开启“屏幕共享”?，指导其将钱转走。。。【大学城、大学路派出所】。2、山东师范大学思想政治教育专业大四学生，【兼职】被骗3.63万元。。??手段：网上看到信息，兼职（“垫资”代充话费）。对方称选择[爆竹][爆竹]“企业代付”[爆竹][爆竹]，??钱就不会被转走，但操作后，钱还是被转走??。。       对方称其操作失误，??为退款，按对方要求，继续转账??。。。【马山镇、马山派出所】。3、周庙村初中生，【找人“解封微信”】被骗3.5万元。。??手段：快手找人解封微信，对方让其?提供了家长微信、银行卡的【验证码】?，钱被转走。。。【文昌街道、新城派出所】。4、建发天玺妇女，网上兼职【垫资做任务、刷销量、刷关注、刷点赞】被骗3.46万元。。??手段：??被陌生人拉进群??，推荐足不出户做兼职，[裂开]抖音刷关注[裂开]挣到佣金，后被引诱??“垫资”刷购“抖币”??。。        前期挣到小额返利，后被以【系统设置，需要[苦涩]连续刷任务才能退还垫付金、佣金[苦涩]】，【??操作失误，需要刷补救单??】为由要求转账。。。【崮云湖街道、大学路派出所】。5、河南籍务工男青年（租住乐天），【刷单做任务以?? 免费约炮?? 】被骗2.31万元。。??手段：??网上看到信息??，下载APP，为[吐]解锁约炮资格[吐]，??“约炮”客服引诱其“垫资”刷“会员费”??，前期挣到小额返利。。        后被以【系统设置，需要[裂开]连续刷任务[裂开]才能退还垫付金、佣金】、【??操作失误??（后台都能做手脚），刷补救单】为由要求多次转账。""。08月26日 10:28分。王丽(客户):""各位居民朋友:。       为保障济南市居民健康权益，逐步健全完善居民特殊疾病风险体系，区妇联与中国人寿保险股份有限公司济南分公司启动了“男性女性安康保障工程”面向18周岁至60周岁以下身体健康者推出团体安康保险，社区居民可根据个人情况自愿购买。。详情请咨询恒大三社区居委会。。地址:恒大22号楼内铺。。电话：87207026""。王丽(客户):""[图片]""。08月26日 12:08分。恒大绿洲22-23-24-25管家谷雨(员工):""????金碧物业晨跑开跑啦！！！打卡第一…………""。恒大绿洲22-23-24-25管家谷雨(员工):""[文件超过最大限制]""。08月26日 12:30分。恒大绿洲22-23-24-25管家谷雨(员工):""[图片]""。恒大绿洲22-23-24-25管家谷雨(员工):""{""pre_msgid"":""760356…………""。08月26日 18:43分。A大漠(客户):""??物业秩序“小蜜蜂” ??。[庆祝]“小蜜蜂”来了！来了！[庆祝]。[太阳]有事，您说话[太阳]。[庆祝]车辆电瓶亏电启动不了！。[庆祝]家里有沉物品搬不动了！。[庆祝]买了好多东西拿不了！。联系电话：0531-55612606。秩序小“蜜蜂”竭诚为您服务！[耶][耶][耶]。[庆祝]我们的口号：。[庆祝]真心帮助每一位[庆祝]。[庆祝]热心服务每一人[庆祝]。[庆祝]赠人玫瑰[玫瑰]，手有余香[庆祝]""。A大漠(客户):""[图片]""。08月26日 20:03分。你的月亮我的心(客户):""尊敬的业主，您好：。       为更好、更快的解决业主问题，现将各值班人员、联系电话及值班时间公示在群内，各位业主可直接电话联系或在群内@秩序110。1、日常家用维修工具(螺丝刀、活动扳手、小锤等);。2、小型购物车、平板车、人字梯、打气筒，应急医用品等。。为您爱家保驾护航，如果您有家政保洁、直饮水卡办理、白蚁消杀、有偿维修、房屋租赁的业务需求，随时与我们联系，为您提供专业的服务。。【秩序维护部】。[爱心]1.值班时间段：。????20:00－08:00????。[爱心]2.值班中队长-赵队电话：0531-55615881。[爱心]3.物业服务电话：0531-55615896、55615596。??4.监控室值班24小时电话：0531-55612606。3、【物业-安保服务“小蜜蜂”】。[抱拳]如您家中有需要帮助的请联系我们?。[爱心]24小时为各位家人守候。[合十]贴心服务、真诚相伴。如需便民服务车，请直接联系；。①55612606。②55612808。有事您说话，我们会在第一时间安排人员帮你处理[玫瑰][玫瑰]""。你的月亮我的心(客户):""[图片]""。08月26日 23:52分。你的月亮我的心(客户):""尊敬的业主大家好！我是夜间执勤赵队长，金碧物业安保服务8月26号巡查，时刻守护业主们的安全，请安心入睡，如有紧急情况请拨打0531-55612606""。你的月亮我的心(客户):""[图片]""。08月27日 02:59分。你的月亮我的心(客户):""尊敬的业主大家好！我是夜间执勤赵队长，金碧物业安保服务8月27号巡查，时刻守护业主们的安全，请安心入睡，如有紧急情况请拨打0531-55612606""。你的月亮我的心(客户):""[图片]""。&&&","[
    {
        ""业主情感强度"": {
            ""July."": ""强烈负面""
        },
        ""事件讨论开始时间"": ""08月26日 07:20"",
        ""事件讨论结束时间"": ""08月26日 07:28"",
        ""事件详情"": ""在08月26日早上，业主July.对小区里的噪音表示不满，称'大早上的乱死了'，另一位业主阳光总在风雨后回复是修理草坪的声音。此事件中，业主July.明显表现出对小区早晨噪音的强烈不满。"",
        ""话题倾向"": """"
    }
]"
群聊负向,"这是要分析的对话:&&&08月26日 08:44分。徐国飞(员工):""?????????家人们，早上好~。今天…………""。08月26日 10:11分。芬飞(客户):""@吴兴丹?管家你好，这个空调水的问题看好久能解决呢？我们家不光主卧，这两天晚上次卧也有水滴下来，次卧是我老妈在睡觉她今早给我说，这两天滴答滴答的整晚睡不着觉，晚上纱窗和台面都是水，麻烦看看什么时候能解决呢？""。芬飞(客户):""老人家本来睡眠就不好，晚上滴答滴答的整晚都睡不着呢[抓狂]""。徐国飞(员工):""这是一条引用/回复消息：。""芬飞。@吴兴…………""。08月26日 10:16分。芬飞(客户):""[图片]""。芬飞(客户):""次卧这个位置""。芬飞(客户):""「玲霖????家和遠方：[图片]」。- - - - - - - - - - - - - - -。主卧之前反映过是这里""。芬飞(客户):""[图片]""。08月26日 10:22分。徐国飞(员工):""这是一条引用/回复消息：。""芬飞。[图片…………""。芬飞(客户):""好的""。08月26日 20:02分。??普通?市民???(客户):""各位业主：晚上好！[玫瑰]。8月26日秩序部夜间执勤安排：。一、带班队长：段宏。15085960971。工程值班人员：杨丙云 。 13984310672。二、24小时值班电话：。0851-83862661。辖区派出所电话：。0851-83851334。三、带班时间：20:00-08:00。四、我们将12小时坚守岗位，如有需要请致电，我们将竭诚为您服务。夜间休息请关好门窗，做好安全防范，出入小区带好业主卡、谨防尾随。。贵阳恒大文化旅游城物业服务中心祝您：生活愉快！[烟花]""。??普通?市民???(客户):""[视频]""。08月26日 23:11分。筑安(客户):""[视频号消息]""。筑安(客户):""通知：。8月25日是全国第八个残疾预防日，筑安社区居委会于明天8月27日（本周二）上午在辖区内开展“预防疾病致残  共享健康生活”宣传服务活动，希望学校有社会实践活动要求的学生积极参与，请有意参加志愿服务活动的人员于8月27日早上9:30到8组团筑安社区居委会集中开展活动。""。筑安(客户):""【提示】买卖游戏账号、游戏装备等一定要在官方平台进行，不要点击陌生链接，以交保证金、提现失败、账号冻结等理由要求继续充值的都是诈骗！""。08月26日 23:22分。??普通?市民???(客户):""[图片]""。&&&","[
    {
        ""业主情感强度"": {
            ""芬飞"": ""强烈负面""
        },
        ""事件讨论开始时间"": ""08月26日 10:11分"",
        ""事件讨论结束时间"": ""08月26日 10:22分"",
        ""事件详情"": ""业主芬飞反映其主卧和次卧存在空调水滴落问题，导致其母亲整晚无法入睡，对此表示非常不满。具体表现为次卧滴答滴答的水声影响老人睡眠，且次卧台面和纱窗都是水。"",
        ""话题倾向"": """"
    }
]"
群聊负向,"这是要分析的对话:&&&08月26日 09:18分。恒大城???? 秩序部 三期监控室(客户):""“客服”给你打来电话，说你网购商品出现问题！可以给你申请退款，还给你发来陌生链接！让你注册账号填写信息，再说因“操作失误”导致账户被冻结，让你转账解冻后才能退款？南昌反诈提醒您：退换货请认准官方平台，陌生链接不要点击，不要透露个人信息。敬请各位领导同事转发反诈视频及反诈日历。[抱拳][抱拳][抱拳]""。恒大城???? 秩序部 三期监控室(客户):""[图片]""。恒大城???? 秩序部 三期监控室(客户):""[视频号消息]""。08月26日 11:45分。恒大城-管家-小李(员工):""【关于四害消杀的温馨提示】。      …………""。恒大城-管家-小李(员工):""[图片]""。08月26日 16:24分。恒大城-管家-小李(员工):""【44栋地库口维修封闭通知】。    各…………""。恒大城-管家-小李(员工):""[图片]""。xiaoyaokuaileNO1(客户):""[视频]""。恒大城-管家-小李(员工):""@xiaoyaokuaileNO1收到，…………""。绿焰(客户):""@恒大城-管家-小李?44栋地下车库进入的地方可以把中间的去掉不，新手开不进去""。08月26日 16:29分。恒大城-管家-小李(员工):""@绿焰您说的是道闸吗，这个没办法去掉哈""。绿焰(客户):""留着有啥用""。绿焰(客户):""车库方向不对，每次180度大转弯""。08月26日 16:35分。恒大城-管家-小李(员工):""停车场道闸是安装在出入口的设备，也是为了…………""。恒大城-管家-小李(员工):""【南昌恒大城—周报】。?? 一周美好，与…………""。恒大城-管家-小李(员工):""[图片]""。绿焰(客户):""@恒大城-管家-小李?是不是准备卖车位了。把业主车位集中卖给外面？""。绿焰(客户):""损害业主利益？""。08月26日 16:50分。Ppt(客户):""政府早就卖了[破涕为笑]""。绿焰(客户):""但是不能加锁，路面车位哪里够""。08月26日 17:01分。Khan(客户):""@恒大城-管家-小李? 完全没必要 这反而会导致堵车""。Khan(客户):""大门都有系统了""。绿焰(客户):""@khan?他的意思不买车位不让停地下""。Khan(客户):""不可能吧""。绿焰(客户):""他们把给业主配套的车位，卖给了第三方，想方设法让我们买车位""。Khan(客户):""@恒大城-管家-小李? 把话说清楚点 为什么安闸""。Khan(客户):""{""pre_msgid"":""4344017809070535083_1724663080611_external""}""。Khan(客户):""@绿焰? 应该不是 44栋拐弯那里 好早就有""。Khan(客户):""都有几年了""。08月26日 17:06分。绿焰(客户):""我让他取消，他不是说了这次维修的目的""。Khan(客户):""@绿焰? 别人意思维修路面""。Khan(客户):""又不是第一次维修""。绿焰(客户):""现在城投在卖车位""。名表维修(客户):""不要让小区外的车辆停小区，看他买了有啥用，飞进去""。绿焰(客户):""前面的楼栋锁了很多车位""。绿焰(客户):""就是试试业主的态度""。Khan(客户):""没有强买强卖一说""。Khan(客户):""以后都是空置楼房""。恒大城-管家小傅(员工):""@xiaoyaokuaileNO1已经沟…………""。08月26日 18:15分。恒大城???? 秩序部 三期监控室(客户):""重要警示：。    8月23日晚10时，江苏省宿迁市一电动自行车店起火，虽然仅半小时明火就得到控制，但仍造成6人死亡（尤为痛心的是，遇难者中4人系未成年人）。此前，2024年2月23日4时许，江苏南京市雨花台区一小区发生电动自行车火灾，造成15人死亡，44人受伤。今年4月27日，我县一小区也发生了电动自行车火灾亡人事件。在此警示，电动自行车起火，燃烧迅速并会在短时间造成大量有害气体，因灾致死率极高！因此，为了大家的生命财产安全，恳请各位业主对自己负责，也对左右邻里负责，严禁将电动自行车违规入楼、违规充电！也请各位监督，一发现有电动车上楼进单元的，请及时联系物业24小时电话:85130408，物业会第一时间上户整治，保障大家居住安全。""。08月26日 20:05分。恒大城???? 秩序部 三期监控室(客户):""? 2024.8.26日? 。【秩序维护部】 。1.夜班值班时间段：20：00—08：00。2.夜班值班队长:徐霖。3.物业24小时服务电话：0791-85957719/85130408。? 【物业小贴士】?。1、园区道路是大家的，请将爱车停至车位或车库，勿占行车主干道。。2、予人方便，予己方便，整齐有序，文明停车。。3、随身携带门禁卡，刷卡进出，提高安全防止偷盗。。4、请随手关大堂门，轻拉轻推，勿用力拉扯。。5、非机动车请勿进大堂、楼道内充电。。6、请勿让爱宠随地大小便，做文明养宠人。""。&&&","[
    {
        ""业主情感强度"": {
            ""Khan"": ""一般负面"",
            ""绿焰"": ""强烈负面""
        },
        ""事件讨论开始时间"": ""08月26日 16:24分"",
        ""事件讨论结束时间"": ""08月26日 17:06分"",
        ""事件详情"": ""在恒大城小区，业主绿焰和Khan对44栋地库口的道闸设置表示不满，认为道闸的存在导致新手难以开车进入，且怀疑物业有意通过这种方式迫使业主购买车位。物业管家解释道闸的作用，但未平息业主的不满。随后，其他业主也加入讨论，表达了对车位管理的不满，质疑物业是否将业主车位卖给第三方。"",
        ""话题倾向"": """"
    }
]"
群聊负向,"这是要分析的对话:&&&08月26日 08:34分。恒大城–管家–丹丹(员工):""【休息知会】。各位亲爱的业主朋友:。  …………""。08月26日 09:11分。恒大城???? 秩序部 三期监控室(客户):""“客服”给你打来电话，说你网购商品出现问题！可以给你申请退款，还给你发来陌生链接！让你注册账号填写信息，再说因“操作失误”导致账户被冻结，让你转账解冻后才能退款？南昌反诈提醒您：退换货请认准官方平台，陌生链接不要点击，不要透露个人信息。敬请各位领导同事转发反诈视频及反诈日历。[抱拳][抱拳][抱拳]""。恒大城???? 秩序部 三期监控室(客户):""[视频号消息]""。恒大城???? 秩序部 三期监控室(客户):""[图片]""。08月26日 09:29分。玖(客户):""停车费又交不了，上个月也是这样，能不能弄好啊，不行换个方式交也行啊。""。08月26日 11:45分。恒大城–管家–丹丹(员工):""【关于四害消杀的温馨提示】。      …………""。恒大城–管家–丹丹(员工):""[图片]""。08月26日 18:19分。恒大城???? 秩序部 三期监控室(客户):""重要警示：。    8月23日晚10时，江苏省宿迁市一电动自行车店起火，虽然仅半小时明火就得到控制，但仍造成6人死亡（尤为痛心的是，遇难者中4人系未成年人）。此前，2024年2月23日4时许，江苏南京市雨花台区一小区发生电动自行车火灾，造成15人死亡，44人受伤。今年4月27日，我县一小区也发生了电动自行车火灾亡人事件。在此警示，电动自行车起火，燃烧迅速并会在短时间造成大量有害气体，因灾致死率极高！因此，为了大家的生命财产安全，恳请各位业主对自己负责，也对左右邻里负责，严禁将电动自行车违规入楼、违规充电！也请各位监督，一发现有电动车上楼进单元的，请及时联系物业24小时电话:85130408，物业会第一时间上户整治，保障大家居住安全。""。08月26日 19:01分。明子..(客户):""[文件下载失败]""。明子..(客户):""可以停电动车占位置的吗""。明子..(客户):""@恒大城???? 秩序部 三期监控室?""。恒大城???? 秩序部 三期监控室(客户):""@明子..?收到""。明子..(客户):""[视频]""。张文(客户):""@明子..?在哪里""。08月26日 19:06分。明子..(客户):""地下室""。明子..(客户):""一单元""。张文(客户):""[表情]""。08月26日 20:00分。恒大城???? 秩序部 三期监控室(客户):""? 2024.8.26日? 。【秩序维护部】 。1.夜班值班时间段：20：00—08：00。2.夜班值班队长:徐霖。3.物业24小时服务电话：0791-85957719/85130408。? 【物业小贴士】?。1、园区道路是大家的，请将爱车停至车位或车库，勿占行车主干道。。2、予人方便，予己方便，整齐有序，文明停车。。3、随身携带门禁卡，刷卡进出，提高安全防止偷盗。。4、请随手关大堂门，轻拉轻推，勿用力拉扯。。5、非机动车请勿进大堂、楼道内充电。。6、请勿让爱宠随地大小便，做文明养宠人。""。&&&","[
    {
        ""业主情感强度"": {
            ""玖"": ""强烈负面""
        },
        ""事件讨论开始时间"": ""08月26日 09:29分"",
        ""事件讨论结束时间"": ""08月26日 09:29分"",
        ""事件详情"": ""玖业主反映停车费交不了的问题，表示上个月也是这样，对物业的服务表示不满，希望能尽快解决问题。"",
        ""话题倾向"": """"
    },
]"
群聊负向,"这是要分析的对话:&&&08月26日 10:23分。爱不解释(客户):""#金碧物业·秩序(保安)服务篇。??用心打磨每一个细节，用真诚赢得您的信赖??。??优美的环境，优良的秩序，优质的服务，都藏在细节里??。?从平凡处发现不平凡，感受我们的用心??。??绝不辜负您的信赖，全心全意为您服务??。         ??金碧物业  我们与您同在。               ——贵阳恒大文化旅游城物业服务中心""。爱不解释(客户):""[图片]""。08月26日 11:46分。凤妹水果批发(客户):""@秩序部 彭文庆?""。凤妹水果批发(客户):""楼上天天有人泼水下来""。爱不解释(客户):""好的，我去一家一家的打一下招呼""。凤妹水果批发(客户):""帮我掉哈监控""。凤妹水果批发(客户):""这样一天泼几次，那家受得了""。爱不解释(客户):""楼上往楼下倒水，我们的监控看不到。""。爱不解释(客户):""我只有一家一家的去问""。08月26日 11:52分。一杯抹茶(客户):""那天我站在窗边上面也是一下子泼水下来了，当时我没有在意""。爱不解释(客户):""有些是租房的，他没在业主群里面。""。悦(客户):""请问现在三房租什么价格""。凤妹水果批发(客户):""不晓得是脚断了，还是手断了""。凤妹水果批发(客户):""一天天泼，丢垃圾下来""。08月26日 11:58分。凤妹水果批发(客户):""太没有点素质了""。08月26日 12:22分。W...(客户):""@凤妹水果批发?你家几楼？""。凤妹水果批发(客户):""201""。W...(客户):""估计有可能是租房的，楼上好像有公寓，有的临时租住一天两天的，泼点水是素质问题，下次把盆扔下来就是高空抛物违法了""。08月26日 12:27分。凤妹水果批发(客户):""关键那天丢玉米胡下来，差点打到我头""。东北爷们儿(客户):""19楼表示从未高空抛物。""。凤妹水果批发(客户):""这样的事不是一天2天了""。东北爷们儿(客户):""没办法，租房的不会爱惜环境的。""。东北爷们儿(客户):""反正又不是他家。""。08月26日 12:37分。杨礼政(客户):""我们已在排查和告诫，也希望已出租的业主转告一下租户[抱拳]""。08月26日 12:51分。文凯里(客户):""可以装个监控对着楼上拍，这样就能查出来了@凤妹水果批发?""。08月26日 12:56分。凤妹水果批发(客户):""我这里按起看不到上面""。凤妹水果批发(客户):""只有楼顶按对到楼下""。08月26日 16:25分。东北爷们儿(客户):""你好请问一下这栋能不能安太阳能啊？""。08月26日 16:44分。杨礼政(客户):""@1903?，不可以哦""。东北爷们儿(客户):""那我们这电费多少钱一度？着不住了。""。东北爷们儿(客户):""我问我同学，他们昆明高层都可以装啊。""。东北爷们儿(客户):""@秩序负责人-杨礼政?""。08月26日 16:49分。杨礼政(客户):""太阳能一般都要装在天面，天面是公区，也容易破坏防水层，所以不允许安的""。东北爷们儿(客户):""阳台那种可以不。""。东北爷们儿(客户):""[图片]""。东北爷们儿(客户):""这种。""。08月26日 17:42分。文凯里(客户):""[图片]""。文凯里(客户):""@1903?这个""。东北爷们儿(客户):""太贵了，遭不住了。一个月要50多块钱电。总共就挣那么点钱，可以去喝西北风了。""。08月26日 18:18分。文凯里(客户):""我们不是接燃气了么，可以用燃气热水器""。&&&","[
    {
        ""业主情感强度"": {

            ""凤妹水果批发"": ""强烈负面"",
            ""一杯抹茶"": ""一般负面""
        },
        ""事件讨论开始时间"": ""08月26日 11:46分"",
        ""事件讨论结束时间"": ""08月26日 12:56分"",
        ""事件详情"": ""业主凤妹水果批发和其他几位业主连续反映存在高空泼水的问题，频率较高，给生活带来困扰，并伴有垃圾抛物现象。物业方表示监控无法覆盖到泼水行为，正在一家一家地打招呼排查。业主对物业管理表示不满，认为缺乏有效措施。"",
        ""话题倾向"": """"
    },
    {
        ""业主情感强度"": {
            ""东北爷们儿"": ""一般负面""
        },
        ""事件讨论开始时间"": ""08月26日 16:25分"",
        ""事件讨论结束时间"": ""08月26日 17:42分"",
        ""事件详情"": ""业主东北爷们儿对电费价格表示不满，认为电费过高，并提出安装太阳能以降低电费，但物业以安全和规定为由拒绝安装。业主对物业给出的解释表示不接受，并对高昂的电费表示强烈的不满。"",
        ""话题倾向"": """"
    }
]"
群聊负向,"这是要分析的对话:&&&08月26日 09:15分。恒大城???? 秩序部 三期监控室(客户):""“客服”给你打来电话，说你网购商品出现问题！可以给你申请退款，还给你发来陌生链接！让你注册账号填写信息，再说因“操作失误”导致账户被冻结，让你转账解冻后才能退款？南昌反诈提醒您：退换货请认准官方平台，陌生链接不要点击，不要透露个人信息。敬请各位领导同事转发反诈视频及反诈日历。[抱拳][抱拳][抱拳]""。恒大城???? 秩序部 三期监控室(客户):""[视频号消息]""。恒大城???? 秩序部 三期监控室(客户):""[图片]""。08月26日 14:27分。詩和遠方(客户):""[视频]""。08月26日 15:26分。恒大城-管家-小尧(员工):""师傅马上到@詩和遠方""。詩和遠方(客户):""已经看了，现在就是怎么解决""。恒大城-管家-小尧(员工):""3202厨房净水器漏水。正在处理@詩和遠…………""。詩和遠方(客户):""我想知道我家厨房怎么处理""。詩和遠方(客户):""到处都是水，""。詩和遠方(客户):""灯里面也是水，电都不敢用""。08月26日 15:31分。恒大城-管家-小尧(员工):""业主，师傅说，您家先不要用电，楼上漏水源…………""。詩和遠方(客户):""吊顶上面全是水，不用管？这是第二次了，""。詩和遠方(客户):""我家的问题不需要给我给处理方法？""。恒大城-管家-小尧(员工):""吊顶的水，要等它干，如需要师傅过去拆扣板…………""。詩和遠方(客户):""跟我把水弄干净，灯跟我换了，检查一下线路""。08月26日 15:40分。恒大城-管家-小尧(员工):""这是一条引用/回复消息：。""恒大城-管家…………""。08月26日 16:48分。恒大城-管家-小尧(员工):""【44栋地库口维修封闭通知】。    各…………""。恒大城-管家-小尧(员工):""[图片]""。08月26日 18:16分。恒大城???? 秩序部 三期监控室(客户):""重要警示：。    8月23日晚10时，江苏省宿迁市一电动自行车店起火，虽然仅半小时明火就得到控制，但仍造成6人死亡（尤为痛心的是，遇难者中4人系未成年人）。此前，2024年2月23日4时许，江苏南京市雨花台区一小区发生电动自行车火灾，造成15人死亡，44人受伤。今年4月27日，我县一小区也发生了电动自行车火灾亡人事件。在此警示，电动自行车起火，燃烧迅速并会在短时间造成大量有害气体，因灾致死率极高！因此，为了大家的生命财产安全，恳请各位业主对自己负责，也对左右邻里负责，严禁将电动自行车违规入楼、违规充电！也请各位监督，一发现有电动车上楼进单元的，请及时联系物业24小时电话:85130408，物业会第一时间上户整治，保障大家居住安全。""。08月26日 20:04分。恒大城???? 秩序部 三期监控室(客户):""? 2024.8.26日? 。【秩序维护部】 。1.夜班值班时间段：20：00—08：00。2.夜班值班队长:徐霖。3.物业24小时服务电话：0791-85957719/85130408。? 【物业小贴士】?。1、园区道路是大家的，请将爱车停至车位或车库，勿占行车主干道。。2、予人方便，予己方便，整齐有序，文明停车。。3、随身携带门禁卡，刷卡进出，提高安全防止偷盗。。4、请随手关大堂门，轻拉轻推，勿用力拉扯。。5、非机动车请勿进大堂、楼道内充电。。6、请勿让爱宠随地大小便，做文明养宠人。""。&&&","[
    {
        ""业主情感强度"": {
            ""詩和遠方"": ""强烈负面""
        },
        ""事件讨论开始时间"": ""08月26日 15:26分"",
        ""事件讨论结束时间"": ""08月26日 15:40分"",
        ""事件详情"": ""詩和遠方业主家中的厨房净水器发生漏水，导致厨房到处都是水，甚至灯里面也有水，造成业主无法正常使用电器。业主对物业的处理方式表示不满，要求物业尽快解决问题，并且对家中造成的损害进行修复。"",
        ""话题倾向"": """"
    }
]"
群聊负向,"这是要分析的对话:&&&08月26日 06:06分。心情尚好15367485711(客户):""[图片]""。心情尚好15367485711(客户):""???♂【防溺水??安全温馨提示】。??亲爱的业主家人们：大家好??。?天气渐热，为了孩子们??的安全，请提高安全防范意识?，时刻监督和管理??好孩子，加强对孩子的防溺水??安全教育，禁止??孩子私自到小溪、水库、江边玩水、捕鱼、捉虾、游泳等。 。??安全无小事 时刻要警惕??。请家长??加强对孩子防溺水的监管力度，提高孩子??防溺水的自觉性?。同时物业工作人员??也会加大对园区的巡逻。为孩子的生命安全构筑坚实的防线??。??如需帮助请拨24小时服务热线。二期?:0731-85066275。一期?:0731-85520610。#长沙恒大雅苑物业服务中心""。心情尚好15367485711(客户):""??长沙恒大雅苑。?2024年8??26日  星期一。?天气: 晴  气温：28－37℃。1、1、广西一景区“飞天魔毯”项目故障致1死60伤 景区提出“买断”赔偿方案；。2、浙江绍兴一医院眼科套取医保资金2000万，手术医生庭审坚称无罪引争议；。3、郑州：相关企业限期撤除全市小区电梯里的“上门按摩”广告；。4、今年三伏，全国平均气温达到23.24℃，为史上最热；。5、日本核污染水排海一年，8轮累计排放将达62500吨；微信搜：每日微语报。6、超80城支持国企等收购存量房：36城已启动征集，“去库存效果最直接”；。7、合肥女子李梅在长沙坐拥87套房，因涉罪被查封，正式被法院挂网待拍卖；。8、安徽发文鼓励探索垂钓实名制，官方回应：还未启动落实；。9、周鸿祎再回应“手表不当回答”：已惩罚产品经理接一个月客服电话；。10、三文鱼刺身隔夜返包销售 胖东来：奖励投诉者10万，补偿购买者1000元；。11、黎真主党宣布第一阶段对以袭击取得成功 发射320余枚火箭弹；。12、世卫组织表示，猴痘疫情存在扩散风险，各国防控措施有待加强；。13、防止播音员“讲真话”，日本广播协会开始预录中文新闻；。14、17名中国公民命丧韩国电池厂 火灾调查：因培训不足错失37秒逃生窗口；。15、美国顶尖纳米科学家打算来华工作，曾因与中国高校合作而被美政府判刑；""。08月26日 09:07分。彪(客户):""【?? 秩序服务?巡逻篇】。我们是白班园区秩序的守护者??。每天园区全覆盖巡视??。希望用我们的行动??。为您营造舒适的居家环境??。如需帮助请拨打24小时服务热线。?:0731一82231519。值班中队长。?:17700582090（二期）。??我们竭诚为您服务??""。彪(客户):""[视频]""。08月26日 09:12分。张露(员工):""[图片]""。张露(员工):""关于开展小区四害消杀的通知。    尊敬…………""。08月26日 11:21分。子鱼(客户):""【??遛狗不随便，随手清狗便??】。     。      ??最近存在严重的不文明养犬的现象，绿化带、草坪的狗便??比比皆是，给其他美邻的生活带来了很大的困扰。。      宠物是人类的朋友，为生活增添不少乐趣??，享受权利的同时还请履行义务哦[抱拳]，为了给小区营造一个整洁和谐的环境??，物业中心倡议各位饲养宠物的业主，请您随身携带废纸或垃圾袋，以便随时清理“排泄物”。    ??优美的居住环境需要大家的共同创造和维护，请从文明养狗开始。??""。子鱼(客户):""[文件超过最大限制]""。08月26日 12:02分。张露(员工):""[图片]""。张露(员工):""【??物业工作周报】  。尊敬的业主/住…………""。08月26日 17:39分。张露(员工):""[图片]""。张露(员工):""关于小区内防范蛇类动物的温馨提示。各位业…………""。08月26日 19:14分。彪(客户):""【?? 秩序服务?巡逻篇】。我们是白班园区秩序的守护者??。每天园区全覆盖巡视??。希望用我们的行动??。为您营造舒适的居家环境??。如需帮助请拨打24小时服务热线。?:0731一82231519。值班中队长。?:17700582090（二期）。??我们竭诚为您服务??""。彪(客户):""[视频]""。08月26日 19:54分。小牛牛(客户):""8月26日园林工作日常""。小牛牛(客户):""[图片]""。08月26日 20:01分。Vampiae(客户):""业主您好??。我是夜班秩序班长（周游：17700582090），也是你的夜间安全守护者??，也许您从来没有见过我，因为我值守在您熟睡的每个晚上。夜间??我们会跟踪可疑人员、巡查车库、巡查园区、巡查楼层。。??清晨06:00我们还会查看每个电梯，确保您上班时电梯正常运行。。??如需帮助请及时拨打24小时服务电话85066275，我会出现在你需要的每个时刻???♂????♂????♂?。祝?您好梦！一醒来又是美美哒的一天哦??????""。08月26日 20:51分。Vampiae(客户):""业主您好??。我是夜班秩序班长（周游：17700582090），也是你的夜间安全守护者??，也许您从来没有见过我，因为我值守在您熟睡的每个晚上。夜间??我们会跟踪可疑人员、巡查车库、巡查园区、巡查楼层。。??清晨06:00我们还会查看每个电梯，确保您上班时电梯正常运行。。??如需帮助请及时拨打24小时服务电话85066275，我会出现在你需要的每个时刻???♂????♂????♂?。祝?您好梦！一醒来又是美美哒的一天哦??????""。08月26日 21:03分。舒～ss(客户):""@中队长周游?你好。有台车老是占了我家车位，麻烦您帮我联系下车主移车。""。舒～ss(客户):""[图片]""。心情尚好15367485711(客户):""@??舒～ss???马上安排""。舒～ss(客户):""好的，谢谢""。舒～ss(客户):""请问联系到车主了吗。我还在等停车""。舒～ss(客户):""@秩序部史纲15367485711?""。心情尚好15367485711(客户):""@??舒～ss???是临停车，已经安排我的长沙""。08月26日 21:08分。心情尚好15367485711(客户):""[图片]""。08月26日 21:46分。二期中队长(客户):""[图片]""。Vampiae(客户):""「二期中队长：[图片]」。- - - - - - - - - - - - - - -。@??舒～ss???车已离开""。舒～ss(客户):""好的，谢谢""。二期中队长(客户):""@舒～ss?你好，车移走了。""。二期中队长(客户):""{""pre_msgid"":""2972367788384957178_1724680054211_external""}""。08月27日 03:50分。yh(客户):""【?? 秩序服务?巡逻篇】。我们是晚班园区秩序的守护者??。每天园区全覆盖巡视??。希望用我们的行动??。为您营造舒适的居家环境??。如需帮助请拨打24小时服务热线。?:0731一82231519。值班中队长。?:17700582090（二期）。??我们竭诚为您服务??""。yh(客户):""[图片]""。&&&","{""事件提取"":null,""提取结果"":false}"
群聊负向,"这是要分析的对话:&&&08月26日 09:03分。恒大社区居委会8731213(客户):""[视频号消息]""。08月26日 10:15分。恒大社区居委会8731213(客户):""活动通知：恒大社区将于本周三8月28日下午3：00开展社区文明宣传和清扫活动，请需要参与暑假社会实践活动的学生扫下方的腾讯问卷报名参与。。集合地点：恒大社区居委会办公室（恒大城1期1栋内铺）。集合时间：8月28日下午2：50。备注：目前我们发的志愿活动主要是针对学校有要求学生参加暑假社会实践活动要盖章的或者是学校有要求做I志愿的学生，一般是中学生或者大学生，因每次活动人数有限，请没有这方面要求的学生家长暂时不要报名，谢谢！。温馨提示：。1.最近天气多变，请自备雨具遮阳防雨，注意安全。。2.请有需要拍照交学校的同学，自行带手机拍照哈。3.本次活动为24年暑期学生社会实践活动的最后一次活动，后续将不再开展，请有需要的学生积极参与。""。恒大社区居委会8731213(客户):""[图片]""。08月26日 17:08分。韶关恒大城-管家-李海通(员工):""     关于八月园区消杀通知。尊敬的业…………""。韶关恒大城-管家-李海通(员工):""[图片]""。休息中)韶关恒大城-管家-徐文珠(员工):""    关于八月园区消杀通知。尊敬的业户…………""。休息中)韶关恒大城-管家-徐文珠(员工):""[图片]""。08月26日 19:03分。韶关恒大城A区监控员(客户):""2024-08-26。【秩序维护部】。1、值班时间段: 19:00-07:00。2、值班中队长: 祝金才。联系:13509859250。【温馨提示】。请各位业主知悉，如需要帮助或遇紧急情况，请电话联系值班室或值班中队长。。物业24小时值班电话：。0751-8709633。0751-8709600""。08月26日 20:02分。文少(客户):""@韶关恒大城A区监控员?45栋右边电梯不动作了，叫师傅过来看看""。韶关恒大城A区监控员(客户):""收到""。&&&","{""事件提取"":null,""提取结果"":false}"
群聊负向,"这是要分析的对话:&&&08月26日 08:59分。石娇(员工):""?????????家人们，早上好~。今天…………""。石娇(员工):""?????????家人们，早上好~。今天…………""。石娇(员工):""{""pre_msgid"":""162640…………""。08月26日 20:37分。??一切??? 随缘????(客户):""各位业主：晚上好！[玫瑰]。8月 26日秩序部夜间执勤安排：。一、值班:罗中林。电话:17584997003。二、24小时值班电：0851-83862661。辖区派出所电话：0851-83851334。值班维修师傅：。杨丙云:13984310672带班时间：20:00-08:00。四、我们将12小时坚守岗位，如有需要请致电，我们将竭诚为您服务。夜间休息请关好门窗，做好安全防范，出入小区带好业主卡。。贵阳恒大文化旅游城物业服务中心祝您：。               生活愉快！""。??一切??? 随缘????(客户):""[视频]""。08月26日 23:09分。ketion(客户):""@保安服务-罗中林?11点多，能跟九栋一楼的小孩说一下别这么大声吼吗""。ketion(客户):""小孩都被吵醒了""。??一切??? 随缘????(客户):""好的""。大河(客户):""@保安服务-罗中林 麻烦叫小盆友不要再吵了 小娃娃一哈又惊醒""。大河(客户):""大半夜的""。ketion(客户):""初一的孩子明天还要上学，""。筑安(客户):""通知：。8月25日是全国第八个残疾预防日，筑安社区居委会于明天8月27日（本周二）上午在辖区内开展“预防疾病致残  共享健康生活”宣传服务活动，希望学校有社会实践活动要求的学生积极参与，请有意参加志愿服务活动的人员于8月27日早上9:30到8组团筑安社区居委会集中开展活动。""。筑安(客户):""[视频号消息]""。筑安(客户):""【提示】买卖游戏账号、游戏装备等一定要在官方平台进行，不要点击陌生链接，以交保证金、提现失败、账号冻结等理由要求继续充值的都是诈骗！""。ketion(客户):""@保安服务-罗中林?能处理吗""。??一切??? 随缘????(客户):""「大河：。@保安服务-罗中林 麻烦叫小盆友不要再吵了 小娃娃一哈又惊醒」。- - - - - - - - - - - - - - -。已经打过招呼了，他家大人来叫回家了""。ketion(客户):""还在""。08月26日 23:14分。??一切??? 随缘????(客户):""应该是南门""。??一切??? 随缘????(客户):""滑滑梯这里，刚刚被叫回家了""。ketion(客户):""就是南门啊，这不是九栋的群吗""。ketion(客户):""{""pre_msgid"":""147582584729479016_1724685309154_external""}""。ketion(客户):""就是南门这里""。??一切??? 随缘????(客户):""[视频]""。??一切??? 随缘????(客户):""已经给他们说过了。两个小朋友""。ketion(客户):""感谢""。08月26日 23:20分。??一切??? 随缘????(客户):""不客气""。08月26日 23:38分。ketion(客户):""南门现在是越来越吵了。商户这边也是，深夜还在吵。""。08月26日 23:43分。??一切??? 随缘????(客户):""那两个小孩在那里打游戏叫他回家，他说他妈在打麻将家里没人""。ketion(客户):""小孩只是个例，商户门面这边现在比较吵。""。??一切??? 随缘????(客户):""好的，我叫人过去看一下""。ketion(客户):""不是现在[呲牙]""。ketion(客户):""以后希望也是这样，不吵[憨笑]""。08月26日 23:52分。??一切??? 随缘????(客户):""[愉快]""。&&&","[
    {
        ""业主情感强度"": {
            ""ketion"": ""强烈负面"",
            ""大河"": ""一般负面""
        },
        ""事件讨论开始时间"": ""08月26日 23:09分"",
        ""事件讨论结束时间"": ""08月26日 23:52分"",
        ""事件详情"": ""8月26日晚上，南门有小孩大声吼叫，影响到了业主ketion和大河的休息，他们的孩子被吵醒。业主ketion首先提出投诉，随后大河也表达了同样的困扰。保安服务-罗中林进行了处理，但ketion表示问题仍然存在。"",
        ""话题倾向"": """"
    },
    {
        ""业主情感强度"": {
            ""ketion"": ""一般负面""
        },
        ""事件讨论开始时间"": ""08月26日 23:38分"",
        ""事件讨论结束时间"": ""08月26日 23:43分"",
        ""事件详情"": ""8月26日晚上，业主ketion还提到了南门商户深夜比较吵闹的问题，影响了居民的休息，对此表示不满。"",
        ""话题倾向"": """"
    }
]"
群聊负向,"这是要分析的对话:&&&08月26日 08:03分。姜(客户):""尊敬的各位业主：早上好[玫瑰]。8月26日秩序部白班已接班，执勤安排如下：。一、值班:姜小朋 18786658735。二、24小时值班电：0851-83873003。辖区派出所电话：0851-83851334。三、带班时间：08:00-20:00。四、我们将12小时坚守岗位，如有需要请致电，我们将竭诚为您服务。外出请关好门窗、水电及燃气、出入小区带好业主卡、做好个人防护。。贵阳恒大文化旅游城物业服务中心祝您：生活愉快！[烟花]""。姜(客户):""[图片]""。08月26日 09:22分。冉长春(客户):""[视频号消息]""。冉长春(客户):""【提示】买卖游戏账号、游戏装备等一定要在官方平台进行，不要点击陌生链接，以交保证金、提现失败、账号冻结等理由要求继续充值的都是诈骗！""。08月26日 11:02分。姜(客户):""#金碧物业·秩序(保安)服务篇。??用心打磨每一个细节，用真诚赢得您的信赖??。??优美的环境，优良的秩序，优质的服务，都藏在细节里??。?从平凡处发现不平凡，感受我们的用心??。??绝不辜负您的信赖，全心全意为您服务??。         ??金碧物业  我们与您同在。               ——贵阳恒大文化旅游城物业服务中心""。姜(客户):""[图片]""。08月26日 14:46分。罗锋 ???????????(客户):""电梯，负一楼，到处臭哄哄的，打扫卫生的阿姨你们有培训过吗？垃圾袋里漏的脏水通过楼道要拖好几楼，想问一下你们还能不能做？@物业环境口～小王?@文旅城物业生活服务部-小图?""。物业环境口～小王(客户):""哥 你是说的几楼 我马上和阿姨过来看看 阿姨上岗都是有培训的 实在不好意思 我先过来了解一下情况""。08月26日 14:54分。罗锋 ???????????(客户):""1号电梯里闻一下吧！臭的没法形容，不晓得这会儿干了没有！这些阿姨年级大了，一天干这个确实也累也不容易，但是你们作为经营方，不应该出现这种情况！""。罗锋 ???????????(客户):""负一楼一股尿骚味，监控有没？是哪些人到处拉，在门口拉，是不是应该管一管，负一楼的门坏了一次又一次，让你们报警处理，处理了没？""。物业环境口～小王(客户):""「罗锋 ???????????：。1号电梯里闻一下吧！臭的没法形容，不晓得这会儿干了没有！这些阿姨年级大了，一天干这个确实也累也不容易，但是你们作为经营方，不应该出现这种情况！」。- - - - - - - - - - - - - - -。好的哥 这边我让阿姨多注意一下 我看看让秩序的同事调监控看看 是不是有人故意为之""。淡若清风(客户):""3楼梯道地面从来没有拖干净过""。08月26日 15:00分。物业环境口～小王(客户):""「淡若清风：。3楼梯道地面从来没有拖干净过」。- - - - - - - - - - - - - - -。7栋现在的阿姨是新入职的 后期我们会加强培训的 处理完马上去3楼看看[抱拳]""。淡若清风(客户):""好的，地面不知道是什么，从来没有打扫干净过""。物业环境口～小王(客户):""我让阿姨用雨刮来刮一下 看看是弄不干净还是地砖的问题""。淡若清风(客户):""好""。轴承，润滑油15223301964(客户):""我们这栋是不是阿姨换了，卫生没有以前打扫了干净，以前楼道天天都在拖""。物业环境口～小王(客户):""之前的阿姨生病了 现在来的阿姨是新入职的""。罗锋 ???????????(客户):""我家门口最近我们是自己经常拖地，一天莫名的有脏水渍，地上还粘粘的，28楼1号房这边，你们如果不能保证拖干净，以后不用你们来打扫了，我自己拖一下还要好一点，有时候从其他地方带过来的脏水弄的地上到处都是，结果你们还处理不干净，还得增加我拖地的次数，所以你们干脆不来打扫，不往这边过还好一些！""。物业环境口～小王(客户):""[图片]""。物业环境口～小王(客户):""[图片]""。物业环境口～小王(客户):""@罗锋 ????????????哥 阿姨已经把电梯和一楼又拖了一遍""。08月26日 15:06分。轴承，润滑油15223301964(客户):""「罗锋 ???????????：。我家门口最近我们是自己经常拖地，一天莫名的有脏水渍，地上还粘粘的，28楼1号房这边，你们如果不能保证拖干净，以后不用你们来打扫了，我自己拖一下还要好一点，有时候从其他地方带过来的脏水弄的地上到处都是，结果你们还处理不干净，还得增加我拖地的次数，所以你们干脆不来打扫，不往这边过还好一些！」。- - - - - - - - - - - - - - -。我家也是，自己经常拖的门口""。轴承，润滑油15223301964(客户):""以后我家门口也喊阿姨不要来拖了，我自己拖""。轴承，润滑油15223301964(客户):""2301""。物业环境口～小王(客户):""姐 我上来您家看看吧""。轴承，润滑油15223301964(客户):""@物业环境口～小王?不用上来，我意思是以后我门口自己拖，不要麻烦阿姨来拖了，一天拖一栋楼也是辛苦""。08月26日 15:11分。物业环境口～小王(客户):""「轴承，润滑油15223301964：。@物业环境口～小王?不用上来，我意思是以后我门口自己拖，不要麻烦阿姨来拖了，一天拖一栋楼也是辛苦」。- - - - - - - - - - - - - - -。不好意思姐 卫生我们再多加强一下[抱拳]""。08月26日 15:38分。物业环境口～小王(客户):""「淡若清风：。好的，地面不知道是什么，从来没有打扫干净过」。- - - - - - - - - - - - - - -。姐 阿姨上来处理了 是地砖问题 拖了几遍还是一样看起来很脏""。物业环境口～小王(客户):""[图片]""。物业环境口～小王(客户):""[图片]""。08月26日 16:22分。淡若清风(客户):""嗯，那就不管了吧""。08月26日 16:31分。物业环境口～小王(客户):""还是得谢谢您的反馈[愉快]""。08月26日 20:23分。        (客户):""?各位业主：晚上好！[玫瑰]。8月26日秩序部夜间执勤安排：。值班：罗锋18285024210 。维修部：何彬18984855091?。辖区派出所电话：0851-83851334。三、带班时间：20:00-08:00。四、我们将12小时坚守岗位，如有需要请致电，我们将竭诚为您服务。夜间休息请关好门窗，做好安全防范，出入小区带好业主卡、谨防尾随。。贵阳恒大文化旅游城物业服务中心祝您：生活愉快！[烟花]""。08月26日 20:29分。        (客户):""[图片]""。        (客户):""[视频]""。08月26日 20:38分。        (客户):""[图片]""。&&&","[
    {
        ""业主情感强度"": {
            ""淡若清风"": ""一般负面"",
            ""罗锋"": ""强烈负面"",
            ""轴承，润滑油15223301964"": ""强烈负面""
        },
        ""事件讨论开始时间"": ""08月26日 14:46"",
        ""事件讨论结束时间"": ""08月26日 16:22"",
        ""事件详情"": ""8月26日，业主罗锋在群聊中反映电梯和负一楼卫生状况极差，有臭味，且楼道拖地后仍有脏水渍。随后，业主轴承，润滑油15223301964也表示自家门口卫生状况不佳，对清洁工作表示不满。物业环境口的小王对此进行了回应，并采取了相应措施。"",
        ""话题倾向"": """"
    }
]"
群聊负向,"这是要分析的对话:&&&08月26日 09:21分。。(客户):""[视频号消息]""。。(客户):""【提示】买卖游戏账号、游戏装备等一定要在官方平台进行，不要点击陌生链接，以交保证金、提现失败、账号冻结等理由要求继续充值的都是诈骗！""。08月26日 16:48分。刘梅(客户):""??保洁篇—清拖楼层及垃圾桶清洗。服务从来没有一劳永逸??，。只有日复一日的坚持??，。保洁员陆续清拖楼层及清洗垃圾桶??，。以匠心服务铸就美好的生活??。。     ——贵阳恒大文化旅游城第一物业服务中心""。刘梅(客户):""[图片]""。08月26日 17:04分。TDQ(客户):""[图片]""。TDQ(客户):""[图片]""。TDQ(客户):""[图片]""。08月26日 17:10分。TDQ(客户):""多次反映的上述问题，何时能整改好？！已半年多时间了！这样的精装房能住吗？！能收吗？这损失谁来负责？！我急着收房，但又不敢收！请问物业管家该怎么办？？！！！""。兜(客户):""@TDQ?我比你严重多了，到现在也没整改完""。兜(客户):""[图片]""。兜(客户):""[图片]""。08月26日 17:19分。.(客户):""「TDQ：多次反映的上述问题，何时能整改好？！已半年多时间了！这样的精装房能住吗？！能收吗？这损失谁来负责？！我急着收房，但又不敢收！请问物业管家该怎么办？？！！！」。- - - - - - - - - - - - - - -。你好，我们也协调了多次，记录也全部都在，现在政府未给总包单位结清工程款，导致整改缓慢，我们这边保持持续催促，你这边也可以拨打政府专班电话0851-88906658或者12345便民服务热线进行投诉，共同催促更快一些@TDQ?""。.(客户):""[图片]""。.(客户):""[图片]""。.(客户):""[图片]""。.(客户):""[图片]""。08月26日 18:31分。虹 ????(客户):""@TDQ?都是一样反应半年多了，问题迟迟不解决，都不敢收房，不知道怎么办[大哭]""。TDQ(客户):""大家打12345反映吧！""。08月26日 18:41分。TDQ(客户):""我们是交了房后期保证金的（银行有据可查），如被挪用，可向上级反映。""。虹 ????(客户):""[图片]""。.(客户):""[抱拳]感谢各位业主友友""。虹 ????(客户):""这个房子太闹心了，已投诉 ""。08月26日 18:46分。TDQ(客户):""众人反映才会受重视！""。.(客户):""「TDQ：众人反映才会受重视！」。- - - - - - - - - - - - - - -。是的[抱拳]""。08月26日 20:03分。世界变得更美好(客户):""─???今日值班公告???─。。         2024年8月26日?。 今日夜间值班情况如下?：。?????♂秩序值班人员：于天明。    值班电话：18275089531。维修值班师傅：杨丙云。电话：13984310672。??夜间温馨提示：。??有任何需要帮助请及时拨打值班人员电话或者物业服务中心24小时热线：0851-83862661??。??夜间回家的家人请规范停车??，互相方便出行?。        愿家人们晚安好梦！??。   。      贴心服务[爱心]真诚相伴。           ——贵阳恒大文化旅游城物业服务中心""。&&&","[
    {
        ""业主情感强度"": {
            ""TDQ"": ""强烈负面"",
            ""虹"": ""强烈负面"",
            ""兜"": ""强烈负面""
        },
        ""事件讨论开始时间"": ""08月26日 17:10分"",
        ""事件讨论结束时间"": ""08月26日 20:03分"",
        ""事件详情"": ""业主TDQ和兜在群聊中反映精装房存在多处问题，已持续半年多时间没有得到有效整改。TDQ表达了对房屋质量的不满和担忧，并对物业的响应表示不满。兜也表示了自己的房屋问题更为严重，且未得到解决。虹也加入了讨论，表达了对房屋问题不敢收房和不知如何是好的焦虑情绪。TDQ再次呼吁大家拨打12345进行整改缓慢问题的反映，并提到已交的房后期保证金，如果被挪用，可以向上级反映。"",
        ""话题倾向"": """"
    }
]"
群聊负向,"这是要分析的对话:&&&08月26日 08:03分。姜(客户):""[图片]""。姜(客户):""尊敬的各位业主：早上好[玫瑰]。8月26日秩序部白班已接班，执勤安排如下：。一、值班:姜小朋 18786658735。二、24小时值班电：0851-83873003。辖区派出所电话：0851-83851334。三、带班时间：08:00-20:00。四、我们将12小时坚守岗位，如有需要请致电，我们将竭诚为您服务。外出请关好门窗、水电及燃气、出入小区带好业主卡、做好个人防护。。贵阳恒大文化旅游城物业服务中心祝您：生活愉快！[烟花]""。08月26日 10:07分。M(客户):""[图片]""。M(客户):""[视频]""。M(客户):""[图片]""。M(客户):""[图片]""。M(客户):""[图片]""。M(客户):""[图片]""。M(客户):""[图片]""。M(客户):""[图片]""。M(客户):""@第二物业负责人何继雄?""。M(客户):""你们的工作 我一直在配合你们的""。08月26日 10:12分。M(客户):""但是由于这个影响了我20来天的正常生活""。M(客户):""你们就是一拖再拖 物业喊找施工 施工喊找物业""。张红。(客户):""@M?我们家当时也这样，弄了半年多[捂脸]""。M(客户):""喊我交物业费的时候 又会天天打电话给我了？""。M(客户):""我物业费一分没差你们的""。M(客户):""我将近100万买这个房子来""。M(客户):""每个月还交200多的费用给你们 就是得这个？""。M(客户):""到底能不能修""。张红。(客户):""我家阳台下水道堵，一年多了都还是没解决""。M(客户):""不能修说句准话""。M(客户):""我自己找人来修""。M(客户):""上次来也是一样的""。M(客户):""敲了一大堆垃圾摆起 人就跑了 水也不给我修复好""。08月26日 10:20分。M(客户):""[图片]""。M(客户):""[图片]""。M(客户):""现在说联系不上我了？""。M(客户):""你们就在群里面回复一下 到底能不能处理 不要再拖我了""。M(客户):""不能处理我就自己处理了""。小米(员工):""昨天来联系你确实没联系得上勒，我们也在催…………""。M(客户):""我自己处理我可以马上找人来""。小米(员工):""处理也不是我们在处理，我们只是协调""。M(客户):""无非就是花钱咯嘛""。M(客户):""你说的没联系上我 是怎么联系上我啊""。M(客户):""就打了一个语音电话吗""。M(客户):""我后来不是马上又回你了嘛""。M(客户):""[图片]""。M(客户):""[图片]""。M(客户):""[图片]""。M(客户):""我前几天每一天都会发给消息给你 说安排好了一定提前给我说 我好在家等 你没看见吗""。08月26日 10:25分。小米(员工):""[图片]""。M(客户):""[图片]""。M(客户):""我请问在哪里""。M(客户):""[图片]""。M(客户):""[图片]""。M(客户):""反而是施工的 怕给我运垃圾 说是你们保安不让运""。M(客户):""喊我找物业 ""。M(客户):""我找物业 ""。M(客户):""物业又喊我找施工""。M(客户):""我打十多个电话 都没人接""。M(客户):""[图片]""。M(客户):""[图片]""。M(客户):""[图片]""。M(客户):""[图片]""。M(客户):""我的电话是不会接的""。08月26日 10:30分。M(客户):""但是物业费账单是会准时发的[微笑]""。小米(员工):""[图片]""。小米(员工):""请看一下""。小米(员工):""不是物业不给你做对接""。08月26日 10:38分。M(客户):""所以说是我在无理取闹你们了吗""。M(客户):""我一开始配合你们的工作就配合错了？""。M(客户):""也要像我楼下的邻居一样 跑去政府告 才能得到解决？""。apple(客户):""其实错的是维保的那个人，你也不要生气了，那个人不负责任@M?""。08月26日 10:43分。apple(客户):""我家墙面掉皮也是报了很久了没来""。apple(客户):""现在好像收不到钱维修的人也不积极""。M(客户):""最主要是他们物业的先来找我 说是楼下邻居家一直在漏水 说是让我配合一下 ""。M(客户):""我全程配合 我还问他 我说最晚多久给我恢复 他说最晚半个月 我最后才让他带人来砸砖的""。NaNa M(客户):""我去沟通一下，您消消气""。M(客户):""而且砸砖当天 施工的留一大堆垃圾就走了 我喊他收走 他说喊我找物业 我打电话给管家 他说哪个搞的 哪个负责 问我不知道吗？""。apple(客户):""这个人也是过分""。M(客户):""[视频]""。M(客户):""[视频]""。M(客户):""那天打管家的电话 他就是一副无所谓的态度给我说的啊""。M(客户):""我后面实在没办法了 是我自己收拾丢的啊""。08月26日 10:48分。apple(客户):""我们这栋楼漏水问题确实严重，我家后来厕所防水都重做了，也花了半个月的时间""。M(客户):""我没差开发商一分的房款 维修基金也是交齐了的""。apple(客户):""这个师傅确实不负责任，我们当时那个师傅好歹还帮忙收拾下""。M(客户):""我今年3月份搬进来的 物业说从去年3月就要收物业费 我也没说什么 直接交了3000多啊""。M(客户):""然后后面每一次喊交物业费 我也一直都交齐的啊""。M(客户):""第一 我交了钱 第二 我是出于配合他们的工作 现在你们管家觉得是我在无理取闹""。M(客户):""@403?只要钱到他们手里面了 就这样不是他们负责 那样不是他们负责""。M(客户):""一开始来找我查问题的时候 和现在我去找他们都不是一个样子""。NaNa M(客户):""姐刚才我问了确实昨天联系过您没接电话，瓦工走了 ""。08月26日 10:54分。M(客户):""[图片]""。NaNa M(客户):""刚才我问了施工单位负责人，两三天后会回来，到时候他们来给你处理 ""。M(客户):""我这里没有接到电话 ""。M(客户):""我还回了一个电话给管家""。NaNa M(客户):""这个确实还得他们来出来会专业点""。M(客户):""我问她什么事 是不是可以修复了""。M(客户):""她说修复不了了""。M(客户):""而且我想请问一下 贴砖和刮墙都是同一个师傅吗""。小米(员工):""你好业主，之所以这会未发消息给你进行信息…………""。M(客户):""[图片]""。M(客户):""最主要是墙面我是最早1月份就给你们沟通过的""。M(客户):""[图片]""。M(客户):""[图片]""。M(客户):""所以你们到底报修没有""。小米(员工):""地产已经爆雷了，施工方三天两头接不到施工…………""。08月26日 10:59分。M(客户):""[图片]""。岁月如歌(客户):""个个月都会给你发账单，你给它们发信息，它们会装作看不见""。M(客户):""如果说这个就是2.5一平的物业费的质量 那当我没说""。M(客户):""我没说是非要让你们干嘛干嘛 我作为消费者来说 我也理解你们 虽然都是恒大 但是你们是不同的部门 有些东西你们也做不了 也很难做""。M(客户):""但是我觉得最起码 要让我知道你是在一直帮我跟进这个事情的""。M(客户):""每次一找到你们""。M(客户):""你们就先把责任推干净""。M(客户):""这个不是你们物业的事""。M(客户):""不归你们管""。NaNa M(客户):""一直都在协调的""。M(客户):""上次我不是自己把垃圾运走了？""。M(客户):""后面有谁又来问过我？""。M(客户):""跟进这个事情过""。NaNa M(客户):""[图片]""。08月26日 11:06分。M(客户):""我说了 我一般只要能自己解决的事 我都不会麻烦你们""。M(客户):""但是我觉得只眼有事找到了 像是我来泼你们干嘛干嘛的""。M(客户):""给人一种无所谓的态度""。M(客户):""[图片]""。M(客户):""[图片]""。M(客户):""我一直都是请求你们帮我解决一下""。08月26日 11:11分。M(客户):""我家这里的墙皮也是施工的师傅铲丢的""。李长安(客户):""@M?你这是已经入住了么""。M(客户):""我现在请各位物业领导 帮我解决一下""。M(客户):""@李长安?对啊""。李长安(客户):""入住了，搞成这样""。李长安(客户):""我的天""。M(客户):""我每天在这种环境吃饭 做菜 ""。李长安(客户):""闹心的很""。M(客户):""[视频]""。M(客户):""[文件下载失败]""。M(客户):""施工方来用完的材料纸 饮料瓶 烟头不处理 丢在我家 我都不说了""。M(客户):""我自己处理了""。M(客户):""[视频]""。M(客户):""[视频]""。M(客户):""[图片]""。M(客户):""我在这种环境下 生活将近20来天了""。08月26日 11:16分。M(客户):""现在你们给我说 是由于地产爆雷 资金链断裂 所以维保人员不积极""。M(客户):""那既然你们知道 当初就不要带人来把我家的砖敲了啊""。M(客户):""@客服负责人—蒙思娜?请问一下墙面和地砖 都是一个师傅负责吗""。08月26日 11:21分。M(客户):""@文旅城-管家-小米?""。NaNa M(客户):""不是""。M(客户):""那意思是 我再等3天来恢复地砖以后 还要一直等着恢复墙面吗""。M(客户):""？""。NaNa M(客户):""嗯""。NaNa M(客户):""先沟通把地砖处理了""。M(客户):""所以一开始就没打算的是给我一起沟通把墙面和地砖处理了吗""。08月26日 11:27分。NaNa M(客户):""[惊讶]""。M(客户):""墙面的问题我从一月份就反馈的""。NaNa M(客户):""我倒是想让施工单位全部给您处理了呢 ""。NaNa M(客户):""都希望问题能早点解决""。NaNa M(客户):""尽量帮您催一下哈 ""。M(客户):""那你说这个的话 墙面我不劳烦各位了哈[微笑] 您们平时工作太幸苦了 我能理解 我自己解决""。M(客户):""但是谁给我敲的砖 我请哪个想办法给我处理了 ""。08月26日 11:33分。M(客户):""我一会儿多发几个电话号码给尊敬的物业管家 ""。M(客户):""不要到时候说打不通我的电话""。M(客户):""「客服负责人—蒙思娜：我倒是想让施工单位全部给您处理了呢 」。- - - - - - - - - - - - - - -。感谢您心系业主哈 谢谢您 如果贵单位有服务满意度考核 我一定给您打100分""。NaNa M(客户):""这样吧，我加您微信，他们人来了我联系您""。NaNa M(客户):""加不上您，您加我吧 ""。08月26日 12:25分。心之恋(客户):""[视频号消息]""。心之恋(客户):""【提示】买卖游戏账号、游戏装备等一定要在官方平台进行，不要点击陌生链接，以交保证金、提现失败、账号冻结等理由要求继续充值的都是诈骗！""。心之恋(客户):""通知：。8月25日是全国第八个残疾预防日，筑安社区居委会于明天8月27日（本周二）上午在辖区内开展“预防疾病致残  共享健康生活”宣传服务活动，希望学校有社会实践活动要求的学生积极参与，请有意参加志愿服务活动的人员于8月27日早上9:30到8组团筑安社区居委会集中开展活动。""。08月26日 20:24分。        (客户):""?各位业主：晚上好！[玫瑰]。8月26日秩序部夜间执勤安排：。值班：罗锋18285024210 。维修部：何彬18984855091?。辖区派出所电话：0851-83851334。三、带班时间：20:00-08:00。四、我们将12小时坚守岗位，如有需要请致电，我们将竭诚为您服务。夜间休息请关好门窗，做好安全防范，出入小区带好业主卡、谨防尾随。。贵阳恒大文化旅游城物业服务中心祝您：生活愉快！[烟花]""。        (客户):""[图片]""。08月26日 20:31分。        (客户):""[视频]""。08月26日 20:37分。        (客户):""[图片]""。&&&","[
    {
        ""业主情感强度"": {
            ""apple"": ""一般负面"",
            ""M"": ""强烈负面"",
            ""张红"": ""一般负面"",
             ""岁月如歌"": ""一般负面""
        },
        ""事件讨论开始时间"": ""08月26日 10:12分"",
        ""事件讨论结束时间"": ""08月26日 11:33分"",
        ""事件详情"": ""业主M反映其家中的阳台下水道堵塞问题一年多未得到解决，且近期家中墙面和地砖因施工原因被破坏后，修复工作进展缓慢，施工人员留下垃圾未清理。M对此表示强烈不满，并对物业的沟通和处理方式表示质疑。"",
        ""话题倾向"": """"
    }
]"
群聊负向,"这是要分析的对话:&&&08月26日 08:59分。石娇(员工):""?????????家人们，早上好~。今天…………""。石娇(员工):""?????????家人们，早上好~。今天…………""。啊哈哈(客户):""[图片]""。啊哈哈(客户):""@管家石娇?电梯年检都是过期半年多了""。08月26日 09:05分。啊哈哈(客户):""涉及到大家生命安全的事，还请物业尽职尽责的处理""。王鼎祎(员工):""您好，电梯是正常年检过的，电梯侧面有一个…………""。石娇(员工):""业主您好，电梯是按时年检和保养了的，可能…………""。石娇(员工):""[图片]""。石娇(员工):""[图片]""。啊哈哈(客户):""年检通过，是需要把这个牌子更新的，要有醒目的检验通过的标志，而不是说还需要扫描二维码""。08月26日 20:37分。??一切??? 随缘????(客户):""各位业主：晚上好！[玫瑰]。8月 26日秩序部夜间执勤安排：。一、值班:罗中林。电话:17584997003。二、24小时值班电：0851-83862661。辖区派出所电话：0851-83851334。值班维修师傅：。杨丙云:13984310672带班时间：20:00-08:00。四、我们将12小时坚守岗位，如有需要请致电，我们将竭诚为您服务。夜间休息请关好门窗，做好安全防范，出入小区带好业主卡。。贵阳恒大文化旅游城物业服务中心祝您：。               生活愉快！""。??一切??? 随缘????(客户):""[视频]""。08月26日 22:38分。东哥(客户):""[视频]""。东哥(客户):""什么情况，一直叫""。??一切??? 随缘????(客户):""马上来巡查""。啊哈哈(客户):""为什么有报警情况，都是需要业主反馈呢？消控室看不到吗？消防设备设施是否还能正常使用？消防设备设施的维保工作是否正常在进行？""。08月26日 23:10分。筑安(客户):""[视频号消息]""。筑安(客户):""【提示】买卖游戏账号、游戏装备等一定要在官方平台进行，不要点击陌生链接，以交保证金、提现失败、账号冻结等理由要求继续充值的都是诈骗！""。筑安(客户):""通知：。8月25日是全国第八个残疾预防日，筑安社区居委会于明天8月27日（本周二）上午在辖区内开展“预防疾病致残  共享健康生活”宣传服务活动，希望学校有社会实践活动要求的学生积极参与，请有意参加志愿服务活动的人员于8月27日早上9:30到8组团筑安社区居委会集中开展活动。""。08月26日 23:15分。心之所向一路生花??(客户):""报警应该是连接在值班室才对""。&&&","[
    {
        ""业主情感强度"": {
            ""啊哈哈"": ""强烈负面""
        },
        ""事件讨论开始时间"": ""08月26日 09:05分"",
        ""事件讨论结束时间"": ""08月26日 09:05分"",
        ""事件详情"": ""业主啊哈哈发现电梯年检过期半年多，对此表示不满，并要求物业尽职尽责处理。"",
        ""话题倾向"": """"
    },
    {
        ""业主情感强度"": {
            ""啊哈哈"": ""强烈负面""
        },
        ""事件讨论开始时间"": ""08月26日 22:38分"",
        ""事件讨论结束时间"": ""08月26日 23:15分"",
        ""事件详情"": ""业主啊哈哈对报警系统的正常使用表示怀疑，质疑物业的消防设备设施维保工作是否正常进行。"",
        ""话题倾向"": """"
    }
]"
群聊负向,"这是要分析的对话:&&&08月26日 06:06分。心情尚好15367485711(客户):""[图片]""。心情尚好15367485711(客户):""??长沙恒大雅苑。?2024年8??26日  星期一。?天气: 晴  气温：28－37℃。1、1、广西一景区“飞天魔毯”项目故障致1死60伤 景区提出“买断”赔偿方案；。2、浙江绍兴一医院眼科套取医保资金2000万，手术医生庭审坚称无罪引争议；。3、郑州：相关企业限期撤除全市小区电梯里的“上门按摩”广告；。4、今年三伏，全国平均气温达到23.24℃，为史上最热；。5、日本核污染水排海一年，8轮累计排放将达62500吨；微信搜：每日微语报。6、超80城支持国企等收购存量房：36城已启动征集，“去库存效果最直接”；。7、合肥女子李梅在长沙坐拥87套房，因涉罪被查封，正式被法院挂网待拍卖；。8、安徽发文鼓励探索垂钓实名制，官方回应：还未启动落实；。9、周鸿祎再回应“手表不当回答”：已惩罚产品经理接一个月客服电话；。10、三文鱼刺身隔夜返包销售 胖东来：奖励投诉者10万，补偿购买者1000元；。11、黎真主党宣布第一阶段对以袭击取得成功 发射320余枚火箭弹；。12、世卫组织表示，猴痘疫情存在扩散风险，各国防控措施有待加强；。13、防止播音员“讲真话”，日本广播协会开始预录中文新闻；。14、17名中国公民命丧韩国电池厂 火灾调查：因培训不足错失37秒逃生窗口；。15、美国顶尖纳米科学家打算来华工作，曾因与中国高校合作而被美政府判刑；""。心情尚好15367485711(客户):""???♂【防溺水??安全温馨提示】。??亲爱的业主家人们：大家好??。?天气渐热，为了孩子们??的安全，请提高安全防范意识?，时刻监督和管理??好孩子，加强对孩子的防溺水??安全教育，禁止??孩子私自到小溪、水库、江边玩水、捕鱼、捉虾、游泳等。 。??安全无小事 时刻要警惕??。请家长??加强对孩子防溺水的监管力度，提高孩子??防溺水的自觉性?。同时物业工作人员??也会加大对园区的巡逻。为孩子的生命安全构筑坚实的防线??。??如需帮助请拨24小时服务热线。二期?:0731-85066275。一期?:0731-85520610。#长沙恒大雅苑物业服务中心""。08月26日 09:07分。彪(客户):""【?? 秩序服务?巡逻篇】。我们是白班园区秩序的守护者??。每天园区全覆盖巡视??。希望用我们的行动??。为您营造舒适的居家环境??。如需帮助请拨打24小时服务热线。?:0731一82231519。值班中队长。?:17700582090（二期）。??我们竭诚为您服务??""。彪(客户):""[视频]""。长沙恒大雅苑管家-刘丹(客户):""关于开展小区四害消杀的通知。    尊敬的各位业主/住户：。    您好！ 夏天来临，蚊虫较多，为营造一个优美、舒适的生活环境，控制“四害”侵蚀，物业服务中心计划对小区公共区域进行全面的消杀工作，具体消杀计划及注意事项如下:。    消杀时间：2024年8月27日8:00-17:30（明天）。    物业服务中心在此特别提示您：。1、进行喷洒消杀作业时请勿靠近消杀现场，请看护好家里的小孩、老人及宠物，尽量不要在喷药区域滞留或玩耍，以免发生意外；。2、不要随意碰触灭鼠药物，不小心碰到鼠药应及时洗手，不要因为好奇接触死伤老鼠；。3、搞好清洁卫生，保持家居的干净清洁，清理积水。。    请各位业主家人们照看好自家儿童、宠物、不要在消杀区域玩耍，以免发生意外，感谢理解和配合，如需帮助，欢迎拨打物业服务中心24小时服务热线：0731-85066275/85520610，我们将竭诚为您服务！""。长沙恒大雅苑管家-刘丹(客户):""[图片]""。08月26日 10:00分。彪(客户):""???♂?【电动车秩序维护篇】。尊敬的业主家人??们：。 大家好！本栋电动车违停大堂前已整改，为了维护小区电动车的停车秩序，确保大家的出行安全与便利，请您将电动车停放到划线区域内。让我们一起共同遵守，营造整齐有序的环境，感谢您的配合[握手]。如需帮助请拨打24小时服务热线?:0731-82231519""。彪(客户):""[图片]""。08月26日 11:13分。长沙恒大雅苑管家-刘丹(客户):""【??物业工作周报】  。尊敬的业主/住户：。你好！??。我们一直在努力提升物业服务和小区的品质，以下是我们本周的工作汇报：。?? 丰富多彩文化活动。?? 公共卫生细致清洁  。?? 绿化维护杂草清理 。 ?? 公共设施检查维护  。??  室内特约维修服务  。??  家园安全守护服务  。??  每周覆盖四害消杀  。???  园区现场品质提升 。#长沙恒大雅苑物业服务中心""。长沙恒大雅苑管家-刘丹(客户):""[图片]""。08月26日 11:20分。子鱼(客户):""【??遛狗不随便，随手清狗便??】。     。      ??最近存在严重的不文明养犬的现象，绿化带、草坪的狗便??比比皆是，给其他美邻的生活带来了很大的困扰。。      宠物是人类的朋友，为生活增添不少乐趣??，享受权利的同时还请履行义务哦[抱拳]，为了给小区营造一个整洁和谐的环境??，物业中心倡议各位饲养宠物的业主，请您随身携带废纸或垃圾袋，以便随时清理“排泄物”。    ??优美的居住环境需要大家的共同创造和维护，请从文明养狗开始。??""。子鱼(客户):""[文件超过最大限制]""。08月26日 13:56分。艳子(客户):""@长沙恒大雅苑管家-刘丹?70栋，电梯坏了""。艳子(客户):""[图片]""。艳子(客户):""门关不了""。二期中队长(客户):""@艳子?收到，已经通知工程部的师傅来查看 ""。08月26日 14:21分。二期中队长(客户):""[图片]""。二期中队长(客户):""@艳子?电梯已恢复运行""。二期中队长(客户):""@艳子?感谢你的反馈，祝你生活愉快！""。08月26日 16:48分。长沙恒大雅苑管家-刘丹(客户):""转业主。76栋M0057子母车库出租，可以停两台车，需要联系13975807560""。08月26日 18:43分。长沙恒大雅苑管家-刘丹(客户):""关于小区内防范蛇类动物的温馨提示。各位业主家人们：。       您们好！因小区及周边生态环境较好，天气炎热蛇类喜欢在傍晚和清晨出没。在此，物业中心提醒广大业主家人们：。1、请照看好小孩及宠物，尽量不要进入蛇类容易躲藏的花草茂盛区域；。2、夜间在靠近外围墙、小路散步时，请多留意脚下路面情况；。3、请关好阳台门窗、纱窗等，特别是近绿化、草丛等低楼层区域；。       如您在小区内发现有蛇出没，请保持冷静，千万不要惊扰它，也不要去靠近辨别是否有毒，更不要自作主张去抓蛇，如需帮助，请拨打我中心24小时服务热线：(一期：0731-85520610、二期0731-85066295)，我们会第一时间赶到现场处理。""。长沙恒大雅苑管家-刘丹(客户):""[图片]""。08月26日 19:13分。彪(客户):""【?? 秩序服务?巡逻篇】。我们是白班园区秩序的守护者??。每天园区全覆盖巡视??。希望用我们的行动??。为您营造舒适的居家环境??。如需帮助请拨打24小时服务热线。?:0731一82231519。值班中队长。?:17700582090（二期）。??我们竭诚为您服务??""。彪(客户):""[视频]""。08月26日 19:55分。小牛牛(客户):""8月26日园林工作日常""。小牛牛(客户):""[图片]""。08月26日 20:01分。Vampiae(客户):""业主您好??。我是夜班秩序班长（周游：17700582090），也是你的夜间安全守护者??，也许您从来没有见过我，因为我值守在您熟睡的每个晚上。夜间??我们会跟踪可疑人员、巡查车库、巡查园区、巡查楼层。。??清晨06:00我们还会查看每个电梯，确保您上班时电梯正常运行。。??如需帮助请及时拨打24小时服务电话85066275，我会出现在你需要的每个时刻???♂????♂????♂?。祝?您好梦！一醒来又是美美哒的一天哦??????""。08月26日 20:11分。Vampiae(客户):""??秩序失物招领??。      尊敬的各位业主??（住户）。71栋电动车棚停放区域，秩序巡逻时发现电动车未断电，请车主携带备用钥匙到69栋办公室认领??。??需要咨询或帮助请联系物业服务中心24小时服务热线。?0731-85066275。??我们竭诚为您服务??""。Vampiae(客户):""[图片]""。08月26日 20:23分。凶猛小老虎(客户):""到达现场两条电梯正在运行""。凶猛小老虎(客户):""[图片]""。凶猛小老虎(客户):""光幕上有一个胶带，已经清理""。凶猛小老虎(客户):""[图片]""。08月26日 20:49分。Vampiae(客户):""【?? 秩序服务?巡逻篇】。我们是晚班园区秩序的守护者??。每天园区全覆盖巡视??。希望用我们的行动??。为您营造舒适的居家环境??。如需帮助请拨打24小时服务热线。?:0731一82231519。值班中队长： 周游。?:17700582090（二期）。??我们竭诚为您服务??""。Vampiae(客户):""[视频]""。08月27日 03:51分。yh(客户):""【?? 秩序服务?巡逻篇】。我们是晚班园区秩序的守护者??。每天园区全覆盖巡视??。希望用我们的行动??。为您营造舒适的居家环境??。如需帮助请拨打24小时服务热线。?:0731一82231519。值班中队长。?:17700582090（二期）。??我们竭诚为您服务??""。yh(客户):""[图片]""。&&&","{""事件提取"":null,""提取结果"":false}"
群聊负向,"这是要分析的对话:&&&08月26日 08:15分。慧(客户):""麻烦你们看一下到底是谁家收错了嘛    问了一晚上都没有人回答   ""。慧(客户):""而且我是挂在自己家的绳子上    你们都能给我收走了  我也是服了""。08月26日 08:22分。王学灵(员工):""?????????家人们，早上好~。今天…………""。08月26日 08:46分。王学灵(员工):""尊敬的业主朋友 贵阳鑫磊石业赛美迪139…………""。刘梅(客户):""家人们今日保洁在对商业街石材进行清洗 ，路过时注意安全避免滑倒及水溅到身上，祝家人们生活愉快[握手][握手][握手][咖啡][咖啡][咖啡]""。刘小超(客户):""[图片]""。刘梅(客户):""[图片]""。刘小超(客户):""这是什么活动啊？""。Z????R?(客户):""@刘小超?吃西瓜比赛[破涕为笑]""。刘小超(客户):""[呲牙]不错不错""。贵阳鑫磊石业赛美迪13984888849(客户):""请问一下2栋2单元的业主们。昨天我们家在顶楼晒床单，晒在自己的绳子上面。。看哪家业主有没有收错了？""。王学灵(员工):""这是一条引用/回复消息：。""刘小超。[呲…………""。漂洋过海来看你??(客户):""@贵阳鑫磊石业赛美迪13984888849?还没找到啊[捂脸]""。漂洋过海来看你??(客户):""我都没有上去晒过东西[捂脸]""。贵阳鑫磊石业赛美迪13984888849(客户):""可能人家拿错了。""。08月26日 08:52分。漂洋过海来看你??(客户):""估计是，会不会是风大吹下楼拿，我凉几次衣服在厨房风大吹下楼都找不到""。贵阳鑫磊石业赛美迪13984888849(客户):""我们晒衣服都有经验了，全部夹子夹起了还会飞。[捂脸]""。王学灵(员工):""@贵阳鑫磊石业赛美迪1398488884…………""。漂洋过海来看你??(客户):""[捂脸]那就可能是你家床单好看人家故意拿的[偷笑]""。王学灵(员工):""如果有人收错了的话，看哈今天会不会有人拿…………""。贵阳鑫磊石业赛美迪13984888849(客户):""风再大都吹不着。我们都夹了四个夹子。昨天我们晚上我们去看连夹子都没有了。。如果风吹走的话，夹子也会掉在地上。""。贵阳鑫磊石业赛美迪13984888849(客户):""@王学灵?""。贵阳鑫磊石业赛美迪13984888849(客户):""监控是查得到的。""。王学灵(员工):""@贵阳鑫磊石业赛美迪1398488884…………""。08月26日 09:13分。慧(客户):""「漂洋过海来看你??：。[捂脸]那就可能是你家床单好看人家故意拿的[偷笑]」。- - - - - - - - - - - - - - -。就是一个纯白色的床单[捂脸][捂脸]""。Z????R?(客户):""@慧?昨天早上8点左右拿上去晒的？""。08月26日 11:31分。慧(客户):""嗯嗯""。慧(客户):""[文件下载失败]""。慧(客户):""这个是昨天晚上上去拿的什么都没有看到""。慧(客户):""夹子都没有了。""。王学灵(员工):""您好业主，我在问一下24层的业主，看是不…………""。慧(客户):""好的""。贵阳鑫磊石业赛美迪13984888849(客户):""25楼-27楼的业主有收被子。""。08月26日 11:49分。陶子(客户):""25楼目前就我家一家在住昨天没有收被子""。08月26日 12:04分。慧(客户):""@陶子?没事的   有看到就说一声嘛，没看到就算了。""。慧(客户):""因为昨天我没有去查监控，然后看了好几家都有在收被子，但是都没有回话，也不知道是被谁家收走了。""。贵阳鑫磊石业赛美迪13984888849(客户):""烦你们。查一下2栋1单元的电梯。因为我们两栋是连在一起的。""。贵阳鑫磊石业赛美迪13984888849(客户):""{""pre_msgid"":""14672445621912400436_1724645289427_external""}""。贵阳鑫磊石业赛美迪13984888849(客户):""麻烦你们。查一下2栋1单元的电梯。因为我们两栋是连在一起的。""。贵阳鑫磊石业赛美迪13984888849(客户):""我觉得这个被子不可能它自己会飞。被子值不了多少钱。主要我们想要一个真相而已。""。08月26日 12:09分。贵阳鑫磊石业赛美迪13984888849(客户):""这个被套不可能无缘无故的飞掉。因为我们晒被子的时候还拿了夹子夹好的，它是飞不起来的。""。慧(客户):""百分之百被别人收走了，飞走是不可能的，夹了那么大的夹子怎么可能会飞得走？""。慧(客户):""那你说床单飞走就算了嘛，夹子也飞走了。""。贵阳鑫磊石业赛美迪13984888849(客户):""所以说是飞不起来了嘛。也非不走嘛。""。贵阳鑫磊石业赛美迪13984888849(客户):""所以叫保安队长帮忙查一下2栋1单元的监控，因为我们那一栋是连体的。""。慧(客户):""是啊   关键是一个都不说话   ""。慧(客户):""嗯嗯好""。慧(客户):""待会我下去看一下""。Z????R?(客户):""「贵阳鑫磊石业赛美迪13984888849：。所以叫保安队长帮忙查一下2栋1单元的监控，因为我们那一栋是连体的。」。- - - - - - - - - - - - - - -。2栋一单元的监控我在查""。08月26日 12:14分。贵阳鑫磊石业赛美迪13984888849(客户):""[抱拳][抱拳][抱拳][抱拳]""。贵阳鑫磊石业赛美迪13984888849(客户):""1栋1单元电梯，从9:00开始查。。动画单元电梯也从9:00开始查。""。贵阳鑫磊石业赛美迪13984888849(客户):""我就不信这个被套会飞走。""。贵阳鑫磊石业赛美迪13984888849(客户):""辛苦了，谢谢。""。贵阳鑫磊石业赛美迪13984888849(客户):""1栋1单元电梯，从9:00开始查。。2栋2单元。电梯也从9:00开始查。""。贵阳鑫磊石业赛美迪13984888849(客户):""{""pre_msgid"":""12798550201331680058_1724645709345_external""}""。贵阳鑫磊石业赛美迪13984888849(客户):""东西值不了多少钱。我们要的是一个结果。""。08月26日 12:27分。Z????R?(客户):""[OK]""。08月26日 16:58分。刘梅(客户):""??保洁篇—园区石材及商业街石材清洗、垃圾桶清洗、保洁日常工作。服务从来没有一劳永逸??，。只有日复一日的坚持??，。保洁员陆续清拖楼层及清洗垃圾桶??，。以匠心服务铸就美好的生活??。。     ——贵阳恒大文化旅游城第一物业服务中心""。刘梅(客户):""{""pre_msgid"":""7042383594089686742_1724662716318_external""}""。刘梅(客户):""??保洁篇—园区石材及商业街石材清洗、垃圾桶清洗、保洁日常工作。服务从来没有一劳永逸??，。只有日复一日的坚持??，。保洁员对园区石材及商业街石材清洗、清洗垃圾桶??，。以匠心服务铸就美好的生活??。。     ——贵阳恒大文化旅游城第一物业服务中心""。刘梅(客户):""[图片]""。贵阳鑫磊石业赛美迪13984888849(客户):""有没有结果了，大哥。""。王学灵(员工):""24层问了没有收错，27层还有一个业主没…………""。08月26日 17:03分。贵阳鑫磊石业赛美迪13984888849(客户):""主要2栋1单元看一下。""。Z????R?(客户):""@贵阳鑫磊石业赛美迪13984888849?2栋一单元看了没有，只有两家一家蓝色的一家咖啡色的""。08月26日 17:13分。漂洋过海来看你??(客户):""估计现在是那个都不好意思拿出来了[捂脸]""。慧(客户):""收错了说一声就好了    没什么的[捂脸]""。王学灵(员工):""这个倒是不存在的，收错了还回去就可以了""。慧(客户):""@恒大文旅城8组团管家—王学灵?是啊   关键是都没有人回一声[捂脸]""。贵阳鑫磊石业赛美迪13984888849(客户):""那我就要质疑你们保安系统问题了。""。贵阳鑫磊石业赛美迪13984888849(客户):""这个东西不可能。自己长脚飞走了。""。08月26日 17:21分。贵阳鑫磊石业赛美迪13984888849(客户):""我的诉求很简单。。我的东西还不还都无所谓。。只要一个结果。@安保服务-朱震?""。贵阳鑫磊石业赛美迪13984888849(客户):""如果再这样安保系统下，我们住在这里一点安全感都没有啊。""。08月26日 17:28分。GJ(客户):""没有监控吗，还是他们监控又看不到""。贵阳鑫磊石业赛美迪13984888849(客户):""我有点质疑他们的保安系统。。这样我们住在这里一点安全感都没有。""。贵阳鑫磊石业赛美迪13984888849(客户):""希望你们尽快给我一个结果。""。贵阳鑫磊石业赛美迪13984888849(客户):""我可以不要，。我只想要一个结果。""。贵阳鑫磊石业赛美迪13984888849(客户):""{""pre_msgid"":""16073089270381100011_1724664554413_external""}""。贵阳鑫磊石业赛美迪13984888849(客户):""东西我可以不要了。。只要一个结果。""。08月26日 17:51分。Z????R?(客户):""电梯监控今天看完了的，那几家收衣服被子下来的我们都问过了，人家没有收错。目前还有一家没有回来一会晚点我们在上门去问下看有没有收错！""。贵阳鑫磊石业赛美迪13984888849(客户):""好的，辛苦了。""。08月26日 19:37分。陶子(客户):""[文件下载失败]""。陶子(客户):""[文件下载失败]""。陶子(客户):""大群里面有人在发，会不会是这个""。Z????R?(客户):""我去看看""。贵阳鑫磊石业赛美迪13984888849(客户):""我上去看看。""。贵阳鑫磊石业赛美迪13984888849(客户):""谢谢""。漂洋过海来看你??(客户):""这个风那么大，怕是的哦""。漂洋过海来看你??(客户):""还有大群我杂不晓得[偷笑]""。Z????R?(客户):""@贵阳鑫磊石业赛美迪13984888849?我马上来！一个人不好搞""。贵阳鑫磊石业赛美迪13984888849(客户):""你到了跟我讲。""。贵阳鑫磊石业赛美迪13984888849(客户):""在31楼上去很快。""。Z????R?(客户):""我在电梯了@贵阳鑫磊石业赛美迪13984888849?""。08月26日 19:42分。Z????R?(客户):""@贵阳鑫磊石业赛美迪13984888849?我到了！是你家的""。慧(客户):""@安保服务-朱震?我的天呐，那天那个风是有多大，这么夸张，夹子夹起都都会飞走啊。""。08月26日 19:49分。Z????R?(客户):""这个说不清楚，""。08月26日 20:32分。??一切??? 随缘????(客户):""各位业主：晚上好！[玫瑰]。8月 26日秩序部夜间执勤安排：。一、值班:罗中林。电话:17584997003。二、24小时值班电：0851-83862661。辖区派出所电话：0851-83851334。值班维修师傅：。杨丙云:13984310672带班时间：20:00-08:00。四、我们将12小时坚守岗位，如有需要请致电，我们将竭诚为您服务。夜间休息请关好门窗，做好安全防范，出入小区带好业主卡。。贵阳恒大文化旅游城物业服务中心祝您：。               生活愉快！""。??一切??? 随缘????(客户):""[视频]""。08月26日 23:09分。筑安(客户):""[视频号消息]""。筑安(客户):""通知：。8月25日是全国第八个残疾预防日，筑安社区居委会于明天8月27日（本周二）上午在辖区内开展“预防疾病致残  共享健康生活”宣传服务活动，希望学校有社会实践活动要求的学生积极参与，请有意参加志愿服务活动的人员于8月27日早上9:30到8组团筑安社区居委会集中开展活动。""。筑安(客户):""【提示】买卖游戏账号、游戏装备等一定要在官方平台进行，不要点击陌生链接，以交保证金、提现失败、账号冻结等理由要求继续充值的都是诈骗！""。08月27日 00:06分。慧(客户):""不好意思这么晚打扰各位业主    我家的床单已经找到了    我说一下我的想法    虽然楼顶是大家公用的，但是我还是建议自家买一条绳子吧，不要挂在别人的绳子上面。有时候我上去挂衣服    我自己家的绳子我却找不到地方挂。，所以说都很多次没有说了，这次就借这个机会嘛给大家说一声。""。&&&","[
    {
        ""业主情感强度"": {
            ""慧"": ""强烈负面"",
            ""贵阳鑫磊石业赛美迪13984888849"": ""强烈负面""
        },
        ""事件讨论开始时间"": ""08月26日 08:15"",
        ""事件讨论结束时间"": ""08月26日 20:32"",
        ""事件详情"": ""业主慧在08月26日早上发现自己挂在顶楼绳子上的床单被误收，随后在群聊中表达不满，并对物业安保系统提出质疑。事件中涉及业主慧、贵阳鑫磊石业赛美迪13984888849，以及其他几位业主的讨论。慧表示床单是挂在自家绳子上的，且晒衣夹也一同丢失。物业员工王学灵和安保服务-朱震介入处理，最后查明大风问题导致晾晒的衣物被褥丢失。"",
        ""话题倾向"": """"
    }
]"
群聊负向,"这是要分析的对话:&&&08月26日 08:22分。王学灵(员工):""?????????家人们，早上好~。今天…………""。08月26日 08:48分。刘梅(客户):""家人们今日保洁在对商业街石材进行清洗 ，路过时注意安全避免滑倒及水溅到身上，祝家人们生活愉快[握手][握手][握手][咖啡][咖啡][咖啡]""。刘梅(客户):""[图片]""。08月26日 17:01分。刘梅(客户):""??保洁篇—园区石材及商业街石材清洗、垃圾桶清洗、保洁日常工作。服务从来没有一劳永逸??，。只有日复一日的坚持??，。保洁员对园区石材及商业街石材清洗、清洗垃圾桶??，。以匠心服务铸就美好的生活??。。     ——贵阳恒大文化旅游城第一物业服务中心""。刘梅(客户):""[图片]""。08月26日 19:39分。天眼正宗石磨黑豆花鱼15761691757(客户):""[文件下载失败]""。天眼正宗石磨黑豆花鱼15761691757(客户):""3栋付一楼：门都坏了""。天眼正宗石磨黑豆花鱼15761691757(客户):""@客服环境负责人-刘梅?""。时间总会说出再见(客户):""收到，感谢您的反馈""。王学灵(员工):""收到，我这边马上通知师傅过来处理""。Z????R?(客户):""马上联系师傅来处理！""。08月26日 20:32分。??一切??? 随缘????(客户):""各位业主：晚上好！[玫瑰]。8月 26日秩序部夜间执勤安排：。一、值班:罗中林。电话:17584997003。二、24小时值班电：0851-83862661。辖区派出所电话：0851-83851334。值班维修师傅：。杨丙云:13984310672带班时间：20:00-08:00。四、我们将12小时坚守岗位，如有需要请致电，我们将竭诚为您服务。夜间休息请关好门窗，做好安全防范，出入小区带好业主卡。。贵阳恒大文化旅游城物业服务中心祝您：。               生活愉快！""。??一切??? 随缘????(客户):""[视频]""。08月26日 23:09分。筑安(客户):""[视频号消息]""。筑安(客户):""通知：。8月25日是全国第八个残疾预防日，筑安社区居委会于明天8月27日（本周二）上午在辖区内开展“预防疾病致残  共享健康生活”宣传服务活动，希望学校有社会实践活动要求的学生积极参与，请有意参加志愿服务活动的人员于8月27日早上9:30到8组团筑安社区居委会集中开展活动。""。筑安(客户):""【提示】买卖游戏账号、游戏装备等一定要在官方平台进行，不要点击陌生链接，以交保证金、提现失败、账号冻结等理由要求继续充值的都是诈骗！""。&&&","{""事件提取"":null,""提取结果"":false}"
群聊负向,"这是要分析的对话:&&&08月26日 08:34分。恒大城–管家–丹丹(员工):""【休息知会】。各位亲爱的业主朋友:。  …………""。08月26日 09:13分。恒大城???? 秩序部 三期监控室(客户):""“客服”给你打来电话，说你网购商品出现问题！可以给你申请退款，还给你发来陌生链接！让你注册账号填写信息，再说因“操作失误”导致账户被冻结，让你转账解冻后才能退款？南昌反诈提醒您：退换货请认准官方平台，陌生链接不要点击，不要透露个人信息。敬请各位领导同事转发反诈视频及反诈日历。[抱拳][抱拳][抱拳]""。恒大城???? 秩序部 三期监控室(客户):""[视频号消息]""。恒大城???? 秩序部 三期监控室(客户):""[图片]""。08月26日 11:45分。恒大城–管家–丹丹(员工):""【关于四害消杀的温馨提示】。      …………""。恒大城–管家–丹丹(员工):""[图片]""。08月26日 18:19分。恒大城???? 秩序部 三期监控室(客户):""重要警示：。    8月23日晚10时，江苏省宿迁市一电动自行车店起火，虽然仅半小时明火就得到控制，但仍造成6人死亡（尤为痛心的是，遇难者中4人系未成年人）。此前，2024年2月23日4时许，江苏南京市雨花台区一小区发生电动自行车火灾，造成15人死亡，44人受伤。今年4月27日，我县一小区也发生了电动自行车火灾亡人事件。在此警示，电动自行车起火，燃烧迅速并会在短时间造成大量有害气体，因灾致死率极高！因此，为了大家的生命财产安全，恳请各位业主对自己负责，也对左右邻里负责，严禁将电动自行车违规入楼、违规充电！也请各位监督，一发现有电动车上楼进单元的，请及时联系物业24小时电话:85130408，物业会第一时间上户整治，保障大家居住安全。""。08月26日 20:02分。恒大城???? 秩序部 三期监控室(客户):""? 2024.8.26日? 。【秩序维护部】 。1.夜班值班时间段：20：00—08：00。2.夜班值班队长:徐霖。3.物业24小时服务电话：0791-85957719/85130408。? 【物业小贴士】?。1、园区道路是大家的，请将爱车停至车位或车库，勿占行车主干道。。2、予人方便，予己方便，整齐有序，文明停车。。3、随身携带门禁卡，刷卡进出，提高安全防止偷盗。。4、请随手关大堂门，轻拉轻推，勿用力拉扯。。5、非机动车请勿进大堂、楼道内充电。。6、请勿让爱宠随地大小便，做文明养宠人。""。08月26日 21:04分。殷敏(客户):""[小程序消息]""。08月26日 22:32分。A????t???(客户):""[图片]""。A????t???(客户):""没脑子的人这么停车""。恒大城???? 秩序部 三期监控室(客户):""收到，打电话通知车主挪一下""。08月26日 22:52分。我心飞翔(客户):""有没有哪位邻居想养金毛的，有的话说一声，本人有金毛一只10月左右，已打疫苗，送狗粮和一些物品！""。&&&","[
    {
        ""业主情感强度"": {
            ""A????t???"": ""强烈负面""
        },
        ""事件讨论开始时间"": ""08月26日 22:32分"",
        ""事件讨论结束时间"": ""08月26日 22:32分"",
        ""事件详情"": ""在恒大城小区，业主A????t???对其他业主的停车方式表示不满，称'没脑子的人这么停车'。从对话中可以看出，该业主对违规停车行为有强烈的负面情绪。"",
        ""话题倾向"": """"
    }
]"
群聊负向,"这是要分析的对话:&&&08月26日 09:01分。恒大社区居委会8731213(客户):""[视频号消息]""。08月26日 10:16分。恒大社区居委会8731213(客户):""活动通知：恒大社区将于本周三8月28日下午3：00开展社区文明宣传和清扫活动，请需要参与暑假社会实践活动的学生扫下方的腾讯问卷报名参与。。集合地点：恒大社区居委会办公室（恒大城1期1栋内铺）。集合时间：8月28日下午2：50。备注：目前我们发的志愿活动主要是针对学校有要求学生参加暑假社会实践活动要盖章的或者是学校有要求做I志愿的学生，一般是中学生或者大学生，因每次活动人数有限，请没有这方面要求的学生家长暂时不要报名，谢谢！。温馨提示：。1.最近天气多变，请自备雨具遮阳防雨，注意安全。。2.请有需要拍照交学校的同学，自行带手机拍照哈。3.本次活动为24年暑期学生社会实践活动的最后一次活动，后续将不再开展，请有需要的学生积极参与。""。恒大社区居委会8731213(客户):""[图片]""。08月26日 12:24分。呕跛脚唔使邱小姐(客户):""今天下午一期的那个室外泳池还有得玩水吗""。韶关恒大城A区监控员(客户):""16点后太阳没这么猛的时候去""。陈憬梅(客户):""那个水，抓了鱼之后，换过的吗""。08月26日 12:29分。韶关恒大城A区监控员(客户):""抓完鱼，第二天就清洗换水""。08月26日 12:36分。陈憬梅(客户):""好的，谢谢""。08月26日 17:08分。韶关恒大城-管家-李海通(员工):""     关于八月园区消杀通知。尊敬的业…………""。韶关恒大城-管家-李海通(员工):""[图片]""。休息中)韶关恒大城-管家-徐文珠(员工):""    关于八月园区消杀通知。尊敬的业户…………""。休息中)韶关恒大城-管家-徐文珠(员工):""[图片]""。08月26日 17:16分。YAO勇往直前(客户):""[视频号消息]""。08月26日 17:33分。张可乐 修门锁修电器(客户):""管家，几天没在家，今天回到来门口地垫上好几坨猫屎，卫生我自己搞了，野猫的事情，看下怎么处理一下？""。08月26日 17:45分。韶关恒大城A区监控员(客户):""收到 已反馈给管家""。08月26日 18:40分。悦茗轩茶店双彩(客户):""[图片]""。悦茗轩茶店双彩(客户):""@韶关恒大城A区监控员?四栋电梯很脏。""。韶关恒大城A区监控员(客户):""收到""。08月26日 19:03分。韶关恒大城A区监控员(客户):""2024-08-26。【秩序维护部】。1、值班时间段: 19:00-07:00。2、值班中队长: 祝金才。联系:13509859250。【温馨提示】。请各位业主知悉，如需要帮助或遇紧急情况，请电话联系值班室或值班中队长。。物业24小时值班电话：。0751-8709633。0751-8709600""。&&&","{""事件提取"":null,""提取结果"":false}"
群聊负向,"这是要分析的对话:&&&08月26日 08:48分。雷松(员工):""?????????家人们，早上好~。今天…………""。08月26日 15:12分。张設計(客户):""@雷松?-麻烦登录，贵B-RT605""。Devin????????????(客户):""好的，已安排[好的]""。08月26日 16:00分。漫步云端(客户):""[链接]""。08月26日 16:50分。? ????1??(客户):""请问我要调停车场监控，找哪位@物业负责人邹可可?""。? ????1??(客户):""车停停车场被刮了""。Devin????????????(客户):""在哪个位置呢""。? ???????(客户):""2栋电梯正对那里""。Devin????????????(客户):""我让巡逻同事过来看下""。? ???????(客户):""我去监控室吧""。08月26日 17:29分。物业-吴子兵15585131702(客户):""物业＃（秩序服务）装修管控。??文明施工，共创温馨家园。装修巡查及提醒装修时间为早上8:30-12:00下午14:00-18:00。#周末节假日全天禁止装修。——贵阳恒大文化旅游城物业服务中心祝各位业主生活愉快[玫瑰][玫瑰]""。08月26日 18:02分。雷松(员工):""【物业在行动-日常清洁】。?? 烈日当空…………""。雷松(员工):""[图片]""。雷松(员工):""[图片]""。雷松(员工):""[图片]""。08月26日 19:47分。?(客户):""各位业主：晚上好！[玫瑰]。8 月 26日秩序部夜间执勤安排：。一、值班队长：董煜轩。电话: 17855557716。二、24小时值班电话：0851-83873635。辖区派出所电话：0851-83851334。三、带班时间：。20:00-08:00。四、我们将12小时坚守岗位，如有需要请致电，我们将竭诚为您服务。夜间休息请关好门窗，做好安全防范，出入小区带好业主卡。。贵阳恒大文化旅游城物业服务中心祝您：生活愉快！[烟花]""。08月26日 21:01分。? ???????(客户):""我车子在停车场被刮，在小区监控室当面报警，连警察都说了：如果是业主的话，调取监控是我的权利，如果不让我看，那就是你们在故意刁难。。我就想问：请你们这物业来，是帮忙解决生活问题，还是制造问题的呢？不谈服务质量好不好了，就连基本的业主权利都没办法得到保障！@雷松?@物业负责人邹可可?""。? ???????(客户):""[文件]""。08月26日 21:14分。? ????1??(客户):""出来说话撒，现在你们又不敢说了？@物业负责人邹可可?""。邹可可(员工):""派出所同意查看是可以的，我和同事说声@?…………""。? ????1??(客户):""[微笑][微笑]""。? ????1??(客户):""今天我们已经提出了要求，请你们自己查了以后给我们结果哪个车碰的我们的车，肇事逃逸！！毕竟这么重要，这么不得了的监控，我们可不敢看""。08月26日 21:22分。波仔(客户):""日期，车型，颜色，位置，明天早上到监控室来调取监控，已经跟工作人员打好招呼了[抱拳]""。? ????1??(客户):""你们值班人员知道""。波仔(客户):""「? ????1??：你们值班人员知道」。- - - - - - - - - - - - - - -。今天的值班人员明天休息哦，麻烦您明天早上来监控室对接一下，我给您调取""。08月26日 21:27分。? ???????(客户):""一个简单到不能再简单的操作，我就只是想行使业主的基本权利，查个监控这么难？。下午值班人员倒是说的好听，说你们交班也会晚上值班帮忙查看，等我隔了几个小时没见有回复，去现场一问，却被告诉这个事情你们不知道，询问值班表的人都说不知道，你们觉得扯不扯？合着我一下午跟你们交流，其实就是个人秀呗？还好我有习惯现场录音，有时间的时候发给你们听听。[憨笑]你们也可以听听你们自己的工作人员，又是如何评价你们自己这群高高在上的领导。""。波仔(客户):""「非2栋业主的，自己离开（2602）：一个简单到不能再简单的操作，我就只是想行使业主的基本权利，查个监控这么难？。下午值班人员倒是说的好听，说你们交班也会晚上值班帮忙查看，等我隔了几个小时没见有回复，去现场一问，却被告诉这个事情你们不知道，询问值班表的人都说不知道，你们觉得扯不扯？合着我一下午跟你们交流，其实就是个人秀呗？还好我有习惯现场录音，有时间的时候发给你们听听。[憨笑]你们也可以听听你们自己的工作人员，又是如何评价你们自己这群高高在上的领导。」。- - - - - - - - - - - - - - -。但是调取监控确实需要流程的，我们在没有接到通知的情况下也不能随意调取监控，私自调监控值班人员是会被扣款的，都是一视同仁，不能针对您，请您理解一下[愉快]""。波仔(客户):""明天过来咱们对接一下时间，然后给您调嘛[社会社会]""。? ???????(客户):""哎哟，你们听不懂警察说的话？还是你们物业高于法律法规之上？我是现场当着你们物业的面打的，这一个报警电话，警察告诉的是：如果是业主的话，调取监控是我的权利，如果不让我看，那就是你们在故意刁难。""。08月26日 21:32分。波仔(客户):""我们也是普通工作人员，请您也不要为难我们了，明天来对接了给您调[愉快]""。? ???????(客户):""我知道你们普通工作人员，但是，你们领导的这种决定，你们自己人，难道不知道对与不对吗？现场沟通的两位普通工作人员，我感觉也是明事理的呀，但明明知道这不对，但还坚持履行，这叫同流合污。。换句话说吧，我们也不是为难你，是你在这个岗位，不得不承受，没办法。我是针对的这个物业领导的态度，仅此而已。""。08月26日 21:43分。波仔(客户):""「非2栋业主的，自己离开（2602）：我知道你们普通工作人员，但是，你们领导的这种决定，你们自己人，难道不知道对与不对吗？现场沟通的两位普通工作人员，我感觉也是明事理的呀，但明明知道这不对，但还坚持履行，这叫同流合污。。换句话说吧，我们也不是为难你，是你在这个岗位，不得不承受，没办法。我是针对的这个物业领导的态度，仅此而已。」。- - - - - - - - - - - - - - -。但是您来的时候，我们工作人员也是配合您调监控了的，大家将心比心嘛，您这边说我们没有跟您调过监控就说不过去了，虽然您对其他人有气，但您下午17点15分的时候，按照流程我们监控室值班人员还是帮您调取了，你突然来说值班人员不配合您，这样他会被扣款的哦[愉快]""。波仔(客户):""刚刚我已经问清楚您的信息了，您明天过来监控室，咱们一起把肇事者调出来[抱拳]""。08月26日 21:51分。波仔(客户):""刚刚听到您在群里反馈，已经调取监控室监控了，如果在按照流程的情况下，值班人员不认真，不配合您，我们会直接扣他款@非2栋业主的，自己离开（2602）?""。波仔(客户):""[图片]""。波仔(客户):""[视频]""。08月26日 21:58分。? ???????(客户):""你是下午跟我一起在现场那位吗？常见面那位？""。? ???????(客户):""就是视频中坐着那位？""。波仔(客户):""我不是[捂脸]""。波仔(客户):""今天给您监控那个小哥哥他明天休息""。? ???????(客户):""现在视频里坐着那位，也是你们秩序部的。看监控那个站着呢。""。波仔(客户):""您明天来监控室吧，这边明天给您调""。波仔(客户):""有事处理事[抱拳]""。波仔(客户):""「非2栋业主的，自己离开（2602）：现在视频里坐着那位，也是你们秩序部的。看监控那个站着呢。」。- - - - - - - - - - - - - - -。我也不是站着的那一位""。&&&","[
    {
        ""业主情感强度"": {
            ""? ???????"": ""强烈负面"",
            ""? ????1??"": ""强烈负面""
        },
        ""事件讨论开始时间"": ""08月26日 16:50分"",
        ""事件讨论结束时间"": ""08月26日 21:58分"",
        ""事件详情"": ""业主的车在停车场被刮，希望调取监控查看情况。业主在监控室报警，警察表示业主有权调取监控，但物业未能及时配合，导致业主不满。业主认为物业在故意刁难，质疑物业的服务质量和对业主权利的保障。"",
        ""话题倾向"": """"
    }
]"
群聊负向,"这是要分析的对话:&&&08月26日 04:06分。一期中队长(客户):""【?? 秩序服务?巡逻篇】。我们是晚班园区秩序的守护者??。每天园区全覆盖巡视??。希望用我们的行动??。为您营造舒适的居家环境??。如需帮助请拨打24小时服务热线。?:0731一85520610。值班中队长。?:17700582951（一期）。??我们竭诚为您服务??""。一期中队长(客户):""[图片]""。08月26日 06:32分。一期中队长(客户):""??长沙恒大雅苑。?2024年8??26日  星期一。?天气: 晴  气温：28－37℃。1、广西一景区“飞天魔毯”项目故障致1死60伤 景区提出“买断”赔偿方案；。2、浙江绍兴一医院眼科套取医保资金2000万，手术医生庭审坚称无罪引争议；。3、郑州：相关企业限期撤除全市小区电梯里的“上门按摩”广告；。4、今年三伏，全国平均气温达到23.24℃，为史上最热；。5、日本核污染水排海一年，8轮累计排放将达62500吨；微信搜：每日微语报。6、超80城支持国企等收购存量房：36城已启动征集，“去库存效果最直接”；。7、合肥女子李梅在长沙坐拥87套房，因涉罪被查封，正式被法院挂网待拍卖；。8、安徽发文鼓励探索垂钓实名制，官方回应：还未启动落实；。9、周鸿祎再回应“手表不当回答”：已惩罚产品经理接一个月客服电话；。10、三文鱼刺身隔夜返包销售 胖东来：奖励投诉者10万，补偿购买者1000元；。11、黎真主党宣布第一阶段对以袭击取得成功 发射320余枚火箭弹；。12、世卫组织表示，猴痘疫情存在扩散风险，各国防控措施有待加强；。13、防止播音员“讲真话”，日本广播协会开始预录中文新闻；。14、17名中国公民命丧韩国电池厂 火灾调查：因培训不足错失37秒逃生窗口；。15、美国顶尖纳米科学家打算来华工作，曾因与中国高校合作而被美政府判刑；""。一期中队长(客户):""[图片]""。一期中队长(客户):""???♂【防溺水??安全温馨提示】。??亲爱的业主家人们：大家好??。?天气渐热，为了孩子们??的安全，请提高安全防范意识?，时刻监督和管理??好孩子，加强对孩子的防溺水??安全教育，禁止??孩子私自到小溪、水库、江边玩水、捕鱼、捉虾、游泳等。 。??安全无小事 时刻要警惕??。请家长??加强对孩子防溺水的监管力度，提高孩子??防溺水的自觉性?。同时物业工作人员??也会加大对园区的巡逻。为孩子的生命安全构筑坚实的防线??。??如需帮助请拨24小时服务热线。二期?:0731-85066275。一期?:0731-85520610。#长沙恒大雅苑物业服务中心""。08月26日 09:13分。长沙恒大雅苑管家-刘孟婷(客户):""关于开展小区四害消杀的通知。    尊敬的各位业主/住户：。    您好！ 夏天来临，蚊虫较多，为营造一个优美、舒适的生活环境，控制“四害”侵蚀，物业服务中心计划对小区公共区域进行全面的消杀工作，具体消杀计划及注意事项如下:。    消杀时间：2024年8月27日8:00-17:30（明天）。    物业服务中心在此特别提示您：。1、进行喷洒消杀作业时请勿靠近消杀现场，请看护好家里的小孩、老人及宠物，尽量不要在喷药区域滞留或玩耍，以免发生意外；。2、不要随意碰触灭鼠药物，不小心碰到鼠药应及时洗手，不要因为好奇接触死伤老鼠；。3、搞好清洁卫生，保持家居的干净清洁，清理积水。。    请各位业主家人们照看好自家儿童、宠物、不要在消杀区域玩耍，以免发生意外，感谢理解和配合，如需帮助，欢迎拨打物业服务中心24小时服务热线：0731-85066275/85520610，我们将竭诚为您服务！""。长沙恒大雅苑管家-刘孟婷(客户):""[图片]""。08月26日 10:30分。? ????(客户):""是不是停电了@恒大雅苑管家-刘孟婷?""。长沙恒大雅苑管家-刘孟婷(客户):""没有收到停电通知@? ?????""。08月26日 11:13分。长沙恒大雅苑管家-刘孟婷(客户):""【??物业工作周报】  。尊敬的业主/住户：。你好！??。我们一直在努力提升物业服务和小区的品质，以下是我们本周的工作汇报：。?? 丰富多彩文化活动。?? 公共卫生细致清洁  。?? 绿化维护杂草清理 。 ?? 公共设施检查维护  。??  室内特约维修服务  。??  家园安全守护服务  。??  每周覆盖四害消杀  。???  园区现场品质提升 。#长沙恒大雅苑物业服务中心""。长沙恒大雅苑管家-刘孟婷(客户):""[图片]""。08月26日 11:19分。子鱼(客户):""【??遛狗不随便，随手清狗便??】。     。      ??最近存在严重的不文明养犬的现象，绿化带、草坪的狗便??比比皆是，给其他美邻的生活带来了很大的困扰。。      宠物是人类的朋友，为生活增添不少乐趣??，享受权利的同时还请履行义务哦[抱拳]，为了给小区营造一个整洁和谐的环境??，物业中心倡议各位饲养宠物的业主，请您随身携带废纸或垃圾袋，以便随时清理“排泄物”。    ??优美的居住环境需要大家的共同创造和维护，请从文明养狗开始。??""。子鱼(客户):""[文件超过最大限制]""。08月26日 14:24分。恒大雅苑管家-刘孟婷(员工):""   ??【直饮水机巡查周报】??。  …………""。恒大雅苑管家-刘孟婷(员工):""[图片]""。08月26日 18:03分。长沙恒大雅苑管家-刘孟婷(客户):""关于小区内防范蛇类动物的温馨提示。各位业主家人们：。       您们好！因小区及周边生态环境较好，天气炎热蛇类喜欢在傍晚和清晨出没。在此，物业中心提醒广大业主家人们：。1、请照看好小孩及宠物，尽量不要进入蛇类容易躲藏的花草茂盛区域；。2、夜间在靠近外围墙、小路散步时，请多留意脚下路面情况；。3、请关好阳台门窗、纱窗等，特别是近绿化、草丛等低楼层区域；。       如您在小区内发现有蛇出没，请保持冷静，千万不要惊扰它，也不要去靠近辨别是否有毒，更不要自作主张去抓蛇，如需帮助，请拨打我中心24小时服务热线：(一期：0731-85520610、二期0731-85066295)，我们会第一时间赶到现场处理。""。长沙恒大雅苑管家-刘孟婷(客户):""[图片]""。08月26日 18:12分。卓信老赵(客户):""「环境主管—刘红梅：。【??遛狗不随便，随手清狗便??】。     。      ??最近存在严重的不文明养犬的现象，绿化带、草坪的狗便??比比皆是，给其他美邻的生活带来了很大的困扰。。      宠物是人类的朋友，为生活增添不少乐趣??，享受权利的同时还请履行义务哦[抱拳]，为了给小区营造一个整洁和谐的环境??，物业中心倡议各位饲养宠物的业主，请您随身携带废纸或垃圾袋，以便随时清理“排泄物”。    ??优美的居住环境需要大家的共同创造和维护，请从文明养狗开始。??」。- - - - - - - - - - - - - - -。这个现象我看到几次了，有个别养狗狗的人非常不自觉，素质极差[弱]""。08月26日 18:18分。长沙恒大雅苑管家-刘孟婷(客户):""是的，环境卫生还是需要靠大家自觉的，希望我们可以一起爱护家园，保护环境[愉快][抱拳]""。08月26日 19:15分。一期中队长(客户):""【?? 秩序服务?巡逻篇】。我们是白班园区秩序的守护者??。每天园区全覆盖巡视??。希望用我们的行动??。为您营造舒适的居家环境??。如需帮助请拨打24小时服务热线。?:0731一85520610。值班中队长。?:17700582951（一期）。??我们竭诚为您服务??""。一期中队长(客户):""[视频]""。一期中队长(客户):""[文件下载失败]""。08月26日 19:54分。小牛牛(客户):""8月26日园林工作日常""。小牛牛(客户):""[图片]""。08月26日 20:04分。一期中队长(客户):""业主您好??。我是夜班秩序班长（苏静普17700582951），也是你的夜间安全守护者??，也许您从来没有见过我，因为我值守在您熟睡的每个晚上。夜间??我们会跟踪可疑人员、巡查车库、巡查园区、巡查楼层。。??清晨06:00我们还会查看每个电梯，确保您上班时电梯正常运行。。??如需帮助请及时拨打24小时服务电话85520610，我会出现在你需要的每个时刻???♂???♂???♂。祝您好梦！一醒来又是美美哒的一天哦???""。08月26日 20:49分。一期中队长(客户):""【?? 秩序服务?巡逻篇】。我们是晚班园区秩序的守护者??。每天园区全覆盖巡视??。希望用我们的行动??。为您营造舒适的居家环境??。如需帮助请拨打24小时服务热线。?:0731一85520610。值班中队长。?:17700582951（一期）。??我们竭诚为您服务??""。一期中队长(客户):""[视频]""。08月27日 03:44分。一期中队长(客户):""【?? 秩序服务?巡逻篇】。我们是晚班园区秩序的守护者??。每天园区全覆盖巡视??。希望用我们的行动??。为您营造舒适的居家环境??。如需帮助请拨打24小时服务热线。?:0731一85520610。值班中队长。?:17700582951（一期）。??我们竭诚为您服务??""。一期中队长(客户):""[图片]""。&&&","{""事件提取"":null,""提取结果"":false}"
群聊负向,"这是要分析的对话:&&&08月26日 08:36分。恒大城-管家-小冷(员工):""各位业主 是哪个邻居昨天借了别人的一个粉…………""。恒大城-管家-小冷(员工):""[图片]""。08月26日 08:53分。丽锦～夏夏??(客户):""[视频]""。丽锦～夏夏??(客户):""几天了这卫生[尴尬]""。08月26日 09:04分。恒大城-管家-小冷(员工):""收到  我马上联系[抱拳]""。08月26日 09:10分。恒大城???? 秩序部 三期监控室(客户):""[视频号消息]""。恒大城???? 秩序部 三期监控室(客户):""“客服”给你打来电话，说你网购商品出现问题！可以给你申请退款，还给你发来陌生链接！让你注册账号填写信息，再说因“操作失误”导致账户被冻结，让你转账解冻后才能退款？南昌反诈提醒您：退换货请认准官方平台，陌生链接不要点击，不要透露个人信息。敬请各位领导同事转发反诈视频及反诈日历。[抱拳][抱拳][抱拳]""。恒大城???? 秩序部 三期监控室(客户):""[图片]""。08月26日 09:20分。菊花(客户):""[图片]""。菊花(客户):""地下室好臭[尴尬]""。恒大城-管家-小冷(员工):""收到[抱拳]""。08月26日 11:32分。恒大城-管家-小冷(员工):""【关于四害消杀的温馨提示】。      …………""。恒大城-管家-小冷(员工):""[图片]""。08月26日 15:49分。恒大城-管家-小冷(员工):""【南昌恒大城—周报】。?? 一周美好，与…………""。恒大城-管家-小冷(员工):""[图片]""。08月26日 16:23分。恒大城-管家-小冷(员工):""【44栋地库口维修封闭通知】。    各…………""。恒大城-管家-小冷(员工):""[图片]""。08月26日 18:16分。恒大城???? 秩序部 三期监控室(客户):""重要警示：。    8月23日晚10时，江苏省宿迁市一电动自行车店起火，虽然仅半小时明火就得到控制，但仍造成6人死亡（尤为痛心的是，遇难者中4人系未成年人）。此前，2024年2月23日4时许，江苏南京市雨花台区一小区发生电动自行车火灾，造成15人死亡，44人受伤。今年4月27日，我县一小区也发生了电动自行车火灾亡人事件。在此警示，电动自行车起火，燃烧迅速并会在短时间造成大量有害气体，因灾致死率极高！因此，为了大家的生命财产安全，恳请各位业主对自己负责，也对左右邻里负责，严禁将电动自行车违规入楼、违规充电！也请各位监督，一发现有电动车上楼进单元的，请及时联系物业24小时电话:85130408，物业会第一时间上户整治，保障大家居住安全。""。08月26日 20:04分。恒大城???? 秩序部 三期监控室(客户):""? 2024.8.26日? 。【秩序维护部】 。1.夜班值班时间段：20：00—08：00。2.夜班值班队长:徐霖。3.物业24小时服务电话：0791-85957719/85130408。? 【物业小贴士】?。1、园区道路是大家的，请将爱车停至车位或车库，勿占行车主干道。。2、予人方便，予己方便，整齐有序，文明停车。。3、随身携带门禁卡，刷卡进出，提高安全防止偷盗。。4、请随手关大堂门，轻拉轻推，勿用力拉扯。。5、非机动车请勿进大堂、楼道内充电。。6、请勿让爱宠随地大小便，做文明养宠人。""。&&&","[
    {
        ""业主情感强度"": {
            ""丽锦～夏夏??"": ""一般负面""
        },
        ""事件讨论开始时间"": ""08月26日 08:53分"",
        ""事件讨论结束时间"": ""08月26日 08:53分"",
        ""事件详情"": ""夏夏??对小区的卫生状况表达了不满，通过发表'几天了这卫生[尴尬]'的言论，可以看出业主对小区卫生问题的关注和不满。"",
        ""话题倾向"": """"
    }
]"
群聊负向,"这是要分析的对话:&&&08月26日 13:09分。郑超超(员工):""[视频]""。郑超超(员工):""这是哪个业主的狗狗呀，其他业主反应，投诉…………""。08月26日 13:16分。洋(客户):""还是自觉点的好，业主群都在说""。08月26日 13:29分。时小龙(员工):""703号房的，这个狗""。08月26日 20:16分。?(客户):""各位业主：晚上好！[玫瑰]。8月26日秩序部夜间执勤安排：。一、值班人员，李苓杰13035574097。维修值班人员： 郭文波18111908017。二、巡查期间未发现流浪狗、猫，值班期间如发现第一时间处理。三、带班时间：20:00-08:00。四、我们将12小时坚守岗位，如有需要请致电，我们将竭诚为您服务。夜间休息请关好门窗，做好安全防范，出入小区带好业主卡、谨防尾随。。贵阳金碧物业服务中心祝您：生活愉快！[烟花]""。08月26日 21:24分。郑超超(员工):""停气通知。停气日期：2024年8月26日…………""。&&&","{""事件提取"":null,""提取结果"":false}"
群聊负向,"这是要分析的对话:&&&08月26日 08:48分。雷松(员工):""?????????家人们，早上好~。今天…………""。08月26日 10:22分。楊(客户):""[图片]""。楊(客户):""1栋电梯坏了""。Devin????????????(客户):""@三菱电梯   游天德15286731436?""。Simple(客户):""电梯目前在维护保养，请稍等，""。Simple(客户):""今日12组团电梯保养如下:。1栋  09：30-11：00。3栋  11：00-12：30。5栋  12：30-14：00。7栋  14：00-15：30。单侧保养不影响乘梯、保养期间给您带来不便请谅解!""。楊(客户):""到楼层了总是不停""。楊(客户):""这几天都是这样，有时候按了也没反应""。08月26日 10:27分。Simple(客户):""请问一下，几楼啊？@楊?""。楊(客户):""23""。Simple(客户):""好的，我让现场的维保人员去检查一下。""。柔情似水(客户):""30楼也是这样，按上来直接要停很多次，有时间还会黑屏""。08月26日 10:33分。铁汉律师17785815957(客户):""@三菱电梯   游天德15286731436?我家楼层按了上下键，一直闪，电梯有时候也不会停。""。Simple(客户):""请问一下，是哪台啊？还是两台电梯的外呼都是一样的问题啊？""。铁汉律师17785815957(客户):""这电梯按键是有问题的""。铁汉律师17785815957(客户):""两台电梯都一样""。铁汉律师17785815957(客户):""按亮了，会熄灭，到达楼层不会停。""。Simple(客户):""好的，现安排人排查。""。楊(客户):""2台都一样""。段秋容(客户):""是的，这个问题我前几天说了，说是找人来看，但是没有解决问题""。08月26日 10:42分。宋玉梅(客户):""这种情况我经常都遇到的""。Simple(客户):""收到""。08月26日 10:53分。a韓方圓(客户):""@雷松?麻烦你给我录一下车牌，贵A9E07W，谢了""。08月26日 11:14分。Simple(客户):""[文件超过最大限制]""。Simple(客户):""电梯负二楼外呼终端程序错误，导致电梯不能正确响应外呼指令，现已排除问题，所有外呼可正常进行招梯。""。08月26日 13:40分。Devin????????????(客户):""您好，请问几楼""。?菲比?(客户):""感觉是19楼""。Devin????????????(客户):""好的""。?菲比?(客户):""之前轻轻敲我都懒得反应了，越来越大声""。08月26日 17:29分。物业-吴子兵15585131702(客户):""物业＃（秩序服务）装修管控。??文明施工，共创温馨家园。装修巡查及提醒装修时间为早上8:30-12:00下午14:00-18:00。#周末节假日全天禁止装修。——贵阳恒大文化旅游城物业服务中心祝各位业主生活愉快[玫瑰][玫瑰]""。08月26日 18:02分。雷松(员工):""【物业在行动-日常清洁】。?? 烈日当空…………""。雷松(员工):""[图片]""。雷松(员工):""[图片]""。雷松(员工):""[图片]""。08月26日 19:47分。?(客户):""各位业主：晚上好！[玫瑰]。8 月 26日秩序部夜间执勤安排：。一、值班队长：董煜轩。电话: 17855557716。二、24小时值班电话：0851-83873635。辖区派出所电话：0851-83851334。三、带班时间：。20:00-08:00。四、我们将12小时坚守岗位，如有需要请致电，我们将竭诚为您服务。夜间休息请关好门窗，做好安全防范，出入小区带好业主卡。。贵阳恒大文化旅游城物业服务中心祝您：生活愉快！[烟花]""。08月26日 21:06分。任与罗(客户):""辛苦了！@雷松?""。08月26日 22:13分。你呀。(客户):""麻烦录一下""。你呀。(客户):""贵ADB2589 ""。南(客户):""好的""。南(客户):""「你呀。：。贵ADB2589 」。- - - - - - - - - - - - - - -。已录""。08月26日 22:19分。你呀。(客户):""好的 谢谢""。&&&","[
    {
        ""业主情感强度"": {
            ""段秋容"": ""一般负面"",
            ""宋玉梅"": ""一般负面"",
            ""楊"": ""一般负面"",
            ""铁汉律师17785815957"": ""一般负面"",
            ""柔情似水"": ""一般负面""
        },
        ""事件讨论开始时间"": ""08月26日 10:22"",
        ""事件讨论结束时间"": ""08月26日 11:14"",
        ""事件详情"": ""1栋电梯在维护期间出现不停层、按键无反应、外呼终端程序错误等问题，导致业主无法正常使用电梯。涉及业主包括楊、柔情似水、铁汉律师17785815957、段秋容、宋玉梅等，他们表现出强烈的不满和抱怨。"",
        ""话题倾向"": """"
    }
]"
群聊负向,"这是要分析的对话:&&&08月26日 08:58分。13.15管家李彬(员工):""?????????家人们，早上好~。今天…………""。08月26日 09:10分。??風&烙印??(客户):""@李彬?今天给我催一下，尽快处理了""。13.15管家李彬(员工):""好的，我再给你催一下""。08月26日 10:02分。未来如期(客户):""11号楼电梯这么久怎么没回应？""。08月26日 10:22分。UCC国际洗衣万科大都会精选店(客户):""邻居们，你们有收门窗的电话吗？""。UCC国际洗衣万科大都会精选店(客户):""给我发一个呗""。08月26日 10:44分。倪娟(客户):""@李彬?窗子漏风能看见消息不""。08月26日 10:51分。咪(客户):""门窗回收18785785976""。08月26日 11:04分。UCC国际洗衣万科大都会精选店(客户):""谢谢@咪?""。08月26日 11:57分。倪娟(客户):""@李彬?""。倪娟(客户):""不行给我型号 我自己买点封条来换@李彬?""。倪娟(客户):""或着给我个接口人的电话 不要装看不见 ""。倪娟(客户):""真是要命""。倪娟(客户):""@李彬?""。13.15管家李彬(员工):""@倪娟已经反馈給地产施工单位的了的""。08月26日 12:04分。倪娟(客户):""反馈了得几个月了吧""。倪娟(客户):""又没人在处理啊""。倪娟(客户):""声音真的超级大 影响晚上休息""。多宝鱼??(客户):""窗户固定架坏了反映了好几个月都没个回应 ""。08月26日 17:18分。13.15管家李彬(员工):""【物业在行动-日常清洁】。?? 烈日当空…………""。13.15管家李彬(员工):""[图片]""。13.15管家李彬(员工):""[图片]""。13.15管家李彬(员工):""[图片]""。08月26日 17:29分。物业-吴子兵15585131702(客户):""物业＃（秩序服务）装修管控。??文明施工，共创温馨家园。装修巡查及提醒装修时间为早上8:30-12:00下午14:00-18:00。#周末节假日全天禁止装修。——贵阳恒大文化旅游城物业服务中心祝各位业主生活愉快[玫瑰][玫瑰]""。&&&","[
   {
        ""业主情感强度"": {
            ""未来如期"": ""一般负面"",
        },
        ""事件讨论开始时间"": ""08月26日 10:02分"",
        ""事件讨论结束时间"": ""08月26日 12:02分"",
        ""事件详情"": ""业主未来如期对电梯长时间没响应感到不耐烦。"",
        ""话题倾向"": """"
    }
 {
        ""业主情感强度"": {
            ""多宝鱼"": ""强烈负面"",
            ""倪娟"": ""强烈负面""
        },
        ""事件讨论开始时间"": ""08月26日 10:44分"",
        ""事件讨论结束时间"": ""08月26日 12:04分"",
        ""事件详情"": ""在11号楼，业主倪娟和多宝鱼反映他们的窗户存在问题，包括窗子漏风和窗户固定架损坏。这些问题已经反映给物业几个月了，但似乎没有人在处理。倪娟表示，窗子漏风的声音非常大，影响晚上休息。多宝鱼也反映窗户固定架坏了，几个月都没有得到回应。"",
        ""话题倾向"": """"
    }
]"
群聊负向,"这是要分析的对话:&&&08月26日 09:15分。李先生(客户):""@恒大城-管家-小刘?你们保洁拖把拖的地很腥""。恒大城-管家-小刘(员工):""收到，已安排了保洁主管去检查""。08月26日 11:02分。恒大城-管家-小刘(员工):""管家温馨提示：。今天28、29、41…电…………""。恒大城-管家-小刘(员工):""[图片]""。08月26日 16:45分。恒大城-管家-小刘(员工):""【关于四害消杀的温馨提示】。      …………""。恒大城-管家-小刘(员工):""[图片]""。08月26日 16:52分。恒大城-管家-小刘(员工):""【44栋地库口维修封闭通知】。    各…………""。恒大城-管家-小刘(员工):""[图片]""。08月26日 17:51分。信仰！(客户):""[图片]""。信仰！(客户):""[视频]""。信仰！(客户):""这活干的只顾自己完工不管别人死活吗""。恒大城-管家-小刘(员工):""业主，非常抱歉给你添麻烦了。""。恒大城-管家-小刘(员工):""我这边会跟施工方去沟通，要求清理碎石[抱…………""。08月26日 17:59分。信仰！(客户):""「28-1-12：[图片]」。- - - - - - - - - - - - - - -。这里的我自己弄""。信仰！(客户):""「28-1-12：[视频]」。- - - - - - - - - - - - - - -。这里的方便叫师傅弄一下，顺带把玻璃擦一下[旺柴]""。信仰！(客户):""@恒大城-管家-小刘?谢啦""。恒大城???? 秩序部 三期监控室(客户):""@28-1-12?请拨打物业电话85130408，然后了解一下情况，派人去处理""。08月26日 18:05分。恒大城-管家-小刘(员工):""收到""。08月26日 18:14分。恒大城???? 秩序部 三期监控室(客户):""重要警示：。    8月23日晚10时，江苏省宿迁市一电动自行车店起火，虽然仅半小时明火就得到控制，但仍造成6人死亡（尤为痛心的是，遇难者中4人系未成年人）。此前，2024年2月23日4时许，江苏南京市雨花台区一小区发生电动自行车火灾，造成15人死亡，44人受伤。今年4月27日，我县一小区也发生了电动自行车火灾亡人事件。在此警示，电动自行车起火，燃烧迅速并会在短时间造成大量有害气体，因灾致死率极高！因此，为了大家的生命财产安全，恳请各位业主对自己负责，也对左右邻里负责，严禁将电动自行车违规入楼、违规充电！也请各位监督，一发现有电动车上楼进单元的，请及时联系物业24小时电话:85130408，物业会第一时间上户整治，保障大家居住安全。""。08月26日 19:17分。MMH(客户):""[文件下载失败]""。MMH(客户):""地下室的水要不处理吗""。MMH(客户):""@恒大城-管家-小刘?""。恒大城-管家-小刘(员工):""在处理，明天还会用扫地车去吸水""。MMH(客户):""??""。08月26日 20:00分。恒大城???? 秩序部 三期监控室(客户):""? 2024.8.26日? 。【秩序维护部】 。1.夜班值班时间段：20：00—08：00。2.夜班值班队长:徐霖。3.物业24小时服务电话：0791-85957719/85130408。? 【物业小贴士】?。1、园区道路是大家的，请将爱车停至车位或车库，勿占行车主干道。。2、予人方便，予己方便，整齐有序，文明停车。。3、随身携带门禁卡，刷卡进出，提高安全防止偷盗。。4、请随手关大堂门，轻拉轻推，勿用力拉扯。。5、非机动车请勿进大堂、楼道内充电。。6、请勿让爱宠随地大小便，做文明养宠人。""。&&&","[
    {
        ""业主情感强度"": {
            ""李先生"": ""一般负面""
        },
        ""事件讨论开始时间"": ""08月26日 09:15"",
        ""事件讨论结束时间"": ""08月26日 09:15"",
        ""事件详情"": ""李先生反映小区保洁拖把拖地后留下腥味，地点在恒大城，业主1人，表示不满。"",
        ""话题倾向"": """"
    },
    {
        ""业主情感强度"": {
            ""信仰！"": ""强烈负面""
        },
        ""事件讨论开始时间"": ""08月26日 17:51"",
        ""事件讨论结束时间"": ""08月26日 17:59"",
        ""事件详情"": ""信仰！对施工方在施工完毕后未清理干净现场表达强烈不满，称'这活干的只顾自己完工不管别人死活吗'，并上传了图片和视频作为证据。地点在恒大城，业主1人，情绪强烈。"",
        ""话题倾向"": """"
    },

]"
群聊负向,"这是要分析的对话:&&&08月26日 07:18分。南旅汽车公司王晓利18879150035(客户):""@恒大城-管家-小舒?，我今天下班回来，希望车都能停到自己的车位上。""。南旅汽车公司王晓利18879150035(客户):""[图片]""。08月26日 08:30分。恒大城-32.33.34.35管家小舒(客户):""好，我这边联系一下""。08月26日 09:11分。恒大城???? 秩序部 三期监控室(客户):""[视频号消息]""。恒大城???? 秩序部 三期监控室(客户):""“客服”给你打来电话，说你网购商品出现问题！可以给你申请退款，还给你发来陌生链接！让你注册账号填写信息，再说因“操作失误”导致账户被冻结，让你转账解冻后才能退款？南昌反诈提醒您：退换货请认准官方平台，陌生链接不要点击，不要透露个人信息。敬请各位领导同事转发反诈视频及反诈日历。[抱拳][抱拳][抱拳]""。恒大城???? 秩序部 三期监控室(客户):""[图片]""。08月26日 11:31分。恒大城-32.33.34.35管家小舒(客户):""【关于四害消杀的温馨提示】。       物业服务中心将于2024年8月29日-2024年8月30日对小区公共区域进行消杀工作，请各位业主注意安全防护。[玫瑰]""。恒大城-32.33.34.35管家小舒(客户):""[文件下载失败]""。08月26日 15:54分。恒大城-管家-小舒(员工):""【南昌恒大城—周报】。?? 一周美好，与…………""。恒大城-管家-小舒(员工):""[图片]""。08月26日 16:23分。恒大城-32.33.34.35管家小舒(客户):""【44栋地库口维修封闭通知】。    各位业主，因44栋地库口需临时进行维修，将于8月27日上午09:00封闭，预计恢复时间9月2日（下周一）。维修期间进出口都受影响，请各位业主绕行至其他入口进出。维修完成后会通知大家，给您带来不便，敬请谅解[抱拳]""。恒大城-32.33.34.35管家小舒(客户):""[图片]""。08月26日 18:04分。看云起时(客户):""我们这个单元楼层感应灯昨天就坏了，昨天就跟你们说了要来修，今天都没来。""。看云起时(客户):""602""。恒大城???? 秩序部 三期监控室(客户):""@看云起时?请问几单元？""。08月26日 18:12分。南昌公交媒体徐蕾(客户):""「恒大城-32.33.34.35管家小舒：【44栋地库口维修封闭通知】。    各位业主，因44栋地库口需临时进行维修，将于8月27日上午09:00封闭，预计恢复时间9月2日（下周一）。维修期间进出口都受影响，请各位业主绕行至其他入口进出。维修完成后会通知大家，给您带来不便，敬请谅解[抱拳]」。- - - - - - - - - - - - - - -。44栋是哪一栋？""。恒大城???? 秩序部 三期监控室(客户):""[图片]""。恒大城???? 秩序部 三期监控室(客户):""@南昌公交媒体徐蕾?""。南昌公交媒体徐蕾(客户):""[好的]""。恒大城???? 秩序部 三期监控室(客户):""重要警示：。    8月23日晚10时，江苏省宿迁市一电动自行车店起火，虽然仅半小时明火就得到控制，但仍造成6人死亡（尤为痛心的是，遇难者中4人系未成年人）。此前，2024年2月23日4时许，江苏南京市雨花台区一小区发生电动自行车火灾，造成15人死亡，44人受伤。今年4月27日，我县一小区也发生了电动自行车火灾亡人事件。在此警示，电动自行车起火，燃烧迅速并会在短时间造成大量有害气体，因灾致死率极高！因此，为了大家的生命财产安全，恳请各位业主对自己负责，也对左右邻里负责，严禁将电动自行车违规入楼、违规充电！也请各位监督，一发现有电动车上楼进单元的，请及时联系物业24小时电话:85130408，物业会第一时间上户整治，保障大家居住安全。""。08月26日 18:27分。看云起时(客户):""「恒大城???? 秩序部 三期监控室：。@看云起时?请问几单元？」。- - - - - - - - - - - - - - -。1单元""。恒大城???? 秩序部 三期监控室(客户):""@看云起时?好，我通知师傅过去看一下""。看云起时(客户):""好""。08月26日 20:01分。恒大城???? 秩序部 三期监控室(客户):""? 2024.8.26日? 。【秩序维护部】 。1.夜班值班时间段：20：00—08：00。2.夜班值班队长:徐霖。3.物业24小时服务电话：0791-85957719/85130408。? 【物业小贴士】?。1、园区道路是大家的，请将爱车停至车位或车库，勿占行车主干道。。2、予人方便，予己方便，整齐有序，文明停车。。3、随身携带门禁卡，刷卡进出，提高安全防止偷盗。。4、请随手关大堂门，轻拉轻推，勿用力拉扯。。5、非机动车请勿进大堂、楼道内充电。。6、请勿让爱宠随地大小便，做文明养宠人。""。&&&","[
    {
        ""业主情感强度"": {
            ""看云起时"": ""一般负面""
        },
        ""事件讨论开始时间"": ""08月26日 18:04"",
        ""事件讨论结束时间"": ""08月26日 18:27"",
        ""事件详情"": ""业主看云起时在08月26日 18:04分反馈，其所在单元的楼层感应灯坏了，昨天就已经报告给物业要求维修，但至当天仍未有人来修理。具体是602号，1单元。此问题在18:27分得到物业监控室的回应，表示会通知师傅过去查看。"",
        ""话题倾向"": """"
    }
]"
群聊负向,"这是要分析的对话:&&&08月26日 06:22分。杨晓东(客户):""@韶关恒大城B区监控员?29栋104墙面严重漏水，麻烦协调处理一下""。杨晓东(客户):""@李佰全?@韶关恒大城B区监控员?@韶关恒大城-管家-彭小芸?@韶关恒大城-管家-杨洪财?29栋104墙面严重漏水，麻烦协调处理一下""。08月26日 06:29分。韶关恒大城B区监控员(客户):""您好   收到""。08月26日 09:01分。恒大社区居委会8731213(客户):""[视频号消息]""。08月26日 10:17分。恒大社区居委会8731213(客户):""[图片]""。恒大社区居委会8731213(客户):""活动通知：恒大社区将于本周三8月28日下午3：00开展社区文明宣传和清扫活动，请需要参与暑假社会实践活动的学生扫下方的腾讯问卷报名参与。。集合地点：恒大社区居委会办公室（恒大城1期1栋内铺）。集合时间：8月28日下午2：50。备注：目前我们发的志愿活动主要是针对学校有要求学生参加暑假社会实践活动要盖章的或者是学校有要求做I志愿的学生，一般是中学生或者大学生，因每次活动人数有限，请没有这方面要求的学生家长暂时不要报名，谢谢！。温馨提示：。1.最近天气多变，请自备雨具遮阳防雨，注意安全。。2.请有需要拍照交学校的同学，自行带手机拍照哈。3.本次活动为24年暑期学生社会实践活动的最后一次活动，后续将不再开展，请有需要的学生积极参与。""。08月26日 10:33分。杨晓东(客户):""[图片]""。08月26日 12:37分。吉祥(客户):""[视频号消息]""。08月26日 16:54分。名字没想好(客户):""有没有闻到一股味啊""。名字没想好(客户):""好久了""。08月26日 17:01分。韶关恒大城B区监控员(客户):""@名字没想好?您好，请问哪个位置有一股味？""。名字没想好(客户):""我在28栋03户型，闻到外面有股味道""。名字没想好(客户):""刺激性气味""。 秋(客户):""@韶关恒大城B区监控员?关一下水29-706""。 秋(客户):""谢谢！""。韶关恒大城B区监控员(客户):""@名字没想好?是小区外面吗""。韶关恒大城B区监控员(客户):""@ 秋?您好，这边通知师傅""。 秋(客户):""好的，谢谢！""。08月26日 17:07分。易捷「颈肩腰腿痛|中医养生」(客户):""是油漆味，我这边也闻到""。韶关恒大城B区监控员(客户):""您好，几楼闻到油漆味？@易捷【7年专注易排筋骨贴】?""。易捷「颈肩腰腿痛|中医养生」(客户):""在厨房可以闻到，28栋24楼""。韶关恒大城B区监控员(客户):""好的，这边安排人员上去排查一下""。韶关恒大城-管家-杨洪财(员工):""@所有人关于八月园区消杀通知。尊敬的业户…………""。08月26日 17:12分。梵音(客户):""@名字没想好?我家在改推拉门色，师傅在喷油漆""。易捷「颈肩腰腿痛|中医养生」(客户):""怪不得""。梵音(客户):""不好意思哈，马上就好了""。梵音(客户):""邻居们暂时关闭一下门窗""。08月26日 17:20分。梵音(客户):""[视频]""。梵音(客户):""{""pre_msgid"":""10421117022961753451_1724664003516_external""}""。08月26日 17:43分。高正国(客户):""管家：27栋客梯有狗尿。""。08月26日 17:50分。韶关恒大城B区监控员(客户):""@高正国?收到，这边通知保洁""。08月26日 19:06分。韶关恒大城B区监控员(客户):""2024-8-26。【秩序维护部】。1、值班时间段:【19:00-7:00】。2、值班中队长:  李佰全。联系电话：18933707875。【温馨提示】。请各位业主知悉，如需要帮助或遇紧急情况，请电话联系值班室或值班中队长。。物业24小时值班电话：0751-8706100。0751-8706228""。08月26日 19:59分。易捷「颈肩腰腿痛|中医养生」(客户):""@梵音?油漆还没油完？""。易捷「颈肩腰腿痛|中医养生」(客户):""好臭""。易捷「颈肩腰腿痛|中医养生」(客户):""@韶关恒大城B区监控员?""。易捷「颈肩腰腿痛|中医养生」(客户):""@韶关恒大城B区监控员?""。梵音(客户):""还有一点点手尾，贴了防护贴地方还要补一下，快了，实在抱歉，师傅也不会搞太晚，就一点手尾，要补，明天也不可能为一点手尾再跑一趟，主要他明天安排满了""。梵音(客户):""实在抱歉，刚问了师傅说还有十几分钟""。08月26日 20:04分。易捷「颈肩腰腿痛|中医养生」(客户):""这样搞法今晚没法睡了，一屋都油漆味""。易捷「颈肩腰腿痛|中医养生」(客户):""厨房位置最臭""。易捷「颈肩腰腿痛|中医养生」(客户):""@杨洪财?""。敏(客户):""管家，这油漆的味道也太大了吧，一屋子都是味道，都要中毒了""。敏(客户):""[擦汗]""。08月26日 20:10分。韶关恒大城B区监控员(客户):""已通知同事去现场""。敏(客户):""刚回来，就呆了两分钟，人都要头晕了，家都呆不了""。易捷「颈肩腰腿痛|中医养生」(客户):""是啊""。易捷「颈肩腰腿痛|中医养生」(客户):""@敏?你家多少楼？我这边是24楼""。敏(客户):""16""。08月26日 20:15分。敏(客户):""我刚回来才呆了两分钟不到，就呆不住了""。易捷「颈肩腰腿痛|中医养生」(客户):""恒大的设计咋回事[捂脸]，影响范围这么大""。敏(客户):""那味道让人要受不了""。易捷「颈肩腰腿痛|中医养生」(客户):""是啊""。易捷「颈肩腰腿痛|中医养生」(客户):""厨房味道最大，都不知怎么串上来的""。08月26日 20:21分。敏(客户):""这是几楼的邻居家，这味道串得这么厉害""。敏(客户):""都不敢在家呆了""。梵音(客户):""搞好了，师傅撤了，不好意思，给大家带来不便""。杨词雅(客户):""油烟机的匹数不够大，吸力不够强，就会倒流[偷笑]""。易捷「颈肩腰腿痛|中医养生」(客户):""@梵音?你家几楼，咋串味这么厉害""。杨词雅(客户):""我不在家都是关着厨房门，不然满屋子油烟""。梵音(客户):""13楼""。易捷「颈肩腰腿痛|中医养生」(客户):""13楼能串到24楼[捂脸]""。08月26日 20:34分。梵音(客户):""抽油烟机倒灌""。08月26日 20:50分。小胖世界第一可爱(客户):""请问有哪位邻居知道附近哪里可以修手机""。08月26日 20:56分。A   露珠儿   (客户):""保利广场""。08月26日 21:15分。从心出发(客户):""还有一个那个油烟机的什么阀坏了""。从心出发(客户):""回什么阀 忘了""。08月26日 23:29分。小胖世界第一可爱(客户):""「A  ?? 露珠儿 ?? ?? ??：保利广场」。- - - - - - - - - - - - - - -。谢谢""。&&&","[
 
    {
        ""业主情感强度"": {
            ""名字没想好"": ""一般负面"",
            ""易捷"": ""强烈负面"",
            ""敏"": ""强烈负面""
        },
        ""事件讨论开始时间"": ""08月26日 16:54"",
        ""事件讨论结束时间"": ""08月26日 20:34"",
        ""事件详情"": ""28栋有刺激性油漆味，影响至24楼。业主名字没想好、易捷、敏等反映此问题，表示气味严重，影响居住。后确认是13楼业主梵音家改推拉门色，喷油漆导致。"",
        ""话题倾向"": """"
    }
]"
群聊负向,"这是要分析的对话:&&&08月26日 06:35分。A牵着蜗牛??遛弯(客户):""风大电梯不走！得用手使劲把着才行""。08月26日 07:40分。济南绿洲44-45-49楼管家立春(员工):""????金碧物业晨跑开跑啦！！！大朋友、…………""。济南绿洲44-45-49楼管家立春(员工):""[图片]""。济南绿洲44-45-49楼管家立春(员工):""[图片]""。08月26日 08:06分。A00(客户):""尊敬的业主，您好：。       为更好、更快的解决业主问题，现将各值班人员、联系电话及值班时间公示在群内，各位业主可直接电话联系或在群内@秩序110。1、日常家用维修工具(螺丝刀、活动扳手、小锤等);。2、小型购物车、平板车、人字梯、打气筒，应急医用品等。。为您爱家保驾护航，如果您有家政保洁、直饮水卡办理、白蚁消杀、有偿维修、房屋租赁的业务需求，随时与我们联系，为您提供专业的服务。。【秩序维护部】。[爱心]1.值班时间段：。????08:00－20:00????。[爱心]2.值班中队长-赵队电话：0531-83131013。[爱心]3.物业服务电话：0531-55615896、55615596。??4.监控室值班24小时电话：0531-55612606。3、【物业-安保服务“小蜜蜂”】。[抱拳]如您家中有需要帮助的请联系我们?。[爱心]24小时为各位家人守候。[合十]贴心服务、真诚相伴。如需便民服务车，请直接联系；。①55612606。②55612808。有事您说话，我们会在第一时间安排人员帮你处理[玫瑰][玫瑰]""。A00(客户):""[图片]""。08月26日 08:28分。JN29岁月静好(客户):""。[庆祝]雨后园林座椅已擦拭[庆祝]。    [烟花]游乐设施已清理?积水清理中[烟花]。恒大绿洲保洁团队为您服务[玫瑰]""。JN29岁月静好(客户):""[图片]""。08月26日 10:23分。沁水百合&(客户):""[链接]""。沁水百合&(客户):""[小程序消息]""。沁水百合&(客户):"" 各位居民:。       为提高社区火灾预警和防控能力，保障居民的居家安全。由政府联合联通公司为居民免费上门安装独立式烟感报警器。安装以后若家中有火灾隐患，可通过网络直接推送给业主本人及消防大队。目前先进行报名，后期会有联通公司工作人员与业主联系，上门进行安装。本期独立式烟感报警器数量80个，先报先得 ，报满为止。。              恒大绿洲第三社区。                   2024.8.22""。沁水百合&(客户):""              [庆祝][庆祝]通知[庆祝][庆祝]。        为切实提高妇女健康水平，提升自我保健意识。恒大绿洲第三社区联合济南市人民医院将在恒大三社区开展甲状腺、乳腺癌免费检查。。时间：2024年8月26日（周一）。上午9:00——11：30下午14:00——16:00。地点：恒大三期31号楼内铺党群服务中心。                  。                 恒大绿洲第三社区。                   2024年8月23日""。沁水百合&(客户):""8.13元，接到[爆竹]“银监会”[爆竹]电话被骗。。3.63万元，大学生??兼职??被骗。。3.5万元，初中生被骗。。3.46万元，妇女?兼职刷单?被骗。。2.31万元，男青年[色]约炮[色]被骗。。。男青年[色][色]约炮[色][色]，妇女??兼职刷单??、????被“异性网友”诱导投资????诈骗高发！。转发提醒好家里的[拥抱]年轻人、妇女[拥抱]！。。【8月25日电诈警情通报】（近三天典型案例）。【平安街道、开发区派出所】。1、乙武村居民（开发区报警），【接到“银监会”电话】被骗8.13万元。。??手段：接到电话，对方自称?【“银监会”工作人员】??，要帮其“降低网贷利率”，还让其??登陆假的银监会网站??。。        过程中，?开启“屏幕共享”?，指导其将钱转走。。。【大学城、大学路派出所】。2、山东师范大学思想政治教育专业大四学生，【兼职】被骗3.63万元。。??手段：网上看到信息，兼职（“垫资”代充话费）。对方称选择[爆竹][爆竹]“企业代付”[爆竹][爆竹]，??钱就不会被转走，但操作后，钱还是被转走??。。       对方称其操作失误，??为退款，按对方要求，继续转账??。。。【马山镇、马山派出所】。3、周庙村初中生，【找人“解封微信”】被骗3.5万元。。??手段：快手找人解封微信，对方让其?提供了家长微信、银行卡的【验证码】?，钱被转走。。。【文昌街道、新城派出所】。4、建发天玺妇女，网上兼职【垫资做任务、刷销量、刷关注、刷点赞】被骗3.46万元。。??手段：??被陌生人拉进群??，推荐足不出户做兼职，[裂开]抖音刷关注[裂开]挣到佣金，后被引诱??“垫资”刷购“抖币”??。。        前期挣到小额返利，后被以【系统设置，需要[苦涩]连续刷任务才能退还垫付金、佣金[苦涩]】，【??操作失误，需要刷补救单??】为由要求转账。。。【崮云湖街道、大学路派出所】。5、河南籍务工男青年（租住乐天），【刷单做任务以?? 免费约炮?? 】被骗2.31万元。。??手段：??网上看到信息??，下载APP，为[吐]解锁约炮资格[吐]，??“约炮”客服引诱其“垫资”刷“会员费”??，前期挣到小额返利。。        后被以【系统设置，需要[裂开]连续刷任务[裂开]才能退还垫付金、佣金】、【??操作失误??（后台都能做手脚），刷补救单】为由要求多次转账。""。08月26日 11:14分。爱心家园(客户):""报警器不用连线吗""。08月26日 11:45分。Gm(客户):""【公区维修8月19日-8月25日工作汇报】。●公区及地下车库排污泵检修7处。●公区及地下车库照明更换6处。●公区直饮水机滤芯更换4处。●公区大堂顶子破损粉刷5处。●公区墙砖破损更换3处。●公区消防故障处理47处。●公区充电桩头安装21处。●园区排污管道疏通8处。●园区路面维修3处。●电梯维保125部。●设备房维护保养。●设备房巡查。工程维修，为您的生活保驾护航。如需帮助请拨打。24小时物业热线:。0531-55615896。济南恒大绿洲物业服务中心""。Gm(客户):""[图片]""。济南绿洲44-45-49楼管家立春(员工):""@爱心家园叔，社区发的这个烟感里边都有系…………""。08月26日 18:43分。A大漠(客户):""??物业秩序“小蜜蜂” ??。[庆祝]“小蜜蜂”来了！来了！[庆祝]。[太阳]有事，您说话[太阳]。[庆祝]车辆电瓶亏电启动不了！。[庆祝]家里有沉物品搬不动了！。[庆祝]买了好多东西拿不了！。联系电话：0531-55612606。秩序小“蜜蜂”竭诚为您服务！[耶][耶][耶]。[庆祝]我们的口号：。[庆祝]真心帮助每一位[庆祝]。[庆祝]热心服务每一人[庆祝]。[庆祝]赠人玫瑰[玫瑰]，手有余香[庆祝]""。A大漠(客户):""[图片]""。08月26日 20:03分。你的月亮我的心(客户):""尊敬的业主，您好：。       为更好、更快的解决业主问题，现将各值班人员、联系电话及值班时间公示在群内，各位业主可直接电话联系或在群内@秩序110。1、日常家用维修工具(螺丝刀、活动扳手、小锤等);。2、小型购物车、平板车、人字梯、打气筒，应急医用品等。。为您爱家保驾护航，如果您有家政保洁、直饮水卡办理、白蚁消杀、有偿维修、房屋租赁的业务需求，随时与我们联系，为您提供专业的服务。。【秩序维护部】。[爱心]1.值班时间段：。????20:00－08:00????。[爱心]2.值班中队长-赵队电话：0531-55615881。[爱心]3.物业服务电话：0531-55615896、55615596。??4.监控室值班24小时电话：0531-55612606。3、【物业-安保服务“小蜜蜂”】。[抱拳]如您家中有需要帮助的请联系我们?。[爱心]24小时为各位家人守候。[合十]贴心服务、真诚相伴。如需便民服务车，请直接联系；。①55612606。②55612808。有事您说话，我们会在第一时间安排人员帮你处理[玫瑰][玫瑰]""。你的月亮我的心(客户):""[图片]""。08月26日 23:52分。你的月亮我的心(客户):""尊敬的业主大家好！我是夜间执勤赵队长，金碧物业安保服务8月26号巡查，时刻守护业主们的安全，请安心入睡，如有紧急情况请拨打0531-55612606""。你的月亮我的心(客户):""[图片]""。08月27日 02:59分。你的月亮我的心(客户):""尊敬的业主大家好！我是夜间执勤赵队长，金碧物业安保服务8月27号巡查，时刻守护业主们的安全，请安心入睡，如有紧急情况请拨打0531-55612606""。你的月亮我的心(客户):""[图片]""。&&&","{""事件提取"":null,""提取结果"":false}"
群聊负向,"这是要分析的对话:&&&08月26日 08:10分。斌(客户):""?捂紧口袋· 全城期待。??全省第""133""家连锁门店。【四平电器解放路香江店】 ??。??9月15-17日盛大开业??。超乎想象的力度????就是便宜。         -错过=遗憾-。??海尔恒温燃气热水器699。??50英寸智能4k电视1199。??品牌大1.5P一级空调1699。??美菱532升变频冰箱1799。-全屋家电/家具一站式搞定，为您节省宝贵时间，停车方便-。??单品满额送好礼·多买多送。?套购?? 额最高减6000元。??抢抖音神券·购200抵400。??参与分享免费送29.9元礼。-------------------------。???♀?买家电·开业就是便宜。?地址:解放西路香江家具(辛家庵加油站旁)。?咨询电话:13077907012(微信同号)""。斌(客户):""[图片]""。08月26日 09:12分。恒大城???? 秩序部 三期监控室(客户):""[视频号消息]""。恒大城???? 秩序部 三期监控室(客户):""[图片]""。恒大城???? 秩序部 三期监控室(客户):""“客服”给你打来电话，说你网购商品出现问题！可以给你申请退款，还给你发来陌生链接！让你注册账号填写信息，再说因“操作失误”导致账户被冻结，让你转账解冻后才能退款？南昌反诈提醒您：退换货请认准官方平台，陌生链接不要点击，不要透露个人信息。敬请各位领导同事转发反诈视频及反诈日历。[抱拳][抱拳][抱拳]""。08月26日 11:11分。三哥(客户):""[图片]""。三哥(客户):""中午好[呲牙]""。08月26日 11:32分。恒大城-管家-小曾(员工):""【关于四害消杀的温馨提示】。      …………""。恒大城-管家-小曾(员工):""[图片]""。08月26日 16:03分。恒大城-管家-小曾(员工):""【南昌恒大城—周报】。?? 一周美好，与…………""。恒大城-管家-小曾(员工):""[图片]""。08月26日 18:18分。恒大城???? 秩序部 三期监控室(客户):""重要警示：。    8月23日晚10时，江苏省宿迁市一电动自行车店起火，虽然仅半小时明火就得到控制，但仍造成6人死亡（尤为痛心的是，遇难者中4人系未成年人）。此前，2024年2月23日4时许，江苏南京市雨花台区一小区发生电动自行车火灾，造成15人死亡，44人受伤。今年4月27日，我县一小区也发生了电动自行车火灾亡人事件。在此警示，电动自行车起火，燃烧迅速并会在短时间造成大量有害气体，因灾致死率极高！因此，为了大家的生命财产安全，恳请各位业主对自己负责，也对左右邻里负责，严禁将电动自行车违规入楼、违规充电！也请各位监督，一发现有电动车上楼进单元的，请及时联系物业24小时电话:85130408，物业会第一时间上户整治，保障大家居住安全。""。08月26日 20:03分。恒大城???? 秩序部 三期监控室(客户):""? 2024.8.26日? 。【秩序维护部】 。1.夜班值班时间段：20：00—08：00。2.夜班值班队长:徐霖。3.物业24小时服务电话：0791-85957719/85130408。? 【物业小贴士】?。1、园区道路是大家的，请将爱车停至车位或车库，勿占行车主干道。。2、予人方便，予己方便，整齐有序，文明停车。。3、随身携带门禁卡，刷卡进出，提高安全防止偷盗。。4、请随手关大堂门，轻拉轻推，勿用力拉扯。。5、非机动车请勿进大堂、楼道内充电。。6、请勿让爱宠随地大小便，做文明养宠人。""。&&&","{""事件提取"":null,""提取结果"":false}"
群聊负向,"这是要分析的对话:&&&08月26日 08:22分。王学灵(员工):""?????????家人们，早上好~。今天…………""。08月26日 08:48分。刘梅(客户):""家人们今日保洁在对商业街石材进行清洗 ，路过时注意安全避免滑倒及水溅到身上，祝家人们生活愉快[握手][握手][握手][咖啡][咖啡][咖啡]""。刘梅(客户):""[图片]""。08月26日 17:01分。刘梅(客户):""??保洁篇—园区石材及商业街石材清洗、垃圾桶清洗、保洁日常工作。服务从来没有一劳永逸??，。只有日复一日的坚持??，。保洁员对园区石材及商业街石材清洗、清洗垃圾桶??，。以匠心服务铸就美好的生活??。。     ——贵阳恒大文化旅游城第一物业服务中心""。刘梅(客户):""[图片]""。08月26日 20:32分。??一切??? 随缘????(客户):""各位业主：晚上好！[玫瑰]。8月 26日秩序部夜间执勤安排：。一、值班:罗中林。电话:17584997003。二、24小时值班电：0851-83862661。辖区派出所电话：0851-83851334。值班维修师傅：。杨丙云:13984310672带班时间：20:00-08:00。四、我们将12小时坚守岗位，如有需要请致电，我们将竭诚为您服务。夜间休息请关好门窗，做好安全防范，出入小区带好业主卡。。贵阳恒大文化旅游城物业服务中心祝您：。               生活愉快！""。??一切??? 随缘????(客户):""[视频]""。08月26日 22:42分。丹澜(客户):""今天谁值班，我是4栋501的住户，能不能麻烦帮忙看看1号单元这段时间晚上有时是十点半开始有时是十二点开始从楼上滴水下来到小房间外平台上，白天又没有，晚上看不见是从哪里滴下来的""。丹澜(客户):""能帮我检查一下吗？""。丹澜(客户):""[视频]""。李建平(客户):""我这边叫值班师傅过来看。""。??一切??? 随缘????(客户):""我过来看一下""。李建平(客户):""稍等一下，我已经叫师傅过来了""。李建平(客户):""@丹澜?""。08月26日 22:47分。丹澜(客户):""好的""。丹澜(客户):""谢谢[玫瑰]""。08月26日 22:57分。丹澜(客户):""这么晚了能不能叫卖水果老板不要再广播了都十一点了""。08月26日 23:06分。??一切??? 随缘????(客户):""马上去处理""。筑安(客户):""[视频号消息]""。筑安(客户):""通知：。8月25日是全国第八个残疾预防日，筑安社区居委会于明天8月27日（本周二）上午在辖区内开展“预防疾病致残  共享健康生活”宣传服务活动，希望学校有社会实践活动要求的学生积极参与，请有意参加志愿服务活动的人员于8月27日早上9:30到8组团筑安社区居委会集中开展活动。""。筑安(客户):""【提示】买卖游戏账号、游戏装备等一定要在官方平台进行，不要点击陌生链接，以交保证金、提现失败、账号冻结等理由要求继续充值的都是诈骗！""。08月26日 23:13分。??一切??? 随缘????(客户):""[视频]""。??一切??? 随缘????(客户):""没有听到喇叭声音""。08月26日 23:21分。??一切??? 随缘????(客户):""[视频]""。丹澜(客户):""在九组团旁边的水果店""。丹澜(客户):""天天不停的播音""。丹澜(客户):""现在停了""。丹澜(客户):""23点20分才停播[捂脸]""。丹澜(客户):""太影响住户的休息了吧！也没有人投诉吗？""。08月26日 23:33分。??一切??? 随缘????(客户):""「丹澜：。天天不停的播音」。- - - - - - - - - - - - - - -。好，明天我这边上门给他说一下，生怕自己水果卖不出去似的，天天放，我也是服了这些人""。&&&","[
    
    {
        ""业主情感强度"": {
            ""丹澜"": ""强烈负面""
        },
        ""事件讨论开始时间"": ""08月26日 22:57"",
        ""事件讨论结束时间"": ""08月26日 23:33"",
        ""事件详情"": ""丹澜对九组团旁边的水果店每天深夜不停播音表示强烈不满，认为影响了住户的休息，物业表示将上门处理。"",
        ""话题倾向"": """"
    }
]"
群聊负向,"这是要分析的对话:&&&08月26日 09:20分。。(客户):""[视频号消息]""。。(客户):""【提示】买卖游戏账号、游戏装备等一定要在官方平台进行，不要点击陌生链接，以交保证金、提现失败、账号冻结等理由要求继续充值的都是诈骗！""。08月26日 16:48分。刘梅(客户):""??保洁篇—清拖楼层及垃圾桶清洗。服务从来没有一劳永逸??，。只有日复一日的坚持??，。保洁员陆续清拖楼层及清洗垃圾桶??，。以匠心服务铸就美好的生活??。。     ——贵阳恒大文化旅游城第一物业服务中心""。刘梅(客户):""[图片]""。08月26日 17:02分。淡然(客户):""辛苦了[强][强][强][强]""。刘梅(客户):""感谢家人们认可，品质提升我们一直在努力中，我们一起期待美好家园吧[握手][握手][握手]""。水木陳(客户):""@客服环境负责人-刘梅?辛苦了！""。08月26日 17:07分。刘梅(客户):""家人们，这是我们分类工作，我们会努力做好尽快提升现场品质""。刘梅(客户):""{""pre_msgid"":""17447515842745083885_1724663280390_external""}""。08月26日 17:14分。刘梅(客户):""@水木陳5一19一2应该的，我们尽快的提升品质，给家人们一个舒适的居住环境""。08月26日 17:27分。壊&壊(客户):""@客服环境负责人-刘梅?小区绿化好久没看到浇水了！免得再过几天看不到绿化了""。08月26日 17:45分。刘梅(客户):""@壊&壊好的，业主，绿化目前地产还没有移交给物业，我这边给地产说一下[握手][握手]""。08月26日 18:03分。壊&壊(客户):""这边你们都开始收物业费了啊，都是这个借口，那怎么开始收物业费了呢？""。壊&壊(客户):""没完成交付标准你们就开始收物业费吗？每次都是施工方和地产的问题""。08月26日 18:10分。刘梅(客户):""@壊&壊您好！业主，刚刚问施工单位这几天都有安排在浇水的哦！同时管家已反馈都在浇水的""。08月26日 20:03分。世界变得更美好(客户):""─???今日值班公告???─。。         2024年8月26日?。 今日夜间值班情况如下?：。?????♂秩序值班人员：于天明。    值班电话：18275089531。维修值班师傅：杨丙云。电话：13984310672。??夜间温馨提示：。??有任何需要帮助请及时拨打值班人员电话或者物业服务中心24小时热线：0851-83862661??。??夜间回家的家人请规范停车??，互相方便出行?。        愿家人们晚安好梦！??。   。      贴心服务[爱心]真诚相伴。           ——贵阳恒大文化旅游城物业服务中心""。&&&","[
    {
        ""业主情感强度"": {
            ""壊&壊"": ""强烈负面""
        },
        ""事件讨论开始时间"": ""08月26日 17:27分"",
        ""事件讨论结束时间"": ""08月26日 18:10分"",
        ""事件详情"": ""业主壊&壊对小区绿化情况表示不满，认为物业没有定期浇水，担心绿化植物会枯死。随后，该业主对物业费收取的时机提出质疑，认为在小区绿化等施工未完成的情况下不应该收取物业费。"",
        ""话题倾向"": """"
    }
]"
群聊负向,"这是要分析的对话:&&&08月26日 09:02分。恒大社区居委会8731213(客户):""[视频号消息]""。08月26日 10:15分。恒大社区居委会8731213(客户):""[图片]""。恒大社区居委会8731213(客户):""活动通知：恒大社区将于本周三8月28日下午3：00开展社区文明宣传和清扫活动，请需要参与暑假社会实践活动的学生扫下方的腾讯问卷报名参与。。集合地点：恒大社区居委会办公室（恒大城1期1栋内铺）。集合时间：8月28日下午2：50。备注：目前我们发的志愿活动主要是针对学校有要求学生参加暑假社会实践活动要盖章的或者是学校有要求做I志愿的学生，一般是中学生或者大学生，因每次活动人数有限，请没有这方面要求的学生家长暂时不要报名，谢谢！。温馨提示：。1.最近天气多变，请自备雨具遮阳防雨，注意安全。。2.请有需要拍照交学校的同学，自行带手机拍照哈。3.本次活动为24年暑期学生社会实践活动的最后一次活动，后续将不再开展，请有需要的学生积极参与。""。08月26日 17:21分。韶关恒大城-管家-杨洪财(员工):""关于八月园区消杀通知。尊敬的业户：。  …………""。08月26日 19:07分。韶关恒大城B区监控员(客户):""2024-8-26。【秩序维护部】。1、值班时间段:【19:00-7:00】。2、值班中队长:  李佰全。联系电话：18933707875。【温馨提示】。请各位业主知悉，如需要帮助或遇紧急情况，请电话联系值班室或值班中队长。。物业24小时值班电话：0751-8706100。0751-8706228""。08月26日 20:05分。AA御美荟&钰慈(客户):""[视频]""。AA御美荟&钰慈(客户):""@韶关恒大城-管家-杨洪财?你好，34栋14楼这个消防栓翘起来刮伤人""。韶关恒大城B区监控员(客户):""您好   收到""。&&&","{""事件提取"":null,""提取结果"":false}"
群聊负向,"这是要分析的对话:&&&08月26日 13:09分。郑超超(员工):""[视频]""。郑超超(员工):""这是哪个业主的狗狗呀，其他业主反应，投诉…………""。08月26日 13:16分。洋(客户):""还是自觉点的好，业主群都在说""。08月26日 13:29分。时小龙(员工):""703号房的，这个狗""。08月26日 20:16分。?(客户):""各位业主：晚上好！[玫瑰]。8月26日秩序部夜间执勤安排：。一、值班人员，李苓杰13035574097。维修值班人员： 郭文波18111908017。二、巡查期间未发现流浪狗、猫，值班期间如发现第一时间处理。三、带班时间：20:00-08:00。四、我们将12小时坚守岗位，如有需要请致电，我们将竭诚为您服务。夜间休息请关好门窗，做好安全防范，出入小区带好业主卡、谨防尾随。。贵阳金碧物业服务中心祝您：生活愉快！[烟花]""。08月26日 21:24分。郑超超(员工):""停气通知。停气日期：2024年8月26日…………""。&&&","{""事件提取"":null,""提取结果"":false}"
群聊负向,"这是要分析的对话:&&&08月27日 08:43分。恒大文旅城-九组团管家-石娇(员工):""?????????家人们，早上好~。今天…………""。08月27日 14:18分。刘梅(客户):""家人们，保洁今日已对园区、车库垃圾桶进行清洗消毒，品质提升我们一直在努力中[握手][握手][握手][咖啡][咖啡]""。刘梅(客户):""[图片]""。刘梅(客户):""[图片]""。08月27日 20:23分。厶爷(客户):""各位业主：晚上好！[玫瑰]。8月 27日秩序部夜间执勤安排：。一、值班人员:钟祥灵。电话:13985455737。二、24小时值班电：0851-83862661。辖区派出所电话：0851-83851334。值班维修师傅：。杨丙云:13984310672带班时间：20:00-08:00。四、我们将12小时坚守岗位，如有需要请致电，我们将竭诚为您服务。夜间休息请关好门窗，做好安全防范，出入小区带好业主卡。。贵阳恒大文化旅游城物业服务中心祝您：。               生活愉快！""。08月27日 22:29分。杨丙云(客户):""各位业主大家晚上好，园区照明、设备房巡查，运行正常，保驾护航，物业维修部24小时在岗[加油][加油][加油]""。杨丙云(客户):""[图片]""。08月28日 02:29分。悠乐岛(客户):""南门这边太吵了""。厶爷(客户):""好的我过去看一下什么情况""。厶爷(客户):""一群年轻人在吃宵夜，已告诉他们小声一点""。08月28日 03:21分。悠乐岛(客户):""小区管理越来越差，吵的无法了""。&&&","[
    {
        ""业主情感强度"": {
            ""悠乐岛"": ""强烈负面""
        },
        ""事件讨论开始时间"": ""08月28日 02:29分"",
        ""事件讨论结束时间"": ""08月28日 03:21分"",
        ""事件详情"": ""在小区南门，晚上有年轻人吃宵夜造成噪音，业主悠乐岛表示吵得无法忍受，反映出小区管理越来越差的问题。"",
        ""话题倾向"": """"
    }
]"
群聊负向,"这是要分析的对话:&&&08月27日 06:52分。你的月亮我的心(客户):""温馨提示：。因遇降雨天气，金碧晨跑团临时取消一天，请各位家长和小朋友们不要跑空哦[玫瑰][玫瑰]""。08月27日 08:05分。A00(客户):""[会话记录消息]""。08月27日 08:32分。JN29岁月静好(客户):""。。各位家人们[爱心]早上好！。我是物业保洁领班刘翠兰，联系电话 18560197252。各位保洁叔叔阿姨已到岗。上班后第一时间清理积水。??倘若您发现任何环境方面的问题或者有宝贵的建议，随时与我联系，我定会全力以赴为您排忧解难！。??感谢各位家人一直以来的信赖与支持！ ?? ??""。JN29岁月静好(客户):""[图片]""。王帅(员工):""[玫瑰][玫瑰]早安  绿洲[玫瑰][玫…………""。王帅(员工):""[链接]""。08月27日 09:13分。王帅(员工):""┌─??桶装水活动来袭。??水长清纯天然…………""。王帅(员工):""[图片]""。08月27日 11:49分。千江阁??(客户):""3998元，妇女?找“客服”退回孩子充值的游戏款?被骗。。1095元，大学生??其同学微信号被盗，借钱??被骗。。。男青年[色][色]约炮[色][色]，妇女??兼职刷单??、????被“异性网友”诱导投资????诈骗高发！。转发提醒好家里的[拥抱]年轻人、妇女[拥抱]！。。【8月26日电诈警情通报】。【文昌街道、新城派出所】。1、汇侨城妇女，【找“客服”退孩子充值的游戏费】被骗3998元。。??手段：孩子充值游戏后，在网上[爆竹]搜索“客服”退费[爆竹]，对方让其扫码，称?已经设置好，钱不会被转走?。结果，还是转账成功。。。【大学城、大学路派出所】。2、齐鲁工业大学大三学生（专业待核实），【其同学微信号被盗，发来借钱信息】被骗1095元。。??手段：其同学[爆竹]微信号被盗[爆竹]，对方让其?帮忙把钱从微信倒腾到支付宝?。 。       该同学用支付宝给其转钱后，对方没有信守承诺，把钱用微信再转回来。""。08月27日 15:49分。JN29岁月静好(客户):""。[拳头]环境提升持续进行中[拳头]。[太阳]今日专项楼宇步梯湿拖[太阳]恒大绿洲保洁团队为您服务[玫瑰]""。JN29岁月静好(客户):""[图片]""。08月27日 17:48分。:)玻璃墨色*^ω^(客户):""[图片]""。:)玻璃墨色*^ω^(客户):""一个人要是缺德真是什么事都能干出来，电动车放在棚里好好的，哪个下三滥的玩意给我推出来放草坪上，下雨你的车是车别人的就该淋雨吗""。08月27日 18:35分。A00(客户):""??物业秩序“小蜜蜂” ??。[庆祝]“小蜜蜂”来了！来了！[庆祝]。[太阳]有事，您说话[太阳]。[庆祝]车辆电瓶亏电启动不了！。[庆祝]家里有沉物品搬不动了！。[庆祝]买了好多东西拿不了！。联系电话：0531-55612606。秩序小“蜜蜂”竭诚为您服务！[耶][耶][耶]。[庆祝]我们的口号：。[庆祝]真心帮助每一位[庆祝]。[庆祝]热心服务每一人[庆祝]。[庆祝]赠人玫瑰[玫瑰]，手有余香[庆祝]""。A00(客户):""[图片]""。08月27日 20:07分。你的月亮我的心(客户):""尊敬的业主，您好：。       为更好、更快的解决业主问题，现将各值班人员、联系电话及值班时间公示在群内，各位业主可直接电话联系或在群内@秩序110。1、日常家用维修工具(螺丝刀、活动扳手、小锤等);。2、小型购物车、平板车、人字梯、打气筒，应急医用品等。。为您爱家保驾护航，如果您有家政保洁、直饮水卡办理、白蚁消杀、有偿维修、房屋租赁的业务需求，随时与我们联系，为您提供专业的服务。。【秩序维护部】。[爱心]1.值班时间段：。????20:00－08:00????。[爱心]2.值班中队长-赵队电话：0531-55615881。[爱心]3.物业服务电话：0531-55615896、55615596。??4.监控室值班24小时电话：0531-55612606。3、【物业-安保服务“小蜜蜂”】。[抱拳]如您家中有需要帮助的请联系我们?。[爱心]24小时为各位家人守候。[合十]贴心服务、真诚相伴。如需便民服务车，请直接联系；。①55612606。②55612808。有事您说话，我们会在第一时间安排人员帮你处理[玫瑰][玫瑰]""。你的月亮我的心(客户):""[图片]""。08月27日 23:54分。你的月亮我的心(客户):""尊敬的业主大家好！我是夜间执勤赵队长，金碧物业安保服务8月27号巡查，时刻守护业主们的安全，请安心入睡，如有紧急情况请拨打0531-55612606""。你的月亮我的心(客户):""[图片]""。08月28日 02:59分。你的月亮我的心(客户):""尊敬的业主大家好！我是夜间执勤赵队长，金碧物业安保服务8月28号巡查，时刻守护业主们的安全，请安心入睡，如有紧急情况请拨打0531-55612606""。你的月亮我的心(客户):""[图片]""。&&&","[
    {
        ""业主情感强度"": {
            ""玻璃墨色*^ω^"": ""强烈负面""
        },
        ""事件讨论开始时间"": ""08月27日 17:48"",
        ""事件讨论结束时间"": ""08月27日 17:48"",
        ""事件详情"": ""8月27日17:48分，业主玻璃墨色*^ω^反馈其电动车被某人从车棚推到草坪上，并因此遭受雨淋。该业主强烈表达了对这种不道德行为的不满，并对物业的管理提出了质疑。"",
        ""话题倾向"": """"
    }
]"
群聊负向,"这是要分析的对话:&&&08月27日 06:51分。你的月亮我的心(客户):""温馨提示：。因遇降雨天气，金碧晨跑团临时取消一天，请各位家长和小朋友们不要跑空哦[玫瑰][玫瑰]""。08月27日 07:50分。润诚机电王光明(客户):""抓紧清清楼道内的猫""。润诚机电王光明(客户):""没人要，处理了""。08月27日 08:04分。A00(客户):""尊敬的业主，您好：。       为更好、更快的解决业主问题，现将各值班人员、联系电话及值班时间公示在群内，各位业主可直接电话联系或在群内@秩序110。1、日常家用维修工具(螺丝刀、活动扳手、小锤等);。2、小型购物车、平板车、人字梯、打气筒，应急医用品等。。为您爱家保驾护航，如果您有家政保洁、直饮水卡办理、白蚁消杀、有偿维修、房屋租赁的业务需求，随时与我们联系，为您提供专业的服务。。【秩序维护部】。[爱心]1.值班时间段：。????08:00－20:00????。[爱心]2.值班中队长-赵队电话：0531-83131013。[爱心]3.物业服务电话：0531-55615896、55615596。??4.监控室值班24小时电话：0531-55612606。3、【物业-安保服务“小蜜蜂”】。[抱拳]如您家中有需要帮助的请联系我们?。[爱心]24小时为各位家人守候。[合十]贴心服务、真诚相伴。如需便民服务车，请直接联系；。①55612606。②55612808。有事您说话，我们会在第一时间安排人员帮你处理[玫瑰][玫瑰]""。A00(客户):""[图片]""。宁宁(客户):""保洁上班后第一时间清理积水，方便出行[玫瑰][玫瑰]""。宁宁(客户):""[图片]""。宁宁(客户):""[图片]""。宁宁(客户):""[图片]""。08月27日 09:18分。济南绿洲12-13-17号楼管家大寒(员工):""[玫瑰][玫瑰]早安  绿洲[玫瑰][玫…………""。济南绿洲12-13-17号楼管家大寒(员工):""[链接]""。济南绿洲12-13-17号楼管家大寒(员工):""┌─??桶装水活动来袭。??水长清纯天然…………""。济南绿洲12-13-17号楼管家大寒(员工):""[图片]""。08月27日 11:29分。顺其自然(客户):""3998元，妇女?找“客服”退回孩子充值的游戏款?被骗。。1095元，大学生??其同学微信号被盗，借钱??被骗。。。男青年[色][色]约炮[色][色]，妇女??兼职刷单??、????被“异性网友”诱导投资????诈骗高发！。转发提醒好家里的[拥抱]年轻人、妇女[拥抱]！。。【8月26日电诈警情通报】。【文昌街道、新城派出所】。1、汇侨城妇女，【找“客服”退孩子充值的游戏费】被骗3998元。。??手段：孩子充值游戏后，在网上[爆竹]搜索“客服”退费[爆竹]，对方让其扫码，称?已经设置好，钱不会被转走?。结果，还是转账成功。。。【大学城、大学路派出所】。2、齐鲁工业大学大三学生（专业待核实），【其同学微信号被盗，发来借钱信息】被骗1095元。。??手段：其同学[爆竹]微信号被盗[爆竹]，对方让其?帮忙把钱从微信倒腾到支付宝?。 。       该同学用支付宝给其转钱后，对方没有信守承诺，把钱用微信再转回来。""。宁宁(客户):""[图片]""。宁宁(客户):""雨后，保洁大姐把门前电动车，游乐广场，景观椅擦拭干净[玫瑰][玫瑰][玫瑰]""。宁宁(客户):""[图片]""。宁宁(客户):""[图片]""。08月27日 16:32分。宁宁(客户):""[拳头]环境提升持续进行中[拳头]。[太阳]今天园区大扫除[太阳]。恒大绿洲保洁团队为您服务[玫瑰]""。宁宁(客户):""[图片]""。08月27日 18:35分。A00(客户):""??物业秩序“小蜜蜂” ??。[庆祝]“小蜜蜂”来了！来了！[庆祝]。[太阳]有事，您说话[太阳]。[庆祝]车辆电瓶亏电启动不了！。[庆祝]家里有沉物品搬不动了！。[庆祝]买了好多东西拿不了！。联系电话：0531-55612606。秩序小“蜜蜂”竭诚为您服务！[耶][耶][耶]。[庆祝]我们的口号：。[庆祝]真心帮助每一位[庆祝]。[庆祝]热心服务每一人[庆祝]。[庆祝]赠人玫瑰[玫瑰]，手有余香[庆祝]""。A00(客户):""[图片]""。08月27日 18:52分。济南绿洲12-13-17号楼管家大寒(员工):""[视频号消息]""。济南绿洲12-13-17号楼管家大寒(员工):""#石榴红了。??一夜秋风起??石榴正当红…………""。08月27日 20:04分。你的月亮我的心(客户):""尊敬的业主，您好：。       为更好、更快的解决业主问题，现将各值班人员、联系电话及值班时间公示在群内，各位业主可直接电话联系或在群内@秩序110。1、日常家用维修工具(螺丝刀、活动扳手、小锤等);。2、小型购物车、平板车、人字梯、打气筒，应急医用品等。。为您爱家保驾护航，如果您有家政保洁、直饮水卡办理、白蚁消杀、有偿维修、房屋租赁的业务需求，随时与我们联系，为您提供专业的服务。。【秩序维护部】。[爱心]1.值班时间段：。????20:00－08:00????。[爱心]2.值班中队长-赵队电话：0531-55615881。[爱心]3.物业服务电话：0531-55615896、55615596。??4.监控室值班24小时电话：0531-55612606。3、【物业-安保服务“小蜜蜂”】。[抱拳]如您家中有需要帮助的请联系我们?。[爱心]24小时为各位家人守候。[合十]贴心服务、真诚相伴。如需便民服务车，请直接联系；。①55612606。②55612808。有事您说话，我们会在第一时间安排人员帮你处理[玫瑰][玫瑰]""。你的月亮我的心(客户):""[图片]""。08月27日 20:30分。润诚机电王光明(客户):""你们光发，怎么没回复的""。润诚机电王光明(客户):""{""pre_msgid"":""11422085317059732248_1724761816390_external""}""。08月27日 20:35分。润诚机电王光明(客户):""抓紧巡逻，抓家里没人管的动物""。08月27日 21:19分。木棉(客户):""流浪猫很久了，太烦人了，在楼道里乱窜，破坏东西""。08月27日 21:31分。刘小聪聪聪??(客户):""这个流浪猫，本身就害怕小动物，早晨从电梯门口，吓得不敢走""。08月27日 22:14分。钟乳石(客户):""有善心的喂喂流浪猫，我就喂着10多只流浪猫，垃圾箱旁边的流浪猫，流浪猫没吃的，也怪可怜，毕竟是个小生命，我买猫粮，一天要拿出十块钱来喂流浪猫。""。钟乳石(客户):""喂饱了流浪猫，它就不破坏东西了""。08月27日 22:36分。???????闻轩双宝??(客户):""收到，已加强巡查力度，发现及时处理，感谢大家及时反馈[抱拳][抱拳][抱拳]""。08月27日 23:53分。你的月亮我的心(客户):""尊敬的业主大家好！我是夜间执勤赵队长，金碧物业安保服务8月27号巡查，时刻守护业主们的安全，请安心入睡，如有紧急情况请拨打0531-55612606""。你的月亮我的心(客户):""[图片]""。08月28日 02:59分。你的月亮我的心(客户):""尊敬的业主大家好！我是夜间执勤赵队长，金碧物业安保服务8月28号巡查，时刻守护业主们的安全，请安心入睡，如有紧急情况请拨打0531-55612606""。你的月亮我的心(客户):""[图片]""。&&&","[
    {
        ""业主情感强度"": {
            ""润诚机电王光明"": ""强烈负面"",
            ""木棉"": ""强烈负面""
        },
        ""事件讨论开始时间"": ""08月27日 07:50分"",
        ""事件讨论结束时间"": ""08月27日 22:36分"",
        ""事件详情"": ""有业主反映流浪猫在楼道里乱窜，破坏东西，对此表示不满。随后，其他业主也表达了相同的担忧和不满，认为流浪猫的问题需要得到解决。"",
        ""话题倾向"": """"
    }
]"
群聊负向,"这是要分析的对话:&&&08月27日 09:34分。恒大城???? 秩序部 三期监控室(客户):""??认真工作，全心守护。夜间巡查，日复一日。仅8月1日到8月27日，就发现51辆电动车没有拔钥匙没有关电源[炸弹][炸弹]。?????请各位业主注意防火防盗，拔钥匙关电源，避免不必要的损失[拳头][拳头]。??恒大物业—南昌恒大城。??愿我百分努力，换您十分满意""。恒大城???? 秩序部 三期监控室(客户):""[图片]""。08月27日 11:17分。物业生活服务部(客户):""??初秋每天必吃一个石榴。  —会理软籽突尼斯石榴??。      ??产地到货，销售中??。 礼盒装39.9元 净重5斤±0.2两。    详情扫码图片二维码咨询。            或咨询楼栋管家。   或电话咨询:18126299685""。08月27日 11:23分。物业生活服务部(客户):""[图片]""。08月27日 11:35分。晓小小鸣(客户):""[庆祝]【免费钳工培训/岗位推荐】无经验也可报名！。为积极促进南昌县（小蓝经开区）就业人员就业分流，保障本地企业转型升级所需的技术型人才储备，南昌县（小蓝经开区）就业之家携手本地多家企业，共同推进钳工技术岗位培训！。。无经验小白、有经验但无钳工证的人员、有经验有钳工证但想提升技术的人员，符合条件的可报名，优秀学员就近推荐工作！。。报名条件：40岁以内，拥有高中及以上学历。扫描下方二维码报名↓ 报名截止8月29日，机会难得，名额有限！""。晓小小鸣(客户):""[图片]""。08月27日 12:11分。恒大城???? 秩序部 三期监控室(客户):""[视频号消息]""。恒大城???? 秩序部 三期监控室(客户):""骗子冒充社交软件客服，说你“百万保障”即将到期，不取消每月要扣2000元？给你制造恐慌骗你上钩！打着“教你操作”的幌子，诱导你下载涉诈APP，窥探你的银行卡信息，伺机转走你的钱财。听到“百万保障”到期扣款，一定是诈骗！无论是哪个平台“百万保障”全部免费。敬请各位领导同事转发反诈视频及反诈日历。[抱拳][抱拳][抱拳]""。恒大城???? 秩序部 三期监控室(客户):""[图片]""。08月27日 13:22分。恒大城???? 秩序部 三期监控室(客户):""[图片]""。恒大城???? 秩序部 三期监控室(客户):""[图片]""。恒大城???? 秩序部 三期监控室(客户):""[图片]""。08月27日 15:12分。恒大城???? 秩序部 三期监控室(客户):""在打雷起风，有可能要下雨，请关注，晒衣服的要注意""。恒大城???? 秩序部 三期监控室(客户):""在打雷起风，有可能要下雨，请关注，晒衣服的要注意""。恒大城???? 秩序部 三期监控室(客户):""在打雷起风，有可能要下雨，请关注，晒衣服的要注意""。08月27日 20:04分。恒大城???? 秩序部 三期监控室(客户):""? 2024.8.27日? 。【秩序维护部】 。1.夜班值班时间段：20：00—08：00。2.夜班值班队长:徐霖。3.物业24小时服务电话：0791-85957719/85130408。? 【物业小贴士】?。1、园区道路是大家的，请将爱车停至车位或车库，勿占行车主干道。。2、予人方便，予己方便，整齐有序，文明停车。。3、随身携带门禁卡，刷卡进出，提高安全防止偷盗。。4、请随手关大堂门，轻拉轻推，勿用力拉扯。。5、非机动车请勿进大堂、楼道内充电。。6、请勿让爱宠随地大小便，做文明养宠人。""。08月27日 20:39分。????沈 盼????(客户):""[图片]""。????沈 盼????(客户):""[图片]""。????沈 盼????(客户):""[图片]""。????沈 盼????(客户):""[图片]""。????沈 盼????(客户):""不应该是你好我好大家都好吗，为什么只想着自己好""。恒大城???? 秩序部 三期监控室(客户):""收到，我通知一下车主停好""。&&&","[
    {
        ""业主情感强度"": {
            ""沈盼"": ""一般负面""
        },
        ""事件讨论开始时间"": ""08月27日 20:39分"",
        ""事件讨论结束时间"": ""08月27日 20:39分"",
        ""事件详情"": ""业主沈盼在群聊中连续发表图片，并表达了对物业停车问题的不满。"",
        ""话题倾向"": """"
    }
]"
群聊负向,"这是要分析的对话:&&&08月27日 06:08分。yh(客户):""???♂【防溺水??安全温馨提示】。??亲爱的业主家人们：大家好??。?天气渐热，为了孩子们??的安全，请提高安全防范意识?，时刻监督和管理??好孩子，加强对孩子的防溺水??安全教育，禁止??孩子私自到小溪、水库、江边玩水、捕鱼、捉虾、游泳等。 。??安全无小事 时刻要警惕??。请家长??加强对孩子防溺水的监管力度，提高孩子??防溺水的自觉性?。同时物业工作人员??也会加大对园区的巡逻。为孩子的生命安全构筑坚实的防线??。??如需帮助请拨24小时服务热线。二期?:0731-85066275。一期?:0731-85520610。#长沙恒大雅苑物业服务中心""。yh(客户):""??长沙恒大雅苑。?2024年8??27日  星期四。?天气: 晴  气温：26－36℃。1、国家一级演员王霙去世,曾称:这一辈子就演一个人；。2、唐尚珺已录入新生信息,9月1日报到,笑称“没面办升学宴”；。3、线上线下都销售,“烟卡”成部分未成年人社交“硬通货”；。4、中秋要调休，高速不免费！国庆前后都要调休，可提前发工资；。5、辽宁建昌获捐物资里有高跟鞋，当地称系个人行为；微信搜：每日微语报。6、罗永浩“真还传”最新进展：已还8.24亿，还欠5亿多；。7、重庆沙坪坝连续6天气温超40℃ 市民晾晒食物：牛肉晒了一天嘎嘣脆；。8、辽宁一女子做美甲引发真菌感染，治疗时间长达三个月，花费近万元；。9、拼多多第二季度总营收971亿元同比增长86%，盘前跌逾12%；。10、问界新 M7 Pro 汽车目标上市首周交付 3000 台，首月交付破万台；。11、台积电确认2024H1从中国大陆和日本获得的补贴金额：共79.56亿新台币；。12、菲船只故意冲撞中国海警舰艇，专家：企图进一步坐实“南海仲裁裁决”；。13、韩媒：上半年访韩中国游客量超去年全年，韩政府为中国游客精选旅游项目；。14、哈里斯团队称她参选以来筹款5.4亿美元，“创选举史同期纪录”；。15、乌克兰全境多地发生爆炸：基辅多地水电供应中断，新闻直播突然黑屏；""。yh(客户):""[图片]""。08月27日 09:23分。彪(客户):""【?? 秩序服务?巡逻篇】。我们是白班园区秩序的守护者??。每天园区全覆盖巡视??。希望用我们的行动??。为您营造舒适的居家环境??。如需帮助请拨打24小时服务热线。?:0731一82231519。值班中队长。?:17700582090（二期）。??我们竭诚为您服务??""。彪(客户):""[视频]""。08月27日 10:22分。长沙恒大雅苑-管家侯雨昕(员工):""【新学期，新希望——亲子包书皮】。各位业…………""。长沙恒大雅苑-管家侯雨昕(员工):""[图片]""。08月27日 16:53分。知否(客户):""设备安全无小事，物业维修部工作人员正在对高压配电房，生活水泵房，消防水泵房进行巡检，防患于未然，运行正常。[强][强][强][强]""。知否(客户):""[图片]""。08月27日 19:41分。彪(客户):""【?? 秩序服务?巡逻篇】。我们是白班园区秩序的守护者??。每天园区全覆盖巡视??。希望用我们的行动??。为您营造舒适的居家环境??。如需帮助请拨打24小时服务热线。?:0731一82231519。值班中队长。?:17700582090（二期）。??我们竭诚为您服务??""。彪(客户):""[文件下载失败]""。心情尚好15367485711(客户):""业主您好??。我是夜班秩序班长（周游：17700582090），也是你的夜间安全守护者??，也许您从来没有见过我，因为我值守在您熟睡的每个晚上。夜间??我们会跟踪可疑人员、巡查车库、巡查园区、巡查楼层。。??清晨06:00我们还会查看每个电梯，确保您上班时电梯正常运行。。??如需帮助请及时拨打24小时服务电话85066275，我会出现在你需要的每个时刻???♂????♂????♂?。祝?您好梦！一醒来又是美美哒的一天哦??????""。08月27日 20:50分。榴莲二(客户):""75栋2号电梯好臭～""。心情尚好15367485711(客户):""收到，马上安排""。榴莲二(客户):""@长沙恒大雅苑-管家侯雨昕?""。榴莲二(客户):""{""pre_msgid"":""6650738377204378730_1724763073460_external""}""。榴莲二(客户):""[表情]""。yh(客户):""@75-2706?您反馈的问题已经处理，祝您生活愉快""。yh(客户):""[图片]""。08月27日 21:10分。心情尚好15367485711(客户):""【?? 秩序服务?巡逻篇】。我们是晚班园区秩序的守护者??。每天园区全覆盖巡视??。希望用我们的行动??。为您营造舒适的居家环境??。如需帮助请拨打24小时服务热线。?:0731一82231519。值班中队长。?:17700582090（二期）。??我们竭诚为您服务??""。心情尚好15367485711(客户):""[视频]""。08月28日 03:49分。yh(客户):""【?? 秩序服务?巡逻篇】。我们是晚班园区秩序的守护者??。每天园区全覆盖巡视??。希望用我们的行动??。为您营造舒适的居家环境??。如需帮助请拨打24小时服务热线。?:0731一82231519。值班中队长。?:17700582090（二期）。??我们竭诚为您服务??""。yh(客户):""[图片]""。&&&","{""事件提取"":null,""提取结果"":false}"
群聊负向,"这是要分析的对话:&&&08月26日 09:21分。。(客户):""[视频号消息]""。。(客户):""【提示】买卖游戏账号、游戏装备等一定要在官方平台进行，不要点击陌生链接，以交保证金、提现失败、账号冻结等理由要求继续充值的都是诈骗！""。08月26日 16:48分。刘梅(客户):""??保洁篇—清拖楼层及垃圾桶清洗。服务从来没有一劳永逸??，。只有日复一日的坚持??，。保洁员陆续清拖楼层及清洗垃圾桶??，。以匠心服务铸就美好的生活??。。     ——贵阳恒大文化旅游城第一物业服务中心""。刘梅(客户):""[图片]""。08月26日 20:03分。世界变得更美好(客户):""─???今日值班公告???─。。         2024年8月26日?。 今日夜间值班情况如下?：。?????♂秩序值班人员：于天明。    值班电话：18275089531。维修值班师傅：杨丙云。电话：13984310672。??夜间温馨提示：。??有任何需要帮助请及时拨打值班人员电话或者物业服务中心24小时热线：0851-83862661??。??夜间回家的家人请规范停车??，互相方便出行?。        愿家人们晚安好梦！??。   。      贴心服务[爱心]真诚相伴。           ——贵阳恒大文化旅游城物业服务中心""。08月26日 21:07分。忍冬(客户):""@客服环境负责人-刘梅?，1栋没有打扫，我家门口地上的脏东西，几天了还在""。花花(客户):""对电梯里面和电梯外面都没有打扫我家门口公用都是自己在打扫""。刘梅(客户):""@忍冬@花花您好！业主，我们现在集中人在一起，都在陆续的打扫，明天就计划的1.2栋，都会陆续的打扫出来的，毕竟地产没开荒，我们一个保洁要负责打扫两栋的日常卫生，现在开荒工作量比较大，我们都在集中人一起打扫，这样会快点""。&&&","[
    {
        ""业主情感强度"": {
            ""花花"": ""一般负面"",
            ""忍冬"": ""一般负面""
        },
        ""事件讨论开始时间"": ""08月26日 21:07分"",
        ""事件讨论结束时间"": ""08月26日 21:07分"",
        ""事件详情"": ""忍冬和花花反映1栋和电梯内外没有打扫，门口的脏东西几天了还在。刘梅回复说物业正在集中人手打扫，由于地产没开荒，保洁人员的工作量较大，导致打扫不及时。"",
        ""话题倾向"": """"
    }
]"
群聊负向,"这是要分析的对话:&&&08月26日 06:06分。心情尚好15367485711(客户):""??长沙恒大雅苑。?2024年8??26日  星期一。?天气: 晴  气温：28－37℃。1、1、广西一景区“飞天魔毯”项目故障致1死60伤 景区提出“买断”赔偿方案；。2、浙江绍兴一医院眼科套取医保资金2000万，手术医生庭审坚称无罪引争议；。3、郑州：相关企业限期撤除全市小区电梯里的“上门按摩”广告；。4、今年三伏，全国平均气温达到23.24℃，为史上最热；。5、日本核污染水排海一年，8轮累计排放将达62500吨；微信搜：每日微语报。6、超80城支持国企等收购存量房：36城已启动征集，“去库存效果最直接”；。7、合肥女子李梅在长沙坐拥87套房，因涉罪被查封，正式被法院挂网待拍卖；。8、安徽发文鼓励探索垂钓实名制，官方回应：还未启动落实；。9、周鸿祎再回应“手表不当回答”：已惩罚产品经理接一个月客服电话；。10、三文鱼刺身隔夜返包销售 胖东来：奖励投诉者10万，补偿购买者1000元；。11、黎真主党宣布第一阶段对以袭击取得成功 发射320余枚火箭弹；。12、世卫组织表示，猴痘疫情存在扩散风险，各国防控措施有待加强；。13、防止播音员“讲真话”，日本广播协会开始预录中文新闻；。14、17名中国公民命丧韩国电池厂 火灾调查：因培训不足错失37秒逃生窗口；。15、美国顶尖纳米科学家打算来华工作，曾因与中国高校合作而被美政府判刑；""。心情尚好15367485711(客户):""[图片]""。心情尚好15367485711(客户):""???♂【防溺水??安全温馨提示】。??亲爱的业主家人们：大家好??。?天气渐热，为了孩子们??的安全，请提高安全防范意识?，时刻监督和管理??好孩子，加强对孩子的防溺水??安全教育，禁止??孩子私自到小溪、水库、江边玩水、捕鱼、捉虾、游泳等。 。??安全无小事 时刻要警惕??。请家长??加强对孩子防溺水的监管力度，提高孩子??防溺水的自觉性?。同时物业工作人员??也会加大对园区的巡逻。为孩子的生命安全构筑坚实的防线??。??如需帮助请拨24小时服务热线。二期?:0731-85066275。一期?:0731-85520610。#长沙恒大雅苑物业服务中心""。08月26日 08:34分。长沙恒大雅苑63-67栋管家(员工):""【??欢乐泼水节·完美收官】。活动完美收…………""。长沙恒大雅苑63-67栋管家(员工):""[文件超过最大限制]""。08月26日 09:06分。彪(客户):""【?? 秩序服务?巡逻篇】。我们是白班园区秩序的守护者??。每天园区全覆盖巡视??。希望用我们的行动??。为您营造舒适的居家环境??。如需帮助请拨打24小时服务热线。?:0731一82231519。值班中队长。?:17700582090（二期）。??我们竭诚为您服务??""。彪(客户):""[视频]""。08月26日 09:12分。长沙恒大雅苑63-67栋管家(员工):""关于开展小区四害消杀的通知。    尊敬…………""。长沙恒大雅苑63-67栋管家(员工):""[图片]""。08月26日 10:00分。彪(客户):""???♂?【电动车秩序维护篇】。尊敬的业主家人??们：。 大家好！本栋电动车违停大堂前已整改，为了维护小区电动车的停车秩序，确保大家的出行安全与便利，请您将电动车停放到划线区域内。让我们一起共同遵守，营造整齐有序的环境，感谢您的配合[握手]。如需帮助请拨打24小时服务热线?:0731-82231519""。彪(客户):""[图片]""。08月26日 11:20分。子鱼(客户):""【??遛狗不随便，随手清狗便??】。     。      ??最近存在严重的不文明养犬的现象，绿化带、草坪的狗便??比比皆是，给其他美邻的生活带来了很大的困扰。。      宠物是人类的朋友，为生活增添不少乐趣??，享受权利的同时还请履行义务哦[抱拳]，为了给小区营造一个整洁和谐的环境??，物业中心倡议各位饲养宠物的业主，请您随身携带废纸或垃圾袋，以便随时清理“排泄物”。    ??优美的居住环境需要大家的共同创造和维护，请从文明养狗开始。??""。子鱼(客户):""[文件超过最大限制]""。08月26日 11:43分。长沙恒大雅苑63-67栋管家(员工):""【??物业工作周报】  。尊敬的业主/住…………""。长沙恒大雅苑63-67栋管家(员工):""[图片]""。08月26日 13:31分。周秀兰 红色雨 (客户):""[文件下载失败]""。周秀兰 红色雨 (客户):""[文件下载失败]""。周秀兰 红色雨 (客户):""各位邻居好，客厅的墙壁这样子了，有没有类似的邻居也这样子的，物业还会负责修理么""。08月26日 14:46分。长沙恒大雅苑63-67栋管家(员工):""亲 您这会在家不 我让师傅先上门一下 @…………""。周秀兰 红色雨 (客户):""@长沙恒大雅苑63-67栋管家?发错了，不好意思""。08月26日 14:54分。珺珺(汗流浃背版)。(客户):""「周秀兰 红色雨 ：。各位邻居好，客厅的墙壁这样子了，有没有类似的邻居也这样子的，物业还会负责修理么」。- - - - - - - - - - - - - - -。像厕所渗水""。珺珺(汗流浃背版)。(客户):""我卧室也是 后面把厕所敲了重新弄防水""。08月26日 17:40分。长沙恒大雅苑63-67栋管家(员工):""关于小区内防范蛇类动物的温馨提示。各位业…………""。长沙恒大雅苑63-67栋管家(员工):""[图片]""。08月26日 19:14分。彪(客户):""【?? 秩序服务?巡逻篇】。我们是白班园区秩序的守护者??。每天园区全覆盖巡视??。希望用我们的行动??。为您营造舒适的居家环境??。如需帮助请拨打24小时服务热线。?:0731一82231519。值班中队长。?:17700582090（二期）。??我们竭诚为您服务??""。彪(客户):""[视频]""。08月26日 19:54分。小牛牛(客户):""8月26日园林工作日常""。小牛牛(客户):""[图片]""。08月26日 20:02分。Vampiae(客户):""业主您好??。我是夜班秩序班长（周游：17700582090），也是你的夜间安全守护者??，也许您从来没有见过我，因为我值守在您熟睡的每个晚上。夜间??我们会跟踪可疑人员、巡查车库、巡查园区、巡查楼层。。??清晨06:00我们还会查看每个电梯，确保您上班时电梯正常运行。。??如需帮助请及时拨打24小时服务电话85066275，我会出现在你需要的每个时刻???♂????♂????♂?。祝?您好梦！一醒来又是美美哒的一天哦??????""。08月26日 20:50分。Vampiae(客户):""【?? 秩序服务?巡逻篇】。我们是晚班园区秩序的守护者??。每天园区全覆盖巡视??。希望用我们的行动??。为您营造舒适的居家环境??。如需帮助请拨打24小时服务热线。?:0731一82231519。值班中队长： 周游。?:17700582090（二期）。??我们竭诚为您服务??""。Vampiae(客户):""[视频]""。08月27日 03:50分。yh(客户):""【?? 秩序服务?巡逻篇】。我们是晚班园区秩序的守护者??。每天园区全覆盖巡视??。希望用我们的行动??。为您营造舒适的居家环境??。如需帮助请拨打24小时服务热线。?:0731一82231519。值班中队长。?:17700582090（二期）。??我们竭诚为您服务??""。yh(客户):""[图片]""。&&&","{""事件提取"":null,""提取结果"":false}"
群聊负向,"这是要分析的对话:&&&08月26日 09:08分。W(客户):""美邻们，谁有维修空调师傅的电话呀？""。恒大城???? 秩序部 三期监控室(客户):""“客服”给你打来电话，说你网购商品出现问题！可以给你申请退款，还给你发来陌生链接！让你注册账号填写信息，再说因“操作失误”导致账户被冻结，让你转账解冻后才能退款？南昌反诈提醒您：退换货请认准官方平台，陌生链接不要点击，不要透露个人信息。敬请各位领导同事转发反诈视频及反诈日历。[抱拳][抱拳][抱拳]""。恒大城???? 秩序部 三期监控室(客户):""[视频号消息]""。恒大城???? 秩序部 三期监控室(客户):""[图片]""。08月26日 09:31分。慧慧??(客户):""[图片]""。慧慧??(客户):""挡住都过不来""。08月26日 11:19分。赵梅芳(客户):""[文件超过最大限制]""。08月26日 11:25分。赵梅芳(客户):""邻居们中午好，有苹果4元1斤，冬枣7元1斤，李子6元1斤有需要的请来12栋3单元长廊购买，谢谢啦。[抱拳]""。08月26日 11:32分。恒大城-管家-小曾(员工):""【关于四害消杀的温馨提示】。      …………""。恒大城-管家-小曾(员工):""[图片]""。08月26日 16:03分。恒大城-管家-小曾(员工):""【南昌恒大城—周报】。?? 一周美好，与…………""。恒大城-管家-小曾(员工):""[图片]""。08月26日 16:42分。王林贵(客户):""@恒大城-管家-小曾?@恒大城???? 秩序部 三期监控室?看不见吗？""。王林贵(客户):""[图片]""。08月26日 16:51分。恒大城-管家-小曾(员工):""你好，怎么拉""。08月26日 17:14分。王林贵(客户):""垃圾呀""。08月26日 17:58分。恒大城-管家-小曾(员工):""好的。我这边联系保洁那边处理一下""。08月26日 18:14分。恒大城???? 秩序部 三期监控室(客户):""重要警示：。    8月23日晚10时，江苏省宿迁市一电动自行车店起火，虽然仅半小时明火就得到控制，但仍造成6人死亡（尤为痛心的是，遇难者中4人系未成年人）。此前，2024年2月23日4时许，江苏南京市雨花台区一小区发生电动自行车火灾，造成15人死亡，44人受伤。今年4月27日，我县一小区也发生了电动自行车火灾亡人事件。在此警示，电动自行车起火，燃烧迅速并会在短时间造成大量有害气体，因灾致死率极高！因此，为了大家的生命财产安全，恳请各位业主对自己负责，也对左右邻里负责，严禁将电动自行车违规入楼、违规充电！也请各位监督，一发现有电动车上楼进单元的，请及时联系物业24小时电话:85130408，物业会第一时间上户整治，保障大家居住安全。""。08月26日 19:16分。???????(客户):""你们好，有房门开锁师傅的电话嘛？钥匙锁里面了[捂脸]""。恒大城???? 秩序部 三期监控室(客户):""85882110""。恒大城???? 秩序部 三期监控室(客户):""@????????""。???????(客户):""好哒 谢谢""。08月26日 19:21分。羽飞(客户):""请问邻居们宽带有信号吗？  怎么我家的宽带没信号了？""。08月26日 20:00分。恒大城???? 秩序部 三期监控室(客户):""? 2024.8.26日? 。【秩序维护部】 。1.夜班值班时间段：20：00—08：00。2.夜班值班队长:徐霖。3.物业24小时服务电话：0791-85957719/85130408。? 【物业小贴士】?。1、园区道路是大家的，请将爱车停至车位或车库，勿占行车主干道。。2、予人方便，予己方便，整齐有序，文明停车。。3、随身携带门禁卡，刷卡进出，提高安全防止偷盗。。4、请随手关大堂门，轻拉轻推，勿用力拉扯。。5、非机动车请勿进大堂、楼道内充电。。6、请勿让爱宠随地大小便，做文明养宠人。""。08月26日 20:37分。明天会更好(客户):""[视频号消息]""。明天会更好(客户):""{""pre_msgid"":""15437593420190247922_1724675828394_external""}""。08月26日 21:31分。万丹(客户):""@遥控窗帘制作工作室18000719917?我家这几天的宽带信号都不敢""。万丹(客户):""{""pre_msgid"":""1311836957007953312_1724679120400_external""}""。万丹(客户):""@遥控窗帘制作工作室18000719917?我家这几天的宽带信号都不好""。&&&","[
{
        ""业主情感强度"": {
            ""慧慧??"": ""一般负面""
        },
        ""事件讨论开始时间"": ""08月26日 9:31"",
        ""事件讨论结束时间"": ""08月26日 9:31"",
        ""事件详情"": ""业主慧慧反映有东西挡住其正常通过。"",
        ""话题倾向"": """"
    }
    {
        ""业主情感强度"": {
            ""王林贵"": ""强烈负面""
        },
        ""事件讨论开始时间"": ""08月26日 16:42"",
        ""事件讨论结束时间"": ""08月26日 17:58"",
        ""事件详情"": ""王林贵在16:42分对恒大城-管家-小曾和恒大城???? 秩序部 三期监控室表达不满，称‘看不见吗？’，并附上了一张图片。随后在17:14分，王林贵直接表达了‘垃圾呀’的强烈不满。此事件涉及垃圾处理问题，地点在恒大城，业主王林贵对物业管理表达了不满。"",
        ""话题倾向"": """"
    }
]"
群聊负向,"这是要分析的对话:&&&08月26日 08:22分。王学灵(员工):""?????????家人们，早上好~。今天…………""。08月26日 08:48分。刘梅(客户):""家人们今日保洁在对商业街石材进行清洗 ，路过时注意安全避免滑倒及水溅到身上，祝家人们生活愉快[握手][握手][握手][咖啡][咖啡][咖啡]""。刘梅(客户):""[图片]""。08月26日 09:14分。fin ??(客户):""[图片]""。fin ??(客户):""捡纸箱的又把垃圾倒出来了 [叹气][叹气] ""。08月26日 09:20分。刘梅(客户):""@fin ??收到，业主，马上阿姨就过去处理""。08月26日 10:17分。刘梅(客户):""@fin ??您好！业主，已处理，感谢你的反馈，刚在忙才反馈照片，不好意思[握手][握手][握手]""。刘梅(客户):""[图片]""。08月26日 17:01分。刘梅(客户):""??保洁篇—园区石材及商业街石材清洗、垃圾桶清洗、保洁日常工作。服务从来没有一劳永逸??，。只有日复一日的坚持??，。保洁员对园区石材及商业街石材清洗、清洗垃圾桶??，。以匠心服务铸就美好的生活??。。     ——贵阳恒大文化旅游城第一物业服务中心""。刘梅(客户):""[图片]""。08月26日 20:32分。??一切??? 随缘????(客户):""各位业主：晚上好！[玫瑰]。8月 26日秩序部夜间执勤安排：。一、值班:罗中林。电话:17584997003。二、24小时值班电：0851-83862661。辖区派出所电话：0851-83851334。值班维修师傅：。杨丙云:13984310672带班时间：20:00-08:00。四、我们将12小时坚守岗位，如有需要请致电，我们将竭诚为您服务。夜间休息请关好门窗，做好安全防范，出入小区带好业主卡。。贵阳恒大文化旅游城物业服务中心祝您：。               生活愉快！""。??一切??? 随缘????(客户):""[视频]""。08月26日 23:09分。筑安(客户):""[视频号消息]""。筑安(客户):""通知：。8月25日是全国第八个残疾预防日，筑安社区居委会于明天8月27日（本周二）上午在辖区内开展“预防疾病致残  共享健康生活”宣传服务活动，希望学校有社会实践活动要求的学生积极参与，请有意参加志愿服务活动的人员于8月27日早上9:30到8组团筑安社区居委会集中开展活动。""。筑安(客户):""【提示】买卖游戏账号、游戏装备等一定要在官方平台进行，不要点击陌生链接，以交保证金、提现失败、账号冻结等理由要求继续充值的都是诈骗！""。&&&","[
    {
        ""业主情感强度"": {
            ""fin ??"": ""一般负面""
        },
        ""事件讨论开始时间"": ""08月26日 09:14分"",
        ""事件讨论结束时间"": ""08月26日 10:17分"",
        ""事件详情"": ""fin ??(客户)发现捡纸箱的人将垃圾倒出，导致环境污染，表达不满。"",
        ""话题倾向"": """"
    }
]"
群聊负向,"这是要分析的对话:&&&08月26日 09:18分。恒大城???? 秩序部 三期监控室(客户):""[视频号消息]""。恒大城???? 秩序部 三期监控室(客户):""“客服”给你打来电话，说你网购商品出现问题！可以给你申请退款，还给你发来陌生链接！让你注册账号填写信息，再说因“操作失误”导致账户被冻结，让你转账解冻后才能退款？南昌反诈提醒您：退换货请认准官方平台，陌生链接不要点击，不要透露个人信息。敬请各位领导同事转发反诈视频及反诈日历。[抱拳][抱拳][抱拳]""。恒大城???? 秩序部 三期监控室(客户):""[图片]""。08月26日 09:38分。恒大城-管家-小范(员工):""?尊敬的各位业主/住户：。您好！。为了保…………""。08月26日 10:11分。恒大城-管家-小范(员工):""尊敬的各位住户朋友，现在?14-3-西梯…………""。08月26日 14:10分。恒大城-管家-小范(员工):""【关于四害消杀的温馨提示】。      …………""。恒大城-管家-小范(员工):""[图片]""。08月26日 17:57分。恒大城???? 秩序部 三期监控室(客户):""[图片]""。08月26日 18:14分。恒大城???? 秩序部 三期监控室(客户):""重要警示：。    8月23日晚10时，江苏省宿迁市一电动自行车店起火，虽然仅半小时明火就得到控制，但仍造成6人死亡（尤为痛心的是，遇难者中4人系未成年人）。此前，2024年2月23日4时许，江苏南京市雨花台区一小区发生电动自行车火灾，造成15人死亡，44人受伤。今年4月27日，我县一小区也发生了电动自行车火灾亡人事件。在此警示，电动自行车起火，燃烧迅速并会在短时间造成大量有害气体，因灾致死率极高！因此，为了大家的生命财产安全，恳请各位业主对自己负责，也对左右邻里负责，严禁将电动自行车违规入楼、违规充电！也请各位监督，一发现有电动车上楼进单元的，请及时联系物业24小时电话:85130408，物业会第一时间上户整治，保障大家居住安全。""。08月26日 18:52分。恒大城-管家-小范(员工):""【休息知会】。尊敬的各位小主:。    …………""。08月26日 19:16分。鄢福江(客户):""@恒大城???? 秩序部 三期监控室?单元一楼和门口处不要再让挺电动车了，非常大的安全隐患，也是疏散通道，如果一着火??，就堵住了，跟你们反应很多次了，警示是没有用的，希望采取点措施""。鄢福江(客户):""[文件下载失败]""。鄢福江(客户):""[图片]""。鄢福江(客户):""[图片]""。鄢福江(客户):""[图片]""。鄢福江(客户):""@恒大城???? 秩序部 三期监控室?人车分流器可以考虑下，跟你们领导反应下，迫切……""。恒大城???? 秩序部 三期监控室(客户):""@鄢福江?这个以前我们也在两个楼栋做过试验，安装过你图片上的装置，最后被业主给砸了""。08月26日 19:22分。鄢福江(客户):""不能因为个别业主砸掉就不装了吧，那你们最后怎么处理这个事情的呢砸的这个人""。恒大城???? 秩序部 三期监控室(客户):""哎，一言难尽""。08月26日 19:32分。鄢福江(客户):""不要因为个别的人阻止或者破坏，就不安装了，毕竟这个是最大的安全隐患，每家每户都大多都没有买保险，烟雾报警器，防毒面罩，等，一旦电动车着火烧起来好快的，门口又堵住了，一定要禁止??电动车放一楼门口的""。鄢福江(客户):""市区好多小区都安装了这个的""。08月26日 19:41分。鄢福江(客户):""[文件超过最大限制]""。鄢福江(客户):""@恒大城???? 秩序部 三期监控室?你们联系下消防这边嘛，停门口的电动车先沟通，不行锁车嘛""。恒大城???? 秩序部 三期监控室(客户):""@鄢福江?我们看到了，都会把车子处理""。08月26日 20:00分。恒大城???? 秩序部 三期监控室(客户):""? 2024.8.26日? 。【秩序维护部】 。1.夜班值班时间段：20：00—08：00。2.夜班值班队长:徐霖。3.物业24小时服务电话：0791-85957719/85130408。? 【物业小贴士】?。1、园区道路是大家的，请将爱车停至车位或车库，勿占行车主干道。。2、予人方便，予己方便，整齐有序，文明停车。。3、随身携带门禁卡，刷卡进出，提高安全防止偷盗。。4、请随手关大堂门，轻拉轻推，勿用力拉扯。。5、非机动车请勿进大堂、楼道内充电。。6、请勿让爱宠随地大小便，做文明养宠人。""。&&&","[
    {
        ""业主情感强度"": {
            ""鄢福江"": ""强烈负面""
        },
        ""事件讨论开始时间"": ""08月26日 19:16分"",
        ""事件讨论结束时间"": ""08月26日 19:41分"",
        ""事件详情"": ""业主鄢福江对单元一楼和门口处允许停放电动车表示不满，指出这是非常大的安全隐患，并多次提出建议和批评。业主鄢福江认为物业管理方面应该采取有效措施，如安装人车分流器，禁止电动车放一楼门口，并提到其他小区已有类似措施。物业方表示之前尝试安装过相关装置但被部分业主破坏。"",
        ""话题倾向"": """"
    }
]"
群聊负向,"这是要分析的对话:&&&08月26日 06:56分。wei hong(客户):""[视频]""。wei hong(客户):""@物业-张云煌?电梯到6楼这个水漏得吓人""。08月26日 07:59分。.(客户):""收到[抱拳]""。08月26日 08:52分。小哇(客户):""是的，坐电梯听到水哗啦啦的声音""。??Venus-小小小小小小财迷℡??(客户):""真的""。??Venus-小小小小小小财迷℡??(客户):""刚刚下来哗啦哗啦的""。08月26日 09:20分。。(客户):""[视频号消息]""。。(客户):""【提示】买卖游戏账号、游戏装备等一定要在官方平台进行，不要点击陌生链接，以交保证金、提现失败、账号冻结等理由要求继续充值的都是诈骗！""。08月26日 10:38分。吴??(客户):""@徐国飞?什么时候能安排人上门维修？ 我不可能一直无休止的等嘛 铝合金一天没有人 我的窗户就一天维修不了？你们就只是反馈反馈 具体要等多长时间 请你们给我个具体时间  我们是已经入住了的 如果小孩子因为窗户出现什么安全问题 是不是你们能负责？ ""。谢小友1??????????(客户):""[图片]""。谢小友1??????????(客户):""没什么用""。08月26日 10:50分。李彬(员工):""已经催他们加急处理了""。吴??(客户):""能给我个具体时间不？一个星期？一个月？还是多久？""。08月26日 16:47分。刘梅(客户):""??保洁篇—清拖楼层及垃圾桶清洗。服务从来没有一劳永逸??，。只有日复一日的坚持??，。保洁员陆续清拖楼层及清洗垃圾桶??，。以匠心服务铸就美好的生活??。。     ——贵阳恒大文化旅游城第一物业服务中心""。刘梅(客户):""[图片]""。08月26日 20:02分。世界变得更美好(客户):""─???今日值班公告???─。。         2024年8月26日?。 今日夜间值班情况如下?：。?????♂秩序值班人员：于天明。    值班电话：18275089531。维修值班师傅：杨丙云。电话：13984310672。??夜间温馨提示：。??有任何需要帮助请及时拨打值班人员电话或者物业服务中心24小时热线：0851-83862661??。??夜间回家的家人请规范停车??，互相方便出行?。        愿家人们晚安好梦！??。   。      贴心服务[爱心]真诚相伴。           ——贵阳恒大文化旅游城物业服务中心""。&&&","[
    {
        ""业主情感强度"": {
            ""wei hong"": ""一般负面"",
        },
        ""事件讨论开始时间"": ""08月26日 06:56"",
        ""事件讨论结束时间"": ""08月26日 08:52"",
        ""事件详情"": ""电梯到6楼漏水严重，业主wei hong首次提出问题，后续小哇和??Venus-小小小小小小财迷℡??业主确认了这一问题。"",
        ""话题倾向"": """"
    },
    {
        ""业主情感强度"": {
            ""吴??"": ""强烈负面"",
            ""谢小友1??????????"": ""一般负面""
        },
        ""事件讨论开始时间"": ""08月26日 10:38"",
        ""事件讨论结束时间"": ""08月26日 10:50"",
        ""事件详情"": ""吴??业主对铝合金窗户维修进度表示不满，质疑物业处理问题的效率，并担忧孩子的安全。谢小友1??????????业主表示物业的反馈没什么用。"",
        ""话题倾向"": """"
    }
]"
群聊负向,"这是要分析的对话:&&&08月26日 08:00分。济南绿洲3-4-7号楼管家(员工):""????金碧物业晨跑开跑啦！！！大朋友、…………""。济南绿洲3-4-7号楼管家(员工):""[图片]""。济南绿洲3-4-7号楼管家(员工):""[图片]""。济南绿洲3-4-7号楼管家(员工):""[图片]""。济南绿洲3-4-7号楼管家(员工):""[文件超过最大限制]""。A00(客户):""尊敬的业主，您好：。       为更好、更快的解决业主问题，现将各值班人员、联系电话及值班时间公示在群内，各位业主可直接电话联系或在群内@秩序110。1、日常家用维修工具(螺丝刀、活动扳手、小锤等);。2、小型购物车、平板车、人字梯、打气筒，应急医用品等。。为您爱家保驾护航，如果您有家政保洁、直饮水卡办理、白蚁消杀、有偿维修、房屋租赁的业务需求，随时与我们联系，为您提供专业的服务。。【秩序维护部】。[爱心]1.值班时间段：。????08:00－20:00????。[爱心]2.值班中队长-赵队电话：0531-83131013。[爱心]3.物业服务电话：0531-55615896、55615596。??4.监控室值班24小时电话：0531-55612606。3、【物业-安保服务“小蜜蜂”】。[抱拳]如您家中有需要帮助的请联系我们?。[爱心]24小时为各位家人守候。[合十]贴心服务、真诚相伴。如需便民服务车，请直接联系；。①55612606。②55612808。有事您说话，我们会在第一时间安排人员帮你处理[玫瑰][玫瑰]""。A00(客户):""[图片]""。08月26日 08:13分。坐看云起时(客户):""@秩序110?@济南绿洲3-4-7号楼管家?一单元东边电梯坏了""。坐看云起时(客户):""门关不上""。济南绿洲3-4-7号楼管家(员工):""好的""。宁宁(客户):""??ˋ????ˊ??????????????????.*·做自己生活的舵手 把握梦想前进的方向 不服输 才能成长更好的自己。各位家人们[爱心]早上好！。我是物业保洁领班庄明华，联系电话 15628830750。各位保洁叔叔阿姨已到岗。??倘若您发现任何环境方面的问题或者有宝贵的建议，随时与我联系，我定会全力以赴为您排忧解难！。??感谢各位家人一直以来的信赖与支持！ ?? ??""。宁宁(客户):""[图片]""。08月26日 08:39分。阳光正好(客户):""[图片]""。阳光正好(客户):""[图片]""。济南绿洲3-4-7号楼管家(员工):""已联系""。济南绿洲3-4-7号楼管家(员工):""[玫瑰][玫瑰]早安  绿洲[玫瑰][玫…………""。济南绿洲3-4-7号楼管家(员工):""[链接]""。08月26日 09:07分。*^金玉  满堂 ^*(客户):""入户门口特别臭    希望管家来看看怎么回事""。*^金玉  满堂 ^*(客户):""一开门就臭""。08月26日 09:15分。济南绿洲3-4-7号楼管家(员工):""咱17楼是吗""。08月26日 09:22分。*^金玉  满堂 ^*(客户):""对啊""。济南绿洲3-4-7号楼管家(员工):""好的""。*^金玉  满堂 ^*(客户):""领导来闻闻     受不了啊""。08月26日 09:53分。派出所反诈宣传员(客户):""8.13元，接到[爆竹]“银监会”[爆竹]电话被骗。。3.63万元，大学生??兼职??被骗。。3.5万元，初中生被骗。。3.46万元，妇女?兼职刷单?被骗。。2.31万元，男青年[色]约炮[色]被骗。。。男青年[色][色]约炮[色][色]，妇女??兼职刷单??、????被“异性网友”诱导投资????诈骗高发！。转发提醒好家里的[拥抱]年轻人、妇女[拥抱]！。。【8月25日电诈警情通报】（近三天典型案例）。【平安街道、开发区派出所】。1、乙武村居民（开发区报警），【接到“银监会”电话】被骗8.13万元。。??手段：接到电话，对方自称?【“银监会”工作人员】??，要帮其“降低网贷利率”，还让其??登陆假的银监会网站??。。        过程中，?开启“屏幕共享”?，指导其将钱转走。。。【大学城、大学路派出所】。2、山东师范大学思想政治教育专业大四学生，【兼职】被骗3.63万元。。??手段：网上看到信息，兼职（“垫资”代充话费）。对方称选择[爆竹][爆竹]“企业代付”[爆竹][爆竹]，??钱就不会被转走，但操作后，钱还是被转走??。。       对方称其操作失误，??为退款，按对方要求，继续转账??。。。【马山镇、马山派出所】。3、周庙村初中生，【找人“解封微信”】被骗3.5万元。。??手段：快手找人解封微信，对方让其?提供了家长微信、银行卡的【验证码】?，钱被转走。。。【文昌街道、新城派出所】。4、建发天玺妇女，网上兼职【垫资做任务、刷销量、刷关注、刷点赞】被骗3.46万元。。??手段：??被陌生人拉进群??，推荐足不出户做兼职，[裂开]抖音刷关注[裂开]挣到佣金，后被引诱??“垫资”刷购“抖币”??。。        前期挣到小额返利，后被以【系统设置，需要[苦涩]连续刷任务才能退还垫付金、佣金[苦涩]】，【??操作失误，需要刷补救单??】为由要求转账。。。【崮云湖街道、大学路派出所】。5、河南籍务工男青年（租住乐天），【刷单做任务以?? 免费约炮?? 】被骗2.31万元。。??手段：??网上看到信息??，下载APP，为[吐]解锁约炮资格[吐]，??“约炮”客服引诱其“垫资”刷“会员费”??，前期挣到小额返利。。        后被以【系统设置，需要[裂开]连续刷任务[裂开]才能退还垫付金、佣金】、【??操作失误??（后台都能做手脚），刷补救单】为由要求多次转账。""。08月26日 15:32分。派出所反诈宣传员(客户):""[小程序消息]""。宁宁(客户):""[图片]""。宁宁(客户):""[图片]""。宁宁(客户):""[图片]""。宁宁(客户):""[图片]""。08月26日 16:54分。宁宁(客户):""[拳头]环境提升持续进行中[拳头]。[太阳]今天地下室清理[太阳]。恒大绿洲保洁团队为您服务[玫瑰]""。宁宁(客户):""[图片]""。08月26日 18:39分。A大漠(客户):""??物业秩序“小蜜蜂” ??。[庆祝]“小蜜蜂”来了！来了！[庆祝]。[太阳]有事，您说话[太阳]。[庆祝]车辆电瓶亏电启动不了！。[庆祝]家里有沉物品搬不动了！。[庆祝]买了好多东西拿不了！。联系电话：0531-55612606。秩序小“蜜蜂”竭诚为您服务！[耶][耶][耶]。[庆祝]我们的口号：。[庆祝]真心帮助每一位[庆祝]。[庆祝]热心服务每一人[庆祝]。[庆祝]赠人玫瑰[玫瑰]，手有余香[庆祝]""。A大漠(客户):""[图片]""。08月26日 19:14分。水滴石穿(客户):""车棚内，长期不动的车子要清一下，冲电没有空间。""。08月26日 20:03分。你的月亮我的心(客户):""尊敬的业主，您好：。       为更好、更快的解决业主问题，现将各值班人员、联系电话及值班时间公示在群内，各位业主可直接电话联系或在群内@秩序110。1、日常家用维修工具(螺丝刀、活动扳手、小锤等);。2、小型购物车、平板车、人字梯、打气筒，应急医用品等。。为您爱家保驾护航，如果您有家政保洁、直饮水卡办理、白蚁消杀、有偿维修、房屋租赁的业务需求，随时与我们联系，为您提供专业的服务。。【秩序维护部】。[爱心]1.值班时间段：。????20:00－08:00????。[爱心]2.值班中队长-赵队电话：0531-55615881。[爱心]3.物业服务电话：0531-55615896、55615596。??4.监控室值班24小时电话：0531-55612606。3、【物业-安保服务“小蜜蜂”】。[抱拳]如您家中有需要帮助的请联系我们?。[爱心]24小时为各位家人守候。[合十]贴心服务、真诚相伴。如需便民服务车，请直接联系；。①55612606。②55612808。有事您说话，我们会在第一时间安排人员帮你处理[玫瑰][玫瑰]""。你的月亮我的心(客户):""[图片]""。08月26日 23:52分。你的月亮我的心(客户):""尊敬的业主大家好！我是夜间执勤赵队长，金碧物业安保服务8月26号巡查，时刻守护业主们的安全，请安心入睡，如有紧急情况请拨打0531-55612606""。你的月亮我的心(客户):""[图片]""。08月27日 02:59分。你的月亮我的心(客户):""尊敬的业主大家好！我是夜间执勤赵队长，金碧物业安保服务8月27号巡查，时刻守护业主们的安全，请安心入睡，如有紧急情况请拨打0531-55612606""。你的月亮我的心(客户):""[图片]""。&&&","[
    {
        ""业主情感强度"": {
            ""*^金玉  满堂 ^*"": ""强烈负面""
        },
        ""事件讨论开始时间"": ""08月26日 09:07分"",
        ""事件讨论结束时间"": ""08月26日 09:22分"",
        ""事件详情"": ""业主*^金玉  满堂 ^*反映入户门口特别臭，希望管家来看看怎么回事。管家确认了业主的楼层后，未给出后续处理结果。业主表示味道难以忍受。"",
        ""话题倾向"": """"
    }
]"
群聊负向,"这是要分析的对话:&&&08月26日 06:06分。心情尚好15367485711(客户):""??长沙恒大雅苑。?2024年8??26日  星期一。?天气: 晴  气温：28－37℃。1、1、广西一景区“飞天魔毯”项目故障致1死60伤 景区提出“买断”赔偿方案；。2、浙江绍兴一医院眼科套取医保资金2000万，手术医生庭审坚称无罪引争议；。3、郑州：相关企业限期撤除全市小区电梯里的“上门按摩”广告；。4、今年三伏，全国平均气温达到23.24℃，为史上最热；。5、日本核污染水排海一年，8轮累计排放将达62500吨；微信搜：每日微语报。6、超80城支持国企等收购存量房：36城已启动征集，“去库存效果最直接”；。7、合肥女子李梅在长沙坐拥87套房，因涉罪被查封，正式被法院挂网待拍卖；。8、安徽发文鼓励探索垂钓实名制，官方回应：还未启动落实；。9、周鸿祎再回应“手表不当回答”：已惩罚产品经理接一个月客服电话；。10、三文鱼刺身隔夜返包销售 胖东来：奖励投诉者10万，补偿购买者1000元；。11、黎真主党宣布第一阶段对以袭击取得成功 发射320余枚火箭弹；。12、世卫组织表示，猴痘疫情存在扩散风险，各国防控措施有待加强；。13、防止播音员“讲真话”，日本广播协会开始预录中文新闻；。14、17名中国公民命丧韩国电池厂 火灾调查：因培训不足错失37秒逃生窗口；。15、美国顶尖纳米科学家打算来华工作，曾因与中国高校合作而被美政府判刑；""。心情尚好15367485711(客户):""???♂【防溺水??安全温馨提示】。??亲爱的业主家人们：大家好??。?天气渐热，为了孩子们??的安全，请提高安全防范意识?，时刻监督和管理??好孩子，加强对孩子的防溺水??安全教育，禁止??孩子私自到小溪、水库、江边玩水、捕鱼、捉虾、游泳等。 。??安全无小事 时刻要警惕??。请家长??加强对孩子防溺水的监管力度，提高孩子??防溺水的自觉性?。同时物业工作人员??也会加大对园区的巡逻。为孩子的生命安全构筑坚实的防线??。??如需帮助请拨24小时服务热线。二期?:0731-85066275。一期?:0731-85520610。#长沙恒大雅苑物业服务中心""。心情尚好15367485711(客户):""[图片]""。08月26日 07:18分。BBS 拜尔 威达音频专卖(客户):""[视频]""。BBS 拜尔 威达音频专卖(客户):""@秩序部史纲15367485711?""。Vampiae(客户):""@BBS 拜尔 威达音频专卖?收到。马上通知师傅处理""。08月26日 07:25分。王秀英(客户):""[视频]""。王秀英(客户):""我早上六点半出门就坏了，到现在还是这样，都不想反馈了""。08月26日 07:48分。何德军(客户):""@王秀英?收到，您是哪一栋""。08月26日 07:54分。Jia wang(客户):""[图片]""。Jia wang(客户):""@BBS 拜尔 威达音频专卖?@王秀英?业主您好，37栋轿门地坎卡异物导致门机保护，已处理恢复，感谢您的反馈，祝您生活愉快""。08月26日 09:06分。彪(客户):""【?? 秩序服务?巡逻篇】。我们是白班园区秩序的守护者??。每天园区全覆盖巡视??。希望用我们的行动??。为您营造舒适的居家环境??。如需帮助请拨打24小时服务热线。?:0731一82231519。值班中队长。?:17700582090（二期）。??我们竭诚为您服务??""。彪(客户):""[视频]""。08月26日 11:21分。子鱼(客户):""【??遛狗不随便，随手清狗便??】。     。      ??最近存在严重的不文明养犬的现象，绿化带、草坪的狗便??比比皆是，给其他美邻的生活带来了很大的困扰。。      宠物是人类的朋友，为生活增添不少乐趣??，享受权利的同时还请履行义务哦[抱拳]，为了给小区营造一个整洁和谐的环境??，物业中心倡议各位饲养宠物的业主，请您随身携带废纸或垃圾袋，以便随时清理“排泄物”。    ??优美的居住环境需要大家的共同创造和维护，请从文明养狗开始。??""。子鱼(客户):""[文件超过最大限制]""。08月26日 11:40分。长沙恒大雅苑管家张婷婷(员工):""【??物业工作周报】  。尊敬的业主/住…………""。长沙恒大雅苑管家张婷婷(员工):""[图片]""。08月26日 19:14分。彪(客户):""【?? 秩序服务?巡逻篇】。我们是白班园区秩序的守护者??。每天园区全覆盖巡视??。希望用我们的行动??。为您营造舒适的居家环境??。如需帮助请拨打24小时服务热线。?:0731一82231519。值班中队长。?:17700582090（二期）。??我们竭诚为您服务??""。彪(客户):""[视频]""。长沙恒大雅苑管家张婷婷(员工):""[图片]""。长沙恒大雅苑管家张婷婷(员工):""关于小区内防范蛇类动物的温馨提示。各位业…………""。08月26日 19:53分。小牛牛(客户):""8月26日园林工作日常""。小牛牛(客户):""[文件下载失败]""。08月26日 20:02分。Vampiae(客户):""业主您好??。我是夜班秩序班长（周游：17700582090），也是你的夜间安全守护者??，也许您从来没有见过我，因为我值守在您熟睡的每个晚上。夜间??我们会跟踪可疑人员、巡查车库、巡查园区、巡查楼层。。??清晨06:00我们还会查看每个电梯，确保您上班时电梯正常运行。。??如需帮助请及时拨打24小时服务电话85066275，我会出现在你需要的每个时刻???♂????♂????♂?。祝?您好梦！一醒来又是美美哒的一天哦??????""。08月26日 20:49分。Vampiae(客户):""【?? 秩序服务?巡逻篇】。我们是晚班园区秩序的守护者??。每天园区全覆盖巡视??。希望用我们的行动??。为您营造舒适的居家环境??。如需帮助请拨打24小时服务热线。?:0731一82231519。值班中队长： 周游。?:17700582090（二期）。??我们竭诚为您服务??""。Vampiae(客户):""[视频]""。08月26日 21:21分。yh(客户):""??秩序小哥无处不在??，晚间环境卫生有我在，舒适环境携手大家一起共同营造[握手]。      ??文明呼吁【垃圾有个家，那是垃圾桶，请送它回家】 如您需要帮助请拨打物业中心24小时服务热线：?0731一85066275。值班中队长：周游。电话：17700582090""。yh(客户):""[图片]""。08月26日 22:31分。糖??【创雅居】??13875815767(客户):""我们是不是有个交停车费的小程序还是app""。08月26日 22:45分。二期中队长(客户):""@糖??【创雅居】??13875815767?是临停缴费还是？""。糖??【创雅居】??13875815767(客户):""嗯""。二期中队长(客户):""暂时只能扫码缴费@糖??【创雅居】??13875815767?""。08月27日 03:50分。yh(客户):""【?? 秩序服务?巡逻篇】。我们是晚班园区秩序的守护者??。每天园区全覆盖巡视??。希望用我们的行动??。为您营造舒适的居家环境??。如需帮助请拨打24小时服务热线。?:0731一82231519。值班中队长。?:17700582090（二期）。??我们竭诚为您服务??""。yh(客户):""[图片]""。&&&","[
    {
        ""业主情感强度"": {
            ""王秀英"": ""强烈负面""
        },
        ""事件讨论开始时间"": ""08月26日 07:25分"",
        ""事件讨论结束时间"": ""08月26日 07:54分"",
        ""事件详情"": ""王秀英业主在早上六点半出门时发现电梯故障，至07:25分反馈时电梯仍未修复，表达出不满情绪。随后，何德军业主询问故障电梯的具体位置，物业工作人员Jia wang回复已处理恢复，感谢业主的反馈。"",
        ""话题倾向"": """"
    }
]"
群聊负向,"这是要分析的对话:&&&08月26日 09:01分。恒大社区居委会8731213(客户):""[视频号消息]""。08月26日 10:16分。恒大社区居委会8731213(客户):""[图片]""。恒大社区居委会8731213(客户):""活动通知：恒大社区将于本周三8月28日下午3：00开展社区文明宣传和清扫活动，请需要参与暑假社会实践活动的学生扫下方的腾讯问卷报名参与。。集合地点：恒大社区居委会办公室（恒大城1期1栋内铺）。集合时间：8月28日下午2：50。备注：目前我们发的志愿活动主要是针对学校有要求学生参加暑假社会实践活动要盖章的或者是学校有要求做I志愿的学生，一般是中学生或者大学生，因每次活动人数有限，请没有这方面要求的学生家长暂时不要报名，谢谢！。温馨提示：。1.最近天气多变，请自备雨具遮阳防雨，注意安全。。2.请有需要拍照交学校的同学，自行带手机拍照哈。3.本次活动为24年暑期学生社会实践活动的最后一次活动，后续将不再开展，请有需要的学生积极参与。""。08月26日 13:56分。梦享??--小陈(客户):""不充电的电动车一堆放在那里占位置""。梦享??--小陈(客户):""[擦汗][擦汗][擦汗]""。梦享??--小陈(客户):""想充的充不了""。梦享??--小陈(客户):""23栋右边那个电梯门还是有异响""。韶关恒大城A区监控员(客户):""@全国车????-陈经理?您好 是关门的时候有异响吗""。08月26日 14:01分。梦享??--小陈(客户):""是""。韶关恒大城A区监控员(客户):""收到 通知电梯师傅跟进""。韶关恒大城A区监控员(客户):""@全国车????-陈经理?是在几楼关门有异响""。梦享??--小陈(客户):""6""。韶关恒大城A区监控员(客户):""收到""。08月26日 14:23分。韶关恒大城A区监控员(客户):""[图片]""。韶关恒大城A区监控员(客户):""轿门立柱被人撞出来后导致的已经重新调整""。08月26日 17:09分。休息中)韶关恒大城-管家-徐文珠(员工):""    关于八月园区消杀通知。尊敬的业户…………""。休息中)韶关恒大城-管家-徐文珠(员工):""@所有人 ""。休息中)韶关恒大城-管家-徐文珠(员工):""[图片]""。08月26日 19:03分。韶关恒大城A区监控员(客户):""2024-08-26。【秩序维护部】。1、值班时间段: 19:00-07:00。2、值班中队长: 祝金才。联系:13509859250。【温馨提示】。请各位业主知悉，如需要帮助或遇紧急情况，请电话联系值班室或值班中队长。。物业24小时值班电话：。0751-8709633。0751-8709600""。08月27日 02:22分。韶关恒大城A区监控员(客户):""金碧物业提醒您：同事巡查发现1栋外围充电桩电动车钥匙没拨，钥匙已放在一期监控室，麻烦车主看到信息移步到监控室认领。停车锁好车辆，避免造成损失。""。韶关恒大城A区监控员(客户):""[图片]""。&&&","[
    {
        ""业主情感强度"": {
            ""梦享??--小陈"": ""强烈负面""
        },
        ""事件讨论开始时间"": ""08月26日 13:56分"",
        ""事件讨论结束时间"": ""08月26日 13:56分"",
        ""事件详情"": ""电动车充电位被不充电的电动车占用，导致想充电的业主无法充电。地点在恒大城，具体位置未提及。业主梦享??--小陈(客户)对此表示不满。"",
        ""话题倾向"": """"
    },
    {
        ""业主情感强度"": {
            ""梦享??--小陈"": ""一般负面""
        },
        ""事件讨论开始时间"": ""08月26日 13:56分"",
        ""事件讨论结束时间"": ""08月26日 14:01分"",
        ""事件详情"": ""23栋右边电梯门有异响，业主梦享??--小陈(客户)反馈此问题，物业监控员确认后将通知电梯师傅跟进。地点在恒大城A区23栋6楼。"",
        ""话题倾向"": """"
    }
]"
群聊负向,"这是要分析的对话:&&&08月26日 08:00分。济南绿洲1-2-10-11管家寒露(员工):""????金碧物业晨跑开跑啦！！！大朋友、…………""。济南绿洲1-2-10-11管家寒露(员工):""[图片]""。济南绿洲1-2-10-11管家寒露(员工):""[图片]""。济南绿洲1-2-10-11管家寒露(员工):""[图片]""。济南绿洲1-2-10-11管家寒露(员工):""[文件超过最大限制]""。A00(客户):""尊敬的业主，您好：。       为更好、更快的解决业主问题，现将各值班人员、联系电话及值班时间公示在群内，各位业主可直接电话联系或在群内@秩序110。1、日常家用维修工具(螺丝刀、活动扳手、小锤等);。2、小型购物车、平板车、人字梯、打气筒，应急医用品等。。为您爱家保驾护航，如果您有家政保洁、直饮水卡办理、白蚁消杀、有偿维修、房屋租赁的业务需求，随时与我们联系，为您提供专业的服务。。【秩序维护部】。[爱心]1.值班时间段：。????08:00－20:00????。[爱心]2.值班中队长-赵队电话：0531-83131013。[爱心]3.物业服务电话：0531-55615896、55615596。??4.监控室值班24小时电话：0531-55612606。3、【物业-安保服务“小蜜蜂”】。[抱拳]如您家中有需要帮助的请联系我们?。[爱心]24小时为各位家人守候。[合十]贴心服务、真诚相伴。如需便民服务车，请直接联系；。①55612606。②55612808。有事您说话，我们会在第一时间安排人员帮你处理[玫瑰][玫瑰]""。A00(客户):""[图片]""。08月26日 08:18分。宁宁(客户):""??ˋ????ˊ??????????????????.*·做自己生活的舵手 把握梦想前进的方向 不服输 才能成长更好的自己。各位家人们[爱心]早上好！。我是物业保洁领班庄明华，联系电话 15628830750。各位保洁叔叔阿姨已到岗。??倘若您发现任何环境方面的问题或者有宝贵的建议，随时与我联系，我定会全力以赴为您排忧解难！。??感谢各位家人一直以来的信赖与支持！ ?? ??""。宁宁(客户):""[图片]""。08月26日 09:10分。济南绿洲1-2-10-11管家寒露(员工):""[玫瑰][玫瑰]早安  绿洲[玫瑰][玫…………""。济南绿洲1-2-10-11管家寒露(员工):""[链接]""。08月26日 09:53分。派出所反诈宣传员(客户):""8.13元，接到[爆竹]“银监会”[爆竹]电话被骗。。3.63万元，大学生??兼职??被骗。。3.5万元，初中生被骗。。3.46万元，妇女?兼职刷单?被骗。。2.31万元，男青年[色]约炮[色]被骗。。。男青年[色][色]约炮[色][色]，妇女??兼职刷单??、????被“异性网友”诱导投资????诈骗高发！。转发提醒好家里的[拥抱]年轻人、妇女[拥抱]！。。【8月25日电诈警情通报】（近三天典型案例）。【平安街道、开发区派出所】。1、乙武村居民（开发区报警），【接到“银监会”电话】被骗8.13万元。。??手段：接到电话，对方自称?【“银监会”工作人员】??，要帮其“降低网贷利率”，还让其??登陆假的银监会网站??。。        过程中，?开启“屏幕共享”?，指导其将钱转走。。。【大学城、大学路派出所】。2、山东师范大学思想政治教育专业大四学生，【兼职】被骗3.63万元。。??手段：网上看到信息，兼职（“垫资”代充话费）。对方称选择[爆竹][爆竹]“企业代付”[爆竹][爆竹]，??钱就不会被转走，但操作后，钱还是被转走??。。       对方称其操作失误，??为退款，按对方要求，继续转账??。。。【马山镇、马山派出所】。3、周庙村初中生，【找人“解封微信”】被骗3.5万元。。??手段：快手找人解封微信，对方让其?提供了家长微信、银行卡的【验证码】?，钱被转走。。。【文昌街道、新城派出所】。4、建发天玺妇女，网上兼职【垫资做任务、刷销量、刷关注、刷点赞】被骗3.46万元。。??手段：??被陌生人拉进群??，推荐足不出户做兼职，[裂开]抖音刷关注[裂开]挣到佣金，后被引诱??“垫资”刷购“抖币”??。。        前期挣到小额返利，后被以【系统设置，需要[苦涩]连续刷任务才能退还垫付金、佣金[苦涩]】，【??操作失误，需要刷补救单??】为由要求转账。。。【崮云湖街道、大学路派出所】。5、河南籍务工男青年（租住乐天），【刷单做任务以?? 免费约炮?? 】被骗2.31万元。。??手段：??网上看到信息??，下载APP，为[吐]解锁约炮资格[吐]，??“约炮”客服引诱其“垫资”刷“会员费”??，前期挣到小额返利。。        后被以【系统设置，需要[裂开]连续刷任务[裂开]才能退还垫付金、佣金】、【??操作失误??（后台都能做手脚），刷补救单】为由要求多次转账。""。08月26日 11:25分。Mr. Du(客户):""[文件下载失败]""。Mr. Du(客户):""【公区维修8月19日-8月25日工作汇报】。●公区及地下车库排污泵检修7处。●公区及地下车库照明更换6处。●公区直饮水机滤芯更换4处。●公区大堂顶子破损粉刷5处。●公区墙砖破损更换3处。●公区消防故障处理47处。●公区充电桩头安装21处。●园区排污管道疏通8处。●园区路面维修3处。●电梯维保125部。●设备房维护保养。●设备房巡查。工程维修，为您的生活保驾护航。如需帮助请拨打。24小时物业热线:。0531-55615896。济南恒大绿洲物业服务中心""。08月26日 15:32分。派出所反诈宣传员(客户):""[小程序消息]""。08月26日 15:37分。宁宁(客户):""[图片]""。宁宁(客户):""[图片]""。宁宁(客户):""[图片]""。宁宁(客户):""[图片]""。08月26日 16:54分。宁宁(客户):""[拳头]环境提升持续进行中[拳头]。[太阳]今天地下室清理[太阳]。恒大绿洲保洁团队为您服务[玫瑰]""。宁宁(客户):""[图片]""。08月26日 18:40分。A大漠(客户):""??物业秩序“小蜜蜂” ??。[庆祝]“小蜜蜂”来了！来了！[庆祝]。[太阳]有事，您说话[太阳]。[庆祝]车辆电瓶亏电启动不了！。[庆祝]家里有沉物品搬不动了！。[庆祝]买了好多东西拿不了！。联系电话：0531-55612606。秩序小“蜜蜂”竭诚为您服务！[耶][耶][耶]。[庆祝]我们的口号：。[庆祝]真心帮助每一位[庆祝]。[庆祝]热心服务每一人[庆祝]。[庆祝]赠人玫瑰[玫瑰]，手有余香[庆祝]""。A大漠(客户):""[图片]""。08月26日 20:05分。你的月亮我的心(客户):""尊敬的业主，您好：。       为更好、更快的解决业主问题，现将各值班人员、联系电话及值班时间公示在群内，各位业主可直接电话联系或在群内@秩序110。1、日常家用维修工具(螺丝刀、活动扳手、小锤等);。2、小型购物车、平板车、人字梯、打气筒，应急医用品等。。为您爱家保驾护航，如果您有家政保洁、直饮水卡办理、白蚁消杀、有偿维修、房屋租赁的业务需求，随时与我们联系，为您提供专业的服务。。【秩序维护部】。[爱心]1.值班时间段：。????20:00－08:00????。[爱心]2.值班中队长-赵队电话：0531-55615881。[爱心]3.物业服务电话：0531-55615896、55615596。??4.监控室值班24小时电话：0531-55612606。3、【物业-安保服务“小蜜蜂”】。[抱拳]如您家中有需要帮助的请联系我们?。[爱心]24小时为各位家人守候。[合十]贴心服务、真诚相伴。如需便民服务车，请直接联系；。①55612606。②55612808。有事您说话，我们会在第一时间安排人员帮你处理[玫瑰][玫瑰]""。你的月亮我的心(客户):""[图片]""。08月26日 23:08分。靖传斌(客户):""@济南绿洲1-2-10-11管家寒露?@秩序110?@秩序110?@秩序110?有时间听一听咱们单元谁家孩子哭声那么大，那么晚，那么闹，23点了，也不知发生了什么，别再出事！""。08月26日 23:50分。你的月亮我的心(客户):""[图片]""。你的月亮我的心(客户):""尊敬的业主大家好！我是夜间执勤赵队长，金碧物业安保服务8月26号巡查，时刻守护业主们的安全，请安心入睡，如有紧急情况请拨打0531-55612606""。08月27日 03:01分。你的月亮我的心(客户):""尊敬的业主大家好！我是夜间执勤赵队长，金碧物业安保服务8月27号巡查，时刻守护业主们的安全，请安心入睡，如有紧急情况请拨打0531-55612606""。你的月亮我的心(客户):""[图片]""。&&&","[
    {
        ""业主情感强度"": {
            ""靖传斌"": ""强烈负面""
        },
        ""事件讨论开始时间"": ""08月26日 23:08分"",
        ""事件讨论结束时间"": ""08月26日 23:08分"",
        ""事件详情"": ""业主靖传斌在晚上23:08分反映，其所在单元有孩子深夜哭泣，声音很大，影响休息，表达了对小区环境的不满，并担心可能发生其他事。"",
        ""话题倾向"": """"
    }
]"
群聊负向,"这是要分析的对话:&&&08月26日 12:13分。A小咿吖：CF业务滴滴～(客户):""@""。郑超超(员工):""@21怎么啦""。A小咿吖：CF业务滴滴～(客户):""没事、我想问下02号的邻居们、他们的燃气热水器是咋安排的""。郑超超(员工):""好滴[抱拳]""。A小咿吖：CF业务滴滴～(客户):""02的邻居们、就是那个小阳台不是有个燃气管子吗、那那个燃气热水器是放在管子下面的还是上面的啊""。A小咿吖：CF业务滴滴～(客户):""[图片]""。A小咿吖：CF业务滴滴～(客户):""[图片]""。A小咿吖：CF业务滴滴～(客户):""求助～""。08月26日 12:24分。Peter 张(客户):""@21?开通燃气时征求一下燃气公司的意见，再买热水器""。A小咿吖：CF业务滴滴～(客户):""好的嘛、谢谢邻居[捂脸]""。郑超超(员工):""[图片]""。郑超超(员工):""@21""。A小咿吖：CF业务滴滴～(客户):""这个知道""。????(客户):""@21?放上面燃气烟管""。????(客户):""从上面开孔出去""。A小咿吖：CF业务滴滴～(客户):""从梁上是吧""。A小咿吖：CF业务滴滴～(客户):""我已经问好领居了、谢谢其他领居家人们??????""。08月26日 12:56分。不予(客户):""[视频]""。不予(客户):""@郑超超?""。郑超超(员工):""收到，已经发给秩序部兄弟了[抱拳]""。不予(客户):""直接打死""。不予(客户):""妈的""。帅帅的小男人(客户):""@郑超超?直接给他打死""。不予(客户):""@郑超超?核实是不是租客啥的，你们跟他说，再有下次，我们业主直接把它狗打死了""。08月26日 13:01分。不予(客户):""警告他，再放湖里狗，让他出清理费""。08月26日 13:32分。李善雄(客户):""[强]对的""。08月26日 15:31分。蔡蔡子????(客户):""请问幼儿园在报名吗？""。蔡蔡子????(客户):""我们都不知道""。郑超超(员工):""你家小孩读哪个班""。郑超超(员工):""我有群的二维码 您可以加群联系老师""。郑超超(员工):""@蔡蔡子????""。08月26日 15:38分。蔡蔡子????(客户):""中班""。蔡蔡子????(客户):""好的谢谢""。08月26日 16:53分。闲云(客户):""@郑超超?你好是那家装修呀？建议你们在备案装修房子的，把楼下弄坏或窗子弄庒由装修房子的人负责""。郑超超(员工):""好，我这让前台查一下，我顺便去看看""。08月26日 18:13分。闲云(客户):""[抱拳]""。08月26日 20:15分。?(客户):""各位业主：晚上好！[玫瑰]。8月26日秩序部夜间执勤安排：。一、值班人员，李苓杰13035574097。维修值班人员： 郭文波18111908017。二、巡查期间未发现流浪狗、猫，值班期间如发现第一时间处理。三、带班时间：20:00-08:00。四、我们将12小时坚守岗位，如有需要请致电，我们将竭诚为您服务。夜间休息请关好门窗，做好安全防范，出入小区带好业主卡、谨防尾随。。贵阳金碧物业服务中心祝您：生活愉快！[烟花]""。08月26日 21:24分。郑超超(员工):""停气通知。停气日期：2024年8月26日…………""。&&&","[
    {
        ""业主情感强度"": {
            ""李善雄"": ""一般负面"",
            ""不予"": ""强烈负面"",
            ""帅帅的小男人"": ""强烈负面""
        },
        ""事件讨论开始时间"": ""08月26日 12:56"",
        ""事件讨论结束时间"": ""08月26日 13:32"",
        ""事件详情"": ""在小区内，有业主发现流浪狗并对此表示强烈不满，要求物业采取措施处理。其中业主不予在12:56分发布视频并表达了对流浪狗的极端不满，称‘直接打死’。随后，帅帅的小男人和李善雄等业主也表示了类似的强烈情绪，要求物业警告相关责任人并采取行动。"",
        ""话题倾向"": """"
    }
]"
群聊负向,"这是要分析的对话:&&&08月26日 08:36分。汪海艳(员工):""?????????家人们，早上好~。今天…………""。08月26日 09:40分。メ老頭孜(客户):""[图片]""。08月26日 11:14分。Nevermind(客户):""通知：。8月25日是全国第八个残疾预防日，筑安社区居委会于明天8月27日（本周二）上午在辖区内开展“预防疾病致残  共享健康生活”宣传服务活动，希望学校有社会实践活动要求的学生积极参与，请有意参加志愿服务活动的人员于8月27日早上9:30到8组团筑安社区居委会集中开展活动。""。08月26日 12:31分。??C。(客户):""@安保服务-张伟?您好，麻烦喊十字路口那个卖安顺小裹卷的人把大喇叭关一下哈，真的是太吵了""。08月26日 12:37分。??C。(客户):""@恒大文旅城-十组团管家-汪海艳?您好，麻烦喊十字路口那个卖安顺小裹卷的人把大喇叭关一下哈，真的是太吵了""。??C。(客户):""@客服部负责人-王鼎祎?""。汪海艳(员工):""收到""。08月26日 12:57分。廖辉鹏(客户):""[文件下载失败]""。08月26日 13:05分。豆米粑粑(客户):""@安保服务-廖辉鹏?这家每天都喊，说过好几次了 ，还一直喊""。08月26日 13:48分。廖辉鹏(客户):""好的??""。08月26日 14:33分。廖辉鹏(客户):""[图片]""。廖辉鹏(客户):""[图片]""。廖辉鹏(客户):""@豆米粑粑?二家都警告了""。豆米粑粑(客户):""麻烦了@安保服务-廖辉鹏?[抱拳][抱拳]""。08月26日 15:43分。Nevermind(客户):""[视频号消息]""。Nevermind(客户):""【提示】买卖游戏账号、游戏装备等一定要在官方平台进行，不要点击陌生链接，以交保证金、提现失败、账号冻结等理由要求继续充值的都是诈骗！""。08月26日 20:01分。悦想(客户):""各位业主：晚上好！[玫瑰]。8月26日秩序部夜间执勤安排：。一、带班队长：陈欢。13984216859。工程值班人员:杨丙云?。13984310672。二、24小时值班电话：。0851-83862661。辖区派出所电话：。0851-83851334。三、带班时间：20:00-08:00。四、我们将12小时坚守岗位，如有需要请致电，我们将竭诚为您服务。夜间休息请关好门窗，做好安全防范，出入小区带好业主卡、谨防尾随。。贵阳恒大文化旅游城物业服务中心祝您：生活愉快！[烟花]""。悦想(客户):""[图片]""。悦想(客户):""[视频]""。&&&","[
    {
        ""业主情感强度"": {
            ""??C。"": ""强烈负面"",
            ""豆米粑粑"": ""强烈负面""
        },
        ""事件讨论开始时间"": ""08月26日 12:31分"",
        ""事件讨论结束时间"": ""08月26日 14:33分"",
        ""事件详情"": ""业主对十字路口卖安顺小裹卷的商贩使用大喇叭造成的噪音污染表示不满。多位业主连续反映了这一问题，表现出对噪声干扰的强烈不悦。"",
        ""话题倾向"": """"
    }
]"
群聊负向,"这是要分析的对话:&&&08月26日 09:15分。恒大城???? 秩序部 三期监控室(客户):""[视频号消息]""。恒大城???? 秩序部 三期监控室(客户):""“客服”给你打来电话，说你网购商品出现问题！可以给你申请退款，还给你发来陌生链接！让你注册账号填写信息，再说因“操作失误”导致账户被冻结，让你转账解冻后才能退款？南昌反诈提醒您：退换货请认准官方平台，陌生链接不要点击，不要透露个人信息。敬请各位领导同事转发反诈视频及反诈日历。[抱拳][抱拳][抱拳]""。恒大城???? 秩序部 三期监控室(客户):""[图片]""。08月26日 11:31分。恒大城-32.33.34.35管家小舒(客户):""【关于四害消杀的温馨提示】。       物业服务中心将于2024年8月29日-2024年8月30日对小区公共区域进行消杀工作，请各位业主注意安全防护。[玫瑰]""。恒大城-32.33.34.35管家小舒(客户):""[文件下载失败]""。08月26日 13:52分。林间芬芳(客户):""邻居好，你们知道我们这里的厨房油烟机怎么样才能全部拆下来不？怎么我请的人说拆不下来""。??Bella??(客户):""打物业""。??Bella??(客户):""{""pre_msgid"":""1785361417936571006_1724651552411_external""}""。??Bella??(客户):""找物业""。?谦卑不醉????(客户):""@林间芬芳?应该可以全拆，最好把里面烟道也换一下""。林间芬芳(客户):""人家说拆不下来[捂脸]""。08月26日 14:00分。A江西豫力平地机压路机租赁(客户):""@林间芬芳?你请到了，不专业的""。林间芬芳(客户):""在京东下的单[呲牙]""。林间芬芳(客户):""@A江西豫力平地机压路机租赁?  你推荐个专业的过来[呲牙]""。A江西豫力平地机压路机租赁(客户):""我没有""。08月26日 14:23分。景艳玲（景姐私房馄饨+水饺）(客户):""[表情]""。08月26日 15:54分。恒大城-管家-小舒(员工):""【南昌恒大城—周报】。?? 一周美好，与…………""。恒大城-管家-小舒(员工):""[图片]""。08月26日 16:07分。未来可期(客户):""运动中心柏油路股起，希望管家还提提意见搞下平，外面来的亲戚朋友，来看房的走了第一印象就不好，想不通六期这么多车主没一个站出来说下的[捂脸]@恒大城-管家-小舒?""。未来可期(客户):""附议的出来说句，人多力量大。""。08月26日 16:14分。恒大城-管家-小舒(员工):""我这边晚点过去看看哈。看完稍后跟工程部反…………""。08月26日 16:23分。恒大城-32.33.34.35管家小舒(客户):""【44栋地库口维修封闭通知】。    各位业主，因44栋地库口需临时进行维修，将于8月27日上午09:00封闭，预计恢复时间9月2日（下周一）。维修期间进出口都受影响，请各位业主绕行至其他入口进出。维修完成后会通知大家，给您带来不便，敬请谅解[抱拳]""。恒大城-32.33.34.35管家小舒(客户):""[图片]""。未来可期(客户):""[表情]""。08月26日 16:34分。文强 Evqi(客户):""「未来可期：运动中心柏油路股起，希望管家还提提意见搞下平，外面来的亲戚朋友，来看房的走了第一印象就不好，想不通六期这么多车主没一个站出来说下的[捂脸]@恒大城-管家-小舒?」。- - - - - - - - - - - - - - -。如果没有空气悬挂，电池包都要顶报废""。文强 Evqi(客户):""真想象不到我空气悬挂会用在这里""。08月26日 17:07分。未来可期(客户):""@文强 Evqi?跟物业取得联系""。08月26日 18:15分。恒大城???? 秩序部 三期监控室(客户):""重要警示：。    8月23日晚10时，江苏省宿迁市一电动自行车店起火，虽然仅半小时明火就得到控制，但仍造成6人死亡（尤为痛心的是，遇难者中4人系未成年人）。此前，2024年2月23日4时许，江苏南京市雨花台区一小区发生电动自行车火灾，造成15人死亡，44人受伤。今年4月27日，我县一小区也发生了电动自行车火灾亡人事件。在此警示，电动自行车起火，燃烧迅速并会在短时间造成大量有害气体，因灾致死率极高！因此，为了大家的生命财产安全，恳请各位业主对自己负责，也对左右邻里负责，严禁将电动自行车违规入楼、违规充电！也请各位监督，一发现有电动车上楼进单元的，请及时联系物业24小时电话:85130408，物业会第一时间上户整治，保障大家居住安全。""。08月26日 20:05分。恒大城???? 秩序部 三期监控室(客户):""? 2024.8.26日? 。【秩序维护部】 。1.夜班值班时间段：20：00—08：00。2.夜班值班队长:徐霖。3.物业24小时服务电话：0791-85957719/85130408。? 【物业小贴士】?。1、园区道路是大家的，请将爱车停至车位或车库，勿占行车主干道。。2、予人方便，予己方便，整齐有序，文明停车。。3、随身携带门禁卡，刷卡进出，提高安全防止偷盗。。4、请随手关大堂门，轻拉轻推，勿用力拉扯。。5、非机动车请勿进大堂、楼道内充电。。6、请勿让爱宠随地大小便，做文明养宠人。""。&&&","[
    {
        ""业主情感强度"": {
            ""文强 Evqi"": ""一般负面"",
            ""未来可期"": ""一般负面""
        },
        ""事件讨论开始时间"": ""08月26日 15:54分"",
        ""事件讨论结束时间"": ""08月26日 17:07分"",
        ""事件详情"": ""运动中心柏油路股起，影响小区形象和居民体验。业主未来可期首先提出该问题，表达了对小区物业管理的不满，希望物业能提出解决方案。随后，文强 Evqi 表示了自己的车辆因为路面问题受损，对物业的不满情绪强烈。"",
        ""话题倾向"": """"
    },
]"
群聊负向,"这是要分析的对话:&&&08月26日 09:02分。恒大社区居委会8731213(客户):""[视频号消息]""。08月26日 10:16分。恒大社区居委会8731213(客户):""活动通知：恒大社区将于本周三8月28日下午3：00开展社区文明宣传和清扫活动，请需要参与暑假社会实践活动的学生扫下方的腾讯问卷报名参与。。集合地点：恒大社区居委会办公室（恒大城1期1栋内铺）。集合时间：8月28日下午2：50。备注：目前我们发的志愿活动主要是针对学校有要求学生参加暑假社会实践活动要盖章的或者是学校有要求做I志愿的学生，一般是中学生或者大学生，因每次活动人数有限，请没有这方面要求的学生家长暂时不要报名，谢谢！。温馨提示：。1.最近天气多变，请自备雨具遮阳防雨，注意安全。。2.请有需要拍照交学校的同学，自行带手机拍照哈。3.本次活动为24年暑期学生社会实践活动的最后一次活动，后续将不再开展，请有需要的学生积极参与。""。恒大社区居委会8731213(客户):""[图片]""。08月26日 17:26分。杨杨得意(客户):""[图片]""。杨杨得意(客户):""[图片]""。杨杨得意(客户):""能不能停好一点，每次压线到我车位""。韶关恒大城-管家张世辉(员工):""@杨杨得意，您好，我这边温馨提醒一下""。杨杨得意(客户):""这台车二次了""。韶关恒大城-管家张世辉(员工):""好的，我提醒一下""。08月26日 17:38分。韶关恒大城-管家张世辉(员工):""@杨杨得意已提醒""。杨杨得意(客户):""@韶关恒大城-管家张世辉?[抱拳]""。08月26日 17:44分。韶关恒大城-管家张世辉(员工):""@所有人 关于八月园区消杀通知。尊敬的业…………""。08月26日 19:07分。韶关恒大城B区监控员(客户):""2024-8-26。【秩序维护部】。1、值班时间段:【19:00-7:00】。2、值班中队长:  李佰全。联系电话：18933707875。【温馨提示】。请各位业主知悉，如需要帮助或遇紧急情况，请电话联系值班室或值班中队长。。物业24小时值班电话：0751-8706100。0751-8706228""。&&&","[
    {
        ""业主情感强度"": {
            ""杨杨得意"": ""强烈负面""
        },
        ""事件讨论开始时间"": ""08月26日 17:26分"",
        ""事件讨论结束时间"": ""08月26日 17:38分"",
        ""事件详情"": ""业主杨杨得意反映其车位被其他车辆压线的问题，且表示该问题发生了两次，表达了对物业管理的不满。"",
        ""话题倾向"": """"
    }
]"
群聊负向,"这是要分析的对话:&&&08月26日 08:57分。诺米芸(客户):""[视频]""。诺米芸(客户):""37栋2701号走廊不知谁踩到那么脏""。韶关恒大城B区监控员(客户):""@诺米芸?您好，这边通知保洁清理""。恒大社区居委会8731213(客户):""[视频号消息]""。08月26日 09:44分。韶关恒大城-管家-杨洪财(员工):""?【禁止高空抛物温馨提示】。? 生命安全…………""。予沛(客户):""昨天下午刚晾上的衣服，结果楼上往下倒水""。08月26日 10:05分。桃13794657373(客户):""39-401三房两厅两卫两阳台诚意出售，有意者私聊[太阳]""。08月26日 10:15分。恒大社区居委会8731213(客户):""[图片]""。恒大社区居委会8731213(客户):""活动通知：恒大社区将于本周三8月28日下午3：00开展社区文明宣传和清扫活动，请需要参与暑假社会实践活动的学生扫下方的腾讯问卷报名参与。。集合地点：恒大社区居委会办公室（恒大城1期1栋内铺）。集合时间：8月28日下午2：50。备注：目前我们发的志愿活动主要是针对学校有要求学生参加暑假社会实践活动要盖章的或者是学校有要求做I志愿的学生，一般是中学生或者大学生，因每次活动人数有限，请没有这方面要求的学生家长暂时不要报名，谢谢！。温馨提示：。1.最近天气多变，请自备雨具遮阳防雨，注意安全。。2.请有需要拍照交学校的同学，自行带手机拍照哈。3.本次活动为24年暑期学生社会实践活动的最后一次活动，后续将不再开展，请有需要的学生积极参与。""。08月26日 17:11分。韶关恒大城-管家-杨洪财(员工):""@所有人关于八月园区消杀通知。尊敬的业户…………""。08月26日 19:07分。韶关恒大城B区监控员(客户):""2024-8-26。【秩序维护部】。1、值班时间段:【19:00-7:00】。2、值班中队长:  李佰全。联系电话：18933707875。【温馨提示】。请各位业主知悉，如需要帮助或遇紧急情况，请电话联系值班室或值班中队长。。物业24小时值班电话：0751-8706100。0751-8706228""。&&&","[
{
        ""业主情感强度"": {
          ""诺米芸""：""一般负面""
        },
        ""事件讨论开始时间"": ""08月26日  08:57"",
        ""事件讨论结束时间"": ""08月26日  08:57"",
        ""事件详情"": ""诺米芸对楼道被踩得很脏表示不满"",
        ""话题倾向"": """"
    }
    {
        ""业主情感强度"": {
            ""予沛"": ""一般负面""
        },
        ""事件讨论开始时间"": ""08月26日 09:44分"",
        ""事件讨论结束时间"": ""08月26日 09:44分"",
        ""事件详情"": ""予沛业主投诉称，昨天下午刚晾上的衣服，结果楼上往下倒水，此事件发生在恒大城小区内，具体地点未明确指出。从予沛的语气中可以看出，该业主对于楼上的行为表示不满和抱怨。"",
        ""话题倾向"": """"
    }
]"
群聊负向,"这是要分析的对话:&&&08月26日 08:34分。恒大城–管家–丹丹(员工):""【休息知会】。各位亲爱的业主朋友:。  …………""。08月26日 08:48分。 丽芳??(客户):""楼上的没甩水的东西不要往外面放，下面晾了被子""。08月26日 08:59分。 丽芳??(客户):""真的是 这种楼住的头痛""。08月26日 09:10分。恒大城???? 秩序部 三期监控室(客户):""“客服”给你打来电话，说你网购商品出现问题！可以给你申请退款，还给你发来陌生链接！让你注册账号填写信息，再说因“操作失误”导致账户被冻结，让你转账解冻后才能退款？南昌反诈提醒您：退换货请认准官方平台，陌生链接不要点击，不要透露个人信息。敬请各位领导同事转发反诈视频及反诈日历。[抱拳][抱拳][抱拳]""。恒大城???? 秩序部 三期监控室(客户):""[视频号消息]""。恒大城???? 秩序部 三期监控室(客户):""[图片]""。08月26日 11:45分。恒大城–管家–丹丹(员工):""【关于四害消杀的温馨提示】。      …………""。恒大城–管家–丹丹(员工):""[图片]""。08月26日 18:19分。恒大城???? 秩序部 三期监控室(客户):""重要警示：。    8月23日晚10时，江苏省宿迁市一电动自行车店起火，虽然仅半小时明火就得到控制，但仍造成6人死亡（尤为痛心的是，遇难者中4人系未成年人）。此前，2024年2月23日4时许，江苏南京市雨花台区一小区发生电动自行车火灾，造成15人死亡，44人受伤。今年4月27日，我县一小区也发生了电动自行车火灾亡人事件。在此警示，电动自行车起火，燃烧迅速并会在短时间造成大量有害气体，因灾致死率极高！因此，为了大家的生命财产安全，恳请各位业主对自己负责，也对左右邻里负责，严禁将电动自行车违规入楼、违规充电！也请各位监督，一发现有电动车上楼进单元的，请及时联系物业24小时电话:85130408，物业会第一时间上户整治，保障大家居住安全。""。08月26日 20:02分。恒大城???? 秩序部 三期监控室(客户):""? 2024.8.26日? 。【秩序维护部】 。1.夜班值班时间段：20：00—08：00。2.夜班值班队长:徐霖。3.物业24小时服务电话：0791-85957719/85130408。? 【物业小贴士】?。1、园区道路是大家的，请将爱车停至车位或车库，勿占行车主干道。。2、予人方便，予己方便，整齐有序，文明停车。。3、随身携带门禁卡，刷卡进出，提高安全防止偷盗。。4、请随手关大堂门，轻拉轻推，勿用力拉扯。。5、非机动车请勿进大堂、楼道内充电。。6、请勿让爱宠随地大小便，做文明养宠人。""。08月26日 22:27分。Ohh.(客户):""[视频]""。Ohh.(客户):""[视频]""。08月26日 22:55分。fanyan(客户):""我家楼上也一阵一阵的灯响身，感觉再不听跳动""。fanyan(客户):""还好我已经习惯了，睡眠质量也好，要不然也要发躁，时不时的震动[裂开]""。08月26日 23:33分。R(客户):""@Ohh.?走路震动的就是这声音""。Ohh.(客户):""嗯，习惯就好了[偷笑]""。R(客户):""后面铃铛晃动的声音晚上睡觉听了好烦躁的""。R(客户):""那就是这个灯了""。&&&","[
 {
        ""业主情感强度"": {
            ""丽芳"": ""强烈负面""
        },
        ""事件讨论开始时间"": ""08月26日 08:48分"",
        ""事件讨论结束时间"": ""08月26日 08:59分"",
        ""事件详情"": ""业主丽芳投诉楼上的邻居经常将未甩干的水的东西放在外面，导致下面晾晒的被子被弄湿，并表示这种楼住的头痛。"",
        ""话题倾向"": """"
    }
    {
        ""业主情感强度"": {
            ""R"": ""强烈负面"",
            ""fanyan"": ""一般负面"",
           
        },
        ""事件讨论开始时间"": ""08月26日 22:27分"",
        ""事件讨论结束时间"": ""08月26日 23:33分"",
        ""事件详情"": ""业主fanyan和R也反映了楼上的噪音问题，包括灯响和铃铛晃动的声音，表示这很烦躁，影响睡眠。"",
        ""话题倾向"": """"
    }
]"
群聊负向,"这是要分析的对话:&&&08月26日 06:07分。心情尚好15367485711(客户):""[图片]""。心情尚好15367485711(客户):""??长沙恒大雅苑。?2024年8??26日  星期一。?天气: 晴  气温：28－37℃。1、1、广西一景区“飞天魔毯”项目故障致1死60伤 景区提出“买断”赔偿方案；。2、浙江绍兴一医院眼科套取医保资金2000万，手术医生庭审坚称无罪引争议；。3、郑州：相关企业限期撤除全市小区电梯里的“上门按摩”广告；。4、今年三伏，全国平均气温达到23.24℃，为史上最热；。5、日本核污染水排海一年，8轮累计排放将达62500吨；微信搜：每日微语报。6、超80城支持国企等收购存量房：36城已启动征集，“去库存效果最直接”；。7、合肥女子李梅在长沙坐拥87套房，因涉罪被查封，正式被法院挂网待拍卖；。8、安徽发文鼓励探索垂钓实名制，官方回应：还未启动落实；。9、周鸿祎再回应“手表不当回答”：已惩罚产品经理接一个月客服电话；。10、三文鱼刺身隔夜返包销售 胖东来：奖励投诉者10万，补偿购买者1000元；。11、黎真主党宣布第一阶段对以袭击取得成功 发射320余枚火箭弹；。12、世卫组织表示，猴痘疫情存在扩散风险，各国防控措施有待加强；。13、防止播音员“讲真话”，日本广播协会开始预录中文新闻；。14、17名中国公民命丧韩国电池厂 火灾调查：因培训不足错失37秒逃生窗口；。15、美国顶尖纳米科学家打算来华工作，曾因与中国高校合作而被美政府判刑；""。心情尚好15367485711(客户):""???♂【防溺水??安全温馨提示】。??亲爱的业主家人们：大家好??。?天气渐热，为了孩子们??的安全，请提高安全防范意识?，时刻监督和管理??好孩子，加强对孩子的防溺水??安全教育，禁止??孩子私自到小溪、水库、江边玩水、捕鱼、捉虾、游泳等。 。??安全无小事 时刻要警惕??。请家长??加强对孩子防溺水的监管力度，提高孩子??防溺水的自觉性?。同时物业工作人员??也会加大对园区的巡逻。为孩子的生命安全构筑坚实的防线??。??如需帮助请拨24小时服务热线。二期?:0731-85066275。一期?:0731-85520610。#长沙恒大雅苑物业服务中心""。08月26日 08:34分。长沙恒大雅苑63-67栋管家(员工):""【??欢乐泼水节·完美收官】。活动完美收…………""。长沙恒大雅苑63-67栋管家(员工):""[文件超过最大限制]""。08月26日 09:01分。otis陈献文18522972841(客户):""温馨提示：。亲爱的业主家人们，8月26日 （今天）将对64栋电梯进行例行保养，保养采取两台电梯轮流停梯作业的方式，无特殊情况，每台电梯保养时间大概为1小时左右，请各位家人提前做好出行准备哦，给您造成不便敬请谅解。保养时间如下：。64栋2号梯：11:10-12:10。64栋1号梯：14:00-15:00""。08月26日 09:06分。彪(客户):""【?? 秩序服务?巡逻篇】。我们是白班园区秩序的守护者??。每天园区全覆盖巡视??。希望用我们的行动??。为您营造舒适的居家环境??。如需帮助请拨打24小时服务热线。?:0731一82231519。值班中队长。?:17700582090（二期）。??我们竭诚为您服务??""。彪(客户):""[视频]""。08月26日 09:12分。长沙恒大雅苑63-67栋管家(员工):""关于开展小区四害消杀的通知。    尊敬…………""。长沙恒大雅苑63-67栋管家(员工):""[图片]""。08月26日 10:00分。彪(客户):""???♂?【电动车秩序维护篇】。尊敬的业主家人??们：。 大家好！本栋电动车违停大堂前已整改，为了维护小区电动车的停车秩序，确保大家的出行安全与便利，请您将电动车停放到划线区域内。让我们一起共同遵守，营造整齐有序的环境，感谢您的配合[握手]。如需帮助请拨打24小时服务热线?:0731-82231519""。彪(客户):""[图片]""。08月26日 11:20分。子鱼(客户):""【??遛狗不随便，随手清狗便??】。     。      ??最近存在严重的不文明养犬的现象，绿化带、草坪的狗便??比比皆是，给其他美邻的生活带来了很大的困扰。。      宠物是人类的朋友，为生活增添不少乐趣??，享受权利的同时还请履行义务哦[抱拳]，为了给小区营造一个整洁和谐的环境??，物业中心倡议各位饲养宠物的业主，请您随身携带废纸或垃圾袋，以便随时清理“排泄物”。    ??优美的居住环境需要大家的共同创造和维护，请从文明养狗开始。??""。子鱼(客户):""[文件超过最大限制]""。08月26日 11:32分。雨后??(客户):""确实要好好管管。后面的草坪现在都下不了脚了，臭气熏天""。08月26日 11:43分。长沙恒大雅苑63-67栋管家(员工):""【??物业工作周报】  。尊敬的业主/住…………""。长沙恒大雅苑63-67栋管家(员工):""[图片]""。08月26日 16:51分。玲(客户):""[图片]""。玲(客户):""@长沙恒大雅苑63-67栋管家?有人占了车位，麻烦通知移车""。长沙恒大雅苑63-67栋管家(员工):""@二期中队长   麻烦通知挪车、""。玲(客户):""@长沙恒大雅苑63-67栋管家?64栋负一楼1088号车位""。长沙恒大雅苑63-67栋管家(员工):""收到 亲 ""。08月26日 16:57分。玲(客户):""@长沙恒大雅苑63-67栋管家?已经解决了。""。08月26日 17:40分。长沙恒大雅苑63-67栋管家(员工):""[图片]""。长沙恒大雅苑63-67栋管家(员工):""关于小区内防范蛇类动物的温馨提示。各位业…………""。08月26日 19:14分。彪(客户):""【?? 秩序服务?巡逻篇】。我们是白班园区秩序的守护者??。每天园区全覆盖巡视??。希望用我们的行动??。为您营造舒适的居家环境??。如需帮助请拨打24小时服务热线。?:0731一82231519。值班中队长。?:17700582090（二期）。??我们竭诚为您服务??""。彪(客户):""[视频]""。08月26日 19:54分。小牛牛(客户):""8月26日园林工作日常""。小牛牛(客户):""[图片]""。08月26日 20:01分。Vampiae(客户):""业主您好??。我是夜班秩序班长（周游：17700582090），也是你的夜间安全守护者??，也许您从来没有见过我，因为我值守在您熟睡的每个晚上。夜间??我们会跟踪可疑人员、巡查车库、巡查园区、巡查楼层。。??清晨06:00我们还会查看每个电梯，确保您上班时电梯正常运行。。??如需帮助请及时拨打24小时服务电话85066275，我会出现在你需要的每个时刻???♂????♂????♂?。祝?您好梦！一醒来又是美美哒的一天哦??????""。08月26日 20:51分。Vampiae(客户):""业主您好??。我是夜班秩序班长（周游：17700582090），也是你的夜间安全守护者??，也许您从来没有见过我，因为我值守在您熟睡的每个晚上。夜间??我们会跟踪可疑人员、巡查车库、巡查园区、巡查楼层。。??清晨06:00我们还会查看每个电梯，确保您上班时电梯正常运行。。??如需帮助请及时拨打24小时服务电话85066275，我会出现在你需要的每个时刻???♂????♂????♂?。祝?您好梦！一醒来又是美美哒的一天哦??????""。Vampiae(客户):""[视频]""。08月27日 03:50分。yh(客户):""【?? 秩序服务?巡逻篇】。我们是晚班园区秩序的守护者??。每天园区全覆盖巡视??。希望用我们的行动??。为您营造舒适的居家环境??。如需帮助请拨打24小时服务热线。?:0731一82231519。值班中队长。?:17700582090（二期）。??我们竭诚为您服务??""。yh(客户):""[图片]""。&&&","[
    {
        ""业主情感强度"": {
            
            ""雨后??"": ""一般负面""
        },
        ""事件讨论开始时间"": ""08月26日 11:20分"",
        ""事件讨论结束时间"": ""08月26日 11:32分"",
        ""事件详情"": ""在小区内存在严重的不文明养犬现象，绿化带、草坪上狗粪随处可见，给其他业主的生活带来了困扰。业主子鱼和雨后??对此表达了不满。"",
        ""话题倾向"": """"
    },
]"
群聊负向,"这是要分析的对话:&&&08月27日 07:27分。?(客户):""[图片]""。?(客户):""大家都是邻居，这样做事真的好吗""。?(客户):""你弄倒了，麻烦你自己扶起来""。?(客户):""这样做不显得难堪吗""。?(客户):""你们这物业就天天叫人交费,""。?(客户):""就是欠了一个月都要交""。?(客户):""这个事情就没人管吗？ ·· ""。?(客户):""这个年头，头盔都有人拿吗""。?(客户):""是穷到什么地步了""。08月27日 07:34分。恒大城???? 秩序部 三期监控室(客户):""还是尽量带回家去好一点。虽然不怎么值钱，但也是天天要用的东西。""。08月27日 07:47分。?(客户):""有摄像头吗""。?(客户):""可以帮我调一下画面吗@恒大城???? 秩序部 三期监控室?""。?(客户):""正对小区门口的""。恒大城???? 秩序部 三期监控室(客户):""停在单元门口吗？""。?(客户):""对""。?(客户):""那颗树底下""。08月27日 07:53分。恒大城???? 秩序部 三期监控室(客户):""那只能看大堂的能不能看到""。?(客户):""外面没有摄像头吗""。恒大城???? 秩序部 三期监控室(客户):""[图片]""。恒大城???? 秩序部 三期监控室(客户):""这个能不能看到你的电动车？""。08月27日 08:01分。?(客户):""[图片]""。?(客户):""这个位置""。?(客户):""我停在""。恒大城???? 秩序部 三期监控室(客户):""那辆倒掉的车是你的吗？""。?(客户):""不是""。?(客户):""我停在他的旁边""。?(客户):""昨天晚上10多停的""。恒大城???? 秩序部 三期监控室(客户):""好的，我看一下""。08月27日 08:08分。?(客户):""好的，辛苦了[抱拳]""。08月27日 09:29分。恒大城???? 秩序部 三期监控室(客户):""??认真工作，全心守护。夜间巡查，日复一日。仅8月1日到8月27日，就发现51辆电动车没有拔钥匙没有关电源[炸弹][炸弹]。?????请各位业主注意防火防盗，拔钥匙关电源，避免不必要的损失[拳头][拳头]。??恒大物业—南昌恒大城。??愿我百分努力，换您十分满意""。恒大城???? 秩序部 三期监控室(客户):""[图片]""。?(客户):""查到了吗@恒大城???? 秩序部 三期监控室?""。08月27日 09:43分。恒大城???? 秩序部 三期监控室(客户):""@??我加你微信，我""。08月27日 09:48分。恒大城???? 秩序部 三期监控室(客户):""从画面上看，你那个电动车不是别人推倒的，他是把你的车子从原来的位置移出来，然后想给你打战脚，没有打住，然后慢慢的扶的躺在地上，车子没有摔，""。恒大城???? 秩序部 三期监控室(客户):""还需要查是哪一个人吗？""。08月27日 10:17分。?(客户):""??""。08月27日 11:20分。物业生活服务部(客户):""??初秋每天必吃一个石榴。  —会理软籽突尼斯石榴??。      ??产地到货，销售中??。 礼盒装39.9元 净重5斤±0.2两。    详情扫码图片二维码咨询。            或咨询楼栋管家。   或电话咨询:18126299685""。08月27日 11:32分。物业生活服务部(客户):""[图片]""。08月27日 11:44分。jxj娟娟(客户):""[图片]""。jxj娟娟(客户):""这个入口不能下去吗""。沁(客户):""[庆祝]【免费钳工培训/岗位推荐】无经验也可报名！。为积极促进南昌县（小蓝经开区）就业人员就业分流，保障本地企业转型升级所需的技术型人才储备，南昌县（小蓝经开区）就业之家携手本地多家企业，共同推进钳工技术岗位培训！。。无经验小白、有经验但无钳工证的人员、有经验有钳工证但想提升技术的人员，符合条件的可报名，优秀学员就近推荐工作！。。报名条件：40岁以内，拥有高中及以上学历。扫描下方二维码报名↓ 报名截止8月29日，机会难得，名额有限！""。沁(客户):""[图片]""。08月27日 12:11分。恒大城???? 秩序部 三期监控室(客户):""骗子冒充社交软件客服，说你“百万保障”即将到期，不取消每月要扣2000元？给你制造恐慌骗你上钩！打着“教你操作”的幌子，诱导你下载涉诈APP，窥探你的银行卡信息，伺机转走你的钱财。听到“百万保障”到期扣款，一定是诈骗！无论是哪个平台“百万保障”全部免费。敬请各位领导同事转发反诈视频及反诈日历。[抱拳][抱拳][抱拳]""。恒大城???? 秩序部 三期监控室(客户):""[视频号消息]""。恒大城???? 秩序部 三期监控室(客户):""[图片]""。08月27日 13:22分。恒大城???? 秩序部 三期监控室(客户):""[图片]""。恒大城???? 秩序部 三期监控室(客户):""[图片]""。恒大城???? 秩序部 三期监控室(客户):""[图片]""。08月27日 15:11分。恒大城???? 秩序部 三期监控室(客户):""在打雷起风，有可能要下雨，请关注，晒衣服的要注意""。恒大城???? 秩序部 三期监控室(客户):""在打雷起风，有可能要下雨，请关注，晒衣服的要注意""。恒大城???? 秩序部 三期监控室(客户):""在打雷起风，有可能要下雨，请关注，晒衣服的要注意""。08月27日 17:04分。恒大城-管家小傅(员工):""【44栋地库口维修封闭通知】。    各…………""。恒大城-管家小傅(员工):""[图片]""。08月27日 19:42分。廖乐丰13507985182(客户):""各位朋友！麻烦有谁知道我们小区哪有做洗衣池的，告知一下，要物美价廉的最好，谢谢啦[抱拳]""。廖乐丰13507985182(客户):""各位朋友！麻烦有谁知道我们小区哪有做洗衣池的，告知一下，要物美价廉的最好，谢谢啦[抱拳]""。廖乐丰13507985182(客户):""各位朋友！麻烦有谁知道我们小区哪有做洗衣池的，告知一下，要物美价廉的最好，谢谢啦[抱拳]""。?柠檬草╭(╯ε╰)╮味道(客户):""[名片]""。?柠檬草╭(╯ε╰)╮味道(客户):""她家做""。?柠檬草╭(╯ε╰)╮味道(客户):""@廖乐丰13507985182?""。廖乐丰13507985182(客户):""@?柠檬草╭(╯ε╰)╮味道?好的谢谢[抱拳][抱拳]""。08月27日 20:00分。恒大城???? 秩序部 三期监控室(客户):""? 2024.8.27日? 。【秩序维护部】 。1.夜班值班时间段：20：00—08：00。2.夜班值班队长:徐霖。3.物业24小时服务电话：0791-85957719/85130408。? 【物业小贴士】?。1、园区道路是大家的，请将爱车停至车位或车库，勿占行车主干道。。2、予人方便，予己方便，整齐有序，文明停车。。3、随身携带门禁卡，刷卡进出，提高安全防止偷盗。。4、请随手关大堂门，轻拉轻推，勿用力拉扯。。5、非机动车请勿进大堂、楼道内充电。。6、请勿让爱宠随地大小便，做文明养宠人。""。恒大城???? 秩序部 三期监控室(客户):""? 2024.8.27日? 。【秩序维护部】 。1.夜班值班时间段：20：00—08：00。2.夜班值班队长:徐霖。3.物业24小时服务电话：0791-85957719/85130408。? 【物业小贴士】?。1、园区道路是大家的，请将爱车停至车位或车库，勿占行车主干道。。2、予人方便，予己方便，整齐有序，文明停车。。3、随身携带门禁卡，刷卡进出，提高安全防止偷盗。。4、请随手关大堂门，轻拉轻推，勿用力拉扯。。5、非机动车请勿进大堂、楼道内充电。。6、请勿让爱宠随地大小便，做文明养宠人。""。08月27日 20:12分。zz(客户):""你家门没锁好像 @千里快哉风?""。08月27日 20:19分。恒大城-管家小傅(员工):""这是一条引用/回复消息：。""zz。你家门…………""。恒大城-管家小傅(员工):""@zz谢谢提醒[玫瑰][玫瑰][玫瑰]""。08月27日 20:28分。恒大城-管家小傅(员工):""@zz租出去了[捂脸]我问一下业主哈[微…………""。08月27日 21:47分。千里快哉风(客户):""@zz?刚看到，谢谢提醒！是有个租客看房，不过应该还没住进去，我再问下""。08月27日 21:54分。恒大城-管家小傅(员工):""这是一条引用/回复消息：。""千里快哉风。…………""。08月27日 23:30分。徐艳艳(客户):""[图片]""。徐艳艳(客户):""@恒大城???? 秩序部 三期监控室?这里麻烦设几块禁止停车的，，拐弯都无法拐""。恒大城???? 秩序部 三期监控室(客户):""收到，会尽快反馈上去""。徐艳艳(客户):""很多次了""。徐艳艳(客户):""好多车停两个车位，有的车无车位的地方还要停[尴尬]""。&&&","[
    {
        ""业主情感强度"": {
            ""?"": ""一般负面""
        },
        ""事件讨论开始时间"": ""08月27日 07:27"",
        ""事件讨论结束时间"": ""08月27日 10:17"",
        ""事件详情"": ""?客户反映电动车被移位并倒地，请求物业查看监控并处理。监控显示非人为推倒，客户未要求进一步追查。"",
        ""话题倾向"": """"
    },    {
        ""业主情感强度"": {
            ""徐艳艳"": ""一般负面""
        },
        ""事件讨论开始时间"": ""08月27日 23:30"",
        ""事件讨论结束时间"": ""08月27日 23:30"",
        ""事件详情"": ""业主徐艳艳对于小区内车辆停放问题表达了不满。徐艳艳指出小区内许多车辆停放在禁止停车的区域，甚至有的车辆占据两个车位，给其他业主带来不便。"",
        ""话题倾向"": """"
    }
]"
群聊负向,"这是要分析的对话:&&&08月27日 11:34分。源华15970850122谢(客户):""我们恒大城五期的街道办在哪里？""。源华15970850122谢(客户):""谢谢""。源华15970850122谢(客户):""有哪个老师知道的告诉一下。""。韶关恒大城-管家-杨洪财(员工):""0751-8731213居委电话。办公时…………""。韶关恒大城-管家-杨洪财(员工):""@源华15970850122谢一期一栋一…………""。源华15970850122谢(客户):""[表情]""。08月27日 12:23分。?(?òωó?)?无名小卒(客户):""@韶关恒大城-管家-杨洪财?74 栋地下一层侧门，垃圾四天了，还在那里""。?(?òωó?)?无名小卒(客户):""说明你们起码四天没有搞卫生""。?(?òωó?)?无名小卒(客户):""@（休假中）韶关恒大城-管家-彭小芸?""。韶关恒大城-管家-杨洪财(员工):""收到，这边反馈保洁领班[握手]""。08月27日 19:19分。韶关恒大城B区监控员(客户):""2024-8-27。【秩序维护部】。1、值班时间段:【19:00-7:00】。2、值班中队长:  李佰全。联系电话：18933707875。【温馨提示】。请各位业主知悉，如需要帮助或遇紧急情况，请电话联系值班室或值班中队长。。物业24小时值班电话：0751-8706100。0751-8706228""。08月27日 22:52分。A陈宇  15011859332(客户):""@74-2802""。A陈宇  15011859332(客户):""@74-2902""。A陈宇  15011859332(客户):""或者更高楼层的""。A陈宇  15011859332(客户):""你们好""。A陈宇  15011859332(客户):""我是74-2702房的""。A陈宇  15011859332(客户):""你们上面不知哪位家，淋花还是什么情况，我阳台都淋到水了""。A陈宇  15011859332(客户):""@韶关恒大城B区监控员?你好，帮忙联系沟通下是什么情况，护栏上晾的东西都淋湿了""。A陈宇  15011859332(客户):""@韶关恒大城-管家-杨洪财?""。08月27日 22:59分。韶关恒大城B区监控员(客户):""你好  收到   这边转管家跟您家楼上联系沟通""。&&&","[
    {
        ""业主情感强度"": {
            ""?(?òωó?)?无名小卒"": ""强烈负面""
        },
        ""事件讨论开始时间"": ""08月27日 12:23分"",
        ""事件讨论结束时间"": ""08月27日 12:23分"",
        ""事件详情"": ""74栋地下一层侧门垃圾长时间未清理，业主?(?òωó?)?无名小卒表达了对物业卫生工作不满，指出垃圾四天未清理，质疑物业的卫生管理。"",
        ""话题倾向"": """"
    },
    {
        ""业主情感强度"": {
            ""A陈宇"": ""一般负面""
        },
        ""事件讨论开始时间"": ""08月27日 22:52分"",
        ""事件讨论结束时间"": ""08月27日 22:59分"",
        ""事件详情"": ""业主A陈宇住在74-2702房，其阳台被楼上邻居淋湿，造成不便。A陈宇对此表示不满，并请求物业帮忙沟通解决。"",
        ""话题倾向"": """"
    }
]"
群聊负向,"这是要分析的对话:&&&08月27日 08:43分。恒大文旅城-九组团管家-石娇(员工):""?????????家人们，早上好~。今天…………""。08月27日 08:57分。譚譚(客户):""[视频]""。譚譚(客户):""@石娇?是怎么的嘛，我没有欠你们物业费停车费，车子在停车场被挂你们不管就算了，楼层也已经几天没有打扫，你们是不是真的觉得好忽悠""。譚譚(客户):""@石娇?""。恒大文旅城-九组团管家-石娇(员工):""这是一条引用/回复消息：。""譚譚。@石娇…………""。厶爷(客户):""@譚譚?这边马上通知保洁阿姨去打扫""。08月27日 14:18分。刘梅(客户):""家人们，保洁今日已对园区、车库垃圾桶进行清洗消毒，品质提升我们一直在努力中[握手][握手][握手][咖啡][咖啡]""。刘梅(客户):""[图片]""。刘梅(客户):""[图片]""。08月27日 20:23分。厶爷(客户):""各位业主：晚上好！[玫瑰]。8月 27日秩序部夜间执勤安排：。一、值班人员:钟祥灵。电话:13985455737。二、24小时值班电：0851-83862661。辖区派出所电话：0851-83851334。值班维修师傅：。杨丙云:13984310672带班时间：20:00-08:00。四、我们将12小时坚守岗位，如有需要请致电，我们将竭诚为您服务。夜间休息请关好门窗，做好安全防范，出入小区带好业主卡。。贵阳恒大文化旅游城物业服务中心祝您：。               生活愉快！""。08月27日 22:29分。杨丙云(客户):""各位业主大家晚上好，园区照明、设备房巡查，运行正常，保驾护航，物业维修部24小时在岗[加油][加油][加油]""。杨丙云(客户):""[图片]""。&&&","[
    {
        ""业主情感强度"": {
            ""譚譚"": ""强烈负面""
        },
        ""事件讨论开始时间"": ""08月27日 08:57分"",
        ""事件讨论结束时间"": ""08月27日 08:57分"",
        ""事件详情"": ""业主譚譚反映其车辆在停车场被挂，并且楼层已经几天没有打扫。此事件中，譚譚对物业的管理表达了不满。"",
        ""话题倾向"": """"
    }
]"
群聊负向,"这是要分析的对话:&&&08月27日 09:32分。恒大城???? 秩序部 三期监控室(客户):""??认真工作，全心守护。夜间巡查，日复一日。仅8月1日到8月27日，就发现51辆电动车没有拔钥匙没有关电源[炸弹][炸弹]。?????请各位业主注意防火防盗，拔钥匙关电源，避免不必要的损失[拳头][拳头]。??恒大物业—南昌恒大城。??愿我百分努力，换您十分满意""。恒大城???? 秩序部 三期监控室(客户):""[图片]""。08月27日 10:22分。鹿与她鹿与他(客户):""「物业生活服务部：。[庆祝]好物推荐[庆祝]。农夫山泉水9.9元一提。一提12瓶，550ML。出厂日期24年8月。购买4提  送货上门。扫码图片二维码微信咨询。或联系您的楼栋管家。或咨询：18126299685」。- - - - - - - - - - - - - - -。@物业生活服务部?送水不""。08月27日 10:31分。恒大城-管家-小冷(员工):""您好  瓶装水还是桶装水""。恒大城-管家-小冷(员工):""@鹿与她鹿与他""。鹿与她鹿与他(客户):""9.9一提，12瓶的农夫山泉水""。恒大城-管家-小冷(员工):""可以的  我叫他安排现在送过去""。恒大城-管家-小冷(员工):""三提哈""。08月27日 10:48分。鹿与她鹿与他(客户):""好""。08月27日 11:17分。物业生活服务部(客户):""??初秋每天必吃一个石榴。  —会理软籽突尼斯石榴??。      ??产地到货，销售中??。 礼盒装39.9元 净重5斤±0.2两。    详情扫码图片二维码咨询。            或咨询楼栋管家。   或电话咨询:18126299685""。08月27日 11:29分。焦糖布丁(客户):""[庆祝]【免费钳工培训/岗位推荐】无经验也可报名！。为积极促进南昌县（小蓝经开区）就业人员就业分流，保障本地企业转型升级所需的技术型人才储备，南昌县（小蓝经开区）就业之家携手本地多家企业，共同推进钳工技术岗位培训！。。无经验小白、有经验但无钳工证的人员、有经验有钳工证但想提升技术的人员，符合条件的可报名，优秀学员就近推荐工作！。。报名条件：40岁以内，拥有高中及以上学历。扫描下方二维码报名↓ 报名截止8月29日，机会难得，名额有限！""。焦糖布丁(客户):""[图片]""。物业生活服务部(客户):""[图片]""。08月27日 11:38分。黑人牙膏(客户):""@恒大城-管家-小冷?""。黑人牙膏(客户):""[视频]""。黑人牙膏(客户):""我这个楼上到底是哪家""。黑人牙膏(客户):""有病一样""。恒大城-管家-小冷(员工):""收到 我来问下邻居""。黑人牙膏(客户):""白天敲晚上跳""。黑人牙膏(客户):""视频都录不出现实的声音，巨大的声音""。zpw(客户):""早上都在吵哦[叹气]""。黑人牙膏(客户):""但凡小点声我都忍了""。黑人牙膏(客户):""震的我整个顶都在动""。08月27日 12:05分。恒大城-管家-小冷(员工):""【珍爱生命，谨防溺水！】。[拳头]暑期接…………""。恒大城-管家-小冷(员工):""[图片]""。恒大城???? 秩序部 三期监控室(客户):""[图片]""。恒大城???? 秩序部 三期监控室(客户):""骗子冒充社交软件客服，说你“百万保障”即将到期，不取消每月要扣2000元？给你制造恐慌骗你上钩！打着“教你操作”的幌子，诱导你下载涉诈APP，窥探你的银行卡信息，伺机转走你的钱财。听到“百万保障”到期扣款，一定是诈骗！无论是哪个平台“百万保障”全部免费。敬请各位领导同事转发反诈视频及反诈日历。[抱拳][抱拳][抱拳]""。恒大城???? 秩序部 三期监控室(客户):""[视频号消息]""。08月27日 13:23分。恒大城???? 秩序部 三期监控室(客户):""[图片]""。恒大城???? 秩序部 三期监控室(客户):""[图片]""。恒大城???? 秩序部 三期监控室(客户):""[图片]""。08月27日 15:11分。恒大城???? 秩序部 三期监控室(客户):""在打雷起风，有可能要下雨，请关注，晒衣服的要注意""。恒大城???? 秩序部 三期监控室(客户):""在打雷起风，有可能要下雨，请关注，晒衣服的要注意""。恒大城???? 秩序部 三期监控室(客户):""在打雷起风，有可能要下雨，请关注，晒衣服的要注意""。08月27日 20:05分。恒大城???? 秩序部 三期监控室(客户):""? 2024.8.27日? 。【秩序维护部】 。1.夜班值班时间段：20：00—08：00。2.夜班值班队长:徐霖。3.物业24小时服务电话：0791-85957719/85130408。? 【物业小贴士】?。1、园区道路是大家的，请将爱车停至车位或车库，勿占行车主干道。。2、予人方便，予己方便，整齐有序，文明停车。。3、随身携带门禁卡，刷卡进出，提高安全防止偷盗。。4、请随手关大堂门，轻拉轻推，勿用力拉扯。。5、非机动车请勿进大堂、楼道内充电。。6、请勿让爱宠随地大小便，做文明养宠人。""。08月27日 21:44分。蜡笔小新(客户):""[图片]""。蜡笔小新(客户):""谁家的衣服""。&&&","[
    {
        ""业主情感强度"": {
            ""zpw"": ""一般负面"",
            ""黑人牙膏"": ""强烈负面""
        },
        ""事件讨论开始时间"": ""08月27日 11:38分"",
        ""事件讨论结束时间"": ""08月27日 12:05分"",
        ""事件详情"": ""业主黑人牙膏和zpw投诉其楼上的噪音问题，称白天敲晚上跳，声音巨大，影响休息。其中黑人牙膏的情绪表现尤为强烈，表示震动导致整个屋顶都在动，已经无法忍受。"",
        ""话题倾向"": """"
    }
]"
群聊负向,"这是要分析的对话:&&&08月27日 06:52分。你的月亮我的心(客户):""温馨提示：。因遇降雨天气，金碧晨跑团临时取消一天，请各位家长和小朋友们不要跑空哦[玫瑰][玫瑰]""。08月27日 08:05分。A00(客户):""[会话记录消息]""。08月27日 08:32分。JN29岁月静好(客户):""。。各位家人们[爱心]早上好！。我是物业保洁领班刘翠兰，联系电话 18560197252。各位保洁叔叔阿姨已到岗。上班后第一时间清理积水。??倘若您发现任何环境方面的问题或者有宝贵的建议，随时与我联系，我定会全力以赴为您排忧解难！。??感谢各位家人一直以来的信赖与支持！ ?? ??""。JN29岁月静好(客户):""[图片]""。王帅(员工):""[玫瑰][玫瑰]早安  绿洲[玫瑰][玫…………""。王帅(员工):""[链接]""。08月27日 09:13分。王帅(员工):""┌─??桶装水活动来袭。??水长清纯天然…………""。王帅(员工):""[图片]""。08月27日 09:28分。雪儿(客户):""各位居民朋友:。       为保障济南市居民健康权益，逐步健全完善居民特殊疾病风险体系，区妇联与中国人寿保险股份有限公司济南分公司启动了“男性女性安康保障工程”面向18周岁至60周岁以下身体健康者推出团体安康保险，社区居民可根据个人情况自愿购买。。详情请咨询恒大三社区居委会。。地址:恒大22号楼内铺。。电话：87207026""。雪儿(客户):""[图片]""。雪儿(客户):""[链接]""。雪儿(客户):"" 各位居民:。       为提高社区火灾预警和防控能力，保障居民的居家安全。由政府联合联通公司为居民免费上门安装独立式烟感报警器。安装以后若家中有火灾隐患，可通过网络直接推送给业主本人及消防大队。目前先进行报名，后期会有联通公司工作人员与业主联系，上门进行安装。本期独立式烟感报警器数量80个，先报先得 ，报满为止。。              恒大绿洲第三社区。                   2024.8.22""。雪儿(客户):""3998元，妇女?找“客服”退回孩子充值的游戏款?被骗。。1095元，大学生??其同学微信号被盗，借钱??被骗。。。男青年[色][色]约炮[色][色]，妇女??兼职刷单??、????被“异性网友”诱导投资????诈骗高发！。转发提醒好家里的[拥抱]年轻人、妇女[拥抱]！。。【8月26日电诈警情通报】。【文昌街道、新城派出所】。1、汇侨城妇女，【找“客服”退孩子充值的游戏费】被骗3998元。。??手段：孩子充值游戏后，在网上[爆竹]搜索“客服”退费[爆竹]，对方让其扫码，称?已经设置好，钱不会被转走?。结果，还是转账成功。。。【大学城、大学路派出所】。2、齐鲁工业大学大三学生（专业待核实），【其同学微信号被盗，发来借钱信息】被骗1095元。。??手段：其同学[爆竹]微信号被盗[爆竹]，对方让其?帮忙把钱从微信倒腾到支付宝?。 。       该同学用支付宝给其转钱后，对方没有信守承诺，把钱用微信再转回来。""。雪儿(客户):""[小程序消息]""。08月27日 11:59分。A新房团购+二手房(客户):""[图片]""。A新房团购+二手房(客户):""这个地方坏了啥时候给修上啊！""。26.27.28管家(客户):""配件到货就修上姐""。A新房团购+二手房(客户):""嗯，""。A新房团购+二手房(客户):""坏了不方便了""。08月27日 12:05分。A新房团购+二手房(客户):""等修上希望咱楼上的业主放车子时都注意点别再弄坏了[愉快]""。08月27日 15:49分。JN29岁月静好(客户):""。[拳头]环境提升持续进行中[拳头]。[太阳]今日专项楼宇步梯湿拖[太阳]恒大绿洲保洁团队为您服务[玫瑰]""。JN29岁月静好(客户):""[图片]""。08月27日 18:39分。A00(客户):""??物业秩序“小蜜蜂” ??。[庆祝]“小蜜蜂”来了！来了！[庆祝]。[太阳]有事，您说话[太阳]。[庆祝]车辆电瓶亏电启动不了！。[庆祝]家里有沉物品搬不动了！。[庆祝]买了好多东西拿不了！。联系电话：0531-55612606。秩序小“蜜蜂”竭诚为您服务！[耶][耶][耶]。[庆祝]我们的口号：。[庆祝]真心帮助每一位[庆祝]。[庆祝]热心服务每一人[庆祝]。[庆祝]赠人玫瑰[玫瑰]，手有余香[庆祝]""。A00(客户):""[图片]""。08月27日 20:05分。你的月亮我的心(客户):""尊敬的业主，您好：。       为更好、更快的解决业主问题，现将各值班人员、联系电话及值班时间公示在群内，各位业主可直接电话联系或在群内@秩序110。1、日常家用维修工具(螺丝刀、活动扳手、小锤等);。2、小型购物车、平板车、人字梯、打气筒，应急医用品等。。为您爱家保驾护航，如果您有家政保洁、直饮水卡办理、白蚁消杀、有偿维修、房屋租赁的业务需求，随时与我们联系，为您提供专业的服务。。【秩序维护部】。[爱心]1.值班时间段：。????20:00－08:00????。[爱心]2.值班中队长-赵队电话：0531-55615881。[爱心]3.物业服务电话：0531-55615896、55615596。??4.监控室值班24小时电话：0531-55612606。3、【物业-安保服务“小蜜蜂”】。[抱拳]如您家中有需要帮助的请联系我们?。[爱心]24小时为各位家人守候。[合十]贴心服务、真诚相伴。如需便民服务车，请直接联系；。①55612606。②55612808。有事您说话，我们会在第一时间安排人员帮你处理[玫瑰][玫瑰]""。你的月亮我的心(客户):""[图片]""。08月27日 23:55分。你的月亮我的心(客户):""尊敬的业主大家好！我是夜间执勤赵队长，金碧物业安保服务8月27号巡查，时刻守护业主们的安全，请安心入睡，如有紧急情况请拨打0531-55612606""。你的月亮我的心(客户):""[图片]""。08月28日 02:57分。你的月亮我的心(客户):""尊敬的业主大家好！我是夜间执勤赵队长，金碧物业安保服务8月28号巡查，时刻守护业主们的安全，请安心入睡，如有紧急情况请拨打0531-55612606""。你的月亮我的心(客户):""[图片]""。&&&","{""事件提取"":null,""提取结果"":false}"
群聊负向,"这是要分析的对话:&&&08月27日 06:51分。你的月亮我的心(客户):""温馨提示：。因遇降雨天气，金碧晨跑团临时取消一天，请各位家长和小朋友们不要跑空哦[玫瑰][玫瑰]""。08月27日 08:08分。宁宁(客户):""保洁上班后第一时间清理积水，方便出行[玫瑰][玫瑰]""。宁宁(客户):""[图片]""。宁宁(客户):""[图片]""。宁宁(客户):""[图片]""。08月27日 09:07分。济南绿洲B10-B11-15号楼管家-冬雪(员工):""[玫瑰][玫瑰]早安  绿洲[玫瑰][玫…………""。济南绿洲B10-B11-15号楼管家-冬雪(员工):""[链接]""。济南绿洲B10-B11-15号楼管家-冬雪(员工):""┌─??桶装水活动来袭。??水长清纯天然…………""。济南绿洲B10-B11-15号楼管家-冬雪(员工):""[图片]""。08月27日 11:29分。顺其自然(客户):""3998元，妇女?找“客服”退回孩子充值的游戏款?被骗。。1095元，大学生??其同学微信号被盗，借钱??被骗。。。男青年[色][色]约炮[色][色]，妇女??兼职刷单??、????被“异性网友”诱导投资????诈骗高发！。转发提醒好家里的[拥抱]年轻人、妇女[拥抱]！。。【8月26日电诈警情通报】。【文昌街道、新城派出所】。1、汇侨城妇女，【找“客服”退孩子充值的游戏费】被骗3998元。。??手段：孩子充值游戏后，在网上[爆竹]搜索“客服”退费[爆竹]，对方让其扫码，称?已经设置好，钱不会被转走?。结果，还是转账成功。。。【大学城、大学路派出所】。2、齐鲁工业大学大三学生（专业待核实），【其同学微信号被盗，发来借钱信息】被骗1095元。。??手段：其同学[爆竹]微信号被盗[爆竹]，对方让其?帮忙把钱从微信倒腾到支付宝?。 。       该同学用支付宝给其转钱后，对方没有信守承诺，把钱用微信再转回来。""。宁宁(客户):""[图片]""。宁宁(客户):""雨后，保洁大姐把门前电动车，游乐广场，景观椅擦拭干净[玫瑰][玫瑰][玫瑰]""。宁宁(客户):""[图片]""。宁宁(客户):""[图片]""。08月27日 16:31分。宁宁(客户):""[拳头]环境提升持续进行中[拳头]。[太阳]今天园区大扫除[太阳]。恒大绿洲保洁团队为您服务[玫瑰]""。宁宁(客户):""[图片]""。08月27日 18:36分。A00(客户):""??物业秩序“小蜜蜂” ??。[庆祝]“小蜜蜂”来了！来了！[庆祝]。[太阳]有事，您说话[太阳]。[庆祝]车辆电瓶亏电启动不了！。[庆祝]家里有沉物品搬不动了！。[庆祝]买了好多东西拿不了！。联系电话：0531-55612606。秩序小“蜜蜂”竭诚为您服务！[耶][耶][耶]。[庆祝]我们的口号：。[庆祝]真心帮助每一位[庆祝]。[庆祝]热心服务每一人[庆祝]。[庆祝]赠人玫瑰[玫瑰]，手有余香[庆祝]""。A00(客户):""[图片]""。08月27日 18:46分。????董  小姐姐(客户):""10号楼一单元东电梯在7楼不动了@济南绿洲B10-B11-15号楼管家-冬雪?""。????董  小姐姐(客户):""「????董  小姐姐：10号楼一单元东电梯在7楼不动了@济南绿洲B10-B11-15号楼管家-冬雪?」。- - - - - - - - - - - - - - -。@@秩序110?拍查一下，下班的点""。A00(客户):""感谢反馈，将联系维修师傅尽快跟进处理一下。""。08月27日 20:04分。你的月亮我的心(客户):""尊敬的业主，您好：。       为更好、更快的解决业主问题，现将各值班人员、联系电话及值班时间公示在群内，各位业主可直接电话联系或在群内@秩序110。1、日常家用维修工具(螺丝刀、活动扳手、小锤等);。2、小型购物车、平板车、人字梯、打气筒，应急医用品等。。为您爱家保驾护航，如果您有家政保洁、直饮水卡办理、白蚁消杀、有偿维修、房屋租赁的业务需求，随时与我们联系，为您提供专业的服务。。【秩序维护部】。[爱心]1.值班时间段：。????20:00－08:00????。[爱心]2.值班中队长-赵队电话：0531-55615881。[爱心]3.物业服务电话：0531-55615896、55615596。??4.监控室值班24小时电话：0531-55612606。3、【物业-安保服务“小蜜蜂”】。[抱拳]如您家中有需要帮助的请联系我们?。[爱心]24小时为各位家人守候。[合十]贴心服务、真诚相伴。如需便民服务车，请直接联系；。①55612606。②55612808。有事您说话，我们会在第一时间安排人员帮你处理[玫瑰][玫瑰]""。你的月亮我的心(客户):""[图片]""。08月27日 23:55分。你的月亮我的心(客户):""尊敬的业主大家好！我是夜间执勤赵队长，金碧物业安保服务8月27号巡查，时刻守护业主们的安全，请安心入睡，如有紧急情况请拨打0531-55612606""。你的月亮我的心(客户):""[图片]""。08月28日 02:57分。你的月亮我的心(客户):""尊敬的业主大家好！我是夜间执勤赵队长，金碧物业安保服务8月28号巡查，时刻守护业主们的安全，请安心入睡，如有紧急情况请拨打0531-55612606""。你的月亮我的心(客户):""[图片]""。&&&","{""事件提取"":null,""提取结果"":false}"
群聊负向,"这是要分析的对话:&&&08月27日 08:37分。贵阳恒大半山御景-管家-郑超超(员工):""?????????家人们，早上好~。今天…………""。08月27日 09:56分。小嘛小二郎(客户):""[视频]""。小嘛小二郎(客户):""在六楼三号房厨房的位置这水管漏水了""。小嘛小二郎(客户):""@贵阳恒大半山御景-管家-郑超超?""。贵阳恒大半山御景-管家-郑超超(员工):""好的，马上喊师傅来处理""。08月27日 10:12分。夜朦胧(客户):""管家郑超々：我家1栋12楼2号房侧所漏水、上面的吊顶被水泡成了黄色了、给你们反应多次、没有得到解决，希望你们尽快解决！""。贵阳恒大半山御景-管家-郑超超(员工):""好的[抱拳]""。08月27日 10:21分。贵阳恒大半山御景-管家-郑超超(员工):""尊敬的各位业主：。        近日小…………""。贵阳恒大半山御景-管家-郑超超(员工):""[图片]""。贵阳恒大半山御景-管家-郑超超(员工):""尊敬的各位业主：。        近日小…………""。08月27日 18:43分。贵阳恒大半山御景-管家-郑超超(员工):""由于市政压力不足，进不了水箱，现在水箱水…………""。08月27日 20:17分。?(客户):""各位业主：晚上好！[玫瑰]。8月27日秩序部夜间执勤安排：。一、值班人员，李苓杰13035574097。维修部值班人员，杨俊兴18684112684?。二、巡查期间未发现流浪狗、猫，值班期间如发现第一时间处理。三、带班时间：20:00-08:00。四、我们将12小时坚守岗位，如有需要请致电，我们将竭诚为您服务。夜间休息请关好门窗，做好安全防范，出入小区带好业主卡、谨防尾随。。贵阳金碧物业服务中心祝您：生活愉快！[烟花]""。08月27日 21:56分。   M(客户):""是停水了吗""。?(客户):""「贵阳恒大半山御景-管家-郑超超：。由于市政压力不足，进不了水箱，现在水箱水位不足，有可能随时停水，请各位业主做一下准备，我司正在协调处理[抱拳][抱拳][抱拳]。@所有人」。- - - - - - - - - - - - - - -。是的业主""。08月27日 22:08分。找超哥找好房(客户):""@秩序部李苓杰?这幼儿园这个什么时候才停啊，10点了""。???????(客户):""幼儿园？意思售楼部这个幼儿园也在弄的？@找超哥找好房?""。找超哥找好房(客户):""对啊，拆了一天了，""。找超哥找好房(客户):""今天晚上如果拆完得到凌晨3点左右""。世事难料(客户):""@秩序部李苓杰?""。08月27日 22:14分。世事难料(客户):""{""pre_msgid"":""4773136678780294933_1724767983242_external""}""。?(客户):""这边施工单位我们管不了[捂脸]。可以打12345投诉一下，我这边也在打电话投诉""。???????(客户):""算了吧，幼儿园修好对大家都好，坚持一下！投诉多了，人家直接撂挑子不干了""。08月27日 22:20分。找超哥找好房(客户):""最起码还要4个小时[大哭]""。风(客户):""工人也要休息  他们应该快下班了  ""。找超哥找好房(客户):""嗯，希望吧""。08月27日 22:44分。找超哥找好房(客户):""结束了""。找超哥找好房(客户):""[呲牙]""。酒、醉出人性(客户):""多久来水""。酒、醉出人性(客户):""一家人还在等水洗澡""。?(客户):""@1栋703?你好业主  来水时间市政那边也没有确定""。酒、醉出人性(客户):""这个停水的时间能不能提前一天通知，现在下班才到家""。酒、醉出人性(客户):""没水""。C.c(客户):""由于市政压力不足导致，大家一起打投诉电话，投诉水务公司""。酒、醉出人性(客户):""晚上还睡不睡，这么热的天，一身全是灰""。酒、醉出人性(客户):""压力不足的问题，去年就是这样，到今年还没有解决吗？""。08月27日 22:49分。酒、醉出人性(客户):""不可能每年都要来一次这种""。?(客户):""市政也是临时通知的""。?(客户):""我们要是提前收到  都会提前通知""。酒、醉出人性(客户):""市政就不管老百姓呗，想咋搞就咋搞""。?(客户):""都打打12345市政热线  投诉一下  人多了才会重视""。?(客户):""[图片]""。?(客户):""{""pre_msgid"":""15472642018895973333_1724770358271_external""}""。酒、醉出人性(客户):""你们的意义在哪里""。?(客户):""[图片]""。08月27日 22:55分。?(客户):""投诉电话  我们也打了  人多政府才会重视起来啊""。酒、醉出人性(客户):""我就想知道1819有没有水""。08月27日 23:02分。?(客户):""我们21的水是从18.19那边过来的  师傅去把18.19关了也没有压力送水过来  所以才会打电话投诉""。?(客户):""{""pre_msgid"":""11269770937562746404_1724770925271_external""}""。酒、醉出人性(客户):""是不是就我们没有""。08月27日 23:08分。酒、醉出人性(客户):""消防有水没有，能接点消防的水来用用不""。贵阳恒大半山御景-管家-郑超超(员工):""尊敬的业主朋友 麦丽素  ，欢迎加入业主…………""。酒、醉出人性(客户):""消防有水没得""。酒、醉出人性(客户):""能接来用不""。08月27日 23:15分。时小龙(员工):""业主您好，消防水不能用的哈，1是因为消防…………""。酒、醉出人性(客户):""为什么18就有水""。时小龙(员工):""我们这边也在反馈21组团经常没水的问题，…………""。酒、醉出人性(客户):""我就没有什么意思？""。酒、醉出人性(客户):""一条线，几种对待""。风(客户):""这个问题问了肯定是不行[捂脸]""。酒、醉出人性(客户):""我都在想消防有水没有都不好说[捂脸][捂脸]""。时小龙(员工):""大家一起打投诉电话反馈吧，人多力量大。打…………""。酒、醉出人性(客户):""我刚才用了三个号码打了""。08月27日 23:21分。酒、醉出人性(客户):""主要的是你们物业这边对接的时候到底是什么原因？用这么长时间都没有说水压小的这个问题了，现在突然又说水压小，你们信吗？""。时小龙(员工):""就是市政管道供水压力小，导致水进不了我们…………""。酒、醉出人性(客户):""1819就能进""。酒、醉出人性(客户):""真是有鬼""。麦丽素(客户):""18-19-21是同一根水管，18-19补水已经关了现在在以21为主，由于21位置高了水压很小，各部门很担心各位业主用水问题一直定着闹钟在跑去水泵房查看""。08月27日 23:26分。麦丽素(客户):""[图片]""。麦丽素(客户):""[视频]""。酒、醉出人性(客户):""有点水了没有""。麦丽素(客户):""有了""。麦丽素(客户):""供不应求""。酒、醉出人性(客户):""好吧""。酒、醉出人性(客户):""等吧""。酒、醉出人性(客户):""电话也打了""。世事难料(客户):""等吧，哎""。08月28日 02:06分。???????(客户):""明天早上回来水不？？""。?(客户):""@???????1-2404?要看水压够不够  明天早上有消息管家会在群里通知""。???????(客户):""已经拉了一坨??在智能马桶里，等着今晚上来水之后明天冲""。08月28日 02:14分。?(客户):""「维修部杨俊兴：[视频]」。- - - - - - - - - - - - - - -。没办法水压不够  只有一小股水在进 要等水务公司的过来看看是什么情况了""。08月28日 03:56分。麦丽素(客户):""[图片]""。麦丽素(客户):""[图片]""。麦丽素(客户):""水位有所上涨""。麦丽素(客户):""[图片]""。麦丽素(客户):""水流还是很小还请各位业主多打一下投诉电话""。&&&","[
    {
        ""业主情感强度"": {
            ""夜朦胧"": ""强烈负面""
        },
        ""事件讨论开始时间"": ""08月27日 10:12分"",
        ""事件讨论结束时间"": ""08月27日 10:12分"",
        ""事件详情"": ""1栋12楼2号房厕所漏水，导致吊顶被水泡成黄色，业主多次反映未得到解决。"",
        ""话题倾向"": """"
    },
    {
        ""业主情感强度"": {
            ""酒、醉出人性"": ""强烈负面"",
            ""世事难料"": ""一般负面"",
            ""风"": ""一般负面""
        },
        ""事件讨论开始时间"": ""08月27日 22:44分"",
        ""事件讨论结束时间"": ""08月28日 03:56分"",
        ""事件详情"": ""由于市政问题，导致小区停水，业主不满情绪强烈，尤其对未提前通知和反复出现的问题表示不满。"",
        ""话题倾向"": """"
    }
]"
群聊负向,"这是要分析的对话:&&&08月27日 06:03分。一期中队长(客户):""??长沙恒大雅苑。?2024年8??27日  星期二。?天气: 阴  气温：26－36℃。1、国家一级演员王霙去世,曾称:这一辈子就演一个人；。2、唐尚珺已录入新生信息,9月1日报到,笑称“没面办升学宴”；。3、线上线下都销售,“烟卡”成部分未成年人社交“硬通货”；。4、中秋要调休，高速不免费！国庆前后都要调休，可提前发工资；。5、辽宁建昌获捐物资里有高跟鞋，当地称系个人行为；微信搜：每日微语报。6、罗永浩“真还传”最新进展：已还8.24亿，还欠5亿多；。7、重庆沙坪坝连续6天气温超40℃ 市民晾晒食物：牛肉晒了一天嘎嘣脆；。8、辽宁一女子做美甲引发真菌感染，治疗时间长达三个月，花费近万元；。9、拼多多第二季度总营收971亿元同比增长86%，盘前跌逾12%；。10、问界新 M7 Pro 汽车目标上市首周交付 3000 台，首月交付破万台；。11、台积电确认2024H1从中国大陆和日本获得的补贴金额：共79.56亿新台币；。12、菲船只故意冲撞中国海警舰艇，专家：企图进一步坐实“南海仲裁裁决”；。13、韩媒：上半年访韩中国游客量超去年全年，韩政府为中国游客精选旅游项目；。14、哈里斯团队称她参选以来筹款5.4亿美元，“创选举史同期纪录”；。15、乌克兰全境多地发生爆炸：基辅多地水电供应中断，新闻直播突然黑屏；""。一期中队长(客户):""[图片]""。一期中队长(客户):""???♂【防溺水??安全温馨提示】。??亲爱的业主家人们：大家好??。?天气渐热，为了孩子们??的安全，请提高安全防范意识?，时刻监督和管理??好孩子，加强对孩子的防溺水??安全教育，禁止??孩子私自到小溪、水库、江边玩水、捕鱼、捉虾、游泳等。 。??安全无小事 时刻要警惕??。请家长??加强对孩子防溺水的监管力度，提高孩子??防溺水的自觉性?。同时物业工作人员??也会加大对园区的巡逻。为孩子的生命安全构筑坚实的防线??。??如需帮助请拨24小时服务热线。二期?:0731-85066275。一期?:0731-85520610。#长沙恒大雅苑物业服务中心""。08月27日 09:40分。一期中队长(客户):""【?? 秩序服务?巡逻篇】。我们是白班园区秩序的守护者??。每天园区全覆盖巡视??。希望用我们的行动??。为您营造舒适的居家环境??。如需帮助请拨打24小时服务热线。?:0731一85520610。值班中队长。?:17700582951（一期）。??我们竭诚为您服务??""。一期中队长(客户):""[视频]""。08月27日 10:22分。长沙恒大雅苑20、25－27栋管家(员工):""【新学期，新希望——亲子包书皮】。各位业…………""。长沙恒大雅苑20、25－27栋管家(员工):""[图片]""。08月27日 16:49分。知否(客户):""设备安全无小事，物业维修部工作人员正在对高压配电房，生活水泵房，消防水泵房进行巡检，防患于未然，运行正常。[强][强][强][强]""。知否(客户):""[图片]""。08月27日 18:17分。龙木十四(客户):""@长沙恒大雅苑20、25－27栋管家?您好，可否安排人去看一下西南门车库入口，我刚开车路过，发现两台车把车库出入口堵了一半，这很不安全，谢谢！""。08月27日 18:23分。长沙恒大雅苑20、25－27栋管家(员工):""收到，马上通知同事过去""。08月27日 18:47分。历险记(客户):""[图片]""。历险记(客户):""是坏到25楼了吗 ""。历险记(客户):""一直没动""。长沙恒大雅苑20、25－27栋管家(员工):""我让师傅过去检查一下""。08月27日 18:52分。旭旭(客户):""[图片]""。旭旭(客户):""[图片]""。长沙恒大雅苑20、25－27栋管家(员工):""收到，已经通知师傅过去了""。旭旭(客户):""管家电梯坏在25楼，门还打开一点点""。旭旭(客户):""好的""。08月27日 18:57分。彩彩-胡(客户):""现在电梯基本每天都会出现故障，上次全面检修是否催一下进度？@""。彩彩-胡(客户):""@长沙恒大雅苑20、25－27栋管家?""。Azeroth(客户):""电梯问题到底什么时候能基本根治！老生常谈，一段时间没提，这件事情又过去了！""。知否(客户):""您好，资料已经在街道审核，已经约了电梯单位，明天早上会去街道说明具体情况，再到住建局去报备开工事宜，给您带来不便，请谅解。""。08月27日 19:16分。彩彩-胡(客户):""电梯问题的事20栋的首等大事，麻烦每周末在群里报告电梯的进度吧，让大家安心！""。彩彩-胡(客户):""不要业主们不催就没下文，催一下就动一下""。08月27日 19:21分。一期中队长(客户):""【?? 秩序服务?巡逻篇】。我们是白班园区秩序的守护者??。每天园区全覆盖巡视??。希望用我们的行动??。为您营造舒适的居家环境??。如需帮助请拨打24小时服务热线。?:0731一85520610。值班中队长。?:17700582951（一期）。??我们竭诚为您服务??""。一期中队长(客户):""[文件下载失败]""。长沙恒大雅苑20、25－27栋管家(员工):""我们一直都有积极推动这件事的发展呢，只是…………""。08月27日 19:48分。长沙恒大雅苑20、25－27栋管家(员工):""这是一条引用/回复消息：。""龙木十四。@…………""。08月27日 20:04分。长沙恒大雅苑20、25－27栋管家(员工):""[图片]""。长沙恒大雅苑20、25－27栋管家(员工):""20栋门轮破损，已经更换""。08月27日 20:17分。一期中队长(客户):""业主您好??。我是夜班秩序班长（苏静普17700582951），也是你的夜间安全守护者??，也许您从来没有见过我，因为我值守在您熟睡的每个晚上。夜间??我们会跟踪可疑人员、巡查车库、巡查园区、巡查楼层。。??清晨06:00我们还会查看每个电梯，确保您上班时电梯正常运行。。??如需帮助请及时拨打24小时服务电话85520610，我会出现在你需要的每个时刻???♂???♂???♂。祝您好梦！一醒来又是美美哒的一天哦???""。08月27日 20:25分。龙木十四(客户):""「长沙恒大雅苑20、25－27栋管家：@龙木十四两个车都已经移走了哈@龙木十四」。- - - - - - - - - - - - - - -。好的 谢谢""。08月27日 20:52分。??cx(客户):""「长沙恒大雅苑20、25－27栋管家：[图片]」。- - - - - - - - - - - - - - -。@长沙恒大雅苑20、25－27栋管家?请问一定要破损到电梯罢工才能更换吗？不能检修的时候把磨损严重的更换掉吗？""。一期中队长(客户):""[视频]""。一期中队长(客户):""【?? 秩序服务?巡逻篇】。我们是晚班园区秩序的守护者??。每天园区全覆盖巡视??。希望用我们的行动??。为您营造舒适的居家环境??。如需帮助请拨打24小时服务热线。?:0731一85520610。值班中队长。?:17700582951（一期）。??我们竭诚为您服务??""。08月27日 21:00分。一期中队长(客户):""@陈欣?  好的，我们已经将您的情况反馈给管家和师傅，祝您生活愉快，""。08月28日 03:46分。一期中队长(客户):""【?? 秩序服务?巡逻篇】。我们是晚班园区秩序的守护者??。每天园区全覆盖巡视??。希望用我们的行动??。为您营造舒适的居家环境??。如需帮助请拨打24小时服务热线。?:0731一85520610。值班中队长。?:17700582951（一期）。??我们竭诚为您服务??""。一期中队长(客户):""[图片]""。&&&","[
    {
        ""业主情感强度"": {
            ""彩彩-胡"": ""一般负面"",
            ""cx"": ""一般负面"",
            ""Azeroth"": ""一般负面""
        },
        ""事件讨论开始时间"": ""08月27日 18:17分"",
        ""事件讨论结束时间"": ""08月27日 21:00分"",
        ""事件详情"": ""长沙恒大雅苑的业主们对小区电梯频繁出现故障表示不满。业主彩彩-胡、Azeroth、cx等业主均对电梯问题表达了强烈的负面情绪，认为电梯故障影响了他们的日常生活，并对物业的维修进度表示不满。"",
        ""话题倾向"": """"
    }
]"
群聊负向,"这是要分析的对话:&&&08月27日 08:21分。?????李?(客户):""@贵阳恒大半山御景-管家-杜婷婷?3楼防火门的密封条掉了，请叫师傅去把它弄一下，不然到时候被保洁阿姨打扫卫生给打扫走了""。08月27日 08:35分。贵阳恒大半山御景-管家-杜婷婷(员工):""@302好的""。08月27日 10:22分。贵阳恒大半山御景-管家-杜婷婷(员工):""尊敬的各位业主：。        近日小…………""。贵阳恒大半山御景-管家-杜婷婷(员工):""[图片]""。08月27日 18:24分。。(客户):""各位业主下午好，请问是哪位业主家的孩子，孩子自己跑出来了，请孩子家长到门岗来接一下""。。(客户):""[图片]""。08月27日 20:30分。.(客户):""各位业主：晚上好！[玫瑰]。8月27日秩序部夜间执勤安排：。一、值班人员:  罗垚19316563414。  监控室电话号码：83873539。  维修值班人员： ?杨俊兴18684112684?。二、巡查期间未发现流浪狗、猫，值班期间如发现第一时间处理。三、带班时间：20:00-08:00。四、我们将12小时坚守岗位，如有需要请致电，我们将竭诚为您服务。夜间休息请关好门窗，做好安全防范，出入小区带好业主卡、谨防尾随。。贵阳金碧物业服务中心祝您：生活愉快！[烟花]""。08月27日 20:52分。Devil(客户):""明天早上保洁阿姨上班的时候麻烦让她拖一下电梯里面，有臭味[捂脸]""。.(客户):""「Devil：。明天早上保洁阿姨上班的时候麻烦让她拖一下电梯里面，有臭味[捂脸]」。- - - - - - - - - - - - - - -。好的??""。08月27日 23:37分。.(客户):""「Devil：。明天早上保洁阿姨上班的时候麻烦让她拖一下电梯里面，有臭味[捂脸]」。- - - - - - - - - - - - - - -。已处理！""。.(客户):""[图片]""。&&&","[
    {
        ""业主情感强度"": {
            ""Devil"": ""一般负面""
        },
        ""事件讨论开始时间"": ""08月27日 20:52分"",
        ""事件讨论结束时间"": ""08月27日 23:37分"",
        ""事件详情"": ""Devil业主反映小区电梯内有臭味，希望保洁阿姨在上班时清理。物业在后续回复中表示已经处理。"",
        ""话题倾向"": """"
    }
]"
群聊负向,"这是要分析的对话:&&&08月27日 08:38分。贵阳恒大半山御景-管家-郑超超(员工):""?????????家人们，早上好~。今天…………""。08月27日 10:21分。贵阳恒大半山御景-管家-郑超超(员工):""[会话记录消息]""。贵阳恒大半山御景-管家-郑超超(员工):""{""pre_msgid"":""115474…………""。贵阳恒大半山御景-管家-郑超超(员工):""[图片]""。贵阳恒大半山御景-管家-郑超超(员工):""尊敬的各位业主：。        近日小…………""。08月27日 12:22分。汪洋｜贵州瀛黔律所(客户):""@贵阳恒大半山御景-管家-郑超超?请你问哈我家整改好没有，时间很长了，不应该还搞不好吧""。08月27日 12:35分。贵阳恒大半山御景-管家-郑超超(员工):""我下午去看看吧，如果不理想，我加急催一下…………""。汪洋｜贵州瀛黔律所(客户):""从报修到现在4个月了[捂脸]我觉得我耐心也挺好的了""。贵阳恒大半山御景-管家-郑超超(员工):""主要是地产就安排一个师傅[捂脸]我这边加…………""。08月27日 12:50分。汪洋｜贵州瀛黔律所(客户):""你顺便问一下，这种一直耽误不能收房损失怎么算[捂脸]""。贵阳恒大半山御景-管家-郑超超(员工):""好的 我发给地产""。08月27日 18:44分。贵阳恒大半山御景-管家-郑超超(员工):""由于市政压力不足，进不了水箱，现在水箱水…………""。08月27日 20:17分。?(客户):""各位业主：晚上好！[玫瑰]。8月27日秩序部夜间执勤安排：。一、值班人员，李苓杰13035574097。维修部值班人员，杨俊兴18684112684?。二、巡查期间未发现流浪狗、猫，值班期间如发现第一时间处理。三、带班时间：20:00-08:00。四、我们将12小时坚守岗位，如有需要请致电，我们将竭诚为您服务。夜间休息请关好门窗，做好安全防范，出入小区带好业主卡、谨防尾随。。贵阳金碧物业服务中心祝您：生活愉快！[烟花]""。08月27日 22:11分。骏骏(客户):""还要多久来水？""。?(客户):""@骏骏?业主你好 来水时间市政那边还没确定""。08月27日 23:10分。贵阳恒大半山御景-管家-郑超超(员工):""尊敬的业主朋友 小鲸鱼美术·书法 秦许娟…………""。程蕊cHeNrUi??(客户):""水什么时候来""。?(客户):""@程蕊cHeNrUi???业主你好  来水时间市政也没有确定  这边收到信息会第一时间在群里通知的""。&&&","[
    {
        ""业主情感强度"": {
            ""汪洋"": ""强烈负面""
        },
        ""事件讨论开始时间"": ""08月27日 12:22分"",
        ""事件讨论结束时间"": ""08月27日 12:50分"",
        ""事件详情"": ""业主汪洋反馈其报修问题长时间未得到解决，从报修到现在已过去4个月，对物业的整改进度表示不满，并询问了因长时间无法收房造成的损失如何计算。"",
        ""话题倾向"": """"
    }
]"
群聊负向,"这是要分析的对话:&&&08月27日 06:51分。你的月亮我的心(客户):""温馨提示：。因遇降雨天气，金碧晨跑团临时取消一天，请各位家长和小朋友们不要跑空哦[玫瑰][玫瑰]""。08月27日 08:08分。宁宁(客户):""[图片]""。宁宁(客户):""保洁上班后第一时间清理积水，方便出行[玫瑰][玫瑰]""。宁宁(客户):""[图片]""。宁宁(客户):""[图片]""。08月27日 09:07分。济南绿洲B10-B11-15号楼管家-冬雪(员工):""[玫瑰][玫瑰]早安  绿洲[玫瑰][玫…………""。济南绿洲B10-B11-15号楼管家-冬雪(员工):""[链接]""。济南绿洲B10-B11-15号楼管家-冬雪(员工):""┌─??桶装水活动来袭。??水长清纯天然…………""。济南绿洲B10-B11-15号楼管家-冬雪(员工):""[图片]""。08月27日 11:29分。顺其自然(客户):""3998元，妇女?找“客服”退回孩子充值的游戏款?被骗。。1095元，大学生??其同学微信号被盗，借钱??被骗。。。男青年[色][色]约炮[色][色]，妇女??兼职刷单??、????被“异性网友”诱导投资????诈骗高发！。转发提醒好家里的[拥抱]年轻人、妇女[拥抱]！。。【8月26日电诈警情通报】。【文昌街道、新城派出所】。1、汇侨城妇女，【找“客服”退孩子充值的游戏费】被骗3998元。。??手段：孩子充值游戏后，在网上[爆竹]搜索“客服”退费[爆竹]，对方让其扫码，称?已经设置好，钱不会被转走?。结果，还是转账成功。。。【大学城、大学路派出所】。2、齐鲁工业大学大三学生（专业待核实），【其同学微信号被盗，发来借钱信息】被骗1095元。。??手段：其同学[爆竹]微信号被盗[爆竹]，对方让其?帮忙把钱从微信倒腾到支付宝?。 。       该同学用支付宝给其转钱后，对方没有信守承诺，把钱用微信再转回来。""。宁宁(客户):""[图片]""。宁宁(客户):""[图片]""。宁宁(客户):""雨后，保洁大姐把门前电动车，游乐广场，景观椅擦拭干净[玫瑰][玫瑰][玫瑰]""。宁宁(客户):""[图片]""。08月27日 13:34分。qin覃振宁(客户):""@物业保洁领班庄明华15628830750? 安排一下保洁阿姨打扫一单元东梯， 太臭了，，""。宁宁(客户):""好的收到，马上清理""。08月27日 16:31分。宁宁(客户):""[拳头]环境提升持续进行中[拳头]。[太阳]今天园区大扫除[太阳]。恒大绿洲保洁团队为您服务[玫瑰]""。宁宁(客户):""[图片]""。08月27日 18:36分。A00(客户):""[图片]""。A00(客户):""??物业秩序“小蜜蜂” ??。[庆祝]“小蜜蜂”来了！来了！[庆祝]。[太阳]有事，您说话[太阳]。[庆祝]车辆电瓶亏电启动不了！。[庆祝]家里有沉物品搬不动了！。[庆祝]买了好多东西拿不了！。联系电话：0531-55612606。秩序小“蜜蜂”竭诚为您服务！[耶][耶][耶]。[庆祝]我们的口号：。[庆祝]真心帮助每一位[庆祝]。[庆祝]热心服务每一人[庆祝]。[庆祝]赠人玫瑰[玫瑰]，手有余香[庆祝]""。08月27日 20:06分。你的月亮我的心(客户):""尊敬的业主，您好：。       为更好、更快的解决业主问题，现将各值班人员、联系电话及值班时间公示在群内，各位业主可直接电话联系或在群内@秩序110。1、日常家用维修工具(螺丝刀、活动扳手、小锤等);。2、小型购物车、平板车、人字梯、打气筒，应急医用品等。。为您爱家保驾护航，如果您有家政保洁、直饮水卡办理、白蚁消杀、有偿维修、房屋租赁的业务需求，随时与我们联系，为您提供专业的服务。。【秩序维护部】。[爱心]1.值班时间段：。????20:00－08:00????。[爱心]2.值班中队长-赵队电话：0531-55615881。[爱心]3.物业服务电话：0531-55615896、55615596。??4.监控室值班24小时电话：0531-55612606。3、【物业-安保服务“小蜜蜂”】。[抱拳]如您家中有需要帮助的请联系我们?。[爱心]24小时为各位家人守候。[合十]贴心服务、真诚相伴。如需便民服务车，请直接联系；。①55612606。②55612808。有事您说话，我们会在第一时间安排人员帮你处理[玫瑰][玫瑰]""。你的月亮我的心(客户):""[图片]""。08月27日 23:54分。你的月亮我的心(客户):""尊敬的业主大家好！我是夜间执勤赵队长，金碧物业安保服务8月27号巡查，时刻守护业主们的安全，请安心入睡，如有紧急情况请拨打0531-55612606""。你的月亮我的心(客户):""[图片]""。08月28日 00:24分。Lucky麻麻??(客户):""@秩序110?单元门怎么关了""。你的月亮我的心(客户):""@Lucky麻麻???密码??01011234??""。你的月亮我的心(客户):""门打开了吗""。Lucky麻麻??(客户):""[尴尬][尴尬][尴尬]爬楼梯走的""。08月28日 00:30分。你的月亮我的心(客户):""夜间12点开始挨个楼宇大堂门都关""。Lucky麻麻??(客户):""嗯""。08月28日 02:57分。你的月亮我的心(客户):""尊敬的业主大家好！我是夜间执勤赵队长，金碧物业安保服务8月28号巡查，时刻守护业主们的安全，请安心入睡，如有紧急情况请拨打0531-55612606""。你的月亮我的心(客户):""[图片]""。&&&","[
    {
        ""业主情感强度"": {
            ""qin覃振宁"": ""一般负面""
        },
        ""事件讨论开始时间"": ""08月27日 13:34分"",
        ""事件讨论结束时间"": ""08月27日 13:34分"",
        ""事件详情"": ""qin覃振宁反映一单元东梯太臭，要求保洁领班庄明华安排保洁阿姨打扫。"",
        ""话题倾向"": """"
    }
]"
群聊负向,"这是要分析的对话:&&&08月27日 08:59分。黄武庆(客户):""[视频]""。黄武庆(客户):""大哥""。黄武庆(客户):""大早上就漏水""。黄武庆(客户):""@恒大城???? 秩序部 三期监控室?""。08月27日 09:28分。恒大城???? 秩序部 三期监控室(客户):""??认真工作，全心守护。夜间巡查，日复一日。仅8月1日到8月27日，就发现51辆电动车没有拔钥匙没有关电源[炸弹][炸弹]。?????请各位业主注意防火防盗，拔钥匙关电源，避免不必要的损失[拳头][拳头]。??恒大物业—南昌恒大城。??愿我百分努力，换您十分满意""。恒大城???? 秩序部 三期监控室(客户):""[图片]""。08月27日 11:18分。物业生活服务部(客户):""??初秋每天必吃一个石榴。  —会理软籽突尼斯石榴??。      ??产地到货，销售中??。 礼盒装39.9元 净重5斤±0.2两。    详情扫码图片二维码咨询。            或咨询楼栋管家。   或电话咨询:18126299685""。08月27日 11:30分。物业生活服务部(客户):""[图片]""。08月27日 12:05分。恒大城-管家-小冷(员工):""【珍爱生命，谨防溺水！】。[拳头]暑期接…………""。恒大城-管家-小冷(员工):""[图片]""。恒大城???? 秩序部 三期监控室(客户):""[图片]""。恒大城???? 秩序部 三期监控室(客户):""[视频号消息]""。恒大城???? 秩序部 三期监控室(客户):""骗子冒充社交软件客服，说你“百万保障”即将到期，不取消每月要扣2000元？给你制造恐慌骗你上钩！打着“教你操作”的幌子，诱导你下载涉诈APP，窥探你的银行卡信息，伺机转走你的钱财。听到“百万保障”到期扣款，一定是诈骗！无论是哪个平台“百万保障”全部免费。敬请各位领导同事转发反诈视频及反诈日历。[抱拳][抱拳][抱拳]""。08月27日 13:23分。恒大城???? 秩序部 三期监控室(客户):""[图片]""。恒大城???? 秩序部 三期监控室(客户):""[图片]""。恒大城???? 秩序部 三期监控室(客户):""[图片]""。08月27日 15:11分。恒大城???? 秩序部 三期监控室(客户):""在打雷起风，有可能要下雨，请关注，晒衣服的要注意""。恒大城???? 秩序部 三期监控室(客户):""在打雷起风，有可能要下雨，请关注，晒衣服的要注意""。恒大城???? 秩序部 三期监控室(客户):""在打雷起风，有可能要下雨，请关注，晒衣服的要注意""。08月27日 20:05分。恒大城???? 秩序部 三期监控室(客户):""? 2024.8.27日? 。【秩序维护部】 。1.夜班值班时间段：20：00—08：00。2.夜班值班队长:徐霖。3.物业24小时服务电话：0791-85957719/85130408。? 【物业小贴士】?。1、园区道路是大家的，请将爱车停至车位或车库，勿占行车主干道。。2、予人方便，予己方便，整齐有序，文明停车。。3、随身携带门禁卡，刷卡进出，提高安全防止偷盗。。4、请随手关大堂门，轻拉轻推，勿用力拉扯。。5、非机动车请勿进大堂、楼道内充电。。6、请勿让爱宠随地大小便，做文明养宠人。""。&&&","[
    {
        ""业主情感强度"": {
            ""黄武庆"": ""一般负面""
        },
        ""事件讨论开始时间"": ""08月27日 08:59"",
        ""事件讨论结束时间"": ""08月27日 08:59"",
        ""事件详情"": ""业主黄武庆在早上发现家中漏水，表现出了不满。他通过群聊向恒大城???? 秩序部 三期监控室反馈了这一问题。"",
        ""话题倾向"": """"
    }
]"
群聊负向,"这是要分析的对话:&&&08月27日 09:13分。续写丶一纸的空白(客户):""[视频]""。续写丶一纸的空白(客户):""搞个卫生一直堵电梯    如果一个电梯在维修   那不是要急死人   早上本来就是上班高峰期""。续写丶一纸的空白(客户):""等啦不下15 6分钟""。续写丶一纸的空白(客户):""要不就晚点搞要不就早点搞    卡着这个点搞卫生   这不是坑人吗""。恒大城-管家-小良(员工):""@万义斌15180199308我问下保洁…………""。恒大城-管家-小良(员工):""您先消消气，因为目前也不清楚是什么情况[…………""。08月27日 09:19分。续写丶一纸的空白(客户):""每层都停   ""。恒大城-管家-小良(员工):""[捂脸]""。续写丶一纸的空白(客户):""你觉得是不是保洁""。恒大城-管家-小良(员工):""已经通知保洁主管了，让他去说""。08月27日 09:25分。恒大城???? 秩序部 三期监控室(客户):""??认真工作，全心守护。夜间巡查，日复一日。仅8月1日到8月27日，就发现51辆电动车没有拔钥匙没有关电源[炸弹][炸弹]。?????请各位业主注意防火防盗，拔钥匙关电源，避免不必要的损失[拳头][拳头]。??恒大物业—南昌恒大城。??愿我百分努力，换您十分满意""。恒大城???? 秩序部 三期监控室(客户):""[图片]""。08月27日 11:18分。物业生活服务部(客户):""??初秋每天必吃一个石榴。  —会理软籽突尼斯石榴??。      ??产地到货，销售中??。 礼盒装39.9元 净重5斤±0.2两。    详情扫码图片二维码咨询。            或咨询楼栋管家。   或电话咨询:18126299685""。08月27日 11:29分。焦糖布丁(客户):""[图片]""。焦糖布丁(客户):""[庆祝]【免费钳工培训/岗位推荐】无经验也可报名！。为积极促进南昌县（小蓝经开区）就业人员就业分流，保障本地企业转型升级所需的技术型人才储备，南昌县（小蓝经开区）就业之家携手本地多家企业，共同推进钳工技术岗位培训！。。无经验小白、有经验但无钳工证的人员、有经验有钳工证但想提升技术的人员，符合条件的可报名，优秀学员就近推荐工作！。。报名条件：40岁以内，拥有高中及以上学历。扫描下方二维码报名↓ 报名截止8月29日，机会难得，名额有限！""。物业生活服务部(客户):""[图片]""。08月27日 12:14分。恒大城???? 秩序部 三期监控室(客户):""[图片]""。恒大城???? 秩序部 三期监控室(客户):""[视频号消息]""。恒大城???? 秩序部 三期监控室(客户):""骗子冒充社交软件客服，说你“百万保障”即将到期，不取消每月要扣2000元？给你制造恐慌骗你上钩！打着“教你操作”的幌子，诱导你下载涉诈APP，窥探你的银行卡信息，伺机转走你的钱财。听到“百万保障”到期扣款，一定是诈骗！无论是哪个平台“百万保障”全部免费。敬请各位领导同事转发反诈视频及反诈日历。[抱拳][抱拳][抱拳]""。08月27日 13:21分。恒大城???? 秩序部 三期监控室(客户):""[图片]""。恒大城???? 秩序部 三期监控室(客户):""[图片]""。恒大城???? 秩序部 三期监控室(客户):""[图片]""。希望(客户):""下雨了，快收衣服""。08月27日 15:12分。恒大城???? 秩序部 三期监控室(客户):""在打雷起风，有可能要下雨，请关注，晒衣服的要注意""。恒大城???? 秩序部 三期监控室(客户):""在打雷起风，有可能要下雨，请关注，晒衣服的要注意""。恒大城???? 秩序部 三期监控室(客户):""在打雷起风，有可能要下雨，请关注，晒衣服的要注意""。08月27日 20:04分。恒大城???? 秩序部 三期监控室(客户):""? 2024.8.27日? 。【秩序维护部】 。1.夜班值班时间段：20：00—08：00。2.夜班值班队长:徐霖。3.物业24小时服务电话：0791-85957719/85130408。? 【物业小贴士】?。1、园区道路是大家的，请将爱车停至车位或车库，勿占行车主干道。。2、予人方便，予己方便，整齐有序，文明停车。。3、随身携带门禁卡，刷卡进出，提高安全防止偷盗。。4、请随手关大堂门，轻拉轻推，勿用力拉扯。。5、非机动车请勿进大堂、楼道内充电。。6、请勿让爱宠随地大小便，做文明养宠人。""。08月27日 21:23分。孤僻怪人(客户):""[图片]""。孤僻怪人(客户):""{""pre_msgid"":""7519900297277736467_1724764988364_external""}""。&&&","[
    {
        ""业主情感强度"": {
            ""续写丶一纸的空白"": ""强烈负面""
        },
        ""事件讨论开始时间"": ""08月27日 09:13"",
        ""事件讨论结束时间"": ""08月27日 09:19"",
        ""事件详情"": ""业主续写丶一纸的空白在08月27日早上9:13分，对小区电梯因保洁工作而导致的长时间等待表示不满。业主称，卫生工作应该避免在上班高峰期进行，因为等待电梯时间过长，已经达到15-6分钟。此事件发生在恒大城小区。"",
        ""话题倾向"": """"
    }
]"
群聊负向,"这是要分析的对话:&&&08月27日 07:01分。张永梅(客户):""伍栋，左边电梯坏了""。张永梅(客户):""@物业 董煜轩 17855557716?，""。?(客户):""收到""。08月27日 08:41分。雷松(员工):""?????????家人们，早上好~。今天…………""。08月27日 12:45分。波仔(客户):""物业＃（秩序服务）装修管控。??文明施工，共创温馨家园。装修巡查及提醒装修时间为早上8:30-12:00下午14:00-18:00。#周末节假日全天禁止装修。——贵阳恒大文化旅游城物业服务中心祝各位业主生活愉快[玫瑰][玫瑰]""。08月27日 15:05分。悠然????(客户):""@雷松?客梯今早就不能使用了 麻烦看看哈""。Devin????????????(客户):""@三菱电梯  杨松 19984468014?麻烦检查下""。08月27日 18:18分。波仔(客户):""物业＃（秩序服务）装修管控。??文明施工，共创温馨家园。装修巡查及提醒装修时间为早上8:30-12:00下午14:00-18:00。#周末节假日全天禁止装修。——贵阳恒大文化旅游城物业服务中心祝各位业主生活愉快[玫瑰][玫瑰]""。08月27日 19:07分。古松(员工):""园林绿化养护—关于生态湖养护投药治理的温…………""。08月27日 19:42分。?(客户):""各位业主：晚上好！[玫瑰]。8 月 27日秩序部夜间执勤安排：。一、值班队长：董煜轩。电话: 17855557716。二、24小时值班电话：0851-83873635。辖区派出所电话：0851-83851334。三、带班时间：。20:00-08:00。四、我们将12小时坚守岗位，如有需要请致电，我们将竭诚为您服务。夜间休息请关好门窗，做好安全防范，出入小区带好业主卡。。贵阳恒大文化旅游城物业服务中心祝您：生活愉快！[烟花]""。&&&","{""事件提取"":null,""提取结果"":false}"
群聊负向,"这是要分析的对话:&&&08月27日 05:49分。金华(客户):""[图片]""。08月27日 06:48分。你的月亮我的心(客户):""尊敬的业主大家好！我是夜间执勤赵队长，金碧物业安保服务8月27号巡查，时刻守护业主们的安全，请安心入睡，如有紧急情况请拨打0531-55612606""。你的月亮我的心(客户):""{""pre_msgid"":""7029874191391984429_1724712533262_external""}""。你的月亮我的心(客户):""温馨提示：。因遇降雨天气，金碧晨跑团临时取消一天，请各位家长和小朋友们不要跑空哦[玫瑰][玫瑰]""。08月27日 08:45分。济南绿洲37-38管家立冬(员工):""[玫瑰][玫瑰]早安  绿洲[玫瑰][玫…………""。济南绿洲37-38管家立冬(员工):""[链接]""。08月27日 09:10分。恒大四社区@蒋(客户):""3998元，妇女?找“客服”退回孩子充值的游戏款?被骗。。1095元，大学生??其同学微信号被盗，借钱??被骗。。。男青年[色][色]约炮[色][色]，妇女??兼职刷单??、????被“异性网友”诱导投资????诈骗高发！。转发提醒好家里的[拥抱]年轻人、妇女[拥抱]！。。【8月26日电诈警情通报】。【文昌街道、新城派出所】。1、汇侨城妇女，【找“客服”退孩子充值的游戏费】被骗3998元。。??手段：孩子充值游戏后，在网上[爆竹]搜索“客服”退费[爆竹]，对方让其扫码，称?已经设置好，钱不会被转走?。结果，还是转账成功。。。【大学城、大学路派出所】。2、齐鲁工业大学大三学生（专业待核实），【其同学微信号被盗，发来借钱信息】被骗1095元。。??手段：其同学[爆竹]微信号被盗[爆竹]，对方让其?帮忙把钱从微信倒腾到支付宝?。 。       该同学用支付宝给其转钱后，对方没有信守承诺，把钱用微信再转回来。""。08月27日 09:19分。济南绿洲37-38管家立冬(员工):""┌─??桶装水活动来袭。??水长清纯天然…………""。济南绿洲37-38管家立冬(员工):""[图片]""。08月27日 15:00分。。(客户):""    【社区儿童跳绳比赛通知】。亲爱的居民们：。为了丰富我们社区儿童的课余生活，增强孩子们的体质，培养团队合作精神与竞争意识，我们社区将于周四（8月29日）下午2:30，在恒大第四社区（37号楼）举办一场别开生面的“快乐童年，绳彩飞扬”儿童跳绳比赛。现面向全体社区儿童发出诚挚邀请，快来加入我们，一起跳动健康，跳出欢乐吧！。?? 比赛时间：8月29日（周四）下午2:30。?? 比赛地点：恒大绿洲37号党群服务中心。?? 参与对象：社区内所有5-12岁的儿童（欢迎家长陪同观看）。?? 比赛项目：。单人速度跳（计时赛）。花样跳绳展示（创意加分）。?? 报名方式：请家长或监护人于本周四前，填报跳绳报名表或通过电话/微信（87219936/13156193896）进行报名。报名时请提供孩子的姓名、年龄及联系方式。。?? 准备事项：。自备跳绳：每位参赛小朋友需自备一根跳绳，确保比赛顺利进行。。着装舒适：请穿着适合运动的服装和鞋子，以最佳状态迎接比赛。。安全第一：比赛过程中请遵守规则，注意安全，友谊第一，比赛第二。。?? 奖项设置：我们将为各项目组别的优胜者颁发精美奖品，更有参与奖等待每一位勇敢参与的小朋友！。让我们在这个充满活力的季节里，以绳为媒，共赴一场健康与快乐的盛宴。期待每一位小朋友的精彩表现，不见不散！。                        。     ??恒大绿洲第四社区居委会""。。(客户):""[链接]""。08月27日 18:39分。A00(客户):""??物业秩序“小蜜蜂” ??。[庆祝]“小蜜蜂”来了！来了！[庆祝]。[太阳]有事，您说话[太阳]。[庆祝]车辆电瓶亏电启动不了！。[庆祝]家里有沉物品搬不动了！。[庆祝]买了好多东西拿不了！。联系电话：0531-55612606。秩序小“蜜蜂”竭诚为您服务！[耶][耶][耶]。[庆祝]我们的口号：。[庆祝]真心帮助每一位[庆祝]。[庆祝]热心服务每一人[庆祝]。[庆祝]赠人玫瑰[玫瑰]，手有余香[庆祝]""。A00(客户):""[图片]""。08月27日 20:05分。你的月亮我的心(客户):""尊敬的业主，您好：。       为更好、更快的解决业主问题，现将各值班人员、联系电话及值班时间公示在群内，各位业主可直接电话联系或在群内@秩序110。1、日常家用维修工具(螺丝刀、活动扳手、小锤等);。2、小型购物车、平板车、人字梯、打气筒，应急医用品等。。为您爱家保驾护航，如果您有家政保洁、直饮水卡办理、白蚁消杀、有偿维修、房屋租赁的业务需求，随时与我们联系，为您提供专业的服务。。【秩序维护部】。[爱心]1.值班时间段：。????20:00－08:00????。[爱心]2.值班中队长-赵队电话：0531-55615881。[爱心]3.物业服务电话：0531-55615896、55615596。??4.监控室值班24小时电话：0531-55612606。3、【物业-安保服务“小蜜蜂”】。[抱拳]如您家中有需要帮助的请联系我们?。[爱心]24小时为各位家人守候。[合十]贴心服务、真诚相伴。如需便民服务车，请直接联系；。①55612606。②55612808。有事您说话，我们会在第一时间安排人员帮你处理[玫瑰][玫瑰]""。你的月亮我的心(客户):""[图片]""。08月27日 21:13分。LH789(客户):""单元门口有狗屎，电梯按键上有口水@济南绿洲37-38管家立冬?""。08月27日 21:32分。宁玉庆(客户):""@2903新小米预售中?谁这么缺德，""。LH789(客户):""[捂脸][捂脸]我哪知道""。LH789(客户):""恶心死了""。08月27日 21:39分。宁玉庆(客户):""@济南绿洲37-38管家立冬?后面再出现，@全体邻居。每人都吐一口，垃圾扔到电梯，就这样爱护自己的生存空间吧""。08月27日 23:53分。你的月亮我的心(客户):""尊敬的业主大家好！我是夜间执勤赵队长，金碧物业安保服务8月27号巡查，时刻守护业主们的安全，请安心入睡，如有紧急情况请拨打0531-55612606""。你的月亮我的心(客户):""[图片]""。08月28日 02:59分。你的月亮我的心(客户):""尊敬的业主大家好！我是夜间执勤赵队长，金碧物业安保服务8月28号巡查，时刻守护业主们的安全，请安心入睡，如有紧急情况请拨打0531-55612606""。你的月亮我的心(客户):""[图片]""。&&&","[
    {
        ""业主情感强度"": {
            ""宁玉庆"": ""强烈负面"",
            ""LH789"": ""强烈负面""
        },
        ""事件讨论开始时间"": ""08月27日 21:13分"",
        ""事件讨论结束时间"": ""08月27日 21:39分"",
        ""事件详情"": ""在8月27日晚上，业主LH789发现单元门口有狗屎，电梯按键上有口水，表示非常恶心。随后，宁玉庆业主对此表示强烈不满，并威胁如果再出现类似情况，将采取更加激烈的行动。此事件表现出业主对小区卫生状况的不满。"",
        ""话题倾向"": """"
    }
]"
群聊负向,"这是要分析的对话:&&&08月27日 07:15分。向前奋斗(客户):""为什么交不了停车费""。08月27日 09:29分。恒大城???? 秩序部 三期监控室(客户):""??认真工作，全心守护。夜间巡查，日复一日。仅8月1日到8月27日，就发现51辆电动车没有拔钥匙没有关电源[炸弹][炸弹]。?????请各位业主注意防火防盗，拔钥匙关电源，避免不必要的损失[拳头][拳头]。??恒大物业—南昌恒大城。??愿我百分努力，换您十分满意""。恒大城???? 秩序部 三期监控室(客户):""[图片]""。08月27日 11:18分。物业生活服务部(客户):""??初秋每天必吃一个石榴。  —会理软籽突尼斯石榴??。      ??产地到货，销售中??。 礼盒装39.9元 净重5斤±0.2两。    详情扫码图片二维码咨询。            或咨询楼栋管家。   或电话咨询:18126299685""。08月27日 11:30分。物业生活服务部(客户):""[图片]""。08月27日 12:14分。恒大城???? 秩序部 三期监控室(客户):""骗子冒充社交软件客服，说你“百万保障”即将到期，不取消每月要扣2000元？给你制造恐慌骗你上钩！打着“教你操作”的幌子，诱导你下载涉诈APP，窥探你的银行卡信息，伺机转走你的钱财。听到“百万保障”到期扣款，一定是诈骗！无论是哪个平台“百万保障”全部免费。敬请各位领导同事转发反诈视频及反诈日历。[抱拳][抱拳][抱拳]""。恒大城???? 秩序部 三期监控室(客户):""[视频号消息]""。恒大城???? 秩序部 三期监控室(客户):""[图片]""。08月27日 13:20分。恒大城???? 秩序部 三期监控室(客户):""[图片]""。恒大城???? 秩序部 三期监控室(客户):""[图片]""。恒大城???? 秩序部 三期监控室(客户):""[图片]""。08月27日 15:12分。恒大城???? 秩序部 三期监控室(客户):""在打雷起风，有可能要下雨，请关注，晒衣服的要注意""。恒大城???? 秩序部 三期监控室(客户):""在打雷起风，有可能要下雨，请关注，晒衣服的要注意""。恒大城???? 秩序部 三期监控室(客户):""在打雷起风，有可能要下雨，请关注，晒衣服的要注意""。08月27日 20:04分。恒大城???? 秩序部 三期监控室(客户):""? 2024.8.27日? 。【秩序维护部】 。1.夜班值班时间段：20：00—08：00。2.夜班值班队长:徐霖。3.物业24小时服务电话：0791-85957719/85130408。? 【物业小贴士】?。1、园区道路是大家的，请将爱车停至车位或车库，勿占行车主干道。。2、予人方便，予己方便，整齐有序，文明停车。。3、随身携带门禁卡，刷卡进出，提高安全防止偷盗。。4、请随手关大堂门，轻拉轻推，勿用力拉扯。。5、非机动车请勿进大堂、楼道内充电。。6、请勿让爱宠随地大小便，做文明养宠人。""。&&&","[
    {
        ""业主情感强度"": {
            ""向前奋斗"": ""一般负面""
        },
        ""事件讨论开始时间"": ""08月27日 07:15"",
        ""事件讨论结束时间"": ""08月27日 07:15"",
        ""事件详情"": ""业主向前奋斗在08月27日 07:15分提出无法缴纳停车费的问题，表现出了对物业服务的抱怨和不满。具体地点和原因未详细说明，只有一名业主表达了负面情绪。"",
        ""话题倾向"": """"
    }
]"
群聊负向,"这是要分析的对话:&&&08月27日 06:03分。一期中队长(客户):""??长沙恒大雅苑。?2024年8??27日  星期二。?天气: 阴  气温：26－36℃。1、国家一级演员王霙去世,曾称:这一辈子就演一个人；。2、唐尚珺已录入新生信息,9月1日报到,笑称“没面办升学宴”；。3、线上线下都销售,“烟卡”成部分未成年人社交“硬通货”；。4、中秋要调休，高速不免费！国庆前后都要调休，可提前发工资；。5、辽宁建昌获捐物资里有高跟鞋，当地称系个人行为；微信搜：每日微语报。6、罗永浩“真还传”最新进展：已还8.24亿，还欠5亿多；。7、重庆沙坪坝连续6天气温超40℃ 市民晾晒食物：牛肉晒了一天嘎嘣脆；。8、辽宁一女子做美甲引发真菌感染，治疗时间长达三个月，花费近万元；。9、拼多多第二季度总营收971亿元同比增长86%，盘前跌逾12%；。10、问界新 M7 Pro 汽车目标上市首周交付 3000 台，首月交付破万台；。11、台积电确认2024H1从中国大陆和日本获得的补贴金额：共79.56亿新台币；。12、菲船只故意冲撞中国海警舰艇，专家：企图进一步坐实“南海仲裁裁决”；。13、韩媒：上半年访韩中国游客量超去年全年，韩政府为中国游客精选旅游项目；。14、哈里斯团队称她参选以来筹款5.4亿美元，“创选举史同期纪录”；。15、乌克兰全境多地发生爆炸：基辅多地水电供应中断，新闻直播突然黑屏；""。一期中队长(客户):""[图片]""。一期中队长(客户):""???♂【防溺水??安全温馨提示】。??亲爱的业主家人们：大家好??。?天气渐热，为了孩子们??的安全，请提高安全防范意识?，时刻监督和管理??好孩子，加强对孩子的防溺水??安全教育，禁止??孩子私自到小溪、水库、江边玩水、捕鱼、捉虾、游泳等。 。??安全无小事 时刻要警惕??。请家长??加强对孩子防溺水的监管力度，提高孩子??防溺水的自觉性?。同时物业工作人员??也会加大对园区的巡逻。为孩子的生命安全构筑坚实的防线??。??如需帮助请拨24小时服务热线。二期?:0731-85066275。一期?:0731-85520610。#长沙恒大雅苑物业服务中心""。08月27日 07:23分。每天都要活得开心(客户):""[文件超过最大限制]""。每天都要活得开心(客户):""18栋门口停了上10台电动车""。每天都要活得开心(客户):""[文件超过最大限制]""。每天都要活得开心(客户):""[文件超过最大限制]""。每天都要活得开心(客户):""[图片]""。每天都要活得开心(客户):""难道都要业主监督才处理吗""。每天都要活得开心(客户):""大门口都成停车场了""。每天都要活得开心(客户):""基本现在要靠业主主动cue才挪车""。岁月静好(客户):""@每天都要活得开心?收到，感谢您的反馈，祝您生活愉快。""。08月27日 07:31分。每天都要活得开心(客户):""安居才能乐业，18栋经常处于各种不安状态，楼栋大门不关被拉或者人为拉坏，两台电梯常坏，水和电经常停，大门口停满各种电动车存在安全隐患。。""。08月27日 07:40分。岁月静好(客户):""[图片]""。岁月静好(客户):""@每天都要活得开心?电动车已清到黄线区""。每天都要活得开心(客户):""谢谢，但是物业夜晚巡查时候也麻烦巡下。""。08月27日 07:48分。岁月静好(客户):""@每天都要活得开心?好的[抱拳]""。?七殿下????? ??????(客户):""物业在移车的时候也可以贴个条警告""。?七殿下????? ??????(客户):""没有惩罚就没有自律""。08月27日 08:59分。凶猛小老虎(客户):""温馨提示：。亲爱的业主家人们，8月27日 （今天）将对18栋电梯进行例行保养，保养采取两台电梯轮流停梯作业的方式，无特殊情况，每台电梯保养时间大概为1小时左右，请各位家人提前做好出行准备哦，给您造成不便敬请谅解。保养时间如下：。18栋一号梯：9：00-9：50。18栋二号梯：14：00-15：00""。08月27日 09:35分。每天都要活得开心(客户):""@?七殿下????? ???????下次把经常乱停的电动车群里公布下""。每天都要活得开心(客户):""自律没有用，就采用他律""。每天都要活得开心(客户):""大家一起监督""。每天都要活得开心(客户):""物业对乱停放的车辆需要一些措施，根源上和制服规则上解决""。08月27日 09:40分。一期中队长(客户):""【?? 秩序服务?巡逻篇】。我们是白班园区秩序的守护者??。每天园区全覆盖巡视??。希望用我们的行动??。为您营造舒适的居家环境??。如需帮助请拨打24小时服务热线。?:0731一85520610。值班中队长。?:17700582951（一期）。??我们竭诚为您服务??""。一期中队长(客户):""[视频]""。08月27日 10:22分。Hao'(客户):""停电了吗""。柒月(客户):""没有""。08月27日 16:49分。知否(客户):""设备安全无小事，物业维修部工作人员正在对高压配电房，生活水泵房，消防水泵房进行巡检，防患于未然，运行正常。[强][强][强][强]""。知否(客户):""[图片]""。A长沙房产16年的大谭(客户):""[强][强][强]""。08月27日 16:59分。马长(客户):""[强][强]""。08月27日 17:29分。凶猛小老虎(客户):""[图片]""。凶猛小老虎(客户):""亲爱的业主家人们，今天对18栋电梯进行了例行保养，重点对厅门轿门触点、光幕进行了紧固调整，机械部件运转良好，请您放心出行，您的肯定是我们前进的动力,祝您生活愉快。""。08月27日 18:11分。小蚊子(客户):""[图片]""。小蚊子(客户):""车库入口停满了车@一期中队长?""。一期中队长(客户):""收到""。08月27日 19:03分。小蚊子(客户):""[图片]""。小蚊子(客户):""到现在还没移开""。小蚊子(客户):""@一期中队长?""。一期中队长(客户):""已经准备锁车了""。08月27日 19:13分。小蚊子(客户):""[表情]""。08月27日 19:21分。一期中队长(客户):""【?? 秩序服务?巡逻篇】。我们是白班园区秩序的守护者??。每天园区全覆盖巡视??。希望用我们的行动??。为您营造舒适的居家环境??。如需帮助请拨打24小时服务热线。?:0731一85520610。值班中队长。?:17700582951（一期）。??我们竭诚为您服务??""。一期中队长(客户):""[文件下载失败]""。08月27日 20:18分。一期中队长(客户):""业主您好??。我是夜班秩序班长（苏静普17700582951），也是你的夜间安全守护者??，也许您从来没有见过我，因为我值守在您熟睡的每个晚上。夜间??我们会跟踪可疑人员、巡查车库、巡查园区、巡查楼层。。??清晨06:00我们还会查看每个电梯，确保您上班时电梯正常运行。。??如需帮助请及时拨打24小时服务电话85520610，我会出现在你需要的每个时刻???♂???♂???♂。祝您好梦！一醒来又是美美哒的一天哦???""。08月27日 20:55分。一期中队长(客户):""【?? 秩序服务?巡逻篇】。我们是晚班园区秩序的守护者??。每天园区全覆盖巡视??。希望用我们的行动??。为您营造舒适的居家环境??。如需帮助请拨打24小时服务热线。?:0731一85520610。值班中队长。?:17700582951（一期）。??我们竭诚为您服务??""。一期中队长(客户):""[视频]""。08月27日 21:54分。小蚊子(客户):""十点了，楼上还在敲敲打打干什么""。浠惠??(客户):""[视频]""。小蚊子(客户):""@一期中队长?还在一直敲，麻烦过来管管""。小蚊子(客户):""噪音太大了""。一期中队长(客户):""@小蚊子?收到，马上通知巡逻岗""。一期中队长(客户):""请问是几楼发出的噪音""。一期中队长(客户):""@小蚊子?""。浠惠??(客户):""应该就是29""。08月27日 21:59分。浠惠??(客户):""我感觉就在门外""。一期中队长(客户):""好的""。小蚊子(客户):""不是29就是27""。小蚊子(客户):""还在敲""。一期中队长(客户):""好的，已通知巡逻岗""。08月27日 22:17分。殇訫丶(客户):""[图片]""。殇訫丶(客户):""@小蚊子?3006在劈材，已制止""。小蚊子(客户):""[捂脸]，辛苦了，感谢！""。08月28日 03:46分。一期中队长(客户):""【?? 秩序服务?巡逻篇】。我们是晚班园区秩序的守护者??。每天园区全覆盖巡视??。希望用我们的行动??。为您营造舒适的居家环境??。如需帮助请拨打24小时服务热线。?:0731一85520610。值班中队长。?:17700582951（一期）。??我们竭诚为您服务??""。一期中队长(客户):""[图片]""。&&&","[
    {
        ""业主情感强度"": {
            ""每天都要活得开心"": ""强烈负面""
        },
        ""事件讨论开始时间"": ""08月27日 07:23分"",
        ""事件讨论结束时间"": ""08月27日 09:40分"",
        ""事件详情"": ""18栋门口停了多台电动车，业主认为大门口成了停车场，存在安全隐患，且物业处理不及时，需要业主提醒才挪车。"",
        ""话题倾向"": """"
    },
    {
        ""业主情感强度"": {
            ""每天都要活得开心"": ""强烈负面""
        },
        ""事件讨论开始时间"": ""08月27日 07:31分"",
        ""事件讨论结束时间"": ""08月27日 07:31分"",
        ""事件详情"": ""18栋楼栋大门不关被拉或者人为拉坏，两台电梯常坏，水和电经常停，业主对此表示不满。"",
        ""话题倾向"": """"
    },
    {
        ""业主情感强度"": {
            ""小蚊子"": ""强烈负面""
        },
        ""事件讨论开始时间"": ""08月27日 21:54分"",
        ""事件讨论结束时间"": ""08月27日 22:17分"",
        ""事件详情"": ""晚上十点后，有业主反映楼上噪音太大，影响休息，物业未能及时处理。"",
        ""话题倾向"": """"
    }
]"
群聊负向,"这是要分析的对话:&&&08月27日 08:04分。姜(客户):""尊敬的各位业主：早上好[玫瑰]。8月27日秩序部白班已接班，执勤安排如下：。一、值班:姜小朋 18786658735。二、24小时值班电：0851-83873003。辖区派出所电话：0851-83851334。三、带班时间：08:00-20:00。四、我们将12小时坚守岗位，如有需要请致电，我们将竭诚为您服务。外出请关好门窗、水电及燃气、出入小区带好业主卡、做好个人防护。。贵阳恒大文化旅游城物业服务中心祝您：生活愉快！[烟花]""。姜(客户):""[图片]""。08月27日 08:57分。恒大文化旅游城-管家-晏春英(员工):""?????????家人们，早上好~。今天…………""。08月27日 10:45分。清??(客户):""@恒大文化旅游城-管家-晏春英?@第二物业负责人何继雄?。我家厨房阳台漏水，水沿着煤气管道流下，现在煤气管道已经锈蚀，大家都知道如果管道锈蚀会出现沙眼燃气泄漏，如果发生爆炸，这是可不是我一家的安全问题，还请解决一下""。清??(客户):""你们让找恒大专班，而专班说应该物业处理，我现在也不知道怎么办了""。何继雄(客户):""漏水的问题是由地产这边来进行处理的，我们确实是没有这方面做漏水的师傅，只有让他们那边来协调才有可能""。08月27日 10:53分。彭敏(客户):""请问物业是用来管什么""。彭敏(客户):""不懂就问""。清??(客户):""各位邻居：。煤气管道锈蚀问题，物业不处理，专班也不处理，我一个老人是无能为力了，到底有多大的安全隐患我也不清楚，现在告知各位邻居让大家都知道我们楼栋的安全隐患情况""。何继雄(客户):""物业虽然收了物业费，但是也是有物业服务范围的""。何继雄(客户):""关于物业服务范围，物业是针对全体业主共有部分的秩序安全维护、园林绿化养护、园区环境卫生的维护、客服服务、工程维护、电梯维保、消防维保、生活垃圾清运等全体业主共有部分的服务""。恒大文化旅游城-管家-晏春英(员工):""物业费用于物业共用部位的维修、养护和管理…………""。恒大文化旅游城-管家-晏春英(员工):""在我们能力范围的我们肯定第一时间积极处理…………""。彭敏(客户):""谁和你们签的合同""。何继雄(客户):""室内的小问题能帮忙的我们都会帮忙弄，你家这个问题一是涉及漏水，二是涉及燃气管道，非专业的人员是不敢动的""。何继雄(客户):""@清???这个只能是找相关部门来进行协调，不是我们不帮你处理，确实是超出了我们的能力范围，你如果相信我说的就按我给你说的办法去做，这个问题确实是需要相关部门来解决，物业真没这个能力处理，也的确不在我们服务范围""。清??(客户):""@第二物业负责人何继雄?物业协调解决是应该的吧，特别是关系到燃气问题""。08月27日 10:58分。何继雄(客户):""该上报的我们会报上去，但同时也需要我们共同努力才有可能解决问题""。合。(客户):""世界上最遥远的部门：相关部门""。清??(客户):""@第二物业负责人何继雄?燃气耶，等你们慢慢报，出了事故谁负责？""。彭敏(客户):""推卸责任""。何继雄(客户):""推卸责任的不是我们""。清??(客户):""@第二物业负责人何继雄?你们就让我自己到处找，收了物业费，不为业主办事，谁还交物业费啊""。08月27日 11:03分。彭敏(客户):""@第二物业负责人何继雄?是谁""。何继雄(客户):""我们也在给你催，只是让你也催一下，这样会快些""。何继雄(客户):""专班和地产呀，本身房子渗漏水就有5年的质保，质保期以内出现的问题他们不处理，还推卸责任，说不关他们的事，购房合同里面白纸黑字写的很清楚，到底是谁的责任大了心里都有数""。何继雄(客户):""{""pre_msgid"":""13686362364972259070_1724727904579_external""}""。何继雄(客户):""专班和地产呀，本身房子渗漏水就有5年的质保，质保期以内出现的问题他们不处理，还推卸责任，说不关他们的事，购房合同里面白纸黑字写的很清楚，到底是谁的责任大家心里都有数""。彭敏(客户):""这是房屋存在的重大问题，你们在帮谁，是帮房开吧""。何继雄(客户):""我们的服务主体是业主，不是房开，我们也在催地产处理，为啥让业主也去催，是因为这样会快一点，更能引起他们重视，并不是说只让业主催，我们就不催""。08月27日 11:08分。彭敏(客户):""你好为业主服务什么""。彭敏(客户):""{""pre_msgid"":""12619658133677023274_1724728132608_external""}""。彭敏(客户):""你们为业主服务了什么""。何继雄(客户):""物业费用于物业共用部位的维修、养护和管理；物业共用设施设备的运行、维修、养护和管理；物业管理区域内的巡视、检查；物业共用部位和相关场地的清洁卫生，垃圾的收集、清运及雨、污水管道的疏通；公共绿化、水景、建筑小品的养护和管理；辆停放及经营管理；做好物业管理区范围内的绿化建设和保养等。""。清??(客户):""各位邻居：。安全隐患问题解决都这么推来推去，我没有能力去找各个相关部门了，告知各位邻居注意安全，如果发生爆炸事故，大家可以证明我报了隐患问题的。不想说了，越说越气""。彭敏(客户):""这些都是你们给房开的服务""。08月27日 11:15分。彭敏(客户):""谁让你们进来的""。彭敏(客户):""通过三分之二业主招标了没有""。恒大文化旅游城-管家-晏春英(员工):""@彭敏19栋1单元0103号房前期物业协…………""。彭敏(客户):""你好是几期""。彭敏(客户):""{""pre_msgid"":""813534706231763750_1724728778463_external""}""。恒大文化旅游城-管家-晏春英(员工):""这是一条引用/回复消息：。""清??。各位…………""。彭敏(客户):""你们是几期""。Zx(客户):""这也太吓人了吧！等出现了问题可能就是大问题！""。08月27日 11:20分。彭敏(客户):""@恒大文化旅游城-管家-晏春英?你们和谁签的合同""。何继雄(客户):""前期物业是一个楼盘开盘的必要条件，所以我们在恒大开盘之前我们就通过政府的招投标进来的，业主在购房时就与我们签订了前期物业服务协议，协议里面约定了我们的服务范围和收费标准""。彭敏(客户):""不是三方招标吗""。何继雄(客户):""就是通过招投标进来的呀""。彭敏(客户):""那三方""。Zx(客户):""物业加住家多几家共同打12345投诉管用吗？""。恒大文化旅游城-管家-晏春英(员工):""这是一条引用/回复消息：。""Zx。物业加…………""。恒大文化旅游城-管家-晏春英(员工):""@清??姐姐，我私聊您了，您看一下""。08月27日 11:26分。清??(客户):""@Zx?我没有能力解决，就想着告知各位邻居们，让大家都知道情况，注意安全，如果我不说大家不清楚存在的安全问题，现在天气热，门窗都开着比较通气，天气冷了，关了门窗就更担心了。""。何继雄(客户):""[图片]""。何继雄(客户):""这是地产回复的，我们找他就是这种态度，明确告知不处理""。08月27日 11:32分。清??(客户):""总之，就是没人处理，反正能处理问题的人都没住这里，住这里的邻居自己祈求平安吧""。Zx(客户):""这关系到整个楼的安全，物业签头打投诉电话吧！""。恒大文化旅游城-管家-晏春英(员工):""打的""。何继雄(客户):""物业打叫汇报，大家打才是民生，我们也同步报了也在催""。清??(客户):""@Zx?是的，有安全意识的人都知道严重性""。何继雄(客户):""[图片]""。Zx(客户):""是3楼往一楼流水吗？""。清??(客户):""@Zx?是3楼的煤气管道流水""。柠檬草(客户):""我觉得过了质保期也需要修，涉及费用再谈""。Zx(客户):""打电话得有个内容吧！谁编辑一下""。柠檬草(客户):""万一产生危险，大家怎么办？""。清??(客户):""实在不行大家换地方住，安全隐患啊""。Zx(客户):""3楼有人住吗""。08月27日 11:37分。清??(客户):""@Zx?是我家3楼""。清??(客户):""「柠檬草：。我觉得过了质保期也需要修，涉及费用再谈」。- - - - - - - - - - - - - - -。就是就是，关键是解除大家的安全问题""。何继雄(客户):""如果业主愿意自己花钱维修，我们可以协助帮忙一起找单位""。08月27日 11:45分。清??(客户):""这个房子物业费，房屋维修费等等各种费用都交了，具体漏水问题都没检查出了，为什么要我出费用？""。彭敏(客户):""这是房开的问题，物业也有不可推卸的责任""。清??(客户):""这次如果我出了费用，以后各位邻居家里房屋维修问题也就顺理成章的要自己花钱了""。08月27日 11:53分。何继雄(客户):""房屋过质保的问题本身就是业主自行花钱处理的""。彭敏(客户):""什么理由""。彭敏(客户):""未收房呢""。彭敏(客户):""算那里的""。何继雄(客户):""房屋的质保是从营销通知收房的当天开始计算，这个质保和是否收房没有关系""。08月27日 12:00分。彭敏(客户):""依据什么""。08月27日 20:40分。??(客户):""各位业主：晚上好！[玫瑰]。8月27日秩序部夜间执勤安排：。值班：罗锋18285024210 。维修部：李仕超17365003812。辖区派出所电话：0851-83851334。三、带班时间：20:00-08:00。四、我们将12小时坚守岗位，如有需要请致电，我们将竭诚为您服务。夜间休息请关好门窗，做好安全防范，出入小区带好业主卡、谨防尾随。。贵阳恒大文化旅游城物业服务中心祝您：生活愉快！[烟花]""。??(客户):""[图片]""。??(客户):""[视频]""。&&&","[
    {
        ""业主情感强度"": {
            ""清??"": ""强烈负面"",
            ""彭敏"": ""强烈负面"",
            ""Zx"": ""一般负面"",
            ""柠檬草"": ""一般负面""
        },
        ""事件讨论开始时间"": ""08月27日 10:45分"",
        ""事件讨论结束时间"": ""08月27日 12:00分"",
        ""事件详情"": ""业主清??反映其厨房阳台漏水，导致煤气管道锈蚀，存在安全隐患。清??多次催促物业和专班处理未果，引发多位业主共鸣，对物业的服务范围和责任提出质疑，并对安全隐患表示担忧。"",
        ""话题倾向"": """"
    }
]"
群聊负向,"这是要分析的对话:&&&08月27日 08:29分。恒大城-管家-小范(员工):""【休息知会】。尊敬的各位小主:。    …………""。08月27日 09:29分。恒大城???? 秩序部 三期监控室(客户):""??认真工作，全心守护。夜间巡查，日复一日。仅8月1日到8月27日，就发现51辆电动车没有拔钥匙没有关电源[炸弹][炸弹]。?????请各位业主注意防火防盗，拔钥匙关电源，避免不必要的损失[拳头][拳头]。??恒大物业—南昌恒大城。??愿我百分努力，换您十分满意""。恒大城???? 秩序部 三期监控室(客户):""[图片]""。08月27日 11:18分。物业生活服务部(客户):""??初秋每天必吃一个石榴。  —会理软籽突尼斯石榴??。      ??产地到货，销售中??。 礼盒装39.9元 净重5斤±0.2两。    详情扫码图片二维码咨询。            或咨询楼栋管家。   或电话咨询:18126299685""。08月27日 11:30分。物业生活服务部(客户):""[图片]""。08月27日 12:14分。恒大城???? 秩序部 三期监控室(客户):""[视频号消息]""。恒大城???? 秩序部 三期监控室(客户):""骗子冒充社交软件客服，说你“百万保障”即将到期，不取消每月要扣2000元？给你制造恐慌骗你上钩！打着“教你操作”的幌子，诱导你下载涉诈APP，窥探你的银行卡信息，伺机转走你的钱财。听到“百万保障”到期扣款，一定是诈骗！无论是哪个平台“百万保障”全部免费。敬请各位领导同事转发反诈视频及反诈日历。[抱拳][抱拳][抱拳]""。恒大城???? 秩序部 三期监控室(客户):""[图片]""。08月27日 13:21分。恒大城???? 秩序部 三期监控室(客户):""[图片]""。恒大城???? 秩序部 三期监控室(客户):""[图片]""。恒大城???? 秩序部 三期监控室(客户):""[图片]""。08月27日 15:12分。恒大城???? 秩序部 三期监控室(客户):""在打雷起风，有可能要下雨，请关注，晒衣服的要注意""。恒大城???? 秩序部 三期监控室(客户):""在打雷起风，有可能要下雨，请关注，晒衣服的要注意""。恒大城???? 秩序部 三期监控室(客户):""在打雷起风，有可能要下雨，请关注，晒衣服的要注意""。08月27日 17:26分。玉姐(客户):""谁一大包垃圾直接丢下来，差点砸到人""。baby-燕(客户):""13栋经常有人从上面扔东西，上次晚上也是扔东西""。baby-燕(客户):""管家真的要好好管理一下，已经出现砸到人了，麻烦引起重视""。baby-燕(客户):""没有摄像头，尽快安装，到底是谁家在这里搞破坏""。恒大城???? 秩序部 三期监控室(客户):""@玉姐?请问是什么时候丢下来的？我们这边看一下监控""。08月27日 17:31分。玉姐(客户):""23分左右""。周靖雯??明鑫中医馆(客户):""@玉姐?看一下有没有标签在上面""。08月27日 17:46分。恒大城???? 秩序部 三期监控室(客户):""@玉姐?好的""。08月27日 20:01分。恒大城???? 秩序部 三期监控室(客户):""? 2024.8.27日? 。【秩序维护部】 。1.夜班值班时间段：20：00—08：00。2.夜班值班队长:徐霖。3.物业24小时服务电话：0791-85957719/85130408。? 【物业小贴士】?。1、园区道路是大家的，请将爱车停至车位或车库，勿占行车主干道。。2、予人方便，予己方便，整齐有序，文明停车。。3、随身携带门禁卡，刷卡进出，提高安全防止偷盗。。4、请随手关大堂门，轻拉轻推，勿用力拉扯。。5、非机动车请勿进大堂、楼道内充电。。6、请勿让爱宠随地大小便，做文明养宠人。""。&&&","[
    {
        ""业主情感强度"": {
            ""玉姐"": ""一般负面"",
            ""baby-燕"": ""强烈负面""
        },
        ""事件讨论开始时间"": ""08月27日 17:26"",
        ""事件讨论结束时间"": ""08月27日 17:46"",
        ""事件详情"": ""在恒大城小区，业主玉姐和baby-燕反馈有人从高层扔下大包垃圾，差点砸到人。baby-燕表示13栋经常有人高空抛物，已经出现砸到人的情况，要求管家加强管理并安装摄像头。物业秩序部三期监控室表示会查看监控。"",
        ""话题倾向"": """"
    }
]"
群聊负向,"这是要分析的对话:&&&08月27日 09:31分。恒大城???? 秩序部 三期监控室(客户):""??认真工作，全心守护。夜间巡查，日复一日。仅8月1日到8月27日，就发现51辆电动车没有拔钥匙没有关电源[炸弹][炸弹]。?????请各位业主注意防火防盗，拔钥匙关电源，避免不必要的损失[拳头][拳头]。??恒大物业—南昌恒大城。??愿我百分努力，换您十分满意""。恒大城???? 秩序部 三期监控室(客户):""[图片]""。08月27日 11:19分。物业生活服务部(客户):""??初秋每天必吃一个石榴。  —会理软籽突尼斯石榴??。      ??产地到货，销售中??。 礼盒装39.9元 净重5斤±0.2两。    详情扫码图片二维码咨询。            或咨询楼栋管家。   或电话咨询:18126299685""。08月27日 12:15分。恒大城???? 秩序部 三期监控室(客户):""[视频号消息]""。恒大城???? 秩序部 三期监控室(客户):""骗子冒充社交软件客服，说你“百万保障”即将到期，不取消每月要扣2000元？给你制造恐慌骗你上钩！打着“教你操作”的幌子，诱导你下载涉诈APP，窥探你的银行卡信息，伺机转走你的钱财。听到“百万保障”到期扣款，一定是诈骗！无论是哪个平台“百万保障”全部免费。敬请各位领导同事转发反诈视频及反诈日历。[抱拳][抱拳][抱拳]""。恒大城???? 秩序部 三期监控室(客户):""[图片]""。08月27日 13:20分。恒大城???? 秩序部 三期监控室(客户):""[图片]""。恒大城???? 秩序部 三期监控室(客户):""[图片]""。恒大城???? 秩序部 三期监控室(客户):""[图片]""。08月27日 15:12分。恒大城???? 秩序部 三期监控室(客户):""在打雷起风，有可能要下雨，请关注，晒衣服的要注意""。恒大城???? 秩序部 三期监控室(客户):""在打雷起风，有可能要下雨，请关注，晒衣服的要注意""。恒大城???? 秩序部 三期监控室(客户):""在打雷起风，有可能要下雨，请关注，晒衣服的要注意""。08月27日 20:04分。恒大城???? 秩序部 三期监控室(客户):""? 2024.8.27日? 。【秩序维护部】 。1.夜班值班时间段：20：00—08：00。2.夜班值班队长:徐霖。3.物业24小时服务电话：0791-85957719/85130408。? 【物业小贴士】?。1、园区道路是大家的，请将爱车停至车位或车库，勿占行车主干道。。2、予人方便，予己方便，整齐有序，文明停车。。3、随身携带门禁卡，刷卡进出，提高安全防止偷盗。。4、请随手关大堂门，轻拉轻推，勿用力拉扯。。5、非机动车请勿进大堂、楼道内充电。。6、请勿让爱宠随地大小便，做文明养宠人。""。08月27日 20:39分。广浙塑料(客户):""@恒大城???? 秩序部 三期监控室?@物业生活服务部?@恒大城-管家-小冯?西门这些老太婆能不能管管""。广浙塑料(客户):""这个点别人不要休息吗""。广浙塑料(客户):""每天都这样子！""。广浙塑料(客户):""吵死了""。恒大城???? 秩序部 三期监控室(客户):""收到，我叫同事过去""。&&&","[
    {
        ""业主情感强度"": {
            ""广浙塑料"": ""强烈负面""
        },
        ""事件讨论开始时间"": ""08月27日 20:39分"",
        ""事件讨论结束时间"": ""08月27日 20:39分"",
        ""事件详情"": ""业主广浙塑料对西门老太婆的噪音问题表达了强烈的不满，表示每天都这样子，影响休息，情绪激动地说'吵死了'。"",
        ""话题倾向"": """"
    }
]"
群聊负向,"这是要分析的对话:&&&08月27日 14:43分。樱子(客户):""【求助】请问各位业主，有没有好的住家育婴师推荐。。本人家里有一位5个月的宝宝，要求带睡，会辅食制作，有经验，会普通话，懂早教。薪资待遇在每月6000-6500元，月休4天。如果有请私聊我，谢谢！""。08月27日 14:50分。知否(客户):""消防安全无小事，物业维修部工作人员正在对消防栓进行巡检，防患于未然，测试正常。[强][强][强][强]""。知否(客户):""[图片]""。08月27日 16:51分。知否(客户):""设备安全无小事，物业维修部工作人员正在对高压配电房，生活水泵房，消防水泵房进行巡检，防患于未然，运行正常。[强][强][强][强]""。知否(客户):""[图片]""。08月27日 19:46分。心情尚好15367485711(客户):""业主您好??。我是夜班秩序班长（周游：17700582090），也是你的夜间安全守护者??，也许您从来没有见过我，因为我值守在您熟睡的每个晚上。夜间??我们会跟踪可疑人员、巡查车库、巡查园区、巡查楼层。。??清晨06:00我们还会查看每个电梯，确保您上班时电梯正常运行。。??如需帮助请及时拨打24小时服务电话85066275，我会出现在你需要的每个时刻???♂????♂????♂?。祝?您好梦！一醒来又是美美哒的一天哦??????""。08月27日 19:59分。ZeRy :-)(客户):""[图片]""。ZeRy :-)(客户):""@何德军?@长沙恒大雅苑-管家-龙海斌?通知挪车""。ZeRy :-)(客户):""瞎了b眼 这么大字还乱停""。长沙恒大雅苑-管家-龙海斌(员工):""收到""。长沙恒大雅苑-管家-龙海斌(员工):""已安排秩序部同事处理""。ZeRy :-)(客户):""挪要拍照反馈""。ZeRy :-)(客户):""{""pre_msgid"":""11180642359135666512_1724760191546_external""}""。ZeRy :-)(客户):""挪完拍照反馈""。08月27日 20:05分。长沙恒大雅苑-管家-龙海斌(员工):""@ZeRy :-)好的""。08月27日 20:11分。心情尚好15367485711(客户):""「ZeRy :-)：。@何德军?@长沙恒大雅苑-管家-龙海斌?通知挪车」。- - - - - - - - - - - - - - -。@ZeRy :-)?巳经安排我的长沙，感谢你的反馈，祝您生活愉快？""。心情尚好15367485711(客户):""[图片]""。08月27日 20:30分。ZeRy :-)(客户):""什么时候挪完""。08月27日 21:10分。心情尚好15367485711(客户):""【?? 秩序服务?巡逻篇】。我们是晚班园区秩序的守护者??。每天园区全覆盖巡视??。希望用我们的行动??。为您营造舒适的居家环境??。如需帮助请拨打24小时服务热线。?:0731一82231519。值班中队长。?:17700582090（二期）。??我们竭诚为您服务??""。心情尚好15367485711(客户):""[视频]""。08月27日 21:34分。yh(客户):""[图片]""。yh(客户):""@ZeRy :-)?您好，已经开走了""。ZeRy :-)(客户):""好的[抱拳]""。08月27日 21:41分。遇见你(客户):""@秩序部余杭?这种乱停的，为什么不拉黑？不尊重人的，你们为什么放进来？""。08月27日 21:47分。心情尚好15367485711(客户):""「遇见你：。@秩序部余杭?这种乱停的，为什么不拉黑？不尊重人的，你们为什么放进来？」。- - - - - - - - - - - - - - -。@遇见你?人都有急事，临时停一下，方便一下别人，也是方便一下自己。美邻相互理解包容一下。感谢你的反馈，祝您生活愉快。""。08月27日 22:04分。广平(客户):""@秩序部史纲15367485711?临时停车可以引导到没卖出去的车位，物业有责任做好临时停车的引导告知的标志""。心情尚好15367485711(客户):""「广平：。@秩序部史纲15367485711?临时停车可以引导到没卖出去的车位，物业有责任做好临时停车的引导告知的标志」。- - - - - - - - - - - - - - -。是的，你的见意非常好，我这边把你的意思反馈给了领导，祝您生活愉快！""。08月27日 22:11分。广平(客户):""物业有成效的作为，远胜亡羊补牢，更能提高邻里间的和谐关系""。08月27日 22:29分。yh(客户):""??秩序小哥无处不在??，晚间环境卫生有我在，舒适环境携手大家一起共同营造[握手]。      ??文明呼吁【垃圾有个家，那是垃圾桶，请送它回家】 如您需要帮助请拨打物业中心24小时服务热线：?0731一85066275。值班中队长：周游。电话：17700582090""。yh(客户):""[图片]""。08月27日 23:55分。遇见你(客户):""「秩序部史纲15367485711：@遇见你?人都有急事，临时停一下，方便一下别人，也是方便一下自己。美邻相互理解包容一下。感谢你的反馈，祝您生活愉快。」。- - - - - - - - - - - - - - -。有急事就可以停别人车位？多急？有急事是不是也可以躺别人家里？别人花钱买的车位不就是别人家里吗？找不到空位为什么不停外面停车场？多的是空位。物业这都不管？""。&&&","[
    {
        ""业主情感强度"": {
            ""遇见你"": ""强烈负面"",
            ""ZeRy :-)"": ""强烈负面""
        },
        ""事件讨论开始时间"": ""08月27日 19:59分"",
        ""事件讨论结束时间"": ""08月27日 23:55分"",
        ""事件详情"": ""业主ZeRy :-)和遇见你反映有车辆乱停现象，ZeRy :-)在通知物业管家挪车时表现出强烈的不满，使用不雅语言表达情绪。遇见你则对物业未能有效管理乱停车辆表示不满，质疑物业的管理方式，认为物业应该对乱停车辆采取措施，如拉黑处理，并提出物业有责任引导临时停车到指定位置。"",
        ""话题倾向"": """"
    }
]"
群聊负向,"这是要分析的对话:&&&08月27日 08:09分。姜(客户):""尊敬的各位业主：早上好[玫瑰]。8月27日秩序部白班已接班，执勤安排如下：。一、值班:姜小朋 18786658735。二、24小时值班电：0851-83873003。辖区派出所电话：0851-83851334。三、带班时间：08:00-20:00。四、我们将12小时坚守岗位，如有需要请致电，我们将竭诚为您服务。外出请关好门窗、水电及燃气、出入小区带好业主卡、做好个人防护。。贵阳恒大文化旅游城物业服务中心祝您：生活愉快！[烟花]""。姜(客户):""[图片]""。08月27日 08:46分。文旅城-管家-周鹏(员工):""?????????家人们，早上好~。今天…………""。08月27日 09:53分。杨步宏(客户):""我到物业报修，说话好的？半時到？这么到现在，还没有人到？""。何继雄(客户):""稍等再给你催催""。08月27日 13:27分。王夏15(客户):""e@物业保安负责人—游露?[抱拳][抱拳]谢谢""。08月27日 16:40分。文旅城-管家-周鹏(员工):""停气通知。停气日期：2024年8月28日…………""。文旅城-管家-周鹏(员工):""@所有人""。08月27日 20:42分。??(客户):""各位业主：晚上好！[玫瑰]。8月27日秩序部夜间执勤安排：。值班：罗锋18285024210 。维修部：李仕超17365003812。辖区派出所电话：0851-83851334。三、带班时间：20:00-08:00。四、我们将12小时坚守岗位，如有需要请致电，我们将竭诚为您服务。夜间休息请关好门窗，做好安全防范，出入小区带好业主卡、谨防尾随。。贵阳恒大文化旅游城物业服务中心祝您：生活愉快！[烟花]""。??(客户):""[图片]""。??(客户):""[视频]""。&&&","[
    {
        ""业主情感强度"": {
            ""杨步宏"": ""强烈负面""
        },
        ""事件讨论开始时间"": ""08月27日 09:53"",
        ""事件讨论结束时间"": ""08月27日 09:53"",
        ""事件详情"": ""业主杨步宏在物业报修后，对维修人员的响应时间表示不满。他提到他到物业报修后，被告知半小时内会有人到，但直到他发言时，还没有维修人员到达。"",
        ""话题倾向"": """"
    }
]"
群聊负向,"这是要分析的对话:&&&08月27日 08:09分。雪容融??(客户):""[图片]""。雪容融??(客户):""你要把你这段时间工作痕迹要写出来，因为是质疑我们了""。雪容融??(客户):""@（休息中）韶关恒大城-管家-邱光明?""。08月27日 08:16分。朱向峰(员工):""@所有人  。各位领导、同事：。马上进入…………""。朱向峰(员工):""[文件]""。08月27日 08:55分。（休息中）韶关恒大城-管家-邱光明(员工):""[图片]""。（休息中）韶关恒大城-管家-邱光明(员工):""如需开发票以后请按以下格式发群里。1、房…………""。08月27日 09:12分。（请假中）韶关恒大城-管家-张志良(员工):""@包子如需开发票以后请按以下格式发群里。…………""。张海红(员工):""[文件]""。张海红(员工):""催费明细表已更新""。姣(客户):""[图片]""。姣(客户):""@韶关恒大城-管家-黄曲力?@李海通?@已停用-管家-邱光明（请加企微）?@已停用-管家徐文珠-请加企微?@（请假中）-管家张志良-请加企微号?记得回访""。08月27日 09:26分。韶关恒大城-管家-徐文珠(员工):""[文件]""。08月27日 09:35分。已停用-管家-邱光明（请加企微）(客户):""[图片]""。雪容融??(客户):""@韶关恒大城-管家-黄曲力?你问了什么进度""。雪容融??(客户):""那个铺95栋的地板的""。已停用-管家-邱光明（请加企微）(客户):""2-703已缴费。减免三个月费用""。已停用-管家-邱光明（请加企微）(客户):""@张海红?""。08月27日 09:42分。海的季节(客户):""好的""。08月27日 09:49分。韶关恒大城-管家-华明康(员工):""[会话记录消息]""。韶关恒大城-管家-华明康(员工):""@雪容融??和她私聊的聊天记录只有这些""。雪容融??(客户):""@韶关恒大城-管家-华明康?之前的聊天记录呢？""。雪容融??(客户):""搜一下架空层字眼""。（请假中）-管家张志良-请加企微号(客户):""[图片]""。（请假中）-管家张志良-请加企微号(客户):""@朱向峰?68-703""。08月27日 09:55分。姣(客户):""[强][强][强]""。（请假中）-管家张志良-请加企微号(客户):""@海的季节?开个收据先""。雪容融??(客户):""[表情]""。（请假中）-管家张志良-请加企微号(客户):""有减免3个月""。韶关恒大城-管家-华明康(客户):""[图片]""。韶关恒大城-管家-华明康(客户):""@雪容融???""。海的季节(客户):""[图片]""。海的季节(客户):""68-1-0703""。08月27日 10:01分。（请假中）-管家张志良-请加企微号(客户):""收到""。08月27日 10:29分。朱向峰(客户):""好的""。08月27日 10:38分。已停用-管家-邱光明（请加企微）(客户):""[图片]""。已停用-管家-邱光明（请加企微）(客户):""[图片]""。已停用-管家-邱光明（请加企微）(客户):""业主无人机掉落。在联系业主处理""。韶关恒大城-管家-华明康(客户):""[图片]""。韶关恒大城-管家-华明康(客户):""[图片]""。韶关恒大城-管家-华明康(客户):""业主家灯带不亮，协调开发商现场处理""。08月27日 11:01分。韶关恒大城-管家-彭小芸(客户):""72-2601""。韶关恒大城-管家-彭小芸(客户):""刚刚给了1000的扫码物业费""。韶关恒大城-管家-彭小芸(客户):""录历史给我收据""。韶关恒大城-管家-彭小芸(客户):""谢谢""。韶关恒大城-管家-彭小芸(客户):""@包子?""。韶关恒大城-管家-彭小芸(客户):""@张海红?""。08月27日 11:07分。海的季节(客户):""[图片]""。海的季节(客户):""72-2601""。韶关恒大城-管家-彭小芸(客户):""收""。08月27日 13:04分。（休息中）韶关恒大城-管家-邱光明(员工):""[图片]""。（休息中）韶关恒大城-管家-邱光明(员工):""48-1001室内浴室玻璃碎裂""。（休息中）韶关恒大城-管家-邱光明(员工):""这是一条引用/回复消息：。""已停用-管家…………""。08月27日 14:32分。韶关恒大城-管家-徐文珠(员工):""[图片]""。韶关恒大城-管家-徐文珠(员工):""[图片]""。韶关恒大城-管家-徐文珠(员工):""8-2002租户信息 ""。韶关恒大城-管家-徐文珠(员工):""@婷 ""。雪容融??(客户):""@王荣姣?看一下拜访数据""。雪容融??(客户):""还有认证的""。雪容融??(客户):""@张海红?收费的""。08月27日 14:45分。姣(客户):""收到""。（停用）韶关恒大城-管家-侯稼杰(客户):""如需开发票以后请按以下格式发群里。1、房号：33-2802。2、公司名称：业主抬头。3、纳税人识别号：。4、开票内容：（物业费1000元""。08月27日 15:01分。（请假中）-管家张志良-请加企微号(客户):""[图片]""。（请假中）-管家张志良-请加企微号(客户):""[图片]""。08月27日 15:10分。朱向峰(员工):""@恒大珺越花园-管家-王俊杰 检查下那个…………""。管家李海通（此号已停用请加企微）(客户):""如需开发票以后请按以下格式发群里。1、房号：E42。2、公司/业主名称：广东爱心大药房连锁有限公司恒大分店。3、纳税人识别号：91440200MAD72G7J1F。4、开票内容：（物业费174.1元。公摊5元）。5、备注：。（物业费8月份，公摊7月份）""。管家李海通（此号已停用请加企微）(客户):""如需开发票以后请按以下格式发群里。1、房号：E41。2、公司/业主名称：广东爱心大药房连锁有限公司恒大分店。3、纳税人识别号：91440200MAD72G7J1F。4、开票内容：（物业费187.2元。公摊5元）。5、备注：。（物业费8月份，公摊7月份）""。08月27日 15:16分。韶关恒大城-管家-李海通(员工):""[图片]""。08月27日 15:22分。雪容融??(客户):""[图片]""。雪容融??(客户):""22-1903 两个车位各一个月""。雪容融??(客户):""@包子?@婷?""。海的季节(客户):""好的""。恒大珺越花园-管家-王俊杰(员工):""这是一条引用/回复消息：。""朱向峰。@恒…………""。恒大珺越花园-管家-王俊杰(员工):""[图片]""。08月27日 15:30分。朱向峰(员工):""@Шαиg五歲 车库的二维码 找到了吗""。Шαиg五歲(客户):""找到了""。海的季节(客户):""[小程序消息]""。Шαиg五歲(客户):""[文件]""。海的季节(客户):""{""pre_msgid"":""8663783218187637995_1724743850224_external""}""。朱向峰(客户):""记得安排跟秩序部去贴""。Шαиg五歲(客户):""9期车库运营的通知@雪容融???麻烦审阅""。Шαиg五歲(客户):""「朱向峰：记得安排跟秩序部去贴」。- - - - - - - - - - - - - - -。收到""。朱向峰(客户):""电梯，照明，消防都没啥问题吧""。朱向峰(客户):""我去看看""。韶关恒大城-管家-徐文珠(员工):""【分开两张发票】如需开发票以后请按以下格…………""。08月27日 15:35分。韶关恒大城-管家-徐文珠(员工):""【分开两张发票】如需开发票以后请按以下格…………""。韶关恒大城-管家-徐文珠(员工):""[图片]""。韶关恒大城-管家-徐文珠(员工):""[图片]""。韶关恒大城-管家-徐文珠(员工):""@包子 ""。雪容融??(客户):""写清楚我们是委托我方物业对停车进行物业管理服务。""。雪容融??(客户):""地下停车场产权归属开发商""。雪容融??(客户):""或者相关产权业主方。""。雪容融??(客户):""把这个要备注上去。""。Шαиg五歲(客户):""[OK]""。雪容融??(客户):""然后260元里面包括车位使用费多少钱217元，物业管理费43元，""。雪容融??(客户):""我们真的只拿物业管理费这部分的。""。雪容融??(客户):""这些要在里面说明一下""。管家李海通（此号已停用请加企微）(客户):""如需开发票以后请按以下格式发群里。1、房号：14-1602。2、公司/业主名称：业主抬头。3、纳税人识别号。4、开票内容：已交所有物业费用发票。5、备注：。（物业费8月份，公摊7月份）""。管家李海通（此号已停用请加企微）(客户):""{""pre_msgid"":""1507960921679190513_1724744401355_external""}""。管家李海通（此号已停用请加企微）(客户):""如需开发票以后请按以下格式发群里。1、房号：14-1602。2、公司/业主名称：业主抬头。3、纳税人识别号。4、开票内容：已交所有物业费用发票。5、备注：""。08月27日 15:45分。韶关恒大城-管家-华明康(员工):""[图片]""。韶关恒大城-管家-华明康(员工):""[图片]""。韶关恒大城-管家-徐文珠(员工):""如需开发票以后请按以下格式发群里。1、房…………""。08月27日 16:09分。（休息中）韶关恒大城-管家-邱光明(员工):""[图片]""。08月27日 16:31分。海的季节(客户):""[图片]""。08月27日 16:54分。婷(客户):""[文件]""。婷(客户):""产权车续费提醒""。婷(客户):""@韶关恒大城-管家-李海通?@韶关恒大城-管家-邱光明?@韶关恒大城-管家-徐文珠?@韶关恒大城-管家-黄曲力?@韶关恒大城-管家-华明康?""。08月27日 17:00分。包子(客户):""如需开发票以后请按以下格式发群里。1、房号：14-2401。2、公司/业主名称：何满凤。3、纳税人识别号：/。4、开票内容：物业管理费：363.30元  公摊电费：33.5元。5、备注： （如需备注缴费周期请填写周期时间）""。姣(客户):""[图片]""。姣(客户):""@（停用）韶关恒大城-管家-侯稼杰?@管家李海通（此号已停用请加企微）?@已停用-管家-邱光明（请加企微）?@已停用-管家徐文珠-请加企微?@管家-杨洪财(请加企微)?@管家张世辉-请加企微?@（请假中）-管家张志良-请加企微号?记得回访""。已停用-管家-邱光明（请加企微）(客户):""[图片]""。已停用-管家-邱光明（请加企微）(客户):""@婷?这户没取消划扣吗？""。已停用-管家-邱光明（请加企微）(客户):""08-2502和48-3201""。08月27日 17:05分。韶关恒大城-管家-李海通(员工):""[图片]""。08月27日 17:18分。海的季节(客户):""[图片]""。08月27日 17:33分。郭文锋(客户):""[文件]""。郭文锋(客户):""[文件]""。郭文锋(客户):""预防登革热和倡议书文本打印出来在各楼宇张贴宣传""。郭文锋(客户):""@包子?@滕's?""。滕's(客户):""@王荣姣?""。滕's(客户):""我休息""。08月27日 17:55分。韶关恒大城-管家-华明康(员工):""[图片]""。韶关恒大城-管家-徐文珠(员工):""如需开发票以后请按以下格式发群里。1、房…………""。&&&","{""事件提取"":null,""提取结果"":false}"
群聊负向,"这是要分析的对话:&&&08月27日 07:59分。十月！烟花雨巷(客户):""19栋一单元1504在滴水 好多衣服""。十月！烟花雨巷(客户):""@恒大城-管家-罗欢?""。恒大城???? 秩序部 三期监控室(客户):""@十月！烟花雨巷?好的，我联系一下1504""。08月27日 08:16分。恒大城???? 秩序部 三期监控室(客户):""@十月！烟花雨巷?联系了1504，应该不是他家，他说他房子没有装那种晒衣服在外面的晾衣杆，而且租户一个月也难得住两三天，基本不会晒衣服，""。08月27日 08:29分。恒大城-管家-罗欢(员工):""我看下外面""。08月27日 08:42分。恒大城-管家-罗欢(员工):""应该没有了吧，那个我看的是16跟21楼有…………""。恒大城-管家-罗欢(员工):""[图片]""。恒大城-管家-罗欢(员工):""我再提醒下多注意甩水""。08月27日 09:28分。恒大城???? 秩序部 三期监控室(客户):""??认真工作，全心守护。夜间巡查，日复一日。仅8月1日到8月27日，就发现51辆电动车没有拔钥匙没有关电源[炸弹][炸弹]。?????请各位业主注意防火防盗，拔钥匙关电源，避免不必要的损失[拳头][拳头]。??恒大物业—南昌恒大城。??愿我百分努力，换您十分满意""。恒大城???? 秩序部 三期监控室(客户):""[图片]""。08月27日 11:20分。物业生活服务部(客户):""??初秋每天必吃一个石榴。  —会理软籽突尼斯石榴??。      ??产地到货，销售中??。 礼盒装39.9元 净重5斤±0.2两。    详情扫码图片二维码咨询。            或咨询楼栋管家。   或电话咨询:18126299685""。08月27日 11:33分。物业生活服务部(客户):""[图片]""。08月27日 12:12分。恒大城???? 秩序部 三期监控室(客户):""骗子冒充社交软件客服，说你“百万保障”即将到期，不取消每月要扣2000元？给你制造恐慌骗你上钩！打着“教你操作”的幌子，诱导你下载涉诈APP，窥探你的银行卡信息，伺机转走你的钱财。听到“百万保障”到期扣款，一定是诈骗！无论是哪个平台“百万保障”全部免费。敬请各位领导同事转发反诈视频及反诈日历。[抱拳][抱拳][抱拳]""。恒大城???? 秩序部 三期监控室(客户):""[视频号消息]""。恒大城???? 秩序部 三期监控室(客户):""[图片]""。08月27日 13:21分。恒大城???? 秩序部 三期监控室(客户):""[图片]""。恒大城???? 秩序部 三期监控室(客户):""[图片]""。恒大城???? 秩序部 三期监控室(客户):""[图片]""。08月27日 15:12分。恒大城???? 秩序部 三期监控室(客户):""在打雷起风，有可能要下雨，请关注，晒衣服的要注意""。恒大城???? 秩序部 三期监控室(客户):""在打雷起风，有可能要下雨，请关注，晒衣服的要注意""。恒大城???? 秩序部 三期监控室(客户):""在打雷起风，有可能要下雨，请关注，晒衣服的要注意""。08月27日 20:04分。恒大城???? 秩序部 三期监控室(客户):""? 2024.8.27日? 。【秩序维护部】 。1.夜班值班时间段：20：00—08：00。2.夜班值班队长:徐霖。3.物业24小时服务电话：0791-85957719/85130408。? 【物业小贴士】?。1、园区道路是大家的，请将爱车停至车位或车库，勿占行车主干道。。2、予人方便，予己方便，整齐有序，文明停车。。3、随身携带门禁卡，刷卡进出，提高安全防止偷盗。。4、请随手关大堂门，轻拉轻推，勿用力拉扯。。5、非机动车请勿进大堂、楼道内充电。。6、请勿让爱宠随地大小便，做文明养宠人。""。&&&","[
    {
        ""业主情感强度"": {
            ""十月！烟花雨巷"": ""一般负面""
        },
        ""事件讨论开始时间"": ""08月27日 07:59"",
        ""事件讨论结束时间"": ""08月27日 08:42"",
        ""事件详情"": ""19栋一单元1504房间发生滴水事件，导致楼下业主的衣服被淋湿。物业进行了调查，初步判断不是1504房间的问题，但未给出最终解决方案。"",
        ""话题倾向"": """"
    }
]"
群聊负向,"这是要分析的对话:&&&08月27日 08:41分。雷松(员工):""?????????家人们，早上好~。今天…………""。08月27日 11:59分。雷松(员工):""@所有人 在14组团滑滑梯拾到一串钥匙，…………""。08月27日 12:45分。波仔(客户):""物业＃（秩序服务）装修管控。??文明施工，共创温馨家园。装修巡查及提醒装修时间为早上8:30-12:00下午14:00-18:00。#周末节假日全天禁止装修。——贵阳恒大文化旅游城物业服务中心祝各位业主生活愉快[玫瑰][玫瑰]""。08月27日 18:09分。0ω0 小丽(客户):""[图片]""。0ω0 小丽(客户):""1栋电梯""。Devin????????????(客户):""轿厢没电吗""。Devin????????????(客户):""我联系师傅过来看看""。08月27日 18:15分。0ω0 小丽(客户):""嗯，楼梯口这个""。0ω0 小丽(客户):""{""pre_msgid"":""7592793542326430548_1724753754370_external""}""。0ω0 小丽(客户):""一楼下楼梯这边这个""。Devin????????????(客户):""[好的]好的""。波仔(客户):""物业＃（秩序服务）装修管控。??文明施工，共创温馨家园。装修巡查及提醒装修时间为早上8:30-12:00下午14:00-18:00。#周末节假日全天禁止装修。——贵阳恒大文化旅游城物业服务中心祝各位业主生活愉快[玫瑰][玫瑰]""。Devin????????????(客户):""[图片]""。Devin????????????(客户):""「0ω0 小丽：[图片]」。- - - - - - - - - - - - - - -。已恢复""。08月27日 18:22分。0ω0 小丽(客户):""[OK]""。08月27日 19:42分。?(客户):""各位业主：晚上好！[玫瑰]。8 月 27日秩序部夜间执勤安排：。一、值班队长：董煜轩。电话: 17855557716。二、24小时值班电话：0851-83873635。辖区派出所电话：0851-83851334。三、带班时间：。20:00-08:00。四、我们将12小时坚守岗位，如有需要请致电，我们将竭诚为您服务。夜间休息请关好门窗，做好安全防范，出入小区带好业主卡。。贵阳恒大文化旅游城物业服务中心祝您：生活愉快！[烟花]""。&&&","{""事件提取"":null,""提取结果"":false}"
群聊负向,"这是要分析的对话:&&&08月27日 06:51分。你的月亮我的心(客户):""温馨提示：。因遇降雨天气，金碧晨跑团临时取消一天，请各位家长和小朋友们不要跑空哦[玫瑰][玫瑰]""。08月27日 08:08分。宁宁(客户):""[图片]""。宁宁(客户):""保洁上班后第一时间清理积水，方便出行[玫瑰][玫瑰]""。宁宁(客户):""[图片]""。宁宁(客户):""[图片]""。08月27日 08:37分。飞翔(客户):""8～3东梯停在3楼不动了""。飞翔(客户):""[图片]""。08月27日 08:45分。济南绿洲8-9号楼管家立夏(员工):""收到""。济南绿洲8-9号楼管家立夏(员工):""[玫瑰][玫瑰]早安  绿洲[玫瑰][玫…………""。济南绿洲8-9号楼管家立夏(员工):""[链接]""。08月27日 08:56分。济南绿洲8-9号楼管家立夏(员工):""┌─??桶装水活动来袭。??水长清纯天然…………""。济南绿洲8-9号楼管家立夏(员工):""[图片]""。08月27日 09:11分。派出所反诈宣传员(客户):""3998元，妇女?找“客服”退回孩子充值的游戏款?被骗。。1095元，大学生??其同学微信号被盗，借钱??被骗。。。男青年[色][色]约炮[色][色]，妇女??兼职刷单??、????被“异性网友”诱导投资????诈骗高发！。转发提醒好家里的[拥抱]年轻人、妇女[拥抱]！。。【8月26日电诈警情通报】。【文昌街道、新城派出所】。1、汇侨城妇女，【找“客服”退孩子充值的游戏费】被骗3998元。。??手段：孩子充值游戏后，在网上[爆竹]搜索“客服”退费[爆竹]，对方让其扫码，称?已经设置好，钱不会被转走?。结果，还是转账成功。。。【大学城、大学路派出所】。2、齐鲁工业大学大三学生（专业待核实），【其同学微信号被盗，发来借钱信息】被骗1095元。。??手段：其同学[爆竹]微信号被盗[爆竹]，对方让其?帮忙把钱从微信倒腾到支付宝?。 。       该同学用支付宝给其转钱后，对方没有信守承诺，把钱用微信再转回来。""。08月27日 16:04分。派出所反诈宣传员(客户):""[小程序消息]""。08月27日 16:15分。宁宁(客户):""[拳头]环境提升持续进行中[拳头]。[太阳]今天园区大扫除[太阳]。恒大绿洲保洁团队为您服务[玫瑰]""。宁宁(客户):""[图片]""。08月27日 18:37分。A00(客户):""??物业秩序“小蜜蜂” ??。[庆祝]“小蜜蜂”来了！来了！[庆祝]。[太阳]有事，您说话[太阳]。[庆祝]车辆电瓶亏电启动不了！。[庆祝]家里有沉物品搬不动了！。[庆祝]买了好多东西拿不了！。联系电话：0531-55612606。秩序小“蜜蜂”竭诚为您服务！[耶][耶][耶]。[庆祝]我们的口号：。[庆祝]真心帮助每一位[庆祝]。[庆祝]热心服务每一人[庆祝]。[庆祝]赠人玫瑰[玫瑰]，手有余香[庆祝]""。A00(客户):""[图片]""。08月27日 19:39分。今天我也很开心??(客户):""谁弄的自己清理了不行吗，光等着人家保洁吗，再说人家也下班了，不嫌恶心吗""。今天我也很开心??(客户):""[文件下载失败]""。08月27日 20:04分。你的月亮我的心(客户):""尊敬的业主，您好：。       为更好、更快的解决业主问题，现将各值班人员、联系电话及值班时间公示在群内，各位业主可直接电话联系或在群内@秩序110。1、日常家用维修工具(螺丝刀、活动扳手、小锤等);。2、小型购物车、平板车、人字梯、打气筒，应急医用品等。。为您爱家保驾护航，如果您有家政保洁、直饮水卡办理、白蚁消杀、有偿维修、房屋租赁的业务需求，随时与我们联系，为您提供专业的服务。。【秩序维护部】。[爱心]1.值班时间段：。????20:00－08:00????。[爱心]2.值班中队长-赵队电话：0531-55615881。[爱心]3.物业服务电话：0531-55615896、55615596。??4.监控室值班24小时电话：0531-55612606。3、【物业-安保服务“小蜜蜂”】。[抱拳]如您家中有需要帮助的请联系我们?。[爱心]24小时为各位家人守候。[合十]贴心服务、真诚相伴。如需便民服务车，请直接联系；。①55612606。②55612808。有事您说话，我们会在第一时间安排人员帮你处理[玫瑰][玫瑰]""。你的月亮我的心(客户):""[图片]""。08月27日 23:56分。你的月亮我的心(客户):""[图片]""。你的月亮我的心(客户):""尊敬的业主大家好！我是夜间执勤赵队长，金碧物业安保服务8月27号巡查，时刻守护业主们的安全，请安心入睡，如有紧急情况请拨打0531-55612606""。08月28日 02:57分。你的月亮我的心(客户):""尊敬的业主大家好！我是夜间执勤赵队长，金碧物业安保服务8月28号巡查，时刻守护业主们的安全，请安心入睡，如有紧急情况请拨打0531-55612606""。你的月亮我的心(客户):""[图片]""。&&&","[
    {
        ""业主情感强度"": {
            ""飞翔"": ""一般负面""
        },
        ""事件讨论开始时间"": ""08月27日 08:37分"",
        ""事件讨论结束时间"": ""08月27日 08:37分"",
        ""事件详情"": ""8月27日，业主飞翔在群聊中反映8～3东梯停在3楼不动了，并附有图片。此事件中，物业员工济南绿洲8-9号楼管家立夏确认收到信息，但对话中未显示物业方面后续的具体解决措施。"",
        ""话题倾向"": """"
    }
]"
群聊负向,"这是要分析的对话:&&&08月27日 09:33分。恒大城???? 秩序部 三期监控室(客户):""??认真工作，全心守护。夜间巡查，日复一日。仅8月1日到8月27日，就发现51辆电动车没有拔钥匙没有关电源[炸弹][炸弹]。?????请各位业主注意防火防盗，拔钥匙关电源，避免不必要的损失[拳头][拳头]。??恒大物业—南昌恒大城。??愿我百分努力，换您十分满意""。恒大城???? 秩序部 三期监控室(客户):""[图片]""。08月27日 11:19分。物业生活服务部(客户):""??初秋每天必吃一个石榴。  —会理软籽突尼斯石榴??。      ??产地到货，销售中??。 礼盒装39.9元 净重5斤±0.2两。    详情扫码图片二维码咨询。            或咨询楼栋管家。   或电话咨询:18126299685""。08月27日 12:15分。恒大城???? 秩序部 三期监控室(客户):""[视频号消息]""。恒大城???? 秩序部 三期监控室(客户):""[图片]""。恒大城???? 秩序部 三期监控室(客户):""骗子冒充社交软件客服，说你“百万保障”即将到期，不取消每月要扣2000元？给你制造恐慌骗你上钩！打着“教你操作”的幌子，诱导你下载涉诈APP，窥探你的银行卡信息，伺机转走你的钱财。听到“百万保障”到期扣款，一定是诈骗！无论是哪个平台“百万保障”全部免费。敬请各位领导同事转发反诈视频及反诈日历。[抱拳][抱拳][抱拳]""。08月27日 13:20分。恒大城???? 秩序部 三期监控室(客户):""[图片]""。恒大城???? 秩序部 三期监控室(客户):""[图片]""。恒大城???? 秩序部 三期监控室(客户):""[图片]""。08月27日 15:12分。恒大城???? 秩序部 三期监控室(客户):""在打雷起风，有可能要下雨，请关注，晒衣服的要注意""。恒大城???? 秩序部 三期监控室(客户):""在打雷起风，有可能要下雨，请关注，晒衣服的要注意""。恒大城???? 秩序部 三期监控室(客户):""在打雷起风，有可能要下雨，请关注，晒衣服的要注意""。08月27日 20:03分。恒大城???? 秩序部 三期监控室(客户):""? 2024.8.27日? 。【秩序维护部】 。1.夜班值班时间段：20：00—08：00。2.夜班值班队长:徐霖。3.物业24小时服务电话：0791-85957719/85130408。? 【物业小贴士】?。1、园区道路是大家的，请将爱车停至车位或车库，勿占行车主干道。。2、予人方便，予己方便，整齐有序，文明停车。。3、随身携带门禁卡，刷卡进出，提高安全防止偷盗。。4、请随手关大堂门，轻拉轻推，勿用力拉扯。。5、非机动车请勿进大堂、楼道内充电。。6、请勿让爱宠随地大小便，做文明养宠人。""。08月27日 23:38分。FW(客户):""2801的，你们能轻点不？每天晚上好晚了都是洞洞的响，还让人睡觉不？""。FW(客户):""2801的，你们能轻点不？每天晚上好晚了都是洞洞的响，还让人睡觉不？""。&&&","[
    {
        ""业主情感强度"": {
            ""FW"": ""强烈负面""
        },
        ""事件讨论开始时间"": ""08月27日 23:38分"",
        ""事件讨论结束时间"": ""08月27日 23:38分"",
        ""事件详情"": ""业主FW连续两次投诉2801的噪音问题，称每天晚上都很晚还有噪音，影响休息。地点为恒大城三期，具体楼栋和房间号为2801。"",
        ""话题倾向"": """"
    }
]"
群聊负向,"这是要分析的对话:&&&08月27日 19:22分。韶关恒大城B区监控员(客户):""2024-8-27。【秩序维护部】。1、值班时间段:【19:00-7:00】。2、值班中队长:  李佰全。联系电话：18933707875。【温馨提示】。请各位业主知悉，如需要帮助或遇紧急情况，请电话联系值班室或值班中队长。。物业24小时值班电话：0751-8706100。0751-8706228""。08月27日 21:10分。银行贷款唐经理(客户):""73栋这边电梯没拖过吧""。银行贷款唐经理(客户):""好脏""。韶关恒大城B区监控员(客户):""您好  请问是那一层？""。银行贷款唐经理(客户):""那些地板四条边很多灰尘啊，垃圾""。银行贷款唐经理(客户):""电梯""。韶关恒大城B区监控员(客户):""您好  收到这边通知保洁清理""。08月27日 21:25分。银行贷款唐经理(客户):""[图片]""。银行贷款唐经理(客户):""[图片]""。韶关恒大城B区监控员(客户):""「韶关恒大城B区监控员：您好  收到这边通知保洁清理」。- - - - - - - - - - - - - - -。您好  已经通知保洁过去清理了""。银行贷款唐经理(客户):"" 就是每天他没垃圾，但是地板就总是脏脏的""。&&&","[
    {
        ""业主情感强度"": {
            ""银行贷款唐经理"": ""一般负面""
        },
        ""事件讨论开始时间"": ""08月27日 21:10分"",
        ""事件讨论结束时间"": ""08月27日 21:25分"",
        ""事件详情"": ""韶关恒大城B区73栋电梯清洁状况不佳，业主银行贷款唐经理发现电梯内地板四条边有很多灰尘和垃圾，表示不满。物业监控员在对话中回应已通知保洁清理。"",
        ""话题倾向"": """"
    }
]"
群聊负向,"这是要分析的对话:&&&08月27日 09:32分。恒大城???? 秩序部 三期监控室(客户):""??认真工作，全心守护。夜间巡查，日复一日。仅8月1日到8月27日，就发现51辆电动车没有拔钥匙没有关电源[炸弹][炸弹]。?????请各位业主注意防火防盗，拔钥匙关电源，避免不必要的损失[拳头][拳头]。??恒大物业—南昌恒大城。??愿我百分努力，换您十分满意""。恒大城???? 秩序部 三期监控室(客户):""[图片]""。08月27日 10:56分。家有乐辰乐欣(客户):""[图片]""。家有乐辰乐欣(客户):""@恒大城-32.33.34.35管家小舒?大厅的灯坏了""。恒大城-32.33.34.35管家小舒(客户):""[表情]""。?晚风(客户):""@恒大城-32.33.34.35管家小舒?这几个灯我已经说了到现在好多天了""。?晚风(客户):""你们那边修一下大厅的灯这么难吗？""。?晚风(客户):""进大门的和走道都没有灯""。08月27日 11:01分。恒大城-32.33.34.35管家小舒(客户):""线路故障哦。""。恒大城-32.33.34.35管家小舒(客户):""在排查问题""。?晚风(客户):""好吧。""。恒大城-32.33.34.35管家小舒(客户):""因为里面线路比较复杂，不是灯泡问题。""。恒大城-32.33.34.35管家小舒(客户):""所以比较慢一些，我这边跟师傅说尽快修复""。08月27日 11:18分。物业生活服务部(客户):""??初秋每天必吃一个石榴。  —会理软籽突尼斯石榴??。      ??产地到货，销售中??。 礼盒装39.9元 净重5斤±0.2两。    详情扫码图片二维码咨询。            或咨询楼栋管家。   或电话咨询:18126299685""。08月27日 11:30分。物业生活服务部(客户):""[图片]""。08月27日 11:35分。晓小小鸣(客户):""[庆祝]【免费钳工培训/岗位推荐】无经验也可报名！。为积极促进南昌县（小蓝经开区）就业人员就业分流，保障本地企业转型升级所需的技术型人才储备，南昌县（小蓝经开区）就业之家携手本地多家企业，共同推进钳工技术岗位培训！。。无经验小白、有经验但无钳工证的人员、有经验有钳工证但想提升技术的人员，符合条件的可报名，优秀学员就近推荐工作！。。报名条件：40岁以内，拥有高中及以上学历。扫描下方二维码报名↓ 报名截止8月29日，机会难得，名额有限！""。晓小小鸣(客户):""[图片]""。08月27日 12:11分。恒大城???? 秩序部 三期监控室(客户):""[视频号消息]""。恒大城???? 秩序部 三期监控室(客户):""骗子冒充社交软件客服，说你“百万保障”即将到期，不取消每月要扣2000元？给你制造恐慌骗你上钩！打着“教你操作”的幌子，诱导你下载涉诈APP，窥探你的银行卡信息，伺机转走你的钱财。听到“百万保障”到期扣款，一定是诈骗！无论是哪个平台“百万保障”全部免费。敬请各位领导同事转发反诈视频及反诈日历。[抱拳][抱拳][抱拳]""。恒大城???? 秩序部 三期监控室(客户):""[图片]""。08月27日 13:22分。恒大城???? 秩序部 三期监控室(客户):""[图片]""。恒大城???? 秩序部 三期监控室(客户):""[图片]""。恒大城???? 秩序部 三期监控室(客户):""[图片]""。08月27日 15:11分。恒大城???? 秩序部 三期监控室(客户):""在打雷起风，有可能要下雨，请关注，晒衣服的要注意""。恒大城???? 秩序部 三期监控室(客户):""在打雷起风，有可能要下雨，请关注，晒衣服的要注意""。恒大城???? 秩序部 三期监控室(客户):""在打雷起风，有可能要下雨，请关注，晒衣服的要注意""。08月27日 20:04分。恒大城???? 秩序部 三期监控室(客户):""? 2024.8.27日? 。【秩序维护部】 。1.夜班值班时间段：20：00—08：00。2.夜班值班队长:徐霖。3.物业24小时服务电话：0791-85957719/85130408。? 【物业小贴士】?。1、园区道路是大家的，请将爱车停至车位或车库，勿占行车主干道。。2、予人方便，予己方便，整齐有序，文明停车。。3、随身携带门禁卡，刷卡进出，提高安全防止偷盗。。4、请随手关大堂门，轻拉轻推，勿用力拉扯。。5、非机动车请勿进大堂、楼道内充电。。6、请勿让爱宠随地大小便，做文明养宠人。""。&&&","[
    {
        ""业主情感强度"": {
            ""晚风"": ""强烈负面""
        },
        ""事件讨论开始时间"": ""08月27日 10:56"",
        ""事件讨论结束时间"": ""08月27日 11:18"",
        ""事件详情"": ""在恒大城，业主对大厅和走道的灯坏了表示不满。其他业主首先提出问题，之后晚风业主表示已经反映问题多日但未得到解决，并对物业的响应速度表示不满。物业管家小舒回应是线路故障，正在排查问题，并承诺会尽快修复。"",
        ""话题倾向"": """"
    }
]"
群聊负向,"这是要分析的对话:&&&08月27日 08:45分。13.15管家李彬(员工):""?????????家人们，早上好~。今天…………""。08月27日 11:56分。??風&烙印??(客户):""这个地方漏水好几天了""。??風&烙印??(客户):""[视频]""。倪娟(客户):""建议修整哈 搞成电瓶车停放点@物业-吴子兵15585131702?""。倪娟(客户):""[图片]""。倪娟(客户):""还有旁边的这一片""。倪娟(客户):""不然电瓶车没地方停""。倪娟(客户):""@李彬?""。13.15管家李彬(员工):""收到，我让人去处理""。13.15管家李彬(员工):""{""pre_msgid"":""918685…………""。13.15管家李彬(员工):""收到，我反馈给施工单位""。08月27日 12:12分。倪娟(客户):""谢谢@李彬?""。倪娟(客户):""希望看到结果""。08月27日 12:41分。??風&烙印??(客户):""[视频]""。??風&烙印??(客户):""@李彬?这个啥时候来弄？我家没几天要弄完了""。13.15管家李彬(员工):""我在催一下施工单位""。08月27日 12:58分。倪娟(客户):""[捂脸][捂脸][捂脸]""。倪娟(客户):""唉 好老火""。08月27日 13:09分。??風&烙印??(客户):""@李彬?请尽快谢谢！我今天在这边的""。08月27日 15:59分。娟????娟(客户):""@李彬?刚刚楼梯间在播报什么有紧急情况。是怎么回事啊""。13.15管家李彬(员工):""@娟????娟我让工作人员去看一下""。13.15管家李彬(员工):""@娟????娟你家是几楼啊""。娟????娟(客户):""27楼""。13.15管家李彬(员工):""好的""。08月27日 18:00分。黔北男丁(客户):""[图片]""。黔北男丁(客户):""我打了信号差的投诉电话""。黔北男丁(客户):""他们已经受理了""。08月27日 19:08分。倪娟(客户):""对的 说已经改善了""。黔北男丁(客户):""多叫几个人打电话说。他们就会来弄。""。倪娟(客户):""我也打了""。&&&","[
    {
        ""业主情感强度"": {
            ""??風&烙印??"": ""强烈负面"",
            ""倪娟"": ""一般负面""
        },
        ""事件讨论开始时间"": ""08月27日 11:56分"",
        ""事件讨论结束时间"": ""08月27日 13:09分"",
        ""事件详情"": ""客户'??風&烙印??'反映漏水问题，且问题已经持续几天，表达了急迫希望解决的意愿。客户'倪娟'在同一地点提出建议将该处改为电瓶车停放点，并对物业的响应表示期待。物业员工@李彬 表示会处理。"",
        ""话题倾向"": """"
    },
    {
        ""业主情感强度"": {
            ""娟????娟"": ""一般负面""
        },
        ""事件讨论开始时间"": ""08月27日 15:59分"",
        ""事件讨论结束时间"": ""08月27日 15:59分"",
        ""事件详情"": ""客户'娟????娟'对楼梯间的紧急广播表示了疑惑和担忧，询问发生了何事。"",
        ""话题倾向"": """"
    },
    {
        ""业主情感强度"": {
            ""黔北男丁"": ""一般负面"",
            ""倪娟"": ""无明显情绪""
        },
        ""事件讨论开始时间"": ""08月27日 18:00分"",
        ""事件讨论结束时间"": ""08月27日 19:08分"",
        ""事件详情"": ""客户'黔北男丁'对信号差的问题进行了投诉，并分享了自己打电话投诉后问题得到受理的经验。客户'倪娟'对此表示认同。"",
        ""话题倾向"": """"
    }
]"
群聊负向,"这是要分析的对话:&&&08月27日 08:41分。雷松(员工):""?????????家人们，早上好~。今天…………""。菠萝姐(客户):""买包子的吵死人了，天天都喊""。08月27日 12:45分。波仔(客户):""物业＃（秩序服务）装修管控。??文明施工，共创温馨家园。装修巡查及提醒装修时间为早上8:30-12:00下午14:00-18:00。#周末节假日全天禁止装修。——贵阳恒大文化旅游城物业服务中心祝各位业主生活愉快[玫瑰][玫瑰]""。08月27日 18:18分。波仔(客户):""物业＃（秩序服务）装修管控。??文明施工，共创温馨家园。装修巡查及提醒装修时间为早上8:30-12:00下午14:00-18:00。#周末节假日全天禁止装修。——贵阳恒大文化旅游城物业服务中心祝各位业主生活愉快[玫瑰][玫瑰]""。08月27日 19:07分。古松(员工):""园林绿化养护—关于生态湖养护投药治理的温…………""。08月27日 19:42分。?(客户):""各位业主：晚上好！[玫瑰]。8 月 27日秩序部夜间执勤安排：。一、值班队长：董煜轩。电话: 17855557716。二、24小时值班电话：0851-83873635。辖区派出所电话：0851-83851334。三、带班时间：。20:00-08:00。四、我们将12小时坚守岗位，如有需要请致电，我们将竭诚为您服务。夜间休息请关好门窗，做好安全防范，出入小区带好业主卡。。贵阳恒大文化旅游城物业服务中心祝您：生活愉快！[烟花]""。&&&","[
    {
        ""业主情感强度"": {
            ""菠萝姐"": ""一般负面""
        },
        ""事件讨论开始时间"": ""08月27日 08:41"",
        ""事件讨论结束时间"": ""08月27日 08:41"",
        ""事件详情"": ""菠萝姐投诉小区内买包子声音过大，对其生活造成干扰。"",
        ""话题倾向"": """"
    }
]"
群聊负向,"这是要分析的对话:&&&08月27日 09:32分。恒大城???? 秩序部 三期监控室(客户):""??认真工作，全心守护。夜间巡查，日复一日。仅8月1日到8月27日，就发现51辆电动车没有拔钥匙没有关电源[炸弹][炸弹]。?????请各位业主注意防火防盗，拔钥匙关电源，避免不必要的损失[拳头][拳头]。??恒大物业—南昌恒大城。??愿我百分努力，换您十分满意""。恒大城???? 秩序部 三期监控室(客户):""[图片]""。08月27日 11:21分。物业生活服务部(客户):""??初秋每天必吃一个石榴。  —会理软籽突尼斯石榴??。      ??产地到货，销售中??。 礼盒装39.9元 净重5斤±0.2两。    详情扫码图片二维码咨询。            或咨询楼栋管家。   或电话咨询:18126299685""。08月27日 11:29分。焦糖布丁(客户):""[庆祝]【免费钳工培训/岗位推荐】无经验也可报名！。为积极促进南昌县（小蓝经开区）就业人员就业分流，保障本地企业转型升级所需的技术型人才储备，南昌县（小蓝经开区）就业之家携手本地多家企业，共同推进钳工技术岗位培训！。。无经验小白、有经验但无钳工证的人员、有经验有钳工证但想提升技术的人员，符合条件的可报名，优秀学员就近推荐工作！。。报名条件：40岁以内，拥有高中及以上学历。扫描下方二维码报名↓ 报名截止8月29日，机会难得，名额有限！""。焦糖布丁(客户):""[图片]""。08月27日 12:05分。恒大城-管家-小冷(员工):""【珍爱生命，谨防溺水！】。[拳头]暑期接…………""。恒大城-管家-小冷(员工):""[图片]""。恒大城???? 秩序部 三期监控室(客户):""骗子冒充社交软件客服，说你“百万保障”即将到期，不取消每月要扣2000元？给你制造恐慌骗你上钩！打着“教你操作”的幌子，诱导你下载涉诈APP，窥探你的银行卡信息，伺机转走你的钱财。听到“百万保障”到期扣款，一定是诈骗！无论是哪个平台“百万保障”全部免费。敬请各位领导同事转发反诈视频及反诈日历。[抱拳][抱拳][抱拳]""。恒大城???? 秩序部 三期监控室(客户):""[图片]""。恒大城???? 秩序部 三期监控室(客户):""[视频号消息]""。08月27日 13:23分。恒大城???? 秩序部 三期监控室(客户):""[图片]""。恒大城???? 秩序部 三期监控室(客户):""[图片]""。恒大城???? 秩序部 三期监控室(客户):""[图片]""。08月27日 13:32分。邹邹呢(客户):""这么大太阳下雨了？""。拽拽(客户):""下了""。拽拽(客户):""就下了几分钟，停了""。恒大城???? 秩序部 三期监控室(客户):""刚刚下了一两分钟，比较大，后来就没了""。08月27日 15:11分。恒大城???? 秩序部 三期监控室(客户):""在打雷起风，有可能要下雨，请关注，晒衣服的要注意""。恒大城???? 秩序部 三期监控室(客户):""在打雷起风，有可能要下雨，请关注，晒衣服的要注意""。恒大城???? 秩序部 三期监控室(客户):""在打雷起风，有可能要下雨，请关注，晒衣服的要注意""。飞哥(客户):""[强][强][强]""。08月27日 19:14分。飞哥(客户):""[文件下载失败]""。恒大城???? 秩序部 三期监控室(客户):""@飞哥?这个电梯请问是有什么问题？视频里面听得不清楚，下负一楼的还是不下负一楼的电梯？""。08月27日 19:31分。飞哥(客户):""[文件下载失败]""。恒大城???? 秩序部 三期监控室(客户):""@飞哥?是下地库的电梯，还是不下地库的电梯？""。08月27日 19:38分。恒大城???? 秩序部 三期监控室(客户):""好的，我联系师傅两部电梯都检查一下""。08月27日 20:00分。恒大城???? 秩序部 三期监控室(客户):""? 2024.8.27日? 。【秩序维护部】 。1.夜班值班时间段：20：00—08：00。2.夜班值班队长:徐霖。3.物业24小时服务电话：0791-85957719/85130408。? 【物业小贴士】?。1、园区道路是大家的，请将爱车停至车位或车库，勿占行车主干道。。2、予人方便，予己方便，整齐有序，文明停车。。3、随身携带门禁卡，刷卡进出，提高安全防止偷盗。。4、请随手关大堂门，轻拉轻推，勿用力拉扯。。5、非机动车请勿进大堂、楼道内充电。。6、请勿让爱宠随地大小便，做文明养宠人。""。飞哥(客户):""你叫人来看一下就知道""。恒大城???? 秩序部 三期监控室(客户):""? 2024.8.27日? 。【秩序维护部】 。1.夜班值班时间段：20：00—08：00。2.夜班值班队长:徐霖。3.物业24小时服务电话：0791-85957719/85130408。? 【物业小贴士】?。1、园区道路是大家的，请将爱车停至车位或车库，勿占行车主干道。。2、予人方便，予己方便，整齐有序，文明停车。。3、随身携带门禁卡，刷卡进出，提高安全防止偷盗。。4、请随手关大堂门，轻拉轻推，勿用力拉扯。。5、非机动车请勿进大堂、楼道内充电。。6、请勿让爱宠随地大小便，做文明养宠人。""。&&&","{""事件提取"":null,""提取结果"":false}"
群聊负向,"这是要分析的对话:&&&08月27日 07:15分。万春(客户):""[视频]""。万春(客户):""一大早上就敲敲敲吵死了""。08月27日 09:19分。燕子(客户):""[图片]""。燕子(客户):""多大了人了 还蹲在这里尿尿 好意思不了 要不要看一下照片 ""。小张 小张 万事不慌(客户):""[惊讶][惊讶][惊讶]晕死。。。""。恒大城-管家-小涂(员工):""已报保洁，会尽快处理""。Ａ静??心(客户):""@燕子?我刚刚看到了一个10岁左右的小姑娘、我说她、她正好从那里过来、她不承认[偷笑][偷笑][偷笑]""。08月27日 09:24分。燕子(客户):"" 我看了知道是个女孩子 ""。燕子(客户):""十来岁的人还随便尿尿的 ""。艺品轩书画周老师(客户):""她家没厕所啊""。艺品轩书画周老师(客户):""还有这样的人""。恒大城???? 秩序部 三期监控室(客户):""??认真工作，全心守护。夜间巡查，日复一日。仅8月1日到8月27日，就发现51辆电动车没有拔钥匙没有关电源[炸弹][炸弹]。?????请各位业主注意防火防盗，拔钥匙关电源，避免不必要的损失[拳头][拳头]。??恒大物业—南昌恒大城。??愿我百分努力，换您十分满意""。恒大城???? 秩序部 三期监控室(客户):""[图片]""。燕子(客户):""麻烦过来清理一下""。Ａ静??心(客户):""@燕子?是哦、我说你跑这里拉尿她不承认[偷笑][偷笑]好像是在这个二楼玩的""。燕子(客户):""穿蓝色衣服 ""。Ａ静??心(客户):""不是我们单元的小姑娘[呲牙][呲牙]""。燕子(客户):""[图片]""。燕子(客户):""是这个小女孩 ""。08月27日 09:57分。Ａ静??心(客户):""@燕子?是哦、我到我了[偷笑][偷笑][偷笑]""。Ａ静??心(客户):""{""pre_msgid"":""14316127613854598543_1724723839595_external""}""。Ａ静??心(客户):""@燕子?是哦[偷笑]都拍到我了""。08月27日 10:20分。燕子(客户):""[呲牙]""。08月27日 11:18分。物业生活服务部(客户):""??初秋每天必吃一个石榴。  —会理软籽突尼斯石榴??。      ??产地到货，销售中??。 礼盒装39.9元 净重5斤±0.2两。    详情扫码图片二维码咨询。            或咨询楼栋管家。   或电话咨询:18126299685""。08月27日 11:30分。物业生活服务部(客户):""[图片]""。08月27日 12:06分。人间李想(客户):""[图片]""。人间李想(客户):""21楼以上谁家裤子掉下来了""。恒大城???? 秩序部 三期监控室(客户):""骗子冒充社交软件客服，说你“百万保障”即将到期，不取消每月要扣2000元？给你制造恐慌骗你上钩！打着“教你操作”的幌子，诱导你下载涉诈APP，窥探你的银行卡信息，伺机转走你的钱财。听到“百万保障”到期扣款，一定是诈骗！无论是哪个平台“百万保障”全部免费。敬请各位领导同事转发反诈视频及反诈日历。[抱拳][抱拳][抱拳]""。恒大城???? 秩序部 三期监控室(客户):""[图片]""。恒大城???? 秩序部 三期监控室(客户):""[视频号消息]""。08月27日 13:23分。恒大城???? 秩序部 三期监控室(客户):""[图片]""。恒大城???? 秩序部 三期监控室(客户):""[图片]""。恒大城???? 秩序部 三期监控室(客户):""[图片]""。08月27日 15:11分。恒大城???? 秩序部 三期监控室(客户):""在打雷起风，有可能要下雨，请关注，晒衣服的要注意""。恒大城???? 秩序部 三期监控室(客户):""在打雷起风，有可能要下雨，请关注，晒衣服的要注意""。恒大城???? 秩序部 三期监控室(客户):""在打雷起风，有可能要下雨，请关注，晒衣服的要注意""。08月27日 18:10分。小张 小张 万事不慌(客户):""[图片]""。小张 小张 万事不慌(客户):""@恒大城???? 秩序部 三期监控室?""。小张 小张 万事不慌(客户):""[视频]""。恒大城???? 秩序部 三期监控室(客户):""@小张 小张 万事不慌?????收到。马上过去处理""。小张 小张 万事不慌(客户):""总要自觉一点咯，这样的就直接带锁来""。08月27日 18:26分。恒大城???? 秩序部 三期监控室(客户):""[图片]""。恒大城???? 秩序部 三期监控室(客户):""@小张 小张 万事不慌?????已经处理好了""。08月27日 18:37分。和(客户):""请问哪个有维修空调师傅的电话？空调会滴水，这种维修一般是什么行情啊？有没有邻居遇到过？""。虞香肉丝(客户):""@和?有可能管子堵住了""。和(客户):""是外面的管子吗？""。和(客户):""这个也要叫师傅来处理吧，我们自己弄不了。""。恒大城???? 秩序部 三期监控室(客户):""@和?如果需要物业提供帮助，可以打85130408""。和(客户):""好，谢谢""。08月27日 18:43分。心如止水(客户):""@和?还在保修期吗""。和(客户):""不在""。和(客户):""8年了""。和(客户):""16年买的格力空调""。心如止水(客户):""那要花点儿""。和(客户):""漏的比较多""。和(客户):""大滴大滴的往下落，都需要拿盆接。""。心如止水(客户):""换管子就贵点 如果只是堵塞不用换管子就便宜点我家前两天也是堵住了[捂脸]""。和(客户):""你家换了管子还是没换？""。和(客户):""要多少钱啊？""。08月27日 18:48分。恒大城-管家-小涂(员工):""我自己常用的方法。打开高德地图，输入关键…………""。和(客户):""[表情]""。和(客户):""谢谢""。虞香肉丝(客户):""@和?你那个跟我一样，就是里面脏东西堵住了""。虞香肉丝(客户):""清理掉就可以""。08月27日 19:02分。和(客户):""好""。和(客户):""[图片]""。和(客户):""就是这两处往下滴水""。燕子(客户):""里面有个网 可能有灰尘拿出来清洗一下 ""。和(客户):""那个网上个月才洗过，应该不是那个网的问题""。刘蓟芬(客户):""@和?你把这个下水管下拉一下。""。燕子(客户):""那就找专业的人看一下 ""。和(客户):""下水管是在外面吧？""。刘蓟芬(客户):""@和?出水管""。和(客户):""我都不知道下水管在哪个位置[捂脸]""。00:00(客户):""我家以前也是这样滴水，安装空调的师傅说是孔高的原因，后来我洗了一下空调，就不滴了""。刘蓟芬(客户):""你家的空调出口""。和(客户):""我家用了8年以前从来没这样滴过水""。00:00(客户):""网要洗，里面也要洗""。00:00(客户):""我当时是自己买工具自己洗的""。和(客户):""我来把电源关了，自己先看一看[捂脸]""。和(客户):""@00:00?有专门的工具洗吗？""。刘蓟芬(客户):""@和?对的""。08月27日 19:07分。00:00(客户):""就网上买的清洗空调""。和(客户):""好的，谢谢大家的建议[玫瑰]""。刘蓟芬(客户):""打开盖折网下来洗一下""。和(客户):""好""。08月27日 20:00分。恒大城???? 秩序部 三期监控室(客户):""? 2024.8.27日? 。【秩序维护部】 。1.夜班值班时间段：20：00—08：00。2.夜班值班队长:徐霖。3.物业24小时服务电话：0791-85957719/85130408。? 【物业小贴士】?。1、园区道路是大家的，请将爱车停至车位或车库，勿占行车主干道。。2、予人方便，予己方便，整齐有序，文明停车。。3、随身携带门禁卡，刷卡进出，提高安全防止偷盗。。4、请随手关大堂门，轻拉轻推，勿用力拉扯。。5、非机动车请勿进大堂、楼道内充电。。6、请勿让爱宠随地大小便，做文明养宠人。""。&&&","[
    {
        ""业主情感强度"": {
            ""万春"": ""强烈负面""
        },
        ""事件讨论开始时间"": ""08月27日 07:15"",
        ""事件讨论结束时间"": ""08月27日 07:15"",
        ""事件详情"": ""早晨施工噪音扰民，业主万春在08月27日 07:15分投诉施工声音一大早就开始，非常扰民。"",
        ""话题倾向"": """"
    },
    {
        ""业主情感强度"": {
            ""燕子"": ""强烈负面"",
            ""艺品轩书画周老师"": ""一般负面""
        },
        ""事件讨论开始时间"": ""08月27日 09:19"",
        ""事件讨论结束时间"": ""08月27日 09:57"",
        ""事件详情"": ""小女孩随地小便问题，在08月27日 09:19分由业主燕子发现并投诉，后有多个业主讨论此事件，表现出对此行为的不满。"",
        ""话题倾向"": """"
    },
    {
        ""业主情感强度"": {
            ""和"": ""一般负面""
        },
        ""事件讨论开始时间"": ""08月27日 18:37"",
        ""事件讨论结束时间"": ""08月27日 19:07"",
        ""事件详情"": ""业主和反映空调滴水问题，在08月27日 18:37分寻求维修建议，表现出对物业维修服务的不满和需求。"",
        ""话题倾向"": """"
    }
]"
群聊负向,"这是要分析的对话:&&&08月27日 08:14分。怀念(客户):""[视频]""。怀念(客户):""这些小石块，你们要叫干活的工人弄了，到时掉下打到人谁负责。""。08月27日 08:21分。牟有烦恼??(客户):""「怀念：。这些小石块，你们要叫干活的工人弄了，到时掉下打到人谁负责。」。- - - - - - - - - - - - - - -。是的，前天眼看着除草机除草嘣起来的石块打到篮球场好远，幸亏没打到人。危险因素太多了""。恒大城???? 秩序部 三期监控室(客户):""@牟有烦恼???好的，我这边记录一下""。恒大城???? 秩序部 三期监控室(客户):""@怀念?你房号多少，我这边联系人过去处理，或者你打85130408告知房号""。08月27日 09:25分。恒大城???? 秩序部 三期监控室(客户):""??认真工作，全心守护。夜间巡查，日复一日。仅8月1日到8月27日，就发现51辆电动车没有拔钥匙没有关电源[炸弹][炸弹]。?????请各位业主注意防火防盗，拔钥匙关电源，避免不必要的损失[拳头][拳头]。??恒大物业—南昌恒大城。??愿我百分努力，换您十分满意""。恒大城???? 秩序部 三期监控室(客户):""[图片]""。08月27日 09:45分。怀念(客户):""1003一单元""。08月27日 12:16分。恒大城???? 秩序部 三期监控室(客户):""骗子冒充社交软件客服，说你“百万保障”即将到期，不取消每月要扣2000元？给你制造恐慌骗你上钩！打着“教你操作”的幌子，诱导你下载涉诈APP，窥探你的银行卡信息，伺机转走你的钱财。听到“百万保障”到期扣款，一定是诈骗！无论是哪个平台“百万保障”全部免费。敬请各位领导同事转发反诈视频及反诈日历。[抱拳][抱拳][抱拳]""。恒大城???? 秩序部 三期监控室(客户):""[视频号消息]""。恒大城???? 秩序部 三期监控室(客户):""[图片]""。08月27日 13:19分。恒大城???? 秩序部 三期监控室(客户):""[图片]""。恒大城???? 秩序部 三期监控室(客户):""[图片]""。恒大城???? 秩序部 三期监控室(客户):""[图片]""。08月27日 14:31分。恒大城-管家-小刘(员工):""【珍爱生命，谨防溺水！】。[拳头]暑期接…………""。恒大城-管家-小刘(员工):""[图片]""。08月27日 15:10分。恒大城???? 秩序部 三期监控室(客户):""在打雷起风，有可能要下雨，请关注，晒衣服的要注意""。恒大城???? 秩序部 三期监控室(客户):""在打雷起风，有可能要下雨，请关注，晒衣服的要注意""。恒大城???? 秩序部 三期监控室(客户):""在打雷起风，有可能要下雨，请关注，晒衣服的要注意""。08月27日 16:46分。恒大城-管家-小刘(员工):""预存送礼嘉年华，速度下手占名额[憨笑]，…………""。恒大城-管家-小刘(员工):""[图片]""。恒大城-管家-小刘(员工):""[图片]""。08月27日 20:02分。恒大城???? 秩序部 三期监控室(客户):""? 2024.8.27日? 。【秩序维护部】 。1.夜班值班时间段：20：00—08：00。2.夜班值班队长:徐霖。3.物业24小时服务电话：0791-85957719/85130408。? 【物业小贴士】?。1、园区道路是大家的，请将爱车停至车位或车库，勿占行车主干道。。2、予人方便，予己方便，整齐有序，文明停车。。3、随身携带门禁卡，刷卡进出，提高安全防止偷盗。。4、请随手关大堂门，轻拉轻推，勿用力拉扯。。5、非机动车请勿进大堂、楼道内充电。。6、请勿让爱宠随地大小便，做文明养宠人。""。&&&","[
    {
        ""业主情感强度"": {
            ""牟有烦恼??"": ""一般负面"",
            ""怀念"": ""一般负面""
        },
        ""事件讨论开始时间"": ""08月27日 08:14"",
        ""事件讨论结束时间"": ""08月27日 08:21"",
        ""事件详情"": ""业主怀念和牟有烦恼??对小区内建筑工地的小石块可能掉落伤人表达了担忧。事件发生地点为篮球场附近，涉及到的业主有2人，他们的观点态度是认为存在严重的安全隐患，需要物业及时处理。"",
        ""话题倾向"": """"
    }
]"
群聊负向,"这是要分析的对话:&&&08月27日 09:31分。恒大城???? 秩序部 三期监控室(客户):""??认真工作，全心守护。夜间巡查，日复一日。仅8月1日到8月27日，就发现51辆电动车没有拔钥匙没有关电源[炸弹][炸弹]。?????请各位业主注意防火防盗，拔钥匙关电源，避免不必要的损失[拳头][拳头]。??恒大物业—南昌恒大城。??愿我百分努力，换您十分满意""。恒大城???? 秩序部 三期监控室(客户):""[图片]""。08月27日 11:20分。物业生活服务部(客户):""??初秋每天必吃一个石榴。  —会理软籽突尼斯石榴??。      ??产地到货，销售中??。 礼盒装39.9元 净重5斤±0.2两。    详情扫码图片二维码咨询。            或咨询楼栋管家。   或电话咨询:18126299685""。08月27日 11:32分。物业生活服务部(客户):""[图片]""。08月27日 11:49分。沁(客户):""[庆祝]【免费钳工培训/岗位推荐】无经验也可报名！。为积极促进南昌县（小蓝经开区）就业人员就业分流，保障本地企业转型升级所需的技术型人才储备，南昌县（小蓝经开区）就业之家携手本地多家企业，共同推进钳工技术岗位培训！。。无经验小白、有经验但无钳工证的人员、有经验有钳工证但想提升技术的人员，符合条件的可报名，优秀学员就近推荐工作！。。报名条件：40岁以内，拥有高中及以上学历。扫描下方二维码报名↓ 报名截止8月29日，机会难得，名额有限！""。沁(客户):""[图片]""。08月27日 12:10分。恒大城???? 秩序部 三期监控室(客户):""[视频号消息]""。恒大城???? 秩序部 三期监控室(客户):""骗子冒充社交软件客服，说你“百万保障”即将到期，不取消每月要扣2000元？给你制造恐慌骗你上钩！打着“教你操作”的幌子，诱导你下载涉诈APP，窥探你的银行卡信息，伺机转走你的钱财。听到“百万保障”到期扣款，一定是诈骗！无论是哪个平台“百万保障”全部免费。敬请各位领导同事转发反诈视频及反诈日历。[抱拳][抱拳][抱拳]""。恒大城???? 秩序部 三期监控室(客户):""[图片]""。08月27日 12:37分。恒大城-管家-小李(员工):""【珍爱生命，谨防溺水！】。[拳头]暑期接…………""。恒大城-管家-小李(员工):""[图片]""。08月27日 13:19分。恒大城???? 秩序部 三期监控室(客户):""[图片]""。恒大城???? 秩序部 三期监控室(客户):""[图片]""。恒大城???? 秩序部 三期监控室(客户):""[图片]""。08月27日 15:13分。恒大城???? 秩序部 三期监控室(客户):""在打雷起风，有可能要下雨，请关注，晒衣服的要注意""。恒大城???? 秩序部 三期监控室(客户):""在打雷起风，有可能要下雨，请关注，晒衣服的要注意""。恒大城???? 秩序部 三期监控室(客户):""在打雷起风，有可能要下雨，请关注，晒衣服的要注意""。08月27日 17:13分。云sunny(客户):""[图片]""。小熊(客户):""进门都能撞""。08月27日 17:19分。恒大城-管家-小李(员工):""开车还是需要多注意一下四周，减慢车速，避…………""。恒顺烧菜馆(恒顺食堂)(客户):""我开车每次进来从不走北门，现在人骑电车好像马路是他(她)家里一样，横冲直撞，他们不知道被撞到了有多难受""。恒顺烧菜馆(恒顺食堂)(客户):""有些人法律意识淡薄""。08月27日 17:27分。云sunny(客户):""其实都挺慢的，正好经过""。08月27日 17:32分。恒顺烧菜馆(恒顺食堂)(客户):""有些骑电车的人跟幽灵一样，突然在汽车前面出现""。08月27日 20:01分。恒大城???? 秩序部 三期监控室(客户):""? 2024.8.27日? 。【秩序维护部】 。1.夜班值班时间段：20：00—08：00。2.夜班值班队长:徐霖。3.物业24小时服务电话：0791-85957719/85130408。? 【物业小贴士】?。1、园区道路是大家的，请将爱车停至车位或车库，勿占行车主干道。。2、予人方便，予己方便，整齐有序，文明停车。。3、随身携带门禁卡，刷卡进出，提高安全防止偷盗。。4、请随手关大堂门，轻拉轻推，勿用力拉扯。。5、非机动车请勿进大堂、楼道内充电。。6、请勿让爱宠随地大小便，做文明养宠人。""。&&&","[
    {
        ""业主情感强度"": {
            ""恒顺烧菜馆(恒顺食堂)(客户)"": ""一般负面""
        },
        ""事件讨论开始时间"": ""08月27日 17:13"",
        ""事件讨论结束时间"": ""08月27日 17:32"",
        ""事件详情"": ""恒顺烧菜馆(恒顺食堂)业主对园区内骑电动车横冲直撞的行为表示不满，认为这些人的法律意识淡薄，并担忧可能会造成交通事故。"",
        ""话题倾向"": """"
    }
]"
群聊负向,"这是要分析的对话:&&&08月27日 08:27分。恒大店娜娜(客户):""搞卫生的，不搞楼上吗？24楼装的要死，几天都没搞""。恒大城???? 秩序部 三期监控室(客户):""@恒大店娜娜?好的，我联系一下保洁""。08月27日 08:51分。恒大城???? 秩序部 三期监控室(客户):""[图片]""。恒大城???? 秩序部 三期监控室(客户):""[图片]""。恒大城???? 秩序部 三期监控室(客户):""[图片]""。恒大城???? 秩序部 三期监控室(客户):""@恒大店娜娜?己打扫""。08月27日 09:23分。恒大店娜娜(客户):""好的""。恒大店娜娜(客户):""[图片]""。恒大店娜娜(客户):""六栋新海莎洗衣店冰棒五折起还有部分特价，买的多送的多，活动最后几天""。恒大城???? 秩序部 三期监控室(客户):""??认真工作，全心守护。夜间巡查，日复一日。仅8月1日到8月27日，就发现51辆电动车没有拔钥匙没有关电源[炸弹][炸弹]。?????请各位业主注意防火防盗，拔钥匙关电源，避免不必要的损失[拳头][拳头]。??恒大物业—南昌恒大城。??愿我百分努力，换您十分满意""。恒大城???? 秩序部 三期监控室(客户):""[图片]""。08月27日 11:19分。物业生活服务部(客户):""??初秋每天必吃一个石榴。  —会理软籽突尼斯石榴??。      ??产地到货，销售中??。 礼盒装39.9元 净重5斤±0.2两。    详情扫码图片二维码咨询。            或咨询楼栋管家。   或电话咨询:18126299685""。08月27日 11:30分。物业生活服务部(客户):""[图片]""。08月27日 12:13分。恒大城???? 秩序部 三期监控室(客户):""[视频号消息]""。恒大城???? 秩序部 三期监控室(客户):""骗子冒充社交软件客服，说你“百万保障”即将到期，不取消每月要扣2000元？给你制造恐慌骗你上钩！打着“教你操作”的幌子，诱导你下载涉诈APP，窥探你的银行卡信息，伺机转走你的钱财。听到“百万保障”到期扣款，一定是诈骗！无论是哪个平台“百万保障”全部免费。敬请各位领导同事转发反诈视频及反诈日历。[抱拳][抱拳][抱拳]""。恒大城???? 秩序部 三期监控室(客户):""[图片]""。08月27日 13:21分。恒大城???? 秩序部 三期监控室(客户):""[图片]""。恒大城???? 秩序部 三期监控室(客户):""[图片]""。恒大城???? 秩序部 三期监控室(客户):""[图片]""。08月27日 14:19分。恒大城–管家–丹丹(员工):""【珍爱生命，谨防溺水！】。[拳头]暑期接…………""。恒大城–管家–丹丹(员工):""[图片]""。08月27日 15:10分。恒大城???? 秩序部 三期监控室(客户):""在打雷起风，有可能要下雨，请关注，晒衣服的要注意""。恒大城???? 秩序部 三期监控室(客户):""在打雷起风，有可能要下雨，请关注，晒衣服的要注意""。恒大城???? 秩序部 三期监控室(客户):""在打雷起风，有可能要下雨，请关注，晒衣服的要注意""。08月27日 16:47分。恒大城–管家–丹丹(员工):""各位业主，现在有预存物业费送电影兑换券的…………""。08月27日 20:02分。恒大城???? 秩序部 三期监控室(客户):""? 2024.8.27日? 。【秩序维护部】 。1.夜班值班时间段：20：00—08：00。2.夜班值班队长:徐霖。3.物业24小时服务电话：0791-85957719/85130408。? 【物业小贴士】?。1、园区道路是大家的，请将爱车停至车位或车库，勿占行车主干道。。2、予人方便，予己方便，整齐有序，文明停车。。3、随身携带门禁卡，刷卡进出，提高安全防止偷盗。。4、请随手关大堂门，轻拉轻推，勿用力拉扯。。5、非机动车请勿进大堂、楼道内充电。。6、请勿让爱宠随地大小便，做文明养宠人。""。&&&","[
    {
        ""业主情感强度"": {
            ""恒大店娜娜"": ""一般负面""
        },
        ""事件讨论开始时间"": ""08月27日 08:27"",
        ""事件讨论结束时间"": ""08月27日 08:51"",
        ""事件详情"": ""业主恒大店娜娜反映24楼卫生状况差，表示‘24楼装的要死，几天都没搞’。物业秩序部回应将联系保洁。后续秩序部反馈已打扫。"",
        ""话题倾向"": """"
    }
]"
群聊负向,"这是要分析的对话:&&&08月27日 18:29分。飞云(客户):""邻居们大家好！我的房子锁的好好的，今天去看房子，我的门还是锁的好好的，我四年没有扫过房子了。可我的屋厅就有女人的高根鞋的鞋印，还有小孩子的鞋印""。飞云(客户):""[图片]""。飞云(客户):""这是管家给我照下来的，""。飞云(客户):""我妹妹我照下来一张""。飞云(客户):""[图片]""。飞云(客户):""邻居们好，大家感觉没有小偷呢进了我们48楼小区呢""。飞云(客户):""{""pre_msgid"":""16247635054769819477_1724754775411_external""}""。飞云(客户):""大家感觉有没有小偷进了我们48栋楼呢""。08月27日 18:37分。飞云(客户):""今天有一台直升飞机飞到我家阳台挂起来，我人在深圳，管家打电话要我去开门，给人家拿直升飞机，我妹妹在韶关，我就要我妹妹去开门的，就发现了这些女人和小孩的鞋印，大家给我分析一下，是不是进了贼呢""。飞云(客户):""大家看看这是不是女人高根鞋""。飞云(客户):""可我房屋的东西不直钱，好象没有丟东西""。背影丶(客户):""是不是卖楼。有人进去看了房""。飞云(客户):""我没有买楼呢""。飞云(客户):""我养老的房子""。飞云(客户):""现在到深圳带我孙""。飞云(客户):""可所以的锁丝就给了我妹妹一个，房间的锁丝我没给她""。08月27日 18:43分。飞云(客户):""其余的锁丝我都带来深圳了""。小月(客户):""@飞云?你是几楼""。飞云(客户):""听我妹妹说，排阳台的那个房间的窗门有点点打开的，可我都关的紧紧的""。小月(客户):""我也是48栋的，我也很久没去了。""。飞云(客户):""1001""。小月(客户):""等孩子开学后过去看看。[撇嘴][撇嘴]""。飞云(客户):""这样真的很不放心了""。飞云(客户):""房间，我妹妹说，她没有锁丝，不知道被子有没有丟""。08月27日 18:48分。飞云(客户):""这四年，我妹妹和妹夫去看了两次，""。小月(客户):""看样子要换锁""。飞云(客户):""今天就我妹妹一个人去的""。飞云(客户):""这样换锁也没用吧，""。chen.(客户):""@飞云?房子经常不住，租出去算哒""。小月(客户):""自己要养老的别租""。飞云(客户):""租出去也难搞，都是租不久的，坏了什么都要自己去搞，""。飞云(客户):""我又七十多岁了，""。飞云(客户):""深圳这边，有的密码锁也给人偷进去了呢""。小月(客户):""租出去就怕租房的人在里面自杀""。飞云(客户):""是的""。飞云(客户):""我都想到这事""。08月27日 18:53分。飞云(客户):""我现在住的小区深圳，有有一套房子，两夫妻打架，打死老婆了""。飞云(客户):""还有一套房子，就同几个同事喝酒打架，打死了两个男人""。飞云(客户):""我房子的东西都是不直钱的，就怕有人偷进去住，很难搞""。飞云(客户):""邻居们都小心点，都怕有这些坏人""。飞云(客户):""邻居们都保重自己和我们的家园""。??(客户):""球鞋，高跟鞋没有后跟印子""。??(客户):""看看家里有没人的鞋子是这个底的""。小月(客户):""找物业，""。08月27日 18:58分。小月(客户):""他们要负责的""。飞云(客户):""是球鞋吗，""。飞云(客户):""今天管家来了我家""。飞云(客户):""他也说是女人的鞋""。??(客户):""脚后跟那么大""。飞云(客户):""我妹妹也说是女人鞋""。??(客户):""??不是只有一个钉钉吗""。飞云(客户):""[图片]""。??(客户):""穿高跟鞋去偷东西也不符合逻辑""。??(客户):""[捂脸]""。飞云(客户):""这个是管家照的""。飞云(客户):""[图片]""。飞云(客户):""这就我妹照的""。飞云(客户):""不是偷东西的，""。飞云(客户):""也最怕无原无古的去住进我家里呢""。飞云(客户):""这比偷还怕呢""。08月27日 19:04分。飞云(客户):""感谢邻居们的好意，谢谢了""。sao。(客户):""今天有台无人机飞去一户人家阳台了,被护栏挂着了.""。韶关恒大城A区监控员(客户):""2024-08-27。【秩序维护部】。1、值班时间段: 19:00-07:00。2、值班中队长: 祝金才。联系:13509859250。【温馨提示】。请各位业主知悉，如需要帮助或遇紧急情况，请电话联系值班室或值班中队长。。物业24小时值班电话：。0751-8709633。0751-8709600""。飞云(客户):""就是到我家呢""。sao。(客户):""物业上去开的还是谁开的就不知道了,我问了开无人机的那两个人,他们说找了物业了.""。飞云(客户):""去开锁门才发现这些鞋印""。飞云(客户):""我叫我妹妹去开的""。sao。(客户):""回来的时候已经没看到无人机了,希望能给你带来帮助.[握手]""。飞云(客户):""感谢你了，感谢""。08月27日 19:22分。（休息中）韶关恒大城-管家-邱光明(员工):""今天您家门锁是好的，室内脚印也比较久了，…………""。（休息中）韶关恒大城-管家-邱光明(员工):""@飞云""。08月27日 19:28分。飞云(客户):""谢谢""。08月27日 20:52分。飞云(客户):""[图片]""。飞云(客户):""{""pre_msgid"":""1274607545676571094_1724763166298_external""}""。&&&","[
    {
        ""业主情感强度"": {
            ""飞云"": ""强烈负面""
        },
        ""事件讨论开始时间"": ""08月27日 18:29"",
        ""事件讨论结束时间"": ""08月27日 19:22"",
        ""事件详情"": ""业主飞云发现其位于48栋1001号的房子内，出现了女人的高跟鞋印和小孩子的鞋印，而房屋之前是上锁的。飞云因带孙子在深圳，未能亲自查看，由其妹妹发现并告知。飞云担忧家中可能进了小偷，对此表示强烈的不安和担忧。其他业主对此表示关注，并提供了一些分析意见。物业管家确认门锁完好，但未对鞋印来源给出明确答复。"",
        ""话题倾向"": """"
    }
]"
群聊负向,"这是要分析的对话:&&&08月27日 08:50分。文旅城-管家-魏孝万(员工):""?????????家人们，早上好~。今天…………""。08月27日 17:51分。东北爷们儿(客户):""有没有谁家猫吃老鼠的？我家这个废物[撇嘴]""。东北爷们儿(客户):""[视频]""。08月28日 01:22分。东北爷们儿(客户):""[图片]""。东北爷们儿(客户):""这个地方漏水""。08月28日 01:40分。不畏将来  不念过往(客户):""这是你家里面吗？""。不畏将来  不念过往(客户):""还是那里""。&&&","{""事件提取"":null,""提取结果"":false}"
群聊负向,"这是要分析的对话:&&&08月27日 09:32分。恒大城???? 秩序部 三期监控室(客户):""??认真工作，全心守护。夜间巡查，日复一日。仅8月1日到8月27日，就发现51辆电动车没有拔钥匙没有关电源[炸弹][炸弹]。?????请各位业主注意防火防盗，拔钥匙关电源，避免不必要的损失[拳头][拳头]。??恒大物业—南昌恒大城。??愿我百分努力，换您十分满意""。恒大城???? 秩序部 三期监控室(客户):""[图片]""。08月27日 11:18分。物业生活服务部(客户):""??初秋每天必吃一个石榴。  —会理软籽突尼斯石榴??。      ??产地到货，销售中??。 礼盒装39.9元 净重5斤±0.2两。    详情扫码图片二维码咨询。            或咨询楼栋管家。   或电话咨询:18126299685""。08月27日 11:30分。物业生活服务部(客户):""[图片]""。08月27日 12:13分。恒大城???? 秩序部 三期监控室(客户):""骗子冒充社交软件客服，说你“百万保障”即将到期，不取消每月要扣2000元？给你制造恐慌骗你上钩！打着“教你操作”的幌子，诱导你下载涉诈APP，窥探你的银行卡信息，伺机转走你的钱财。听到“百万保障”到期扣款，一定是诈骗！无论是哪个平台“百万保障”全部免费。敬请各位领导同事转发反诈视频及反诈日历。[抱拳][抱拳][抱拳]""。恒大城???? 秩序部 三期监控室(客户):""[视频号消息]""。恒大城???? 秩序部 三期监控室(客户):""[图片]""。08月27日 13:21分。恒大城???? 秩序部 三期监控室(客户):""[图片]""。恒大城???? 秩序部 三期监控室(客户):""[图片]""。恒大城???? 秩序部 三期监控室(客户):""[图片]""。08月27日 14:40分。恒大城-管家-小尧(员工):""【珍爱生命，谨防溺水！】。[拳头]暑期接…………""。恒大城-管家-小尧(员工):""[图片]""。08月27日 15:10分。恒大城???? 秩序部 三期监控室(客户):""在打雷起风，有可能要下雨，请关注，晒衣服的要注意""。恒大城???? 秩序部 三期监控室(客户):""在打雷起风，有可能要下雨，请关注，晒衣服的要注意""。恒大城???? 秩序部 三期监控室(客户):""在打雷起风，有可能要下雨，请关注，晒衣服的要注意""。08月27日 20:05分。恒大城???? 秩序部 三期监控室(客户):""? 2024.8.27日? 。【秩序维护部】 。1.夜班值班时间段：20：00—08：00。2.夜班值班队长:徐霖。3.物业24小时服务电话：0791-85957719/85130408。? 【物业小贴士】?。1、园区道路是大家的，请将爱车停至车位或车库，勿占行车主干道。。2、予人方便，予己方便，整齐有序，文明停车。。3、随身携带门禁卡，刷卡进出，提高安全防止偷盗。。4、请随手关大堂门，轻拉轻推，勿用力拉扯。。5、非机动车请勿进大堂、楼道内充电。。6、请勿让爱宠随地大小便，做文明养宠人。""。08月27日 20:45分。阿明(客户):""[图片]""。阿明(客户):""「阿明1902：[图片]」。- - - - - - - - - - - - - - -。刚买了几天的头盔，挂在电动车上，被人家拿走了。""。阿明(客户):""@恒大城???? 秩序部 三期监控室?查监控能查到不？不过不知道哪一天。""。08月27日 20:59分。恒大城???? 秩序部 三期监控室(客户):""有时间可以看一下是不是在监控范围内""。08月27日 21:08分。阿明(客户):""我看了，好像有监控，就在26栋一单元。前面那个老充电的那里。""。08月27日 21:15分。恒大城???? 秩序部 三期监控室(客户):""有就好，有时间可以来监控室指一下你停车的位置。""。&&&","[
    {
        ""业主情感强度"": {
            ""阿明"": ""一般负面""
        },
        ""事件讨论开始时间"": ""08月27日 20:45分"",
        ""事件讨论结束时间"": ""08月27日 21:15分"",
        ""事件详情"": ""业主阿明在恒大城三期监控室附近，其新购买的头盔挂在电动车上被盗。阿明发现后，在群聊中表达了对物业安全的不满，并请求物业查看监控录像。"",
        ""话题倾向"": """"
    }
]"
群聊负向,"这是要分析的对话:&&&08月27日 06:07分。yh(客户):""???♂【防溺水??安全温馨提示】。??亲爱的业主家人们：大家好??。?天气渐热，为了孩子们??的安全，请提高安全防范意识?，时刻监督和管理??好孩子，加强对孩子的防溺水??安全教育，禁止??孩子私自到小溪、水库、江边玩水、捕鱼、捉虾、游泳等。 。??安全无小事 时刻要警惕??。请家长??加强对孩子防溺水的监管力度，提高孩子??防溺水的自觉性?。同时物业工作人员??也会加大对园区的巡逻。为孩子的生命安全构筑坚实的防线??。??如需帮助请拨24小时服务热线。二期?:0731-85066275。一期?:0731-85520610。#长沙恒大雅苑物业服务中心""。yh(客户):""??长沙恒大雅苑。?2024年8??27日  星期四。?天气: 晴  气温：26－36℃。1、国家一级演员王霙去世,曾称:这一辈子就演一个人；。2、唐尚珺已录入新生信息,9月1日报到,笑称“没面办升学宴”；。3、线上线下都销售,“烟卡”成部分未成年人社交“硬通货”；。4、中秋要调休，高速不免费！国庆前后都要调休，可提前发工资；。5、辽宁建昌获捐物资里有高跟鞋，当地称系个人行为；微信搜：每日微语报。6、罗永浩“真还传”最新进展：已还8.24亿，还欠5亿多；。7、重庆沙坪坝连续6天气温超40℃ 市民晾晒食物：牛肉晒了一天嘎嘣脆；。8、辽宁一女子做美甲引发真菌感染，治疗时间长达三个月，花费近万元；。9、拼多多第二季度总营收971亿元同比增长86%，盘前跌逾12%；。10、问界新 M7 Pro 汽车目标上市首周交付 3000 台，首月交付破万台；。11、台积电确认2024H1从中国大陆和日本获得的补贴金额：共79.56亿新台币；。12、菲船只故意冲撞中国海警舰艇，专家：企图进一步坐实“南海仲裁裁决”；。13、韩媒：上半年访韩中国游客量超去年全年，韩政府为中国游客精选旅游项目；。14、哈里斯团队称她参选以来筹款5.4亿美元，“创选举史同期纪录”；。15、乌克兰全境多地发生爆炸：基辅多地水电供应中断，新闻直播突然黑屏；""。yh(客户):""[图片]""。08月27日 08:49分。鸿明(客户):""「何德军：。@鸿明?收到，今天上午会先把那里洗干净，就会去维修，」。- - - - - - - - - - - - - - -。臭绿殖处理完了[强]！。但体育馆的节日景观灯光秀的彩灯全坏则一直没修好？？""。鸿明(客户):""[文件超过最大限制]""。08月27日 09:01分。otis陈献文18522972841(客户):""温馨提示：。亲爱的业主家人们，8月27日 （今天）将对59栋电梯进行例行保养，保养采取两台电梯轮流停梯作业的方式，无特殊情况，每台电梯保养时间大概为1小时左右，请各位家人提前做好出行准备哦，给您造成不便敬请谅解。保养时间如下：。59栋1号梯：9:30-10:30。59栋2号梯：14:00-15:00""。08月27日 09:23分。彪(客户):""【?? 秩序服务?巡逻篇】。我们是白班园区秩序的守护者??。每天园区全覆盖巡视??。希望用我们的行动??。为您营造舒适的居家环境??。如需帮助请拨打24小时服务热线。?:0731一82231519。值班中队长。?:17700582090（二期）。??我们竭诚为您服务??""。彪(客户):""[视频]""。08月27日 09:52分。张露(员工):""@鸿明业主您好，刚刚在开会，体育馆后面这…………""。08月27日 10:40分。张露(员工):""[图片]""。张露(员工):""【新学期，新希望——亲子包书皮】。各位业…………""。08月27日 16:52分。知否(客户):""设备安全无小事，物业维修部工作人员正在对高压配电房，生活水泵房，消防水泵房进行巡检，防患于未然，运行正常。[强][强][强][强]""。知否(客户):""[图片]""。08月27日 19:14分。张露(员工):""失物招领：。亲爱的业主家人们，特此通知，…………""。张露(员工):""[图片]""。08月27日 19:41分。彪(客户):""【?? 秩序服务?巡逻篇】。我们是白班园区秩序的守护者??。每天园区全覆盖巡视??。希望用我们的行动??。为您营造舒适的居家环境??。如需帮助请拨打24小时服务热线。?:0731一82231519。值班中队长。?:17700582090（二期）。??我们竭诚为您服务??""。彪(客户):""[文件下载失败]""。心情尚好15367485711(客户):""业主您好??。我是夜班秩序班长（周游：17700582090），也是你的夜间安全守护者??，也许您从来没有见过我，因为我值守在您熟睡的每个晚上。夜间??我们会跟踪可疑人员、巡查车库、巡查园区、巡查楼层。。??清晨06:00我们还会查看每个电梯，确保您上班时电梯正常运行。。??如需帮助请及时拨打24小时服务电话85066275，我会出现在你需要的每个时刻???♂????♂????♂?。祝?您好梦！一醒来又是美美哒的一天哦??????""。08月27日 21:10分。心情尚好15367485711(客户):""【?? 秩序服务?巡逻篇】。我们是晚班园区秩序的守护者??。每天园区全覆盖巡视??。希望用我们的行动??。为您营造舒适的居家环境??。如需帮助请拨打24小时服务热线。?:0731一82231519。值班中队长。?:17700582090（二期）。??我们竭诚为您服务??""。心情尚好15367485711(客户):""[视频]""。08月28日 03:48分。yh(客户):""【?? 秩序服务?巡逻篇】。我们是晚班园区秩序的守护者??。每天园区全覆盖巡视??。希望用我们的行动??。为您营造舒适的居家环境??。如需帮助请拨打24小时服务热线。?:0731一82231519。值班中队长。?:17700582090（二期）。??我们竭诚为您服务??""。yh(客户):""[图片]""。&&&","{""事件提取"":null,""提取结果"":false}"
群聊负向,"这是要分析的对话:&&&08月27日 08:36分。晴空(客户):""这个走廊不说就没有人拖""。NaNa M(客户):""保洁早上处理大堂和收垃圾，下午打扫楼层""。NaNa M(客户):""{""pre_msgid"":""8160729189943133463_1724719267323_external""}""。08月27日 08:41分。NaNa M(客户):""保洁早上处理大堂和收垃圾，下午打扫楼层""。08月27日 09:02分。恒大文旅城3组团管家-王南燕(员工):""?????????家人们，早上好~。今天…………""。08月27日 09:37分。晴空(客户):""不只是今天没拖，我来快两个月了，拖了不到三次[破涕为笑]@客服负责人—蒙思娜?""。恒大文旅城3组团管家-王南燕(员工):""好的，姐，我给环境负责领导反馈哈，让阿姨…………""。08月27日 09:59分。张卫～百家福门业指纹锁仓储中心(客户):""这个过道公共区域确实很少很少有打扫，我家那块儿很多时候都是自己拖的""。08月27日 10:10分。恒大文旅城3组团管家-王南燕(员工):""收到，我统一给他们说哈""。08月27日 10:25分。W.G.Y & 阳(客户):""@恒大文旅城3组团管家-王南燕?13楼这个过道估计5天没打扫过了""。恒大文旅城3组团管家-王南燕(员工):""我前两天巡楼的时候喊他们统一拖了的[捂脸…………""。08月27日 11:09分。恒大文旅城3组团管家-王南燕(员工):""[图片]""。恒大文旅城3组团管家-王南燕(员工):""[图片]""。恒大文旅城3组团管家-王南燕(员工):""[图片]""。恒大文旅城3组团管家-王南燕(员工):""[图片]""。恒大文旅城3组团管家-王南燕(员工):""[图片]""。恒大文旅城3组团管家-王南燕(员工):""喊他们在统一整改打扫哈""。08月27日 17:32分。??(客户):""负二楼电梯厅的灯坏了""。08月27日 17:40分。何继雄(客户):""好的，马上安排师傅来处理""。08月27日 18:34分。螃蟹(客户):""[图片]""。螃蟹(客户):""@???已处理""。08月27日 20:39分。@????川川??(客户):""今日秩序巡查园区，通报情况如下：。1、巡查地库，发现未关闭单元门禁，已全部进行了关闭处理；。2、园区运行一切正常，无可疑人员逗留；。4、各位业主如遇紧急情况可拨打值班人员电话：。秩序部:舒川13668509505。维修部:何彬18984855091。辖区派出所电话085183851334。[抱拳]秩序小哥在此呼吁大家：?区的安全、和谐离不开我们共同的努?，请各位小主进出随手关闭单元门，做好安全防范。如遇问题或需帮助欢迎致电。""。@????川川??(客户):""[图片]""。&&&","[
    {
        ""业主情感强度"": {
            ""张卫～百家福门业指纹锁仓储中心"": ""一般负面"",
            ""W.G.Y & 阳"": ""一般负面"",
            ""晴空"": ""强烈负面""
        },
        ""事件讨论开始时间"": ""08月27日 08:36"",
        ""事件讨论结束时间"": ""08月27日 11:09"",
        ""事件详情"": ""业主晴空、张卫～百家福门业指纹锁仓储中心、W.G.Y & 阳 反映走廊和公共区域清洁问题，表示很少看到有打扫，尤其是13楼的过道估计5天没打扫过。晴空业主表示自己入住快两个月，拖地不到三次。"",
        ""话题倾向"": """"
    }
]"
群聊负向,"这是要分析的对话:&&&08月27日 09:20分。笑笑(客户):""你好 麻烦开下门""。笑笑(客户):""车库的""。韶关恒大城A区监控员(客户):""已开""。08月27日 19:05分。韶关恒大城A区监控员(客户):""2024-08-27。【秩序维护部】。1、值班时间段: 19:00-07:00。2、值班中队长: 祝金才。联系:13509859250。【温馨提示】。请各位业主知悉，如需要帮助或遇紧急情况，请电话联系值班室或值班中队长。。物业24小时值班电话：。0751-8709633。0751-8709600""。08月28日 01:39分。森屿暖树(客户):""44栋2102的业主，你家孩子怎么精力这么好，一点半了还不睡[破涕为笑]跳上跳下的，跑来跑去的，太晚了能不能稍微让孩子控制一下""。森屿暖树(客户):""毕竟这个时候，真的太晚了，好几次睡着了，都吵醒了""。韶关恒大城A区监控员(客户):""收到""。08月28日 01:51分。韶关恒大城A区监控员(客户):""已上门沟通""。&&&","[
    {
        ""业主情感强度"": {
            ""森屿暖树"": ""一般负面""
        },
        ""事件讨论开始时间"": ""08月28日 01:39分"",
        ""事件讨论结束时间"": ""08月28日 01:51分"",
        ""事件详情"": ""森屿暖树(客户)投诉44栋2102的业主的孩子深夜不睡觉，跑动吵闹影响休息。物业监控员收到投诉后上门沟通。"",
        ""话题倾向"": """"
    }
]"
群聊负向,"这是要分析的对话:&&&08月27日 08:40分。川海消防@姜尉萍(客户):""[视频]""。川海消防@姜尉萍(客户):""@第二物业负责人何继雄?@物业维修部负责人-付雷?什么时候可以解决""。川海消防@姜尉萍(客户):""其它地方可以慢慢来，水和电混一起了，这个事情能慢慢来嘛？出了事情谁的责任，谁负责""。08月27日 08:50分。Boss(客户):""@秩序部 彭文庆 15285001561?细节固然重要但是恒大文旅城很多大节至今都无人管理怎么说？""。文旅城-管家-魏孝万(员工):""?????????家人们，早上好~。今天…………""。&&&","[
    {
        ""业主情感强度"": {
            ""姜尉萍"": ""强烈负面""
        },
        ""事件讨论开始时间"": ""08月27日 08:40"",
        ""事件讨论结束时间"": ""08月27日 08:40"",
        ""事件详情"": ""姜尉萍(客户)在08月27日08:40分提出，存在水电混合的紧急维修问题，并质疑物业负责人何继雄和维修部负责人付雷的处理速度，表达了对可能发生事故的责任归属的担忧。"",
        ""话题倾向"": """"
    },
    {
        ""业主情感强度"": {
            ""Boss"": ""强烈负面""
        },
        ""事件讨论开始时间"": ""08月27日 08:50"",
        ""事件讨论结束时间"": ""08月27日 08:50"",
        ""事件详情"": ""Boss(客户)在08月27日08:50分对秩序部负责人彭文庆提出文旅城管理不善的问题，指出很多大节都无人管理。"",
        ""话题倾向"": """"
    }
]"
群聊负向,"这是要分析的对话:&&&08月27日 08:40分。吴兴丹(员工):""?????????家人们，早上好~。今天…………""。08月27日 18:19分。福万家家政保洁(客户):""[图片]""。福万家家政保洁(客户):""楼上4号房的朋友邻居你们注意啊，卫生巾都往楼底下丢，太过分了吧""。福万家家政保洁(客户):""就不能往垃圾桶里丢吗""。福万家家政保洁(客户):""[视频]""。福万家家政保洁(客户):""这素质是不是有点太差了""。吴兴丹(员工):""这是一条引用/回复消息：。""福万家家政保…………""。福万家家政保洁(客户):""@吴兴丹?""。吴兴丹(员工):""收到[微笑]""。08月27日 19:13分。旋律(客户):""停车场入口的那几个镜子可以找人调整一下吗？上次说了到现在还是这样[捂脸]""。吴兴丹(员工):""这是一条引用/回复消息：。""11-2-1…………""。旋律(客户):""每次都是开车进进出出没有拍照哦""。旋律(客户):""就是入口下来左边墙上一个，对直下来后那个""。吴兴丹(员工):""这是一条引用/回复消息：。""11-2-1…………""。旋律(客户):""出入口右转的一个柱子上一个[呲牙]""。08月27日 19:21分。吴兴丹(员工):""这是一条引用/回复消息：。""11-2-1…………""。旋律(客户):""最开始都很好啊[捂脸]""。吴兴丹(员工):""这是一条引用/回复消息：。""11-2-1…………""。08月27日 19:59分。??普通?市民???(客户):""各位业主：晚上好！[玫瑰]。8月27日秩序部夜间执勤安排：。一、带班队长：段宏。15085960971。工程值班人员：杨丙云 。 13984310672。二、24小时值班电话：。0851-83862661。辖区派出所电话：。0851-83851334。三、带班时间：20:00-08:00。四、我们将12小时坚守岗位，如有需要请致电，我们将竭诚为您服务。夜间休息请关好门窗，做好安全防范，出入小区带好业主卡、谨防尾随。。贵阳恒大文化旅游城物业服务中心祝您：生活愉快！[烟花]""。??普通?市民???(客户):""[视频]""。08月27日 22:26分。杨丙云(客户):""各位业主大家晚上好，园区照明、设备房巡查，运行正常，保驾护航，物业维修部24小时在岗[加油][加油][加油]""。杨丙云(客户):""[图片]""。08月27日 23:18分。??普通?市民???(客户):""[图片]""。&&&","[
    {
        ""业主情感强度"": {
            ""福万家家政保洁"": ""强烈负面""
        },
        ""事件讨论开始时间"": ""08月27日 18:19分"",
        ""事件讨论结束时间"": ""08月27日 18:19分"",
        ""事件详情"": ""福万家家政保洁(客户)对楼上4号房乱丢卫生巾到楼下的行为表示强烈不满，认为这种行为素质差，且提出了改进建议。"",
        ""话题倾向"": """"
    }
]"
群聊负向,"这是要分析的对话:&&&08月27日 06:26分。And@星期八(客户):""每天早上很早的就有人在楼下。大声说话，你们去提醒一下嘛，他不睡觉别人还睡呢""。And@星期八(客户):""声音又大""。08月27日 06:32分。And@星期八(客户):""物业的是不是去提醒一下？""。08月27日 07:26分。??一切??? 随缘????(客户):""6点过就起来锻炼了""。08月27日 07:52分。And@星期八(客户):""别人一般是七点，起的早那声音小点，注意一下嘛""。08月27日 08:41分。恒大文旅城8组团管家—王学灵(员工):""?????????家人们，早上好~。今天…………""。08月27日 10:13分。恒大文旅城8组团管家—王学灵(员工):""尊敬的各位业主：。        近日小…………""。恒大文旅城8组团管家—王学灵(员工):""[图片]""。08月27日 10:34分。恒大文旅城8组团管家—王学灵(员工):""尊敬的业主朋友 一树梨花  ，欢迎加入业…………""。08月27日 12:35分。恒大文旅城8组团管家—王学灵(员工):""吃瓜??大赛来咯??。枯藤老树昏鸦???…………""。恒大文旅城8组团管家—王学灵(员工):""[图片]""。08月27日 20:10分。Morii(客户):""各位业主：晚上好！[玫瑰]。8月 27日秩序部夜间执勤安排：。一、值班:陈家豪。电话:19391777977。二、24小时值班电：0851-83862661。辖区派出所电话：0851-83851334。值班维修师傅：。杨丙云:13984310672带班时间：20:00-08:00。四、我们将12小时坚守岗位，如有需要请致电，我们将竭诚为您服务。夜间休息请关好门窗，做好安全防范，出入小区带好业主卡。。贵阳恒大文化旅游城物业服务中心祝您：。               生活愉快！""。08月27日 22:30分。杨丙云(客户):""各位业主大家晚上好，园区照明、设备房巡查，运行正常，保驾护航，物业维修部24小时在岗[加油][加油][加油]""。杨丙云(客户):""[图片]""。&&&","[
    {
        ""业主情感强度"": {
            ""??一切??? 随缘????"": ""一般负面"",
            ""And@星期八"": ""强烈负面""
        },
        ""事件讨论开始时间"": ""08月27日 06:26分"",
        ""事件讨论结束时间"": ""08月27日 07:52分"",
        ""事件详情"": ""业主And@星期八和??一切??? 随缘????对早晨楼下大声说话的噪音表示不满，认为影响了休息。And@星期八要求物业提醒噪音制造者注意，并指出声音过大。??一切??? 随缘????则提到有人6点过就开始锻炼，可能是指制造噪音的人。"",
        ""话题倾向"": """"
    }
]"
群聊负向,"这是要分析的对话:&&&08月27日 16:27分。YQ(客户):""[图片]""。YQ(客户):""这车怎么老停这@韶关恒大城A区监控员?""。韶关恒大城A区监控员(客户):""收到""。08月27日 16:41分。学会知足(客户):""[视频号消息]""。08月27日 16:52分。韶关恒大城A区监控员(客户):""[图片]""。08月27日 18:05分。小胖子爱吃肉(客户):""「YQ：[图片]」。- - - - - - - - - - - - - - -。请问有妨碍你出行吗？""。08月27日 19:05分。韶关恒大城A区监控员(客户):""2024-08-27。【秩序维护部】。1、值班时间段: 19:00-07:00。2、值班中队长: 祝金才。联系:13509859250。【温馨提示】。请各位业主知悉，如需要帮助或遇紧急情况，请电话联系值班室或值班中队长。。物业24小时值班电话：。0751-8709633。0751-8709600""。08月27日 22:30分。侯開芯(客户):""[视频]""。侯開芯(客户):""@韶关恒大城A区监控员?路都快没了""。韶关恒大城A区监控员(客户):""收到""。08月27日 23:52分。G.N.D(客户):""@韶关恒大城A区监控员?你好，我待会儿需要乘的士进入园区，车牌号粤FD08871，大概20分钟后到，麻烦放行，栏杆挪一下，谢谢""。韶关恒大城A区监控员(客户):""收到""。G.N.D(客户):""[握手][握手]""。&&&","[
    {
        ""业主情感强度"": {
            ""YQ"": ""一般负面"",
            ""侯開芯"": ""一般负面""
        },
        ""事件讨论开始时间"": ""08月27日 16:27"",
        ""事件讨论结束时间"": ""08月27日 22:30"",
        ""事件详情"": ""业主YQ和侯開芯对园区内车辆违停和道路状况表示不满。YQ在08月27日 16:27分投诉有车辆经常违停，而侯開芯在22:30分表示因车辆违停导致道路几乎无法通行。"",
        ""话题倾向"": """"
    }
]"
群聊负向,"这是要分析的对话:&&&08月27日 08:38分。贵阳恒大半山御景-管家-郑超超(员工):""?????????家人们，早上好~。今天…………""。08月27日 09:26分。Bella 郜[吃瓜](客户):""21组团也没有燃气了？""。贵阳恒大半山御景-管家-郑超超(员工):""您家也没有气了吗@Bella 郜[吃瓜]""。贵阳恒大半山御景-管家-郑超超(员工):""昨天燃气员通知我说，就22组团有影响""。Bella 郜[吃瓜](客户):""嗯嗯 我们家没得""。贵阳恒大半山御景-管家-郑超超(员工):""好的，我问问燃气员[抱拳]""。08月27日 09:52分。guoIan(客户):""@Bella 郜[吃瓜]?邻居我家有燃气的""。Bella 郜[吃瓜](客户):""@2-2601?好嘞 谢谢哈""。Bella 郜[吃瓜](客户):""@贵阳恒大半山御景-管家-郑超超?那麻烦通知人来我们家看看哈""。贵阳恒大半山御景-管家-郑超超(员工):""好的""。贵阳恒大半山御景-管家-郑超超(员工):""已经跟燃气员说了@Bella 郜[吃瓜]""。08月27日 09:59分。Bella 郜[吃瓜](客户):""没事 我们自己先看看，先不用来看了""。贵阳恒大半山御景-管家-郑超超(员工):""好的""。08月27日 10:21分。贵阳恒大半山御景-管家-郑超超(员工):""[会话记录消息]""。贵阳恒大半山御景-管家-郑超超(员工):""{""pre_msgid"":""501325…………""。贵阳恒大半山御景-管家-郑超超(员工):""[图片]""。贵阳恒大半山御景-管家-郑超超(员工):""尊敬的各位业主：。        近日小…………""。08月27日 15:01分。Bella 郜[吃瓜](客户):""@贵阳恒大半山御景-管家-郑超超?我们家需要在墙上打个孔，麻烦来弄哈""。贵阳恒大半山御景-管家-郑超超(员工):""打孔要看打哪种，你拍照私发我看打哪个地方…………""。08月27日 15:07分。Bella 郜[吃瓜](客户):""[图片]""。Bella 郜[吃瓜](客户):""{""pre_msgid"":""11777756219131919924_1724742429509_external""}""。08月27日 18:44分。贵阳恒大半山御景-管家-郑超超(员工):""由于市政压力不足，进不了水箱，现在水箱水…………""。08月27日 20:04分。朱姐海带凉菜魔芋批发18708503773(客户):""[视频]""。朱姐海带凉菜魔芋批发18708503773(客户):""@贵阳恒大半山御景-管家-郑超超?这里是越来越掉得多""。朱姐海带凉菜魔芋批发18708503773(客户):""什么时候才能来处理一下""。贵阳恒大半山御景-管家-郑超超(员工):""我已经加急催了，师傅上班就来搞""。08月27日 20:16分。?(客户):""各位业主：晚上好！[玫瑰]。8月27日秩序部夜间执勤安排：。一、值班人员，李苓杰13035574097。维修部值班人员，杨俊兴18684112684?。二、巡查期间未发现流浪狗、猫，值班期间如发现第一时间处理。三、带班时间：20:00-08:00。四、我们将12小时坚守岗位，如有需要请致电，我们将竭诚为您服务。夜间休息请关好门窗，做好安全防范，出入小区带好业主卡、谨防尾随。。贵阳金碧物业服务中心祝您：生活愉快！[烟花]""。08月27日 21:50分。顾洋(客户):""停水了，什么时候能来水？？？""。?(客户):""「贵阳恒大半山御景-管家-郑超超：。由于市政压力不足，进不了水箱，现在水箱水位不足，有可能随时停水，请各位业主做一下准备，我司正在协调处理[抱拳][抱拳][抱拳]。@所有人 」。- - - - - - - - - - - - - - -。业主您好  暂时还不清楚  我我问一下""。08月27日 22:01分。?(客户):""@顾洋?业主您好来水时间市政那边没确定""。熊培军(客户):""刚下班回来没水用""。顾洋(客户):""[苦涩]真的这么热的天没有水""。08月27日 22:08分。?(客户):""由于市政压力不足，进不了水箱，现在水箱水位不足，有可能随时停水，请各位业主做一下准备，我司正在协调处理[抱拳][抱拳]。 是市政那边供水不足导致的""。?(客户):""{""pre_msgid"":""16577790912648615199_1724767688197_external""}""。?(客户):""「贵阳恒大半山御景-管家-郑超超：。由于市政压力不足，进不了水箱，现在水箱水位不足，有可能随时停水，请各位业主做一下准备，我司正在协调处理[抱拳][抱拳][抱拳]。@所有人 」。- - - - - - - - - - - - - - -。是市政那边压力不足  然后水进不到水箱里面""。玫瑰????(客户):""刚回来一滴水都没有，问下好久来，协调下嘛，都停了好几次了，要人生活不哦[抓狂][抓狂]""。08月27日 22:15分。熊培军(客户):""售楼部边上污水也堵到也堵，臭的很，有人梳理没有@秩序部李苓杰?""。?(客户):""@玫瑰?????业主您好  可以打12345市政热线投诉一下  我这边也在打电话投诉""。08月27日 22:55分。顾洋(客户):""还有22组团天天大半夜不是挖坑就是铺路，还让不让人睡啊。澡也洗不了，觉也睡不成[裂开][裂开][裂开]""。?(客户):""[视频]""。?(客户):""这边我在八点半左右就去沟通了 说赶工期  要在十一点左右才停  施工单位我们也管不了  大家都可以打电话投诉一下""。顾洋(客户):""[图片]""。顾洋(客户):""现在就十一点了，这么大的机器轰鸣声，孩子也睡不了啊唉糟心""。?(客户):""这种我们也叫不停  可以打电话投诉  也可以报警 施工扰民""。&&&","[
    {
        ""业主情感强度"": {
            ""玫瑰????"": ""强烈负面"",
            ""熊培军"": ""强烈负面"",
            ""顾洋"": ""强烈负面""
        },
        ""事件讨论开始时间"": ""08月27日 21:50分"",
        ""事件讨论结束时间"": ""08月27日 22:15分"",
        ""事件详情"": ""多位业主对水箱供水不足导致停水表示不满，业主顾洋、熊培军、玫瑰????等表达了强烈的负面情绪，表示生活受到严重影响。熊培军又提出了污水堵塞问题。"",
        ""话题倾向"": """"
    },
    {
        ""业主情感强度"": {
            ""顾洋"": ""强烈负面""
        },
        ""事件讨论开始时间"": ""08月27日 22:55分"",
        ""事件讨论结束时间"": ""08月27日 22:55分"",
        ""事件详情"": ""业主顾洋对22组团天天大半夜施工扰民表示极度不满，影响了业主的休息和孩子睡觉，表达出非常强烈的负面情绪。"",
        ""话题倾向"": """"
    }
]"
群聊负向,"这是要分析的对话:&&&08月27日 06:52分。你的月亮我的心(客户):""温馨提示：。因遇降雨天气，金碧晨跑团临时取消一天，请各位家长和小朋友们不要跑空哦[玫瑰][玫瑰]""。08月27日 08:05分。A00(客户):""[会话记录消息]""。08月27日 08:21分。黄药师(客户):""@济南绿洲44-45-49楼管家立春?我家主卧门锁出故障从外面用把手打不开了""。易德涛(客户):""收到老师，忙完47号楼就去您家""。静子(客户):""2303厕所门锁坏了""。易德涛(客户):""收到老师""。08月27日 08:28分。黄药师(客户):""@易德涛恒大绿洲公区维修师傅?谢谢！""。易德涛(客户):""不客气老师""。JN29岁月静好(客户):""。。各位家人们[爱心]早上好！。我是物业保洁领班刘翠兰，联系电话 18560197252。各位保洁叔叔阿姨已到岗。上班后第一时间清理积水。??倘若您发现任何环境方面的问题或者有宝贵的建议，随时与我联系，我定会全力以赴为您排忧解难！。??感谢各位家人一直以来的信赖与支持！ ?? ??""。JN29岁月静好(客户):""[图片]""。08月27日 08:39分。济南绿洲44-45-49楼管家立春(员工):""[玫瑰][玫瑰]早安  绿洲[玫瑰][玫…………""。济南绿洲44-45-49楼管家立春(员工):""[链接]""。08月27日 08:52分。易德涛(客户):""@黄药师?您的房号老师""。08月27日 10:12分。济南绿洲44-45-49楼管家立春(员工):""┌─??桶装水活动来袭。??水长清纯天然…………""。济南绿洲44-45-49楼管家立春(员工):""[图片]""。08月27日 10:20分。沁水百合&(客户):""[图片]""。沁水百合&(客户):""各位居民朋友:。       为保障济南市居民健康权益，逐步健全完善居民特殊疾病风险体系，区妇联与中国人寿保险股份有限公司济南分公司启动了“男性女性安康保障工程”面向18周岁至60周岁以下身体健康者推出团体安康保险，社区居民可根据个人情况自愿购买。。详情请咨询恒大三社区居委会。。地址:恒大22号楼内铺。。电话：87207026""。沁水百合&(客户):""[链接]""。沁水百合&(客户):""[小程序消息]""。沁水百合&(客户):""3998元，妇女?找“客服”退回孩子充值的游戏款?被骗。。1095元，大学生??其同学微信号被盗，借钱??被骗。。。男青年[色][色]约炮[色][色]，妇女??兼职刷单??、????被“异性网友”诱导投资????诈骗高发！。转发提醒好家里的[拥抱]年轻人、妇女[拥抱]！。。【8月26日电诈警情通报】。【文昌街道、新城派出所】。1、汇侨城妇女，【找“客服”退孩子充值的游戏费】被骗3998元。。??手段：孩子充值游戏后，在网上[爆竹]搜索“客服”退费[爆竹]，对方让其扫码，称?已经设置好，钱不会被转走?。结果，还是转账成功。。。【大学城、大学路派出所】。2、齐鲁工业大学大三学生（专业待核实），【其同学微信号被盗，发来借钱信息】被骗1095元。。??手段：其同学[爆竹]微信号被盗[爆竹]，对方让其?帮忙把钱从微信倒腾到支付宝?。 。       该同学用支付宝给其转钱后，对方没有信守承诺，把钱用微信再转回来。""。沁水百合&(客户):"" 各位居民:。       为提高社区火灾预警和防控能力，保障居民的居家安全。由政府联合联通公司为居民免费上门安装独立式烟感报警器。安装以后若家中有火灾隐患，可通过网络直接推送给业主本人及消防大队。目前先进行报名，后期会有联通公司工作人员与业主联系，上门进行安装。本期独立式烟感报警器数量80个，先报先得 ，报满为止。。              恒大绿洲第三社区。                   2024.8.22""。08月27日 12:52分。杨七妹(客户):""三单元东电梯不运行@济南绿洲44-45-49楼管家立春?""。08月27日 12:57分。济南绿洲44-45-49楼管家立春(员工):""怎么显示姐""。济南绿洲44-45-49楼管家立春(员工):""关不上门吗？""。杨七妹(客户):""摁着能关上门，但不运动""。大乐(客户):""@济南绿洲44-45-49楼管家立春?你好，下午能让维修师傅来给我看看入户门锁吧，不好开门了""。08月27日 13:02分。易德涛(客户):""@3-302?收到老师""。大乐(客户):""@易德涛恒大绿洲公区维修师傅?谢谢""。易德涛(客户):""不容气""。真爱永恒杨洪娥(客户):""@济南绿洲44-45-49楼管家立春?你好，下午能来给我看看这个厕所门吗不好开了""。08月27日 14:05分。易德涛(客户):""收到老师，忙完302就去你家""。08月27日 15:49分。JN29岁月静好(客户):""。[拳头]环境提升持续进行中[拳头]。[太阳]今日专项楼宇步梯湿拖[太阳]恒大绿洲保洁团队为您服务[玫瑰]""。JN29岁月静好(客户):""[图片]""。08月27日 18:39分。A00(客户):""??物业秩序“小蜜蜂” ??。[庆祝]“小蜜蜂”来了！来了！[庆祝]。[太阳]有事，您说话[太阳]。[庆祝]车辆电瓶亏电启动不了！。[庆祝]家里有沉物品搬不动了！。[庆祝]买了好多东西拿不了！。联系电话：0531-55612606。秩序小“蜜蜂”竭诚为您服务！[耶][耶][耶]。[庆祝]我们的口号：。[庆祝]真心帮助每一位[庆祝]。[庆祝]热心服务每一人[庆祝]。[庆祝]赠人玫瑰[玫瑰]，手有余香[庆祝]""。A00(客户):""[图片]""。08月27日 19:52分。爱心家园(客户):""[链接]""。爱心家园(客户):""业主朋友们听听这才是真正的物业管理法""。08月27日 19:58分。爱心家园(客户):""收取车位管理费是重复收费""。08月27日 20:04分。你的月亮我的心(客户):""尊敬的业主，您好：。       为更好、更快的解决业主问题，现将各值班人员、联系电话及值班时间公示在群内，各位业主可直接电话联系或在群内@秩序110。1、日常家用维修工具(螺丝刀、活动扳手、小锤等);。2、小型购物车、平板车、人字梯、打气筒，应急医用品等。。为您爱家保驾护航，如果您有家政保洁、直饮水卡办理、白蚁消杀、有偿维修、房屋租赁的业务需求，随时与我们联系，为您提供专业的服务。。【秩序维护部】。[爱心]1.值班时间段：。????20:00－08:00????。[爱心]2.值班中队长-赵队电话：0531-55615881。[爱心]3.物业服务电话：0531-55615896、55615596。??4.监控室值班24小时电话：0531-55612606。3、【物业-安保服务“小蜜蜂”】。[抱拳]如您家中有需要帮助的请联系我们?。[爱心]24小时为各位家人守候。[合十]贴心服务、真诚相伴。如需便民服务车，请直接联系；。①55612606。②55612808。有事您说话，我们会在第一时间安排人员帮你处理[玫瑰][玫瑰]""。你的月亮我的心(客户):""[图片]""。08月27日 20:27分。东北大碗麻辣烫(客户):""邻居们你们知道哪有要幼儿园托管的吗，孩子5岁，有要的告诉我一下呗谢谢""。08月27日 23:54分。你的月亮我的心(客户):""尊敬的业主大家好！我是夜间执勤赵队长，金碧物业安保服务8月27号巡查，时刻守护业主们的安全，请安心入睡，如有紧急情况请拨打0531-55612606""。你的月亮我的心(客户):""[图片]""。08月28日 02:59分。你的月亮我的心(客户):""尊敬的业主大家好！我是夜间执勤赵队长，金碧物业安保服务8月28号巡查，时刻守护业主们的安全，请安心入睡，如有紧急情况请拨打0531-55612606""。你的月亮我的心(客户):""[图片]""。&&&","{""事件提取"":null,""提取结果"":false}"
群聊负向,"这是要分析的对话:&&&08月27日 06:51分。你的月亮我的心(客户):""温馨提示：。因遇降雨天气，金碧晨跑团临时取消一天，请各位家长和小朋友们不要跑空哦[玫瑰][玫瑰]""。08月27日 08:08分。A00(客户):""尊敬的业主，您好：。       为更好、更快的解决业主问题，现将各值班人员、联系电话及值班时间公示在群内，各位业主可直接电话联系或在群内@秩序110。1、日常家用维修工具(螺丝刀、活动扳手、小锤等);。2、小型购物车、平板车、人字梯、打气筒，应急医用品等。。为您爱家保驾护航，如果您有家政保洁、直饮水卡办理、白蚁消杀、有偿维修、房屋租赁的业务需求，随时与我们联系，为您提供专业的服务。。【秩序维护部】。[爱心]1.值班时间段：。????08:00－20:00????。[爱心]2.值班中队长-赵队电话：0531-83131013。[爱心]3.物业服务电话：0531-55615896、55615596。??4.监控室值班24小时电话：0531-55612606。3、【物业-安保服务“小蜜蜂”】。[抱拳]如您家中有需要帮助的请联系我们?。[爱心]24小时为各位家人守候。[合十]贴心服务、真诚相伴。如需便民服务车，请直接联系；。①55612606。②55612808。有事您说话，我们会在第一时间安排人员帮你处理[玫瑰][玫瑰]""。A00(客户):""[图片]""。08月27日 08:31分。JN29岁月静好(客户):""。。各位家人们[爱心]早上好！。我是物业保洁领班刘翠兰，联系电话 18560197252。各位保洁叔叔阿姨已到岗。上班后第一时间清理积水。??倘若您发现任何环境方面的问题或者有宝贵的建议，随时与我联系，我定会全力以赴为您排忧解难！。??感谢各位家人一直以来的信赖与支持！ ?? ??""。JN29岁月静好(客户):""[图片]""。08月27日 08:45分。刘诗雨(员工):""[玫瑰][玫瑰]早安  绿洲[玫瑰][玫…………""。刘诗雨(员工):""[链接]""。08月27日 09:00分。刘诗雨(员工):""┌─??桶装水活动来袭。??水长清纯天然…………""。刘诗雨(员工):""[图片]""。08月27日 11:49分。千江阁??(客户):""3998元，妇女?找“客服”退回孩子充值的游戏款?被骗。。1095元，大学生??其同学微信号被盗，借钱??被骗。。。男青年[色][色]约炮[色][色]，妇女??兼职刷单??、????被“异性网友”诱导投资????诈骗高发！。转发提醒好家里的[拥抱]年轻人、妇女[拥抱]！。。【8月26日电诈警情通报】。【文昌街道、新城派出所】。1、汇侨城妇女，【找“客服”退孩子充值的游戏费】被骗3998元。。??手段：孩子充值游戏后，在网上[爆竹]搜索“客服”退费[爆竹]，对方让其扫码，称?已经设置好，钱不会被转走?。结果，还是转账成功。。。【大学城、大学路派出所】。2、齐鲁工业大学大三学生（专业待核实），【其同学微信号被盗，发来借钱信息】被骗1095元。。??手段：其同学[爆竹]微信号被盗[爆竹]，对方让其?帮忙把钱从微信倒腾到支付宝?。 。       该同学用支付宝给其转钱后，对方没有信守承诺，把钱用微信再转回来。""。08月27日 15:49分。JN29岁月静好(客户):""。[拳头]环境提升持续进行中[拳头]。[太阳]今日专项楼宇步梯湿拖[太阳]恒大绿洲保洁团队为您服务[玫瑰]""。JN29岁月静好(客户):""[图片]""。08月27日 17:29分。南方嘉木。(客户):""[图片]""。南方嘉木。(客户):""没关车灯""。南方嘉木。(客户):""[图片]""。南方嘉木。(客户):""要不要这么没素质，1163车位东后侧帮忙拖一下@刘诗雨?""。08月27日 18:09分。刘诗雨(员工):""好的??""。08月27日 18:34分。A00(客户):""??物业秩序“小蜜蜂” ??。[庆祝]“小蜜蜂”来了！来了！[庆祝]。[太阳]有事，您说话[太阳]。[庆祝]车辆电瓶亏电启动不了！。[庆祝]家里有沉物品搬不动了！。[庆祝]买了好多东西拿不了！。联系电话：0531-55612606。秩序小“蜜蜂”竭诚为您服务！[耶][耶][耶]。[庆祝]我们的口号：。[庆祝]真心帮助每一位[庆祝]。[庆祝]热心服务每一人[庆祝]。[庆祝]赠人玫瑰[玫瑰]，手有余香[庆祝]""。A00(客户):""[图片]""。08月27日 20:07分。你的月亮我的心(客户):""尊敬的业主，您好：。       为更好、更快的解决业主问题，现将各值班人员、联系电话及值班时间公示在群内，各位业主可直接电话联系或在群内@秩序110。1、日常家用维修工具(螺丝刀、活动扳手、小锤等);。2、小型购物车、平板车、人字梯、打气筒，应急医用品等。。为您爱家保驾护航，如果您有家政保洁、直饮水卡办理、白蚁消杀、有偿维修、房屋租赁的业务需求，随时与我们联系，为您提供专业的服务。。【秩序维护部】。[爱心]1.值班时间段：。????20:00－08:00????。[爱心]2.值班中队长-赵队电话：0531-55615881。[爱心]3.物业服务电话：0531-55615896、55615596。??4.监控室值班24小时电话：0531-55612606。3、【物业-安保服务“小蜜蜂”】。[抱拳]如您家中有需要帮助的请联系我们?。[爱心]24小时为各位家人守候。[合十]贴心服务、真诚相伴。如需便民服务车，请直接联系；。①55612606。②55612808。有事您说话，我们会在第一时间安排人员帮你处理[玫瑰][玫瑰]""。你的月亮我的心(客户):""[图片]""。08月27日 23:54分。你的月亮我的心(客户):""尊敬的业主大家好！我是夜间执勤赵队长，金碧物业安保服务8月27号巡查，时刻守护业主们的安全，请安心入睡，如有紧急情况请拨打0531-55612606""。你的月亮我的心(客户):""[图片]""。08月28日 02:59分。你的月亮我的心(客户):""尊敬的业主大家好！我是夜间执勤赵队长，金碧物业安保服务8月28号巡查，时刻守护业主们的安全，请安心入睡，如有紧急情况请拨打0531-55612606""。你的月亮我的心(客户):""[图片]""。&&&","[
    {
        ""业主情感强度"": {
            ""南方嘉木"": ""强烈负面""
        },
        ""事件讨论开始时间"": ""08月27日 17:29分"",
        ""事件讨论结束时间"": ""08月27日 18:09分"",
        ""事件详情"": ""南方嘉木业主在08月27日 17:29分发现1163车位东后侧有车辆未关车灯，并对此表示不满，称'要不要这么没素质'，要求物业工作人员@刘诗雨处理。"",
        ""话题倾向"": """"
    }
]"
群聊负向,"这是要分析的对话:&&&08月27日 08:38分。贵阳恒大半山御景-管家-郑超超(员工):""?????????家人们，早上好~。今天…………""。08月27日 10:21分。贵阳恒大半山御景-管家-郑超超(员工):""[会话记录消息]""。贵阳恒大半山御景-管家-郑超超(员工):""{""pre_msgid"":""112661…………""。贵阳恒大半山御景-管家-郑超超(员工):""[图片]""。贵阳恒大半山御景-管家-郑超超(员工):""尊敬的各位业主：。        近日小…………""。08月27日 18:44分。贵阳恒大半山御景-管家-郑超超(员工):""由于市政压力不足，进不了水箱，现在水箱水…………""。08月27日 20:00分。(客户):""能不能让施工单位停止施工？8点了 这声音太大了""。08月27日 20:05分。夏天(客户):""确实有点难受了[大哭]""。Cui(客户):""都八点多了，确实钉钉的，一直都在响""。Cui(客户):""我脑子听的都难受了""。Cui(客户):""@贵阳恒大半山御景-管家-郑超超?回复一下""。夏天(客户):""@贵阳恒大半山御景-管家-郑超超?从早上7点吵闹到中午晚上睡觉都睡不了[大哭]""。贵阳恒大半山御景-管家-郑超超(员工):""这边施工单位我们管不了[捂脸]。可以打1…………""。08月27日 20:13分。夏天(客户):""请物业也协调一下""。(客户):""我精神都是崩溃的""。?(客户):""各位业主：晚上好！[玫瑰]。8月27日秩序部夜间执勤安排：。一、值班人员，李苓杰13035574097。维修部值班人员，杨俊兴18684112684?。二、巡查期间未发现流浪狗、猫，值班期间如发现第一时间处理。三、带班时间：20:00-08:00。四、我们将12小时坚守岗位，如有需要请致电，我们将竭诚为您服务。夜间休息请关好门窗，做好安全防范，出入小区带好业主卡、谨防尾随。。贵阳金碧物业服务中心祝您：生活愉快！[烟花]""。夏天(客户):""希望我们群里业主大家动动手打12345政府热线投诉，这样可能会引起政府有关部门重视。""。夏天(客户):""@秩序部李苓杰?去协调一下周边环境吧！""。?(客户):""已经去过了，完全不搭理我""。08月27日 20:19分。?(客户):""大家都打一下12345政府热线   ""。?(客户):""我去说一下吧""。?(客户):""{""pre_msgid"":""7412702562520652270_1724761205245_external""}""。08月27日 20:31分。?(客户):""刚刚我看到大家的诉求，又去现场与施工方交涉了一遍。他们还是坚持要施工到11点才停止。由于施工方不是我们公司的人员。我这边确实没办法叫停他们，实在不行大家报个警吧，说施工方扰民[抱拳][抱拳]""。?(客户):""[视频]""。08月27日 21:49分。凤冈县董家环保炉具(客户):""只有大家一起去现场不让他施工""。08月27日 22:02分。糖糖糖玲玲(客户):""水什么时候恢复正常阿""。?(客户):""@糖糖糖玲玲?业主来水时间市政那边没确定""。08月27日 22:09分。糖糖糖玲玲(客户):""能不能问一下阿 大热天的 还没洗澡呢 ""。糖糖糖玲玲(客户):""楼下又在施工 吵死了""。08月27日 22:15分。?(客户):""这边施工单位我们管不了[捂脸]。可以打12345投诉一下，停水问题也可以打市政热线投诉一下 我这边也在打电话投诉""。08月27日 22:20分。(客户):""这施工单位这么优秀？敬业？过了施工时间了吧？""。08月27日 22:34分。糖糖糖玲玲(客户):""大家家里都停水没有呢""。糖糖糖玲玲(客户):""现在一颗水都没有了 [破涕为笑][破涕为笑][破涕为笑][破涕为笑]""。(客户):""我现在只想让他停止施工""。糖糖糖玲玲(客户):""刚刚问贵安水务的 说下班了 还没人去巡查呢""。&&&","[
    {
        ""业主情感强度"": {
            """": ""强烈负面"",
            ""夏天"": ""强烈负面"",
            ""Cui"": ""强烈负面""
        },
        ""事件讨论开始时间"": ""08月27日 20:00分"",
        ""事件讨论结束时间"": ""08月27日 22:34分"",
        ""事件详情"": ""多位业主对施工单位的施工噪音表示不满，认为影响了正常的生活和休息。业主夏天、Cui等表示从早上7点开始就有施工噪音，晚上8点后仍然持续，导致无法休息。物业管家表示无法控制施工单位的施工时间。"",
        ""话题倾向"": """"
    },
    {
        ""业主情感强度"": {
            ""糖糖糖玲玲"": ""一般负面""
        },
        ""事件讨论开始时间"": ""08月27日 22:02分"",
        ""事件讨论结束时间"": ""08月27日 22:15分"",
        ""事件详情"": ""业主糖糖糖玲玲提问关于停水问题，表示大热天无法洗澡，非常不便。物业管家表示停水问题由市政原因造成，未确定恢复时间。"",
        ""话题倾向"": """"
    }
]"
群聊负向,"这是要分析的对话:&&&08月27日 06:50分。你的月亮我的心(客户):""温馨提示：。因遇降雨天气，金碧晨跑团临时取消一天，请各位家长和小朋友们不要跑空哦[玫瑰][玫瑰]""。常证(客户):""2单元西梯停3楼不动了""。08月27日 07:41分。CMY(园)(客户):""[图片]""。CMY(园)(客户):""停在三楼不动了""。08月27日 08:04分。A00(客户):""尊敬的业主，您好：。       为更好、更快的解决业主问题，现将各值班人员、联系电话及值班时间公示在群内，各位业主可直接电话联系或在群内@秩序110。1、日常家用维修工具(螺丝刀、活动扳手、小锤等);。2、小型购物车、平板车、人字梯、打气筒，应急医用品等。。为您爱家保驾护航，如果您有家政保洁、直饮水卡办理、白蚁消杀、有偿维修、房屋租赁的业务需求，随时与我们联系，为您提供专业的服务。。【秩序维护部】。[爱心]1.值班时间段：。????08:00－20:00????。[爱心]2.值班中队长-赵队电话：0531-83131013。[爱心]3.物业服务电话：0531-55615896、55615596。??4.监控室值班24小时电话：0531-55612606。3、【物业-安保服务“小蜜蜂”】。[抱拳]如您家中有需要帮助的请联系我们?。[爱心]24小时为各位家人守候。[合十]贴心服务、真诚相伴。如需便民服务车，请直接联系；。①55612606。②55612808。有事您说话，我们会在第一时间安排人员帮你处理[玫瑰][玫瑰]""。A00(客户):""[图片]""。宁宁(客户):""保洁上班后第一时间清理积水，方便出行[玫瑰][玫瑰]""。宁宁(客户):""[图片]""。宁宁(客户):""[图片]""。宁宁(客户):""[图片]""。08月27日 08:09分。香格里拉(客户):""[链接]""。08月27日 08:43分。济南绿洲5-6号楼管家白露(员工):""[玫瑰][玫瑰]早安  绿洲[玫瑰][玫…………""。济南绿洲5-6号楼管家白露(员工):""[链接]""。08月27日 09:11分。派出所反诈宣传员(客户):""3998元，妇女?找“客服”退回孩子充值的游戏款?被骗。。1095元，大学生??其同学微信号被盗，借钱??被骗。。。男青年[色][色]约炮[色][色]，妇女??兼职刷单??、????被“异性网友”诱导投资????诈骗高发！。转发提醒好家里的[拥抱]年轻人、妇女[拥抱]！。。【8月26日电诈警情通报】。【文昌街道、新城派出所】。1、汇侨城妇女，【找“客服”退孩子充值的游戏费】被骗3998元。。??手段：孩子充值游戏后，在网上[爆竹]搜索“客服”退费[爆竹]，对方让其扫码，称?已经设置好，钱不会被转走?。结果，还是转账成功。。。【大学城、大学路派出所】。2、齐鲁工业大学大三学生（专业待核实），【其同学微信号被盗，发来借钱信息】被骗1095元。。??手段：其同学[爆竹]微信号被盗[爆竹]，对方让其?帮忙把钱从微信倒腾到支付宝?。 。       该同学用支付宝给其转钱后，对方没有信守承诺，把钱用微信再转回来。""。08月27日 09:18分。随意随缘随心随你(客户):""电梯坏了""。随意随缘随心随你(客户):""@济南绿洲5-6号楼管家白露?""。随意随缘随心随你(客户):""怎么这么个坏法""。08月27日 09:28分。济南绿洲5-6号楼管家白露(员工):""收到，已联系师傅过去查看。""。08月27日 10:02分。济南绿洲5-6号楼管家白露(员工):""┌─??桶装水活动来袭。??水长清纯天然…………""。济南绿洲5-6号楼管家白露(员工):""[图片]""。08月27日 16:04分。派出所反诈宣传员(客户):""[小程序消息]""。水哥(客户):""[视频]""。宁宁(客户):""好的收到""。08月27日 16:15分。宁宁(客户):""[拳头]环境提升持续进行中[拳头]。[太阳]今天园区大扫除[太阳]。恒大绿洲保洁团队为您服务[玫瑰]""。宁宁(客户):""[图片]""。08月27日 17:33分。水哥(客户):""[视频]""。08月27日 17:49分。宁宁(客户):""马上到[捂脸]""。宁宁(客户):""[图片]""。宁宁(客户):""[图片]""。08月27日 18:35分。A00(客户):""??物业秩序“小蜜蜂” ??。[庆祝]“小蜜蜂”来了！来了！[庆祝]。[太阳]有事，您说话[太阳]。[庆祝]车辆电瓶亏电启动不了！。[庆祝]家里有沉物品搬不动了！。[庆祝]买了好多东西拿不了！。联系电话：0531-55612606。秩序小“蜜蜂”竭诚为您服务！[耶][耶][耶]。[庆祝]我们的口号：。[庆祝]真心帮助每一位[庆祝]。[庆祝]热心服务每一人[庆祝]。[庆祝]赠人玫瑰[玫瑰]，手有余香[庆祝]""。A00(客户):""[图片]""。08月27日 20:07分。你的月亮我的心(客户):""尊敬的业主，您好：。       为更好、更快的解决业主问题，现将各值班人员、联系电话及值班时间公示在群内，各位业主可直接电话联系或在群内@秩序110。1、日常家用维修工具(螺丝刀、活动扳手、小锤等);。2、小型购物车、平板车、人字梯、打气筒，应急医用品等。。为您爱家保驾护航，如果您有家政保洁、直饮水卡办理、白蚁消杀、有偿维修、房屋租赁的业务需求，随时与我们联系，为您提供专业的服务。。【秩序维护部】。[爱心]1.值班时间段：。????20:00－08:00????。[爱心]2.值班中队长-赵队电话：0531-55615881。[爱心]3.物业服务电话：0531-55615896、55615596。??4.监控室值班24小时电话：0531-55612606。3、【物业-安保服务“小蜜蜂”】。[抱拳]如您家中有需要帮助的请联系我们?。[爱心]24小时为各位家人守候。[合十]贴心服务、真诚相伴。如需便民服务车，请直接联系；。①55612606。②55612808。有事您说话，我们会在第一时间安排人员帮你处理[玫瑰][玫瑰]""。你的月亮我的心(客户):""[图片]""。08月27日 23:54分。你的月亮我的心(客户):""尊敬的业主大家好！我是夜间执勤赵队长，金碧物业安保服务8月27号巡查，时刻守护业主们的安全，请安心入睡，如有紧急情况请拨打0531-55612606""。你的月亮我的心(客户):""[图片]""。08月28日 02:59分。你的月亮我的心(客户):""尊敬的业主大家好！我是夜间执勤赵队长，金碧物业安保服务8月28号巡查，时刻守护业主们的安全，请安心入睡，如有紧急情况请拨打0531-55612606""。你的月亮我的心(客户):""[图片]""。&&&","[
    {
        ""业主情感强度"": {
            ""随意随缘随心随你"": ""一般负面""
        },
        ""事件讨论开始时间"": ""08月27日 08:09分"",
        ""事件讨论结束时间"": ""08月27日 09:28分"",
        ""事件详情"": ""8月27日，业主随意随缘随心随你反馈2单元西梯停在三楼不动了，表现出不满。随后@济南绿洲5-6号楼管家白露，询问电梯故障情况。"",
        ""话题倾向"": """"
    }
]"
群聊负向,"这是要分析的对话:&&&08月27日 06:51分。你的月亮我的心(客户):""温馨提示：。因遇降雨天气，金碧晨跑团临时取消一天，请各位家长和小朋友们不要跑空哦[玫瑰][玫瑰]""。08月27日 07:42分。腾晟制片|莉(客户):""停电了吗？家人们""。张蒙(客户):""推上闸就行了""。张蒙(客户):""都停了""。08月27日 07:49分。腾晟制片|莉(客户):""[OK]""。腾晟制片|莉(客户):""谢谢""。腾晟制片|莉(客户):""我以为欠费了，看了看没欠费[捂脸]""。Existence°(客户):""三单元也停了吗""。张蒙(客户):""我是三单元的，停了""。08月27日 07:54分。Existence°(客户):""刚停的吗？""。张蒙(客户):""不是吧""。柠檬℃(客户):""六点多""。张蒙(客户):""应该七点前""。08月27日 08:04分。A00(客户):""尊敬的业主，您好：。       为更好、更快的解决业主问题，现将各值班人员、联系电话及值班时间公示在群内，各位业主可直接电话联系或在群内@秩序110。1、日常家用维修工具(螺丝刀、活动扳手、小锤等);。2、小型购物车、平板车、人字梯、打气筒，应急医用品等。。为您爱家保驾护航，如果您有家政保洁、直饮水卡办理、白蚁消杀、有偿维修、房屋租赁的业务需求，随时与我们联系，为您提供专业的服务。。【秩序维护部】。[爱心]1.值班时间段：。????08:00－20:00????。[爱心]2.值班中队长-赵队电话：0531-83131013。[爱心]3.物业服务电话：0531-55615896、55615596。??4.监控室值班24小时电话：0531-55612606。3、【物业-安保服务“小蜜蜂”】。[抱拳]如您家中有需要帮助的请联系我们?。[爱心]24小时为各位家人守候。[合十]贴心服务、真诚相伴。如需便民服务车，请直接联系；。①55612606。②55612808。有事您说话，我们会在第一时间安排人员帮你处理[玫瑰][玫瑰]""。A00(客户):""[图片]""。08月27日 08:11分。济电老师儿(客户):""都有了吗""。济电老师儿(客户):""没有可以联系15621889506""。08月27日 08:31分。JN29岁月静好(客户):""。。各位家人们[爱心]早上好！。我是物业保洁领班刘翠兰，联系电话 18560197252。各位保洁叔叔阿姨已到岗。上班后第一时间清理积水。??倘若您发现任何环境方面的问题或者有宝贵的建议，随时与我联系，我定会全力以赴为您排忧解难！。??感谢各位家人一直以来的信赖与支持！ ?? ??""。JN29岁月静好(客户):""[图片]""。08月27日 10:19分。济南绿洲31-32-33号楼管家夏至(员工):""┌─??桶装水活动来袭。??水长清纯天然…………""。济南绿洲31-32-33号楼管家夏至(员工):""[图片]""。沁水百合&(客户):""[图片]""。沁水百合&(客户):""[链接]""。沁水百合&(客户):""[小程序消息]""。沁水百合&(客户):""3998元，妇女?找“客服”退回孩子充值的游戏款?被骗。。1095元，大学生??其同学微信号被盗，借钱??被骗。。。男青年[色][色]约炮[色][色]，妇女??兼职刷单??、????被“异性网友”诱导投资????诈骗高发！。转发提醒好家里的[拥抱]年轻人、妇女[拥抱]！。。【8月26日电诈警情通报】。【文昌街道、新城派出所】。1、汇侨城妇女，【找“客服”退孩子充值的游戏费】被骗3998元。。??手段：孩子充值游戏后，在网上[爆竹]搜索“客服”退费[爆竹]，对方让其扫码，称?已经设置好，钱不会被转走?。结果，还是转账成功。。。【大学城、大学路派出所】。2、齐鲁工业大学大三学生（专业待核实），【其同学微信号被盗，发来借钱信息】被骗1095元。。??手段：其同学[爆竹]微信号被盗[爆竹]，对方让其?帮忙把钱从微信倒腾到支付宝?。 。       该同学用支付宝给其转钱后，对方没有信守承诺，把钱用微信再转回来。""。沁水百合&(客户):""各位居民朋友:。       为保障济南市居民健康权益，逐步健全完善居民特殊疾病风险体系，区妇联与中国人寿保险股份有限公司济南分公司启动了“男性女性安康保障工程”面向18周岁至60周岁以下身体健康者推出团体安康保险，社区居民可根据个人情况自愿购买。。详情请咨询恒大三社区居委会。。地址:恒大22号楼内铺。。电话：87207026""。沁水百合&(客户):"" 各位居民:。       为提高社区火灾预警和防控能力，保障居民的居家安全。由政府联合联通公司为居民免费上门安装独立式烟感报警器。安装以后若家中有火灾隐患，可通过网络直接推送给业主本人及消防大队。目前先进行报名，后期会有联通公司工作人员与业主联系，上门进行安装。本期独立式烟感报警器数量80个，先报先得 ，报满为止。。              恒大绿洲第三社区。                   2024.8.22""。08月27日 15:50分。JN29岁月静好(客户):""。[拳头]环境提升持续进行中[拳头]。[太阳]今日专项楼宇步梯湿拖[太阳]恒大绿洲保洁团队为您服务[玫瑰]""。JN29岁月静好(客户):""[图片]""。08月27日 18:38分。A00(客户):""??物业秩序“小蜜蜂” ??。[庆祝]“小蜜蜂”来了！来了！[庆祝]。[太阳]有事，您说话[太阳]。[庆祝]车辆电瓶亏电启动不了！。[庆祝]家里有沉物品搬不动了！。[庆祝]买了好多东西拿不了！。联系电话：0531-55612606。秩序小“蜜蜂”竭诚为您服务！[耶][耶][耶]。[庆祝]我们的口号：。[庆祝]真心帮助每一位[庆祝]。[庆祝]热心服务每一人[庆祝]。[庆祝]赠人玫瑰[玫瑰]，手有余香[庆祝]""。A00(客户):""[图片]""。08月27日 20:05分。你的月亮我的心(客户):""尊敬的业主，您好：。       为更好、更快的解决业主问题，现将各值班人员、联系电话及值班时间公示在群内，各位业主可直接电话联系或在群内@秩序110。1、日常家用维修工具(螺丝刀、活动扳手、小锤等);。2、小型购物车、平板车、人字梯、打气筒，应急医用品等。。为您爱家保驾护航，如果您有家政保洁、直饮水卡办理、白蚁消杀、有偿维修、房屋租赁的业务需求，随时与我们联系，为您提供专业的服务。。【秩序维护部】。[爱心]1.值班时间段：。????20:00－08:00????。[爱心]2.值班中队长-赵队电话：0531-55615881。[爱心]3.物业服务电话：0531-55615896、55615596。??4.监控室值班24小时电话：0531-55612606。3、【物业-安保服务“小蜜蜂”】。[抱拳]如您家中有需要帮助的请联系我们?。[爱心]24小时为各位家人守候。[合十]贴心服务、真诚相伴。如需便民服务车，请直接联系；。①55612606。②55612808。有事您说话，我们会在第一时间安排人员帮你处理[玫瑰][玫瑰]""。你的月亮我的心(客户):""[图片]""。08月27日 23:55分。你的月亮我的心(客户):""尊敬的业主大家好！我是夜间执勤赵队长，金碧物业安保服务8月27号巡查，时刻守护业主们的安全，请安心入睡，如有紧急情况请拨打0531-55612606""。你的月亮我的心(客户):""[图片]""。08月28日 02:58分。你的月亮我的心(客户):""尊敬的业主大家好！我是夜间执勤赵队长，金碧物业安保服务8月28号巡查，时刻守护业主们的安全，请安心入睡，如有紧急情况请拨打0531-55612606""。你的月亮我的心(客户):""[图片]""。&&&","{""事件提取"":null,""提取结果"":false}"
群聊负向,"这是要分析的对话:&&&08月27日 08:43分。贵阳恒大半山御景-管家-卢贵翱(员工):""?????????家人们，早上好~。今天…………""。08月27日 20:28分。衣凹妖(客户):""各位业主：晚上好！[玫瑰]。8月27日秩序部夜间执勤安排：。一、值班人员:  王瑶跃19885027915。  监控室电话号码：83873539。  维修值班人员： ?杨俊兴18684112684?。二、巡查期间未发现流浪狗、猫，值班期间如发现第一时间处理。三、带班时间：20:00-08:00。四、我们将12小时坚守岗位，如有需要请致电，我们将竭诚为您服务。夜间休息请关好门窗，做好安全防范，出入小区带好业主卡、谨防尾随。。贵阳金碧物业服务中心祝您：生活愉快！[烟花]""。08月27日 20:58分。杨俊兴(员工):""各位业主大家晚上好，园区设备房巡查正常，…………""。杨俊兴(员工):""[图片]""。08月27日 21:36分。衣凹妖(客户):""手机现在在19保安亭""。衣凹妖(客户):""[图片]""。smile(客户):""要施工到几点""。衣凹妖(客户):""[图片]""。衣凹妖(客户):""@smile?你好，请问大概是几栋在施工""。smile(客户):""到11栋就能听到了，具体不知道""。衣凹妖(客户):""好的""。08月27日 22:00分。smile(客户):""还是在施工""。衣凹妖(客户):""我同事去看了，是21组团那边修路的，11点后停工""。08月27日 22:41分。TikL??(客户):""请问一下城管电话是好多，麻烦你们给我举报一下""。TikL??(客户):""22：40了，工地不能超过22：00""。??优雅疯姿态??(客户):""应该是那边路太烂了从新修吧，昨天晚上我们回来的时候煤气管道挖烂了漏气都不让人过""。衣凹妖(客户):""那我们这边再去劝一下""。&&&","[
    {
        ""业主情感强度"": {
            ""??优雅疯姿态??"": ""强烈负面"",
            ""TikL??"": ""强烈负面""
        },
        ""事件讨论开始时间"": ""08月27日 21:36"",
        ""事件讨论结束时间"": ""08月27日 22:41"",
        ""事件详情"": ""8月27日晚上，多位业主对小区内21组团修路工地的施工噪音表示不满，施工时间超过了规定的22:00，给居民生活带来了困扰。TikL??业主提出要举报，而??优雅疯姿态??业主则提到施工导致煤气管道挖烂漏气的问题。"",
        ""话题倾向"": """"
    }
]"
群聊负向,"这是要分析的对话:&&&08月27日 06:03分。一期中队长(客户):""??长沙恒大雅苑。?2024年8??27日  星期二。?天气: 阴  气温：26－36℃。1、国家一级演员王霙去世,曾称:这一辈子就演一个人；。2、唐尚珺已录入新生信息,9月1日报到,笑称“没面办升学宴”；。3、线上线下都销售,“烟卡”成部分未成年人社交“硬通货”；。4、中秋要调休，高速不免费！国庆前后都要调休，可提前发工资；。5、辽宁建昌获捐物资里有高跟鞋，当地称系个人行为；微信搜：每日微语报。6、罗永浩“真还传”最新进展：已还8.24亿，还欠5亿多；。7、重庆沙坪坝连续6天气温超40℃ 市民晾晒食物：牛肉晒了一天嘎嘣脆；。8、辽宁一女子做美甲引发真菌感染，治疗时间长达三个月，花费近万元；。9、拼多多第二季度总营收971亿元同比增长86%，盘前跌逾12%；。10、问界新 M7 Pro 汽车目标上市首周交付 3000 台，首月交付破万台；。11、台积电确认2024H1从中国大陆和日本获得的补贴金额：共79.56亿新台币；。12、菲船只故意冲撞中国海警舰艇，专家：企图进一步坐实“南海仲裁裁决”；。13、韩媒：上半年访韩中国游客量超去年全年，韩政府为中国游客精选旅游项目；。14、哈里斯团队称她参选以来筹款5.4亿美元，“创选举史同期纪录”；。15、乌克兰全境多地发生爆炸：基辅多地水电供应中断，新闻直播突然黑屏；""。一期中队长(客户):""[图片]""。一期中队长(客户):""???♂【防溺水??安全温馨提示】。??亲爱的业主家人们：大家好??。?天气渐热，为了孩子们??的安全，请提高安全防范意识?，时刻监督和管理??好孩子，加强对孩子的防溺水??安全教育，禁止??孩子私自到小溪、水库、江边玩水、捕鱼、捉虾、游泳等。 。??安全无小事 时刻要警惕??。请家长??加强对孩子防溺水的监管力度，提高孩子??防溺水的自觉性?。同时物业工作人员??也会加大对园区的巡逻。为孩子的生命安全构筑坚实的防线??。??如需帮助请拨24小时服务热线。二期?:0731-85066275。一期?:0731-85520610。#长沙恒大雅苑物业服务中心""。08月27日 09:40分。一期中队长(客户):""【?? 秩序服务?巡逻篇】。我们是白班园区秩序的守护者??。每天园区全覆盖巡视??。希望用我们的行动??。为您营造舒适的居家环境??。如需帮助请拨打24小时服务热线。?:0731一85520610。值班中队长。?:17700582951（一期）。??我们竭诚为您服务??""。一期中队长(客户):""[视频]""。08月27日 10:22分。周聿铭(员工):""【新学期，新希望——亲子包书皮】。各位业…………""。周聿铭(员工):""[图片]""。08月27日 11:30分。zhong.li(客户):""[视频]""。zhong.li(客户):""1803你家是不是有空调管子没塞下水道，漏水下来了""。08月27日 11:48分。周聿铭(员工):""收到，我向空调公司汇报处理""。zhong.li(客户):""辛苦，我不知道啥漏水，得确认一下；今天才注意上面漏水下来""。周聿铭(员工):""收到，看视频像是空调排水管，我已报空调公…………""。08月27日 11:53分。周峻~~:~(客户):""@81－83管家?我们楼上的不知道几楼空调也是漏水""。zhong.li(客户):""[抱拳]""。周聿铭(员工):""收到@81-1905我报了那边排查""。08月27日 16:53分。知否(客户):""设备安全无小事，物业维修部工作人员正在对高压配电房，生活水泵房，消防水泵房进行巡检，防患于未然，运行正常。[强][强][强][强]""。知否(客户):""[图片]""。08月27日 17:02分。周聿铭(员工):""[强][强]""。08月27日 18:41分。ZYuan(客户):""邻居们我们附近有打印店吗""。08月27日 18:57分。周聿铭(员工):""81附近没有哦""。丹丹(客户):""[位置]""。丹丹(客户):""@ZYuan?在靠近广电的区域，走路过去五分钟""。08月27日 19:21分。一期中队长(客户):""【?? 秩序服务?巡逻篇】。我们是白班园区秩序的守护者??。每天园区全覆盖巡视??。希望用我们的行动??。为您营造舒适的居家环境??。如需帮助请拨打24小时服务热线。?:0731一85520610。值班中队长。?:17700582951（一期）。??我们竭诚为您服务??""。一期中队长(客户):""[视频]""。08月27日 20:17分。一期中队长(客户):""业主您好??。我是夜班秩序班长（苏静普17700582951），也是你的夜间安全守护者??，也许您从来没有见过我，因为我值守在您熟睡的每个晚上。夜间??我们会跟踪可疑人员、巡查车库、巡查园区、巡查楼层。。??清晨06:00我们还会查看每个电梯，确保您上班时电梯正常运行。。??如需帮助请及时拨打24小时服务电话85520610，我会出现在你需要的每个时刻???♂???♂???♂。祝您好梦！一醒来又是美美哒的一天哦???""。08月27日 20:56分。一期中队长(客户):""[视频]""。一期中队长(客户):""【?? 秩序服务?巡逻篇】。我们是晚班园区秩序的守护者??。每天园区全覆盖巡视??。希望用我们的行动??。为您营造舒适的居家环境??。如需帮助请拨打24小时服务热线。?:0731一85520610。值班中队长。?:17700582951（一期）。??我们竭诚为您服务??""。08月28日 03:46分。一期中队长(客户):""【?? 秩序服务?巡逻篇】。我们是晚班园区秩序的守护者??。每天园区全覆盖巡视??。希望用我们的行动??。为您营造舒适的居家环境??。如需帮助请拨打24小时服务热线。?:0731一85520610。值班中队长。?:17700582951（一期）。??我们竭诚为您服务??""。一期中队长(客户):""[图片]""。&&&","[
    {
        ""业主情感强度"": {
            ""周峻~~:~"": ""一般负面"",
            ""zhong.li"": ""一般负面""
        },
        ""事件讨论开始时间"": ""08月27日 11:30分"",
        ""事件讨论结束时间"": ""08月27日 11:53分"",
        ""事件详情"": ""业主zhong.li和周峻~~:~反映其所在楼栋有空调漏水问题，对物业管理提出了不满。zhong.li业主表示不确定具体是哪户的空调漏水，但注意到有水滴下来，且周峻~~:~业主也提到其楼上存在同样的问题。物业员工周聿铭表示已经向相关部门报告并安排排查。"",
        ""话题倾向"": """"
    }
]"
群聊负向,"这是要分析的对话:&&&08月27日 09:32分。恒大城???? 秩序部 三期监控室(客户):""??认真工作，全心守护。夜间巡查，日复一日。仅8月1日到8月27日，就发现51辆电动车没有拔钥匙没有关电源[炸弹][炸弹]。?????请各位业主注意防火防盗，拔钥匙关电源，避免不必要的损失[拳头][拳头]。??恒大物业—南昌恒大城。??愿我百分努力，换您十分满意""。恒大城???? 秩序部 三期监控室(客户):""[图片]""。08月27日 11:18分。物业生活服务部(客户):""??初秋每天必吃一个石榴。  —会理软籽突尼斯石榴??。      ??产地到货，销售中??。 礼盒装39.9元 净重5斤±0.2两。    详情扫码图片二维码咨询。            或咨询楼栋管家。   或电话咨询:18126299685""。08月27日 11:30分。物业生活服务部(客户):""[图片]""。08月27日 11:35分。晓小小鸣(客户):""[庆祝]【免费钳工培训/岗位推荐】无经验也可报名！。为积极促进南昌县（小蓝经开区）就业人员就业分流，保障本地企业转型升级所需的技术型人才储备，南昌县（小蓝经开区）就业之家携手本地多家企业，共同推进钳工技术岗位培训！。。无经验小白、有经验但无钳工证的人员、有经验有钳工证但想提升技术的人员，符合条件的可报名，优秀学员就近推荐工作！。。报名条件：40岁以内，拥有高中及以上学历。扫描下方二维码报名↓ 报名截止8月29日，机会难得，名额有限！""。晓小小鸣(客户):""[图片]""。08月27日 12:11分。恒大城???? 秩序部 三期监控室(客户):""骗子冒充社交软件客服，说你“百万保障”即将到期，不取消每月要扣2000元？给你制造恐慌骗你上钩！打着“教你操作”的幌子，诱导你下载涉诈APP，窥探你的银行卡信息，伺机转走你的钱财。听到“百万保障”到期扣款，一定是诈骗！无论是哪个平台“百万保障”全部免费。敬请各位领导同事转发反诈视频及反诈日历。[抱拳][抱拳][抱拳]""。恒大城???? 秩序部 三期监控室(客户):""[视频号消息]""。恒大城???? 秩序部 三期监控室(客户):""[图片]""。08月27日 13:22分。恒大城???? 秩序部 三期监控室(客户):""[图片]""。恒大城???? 秩序部 三期监控室(客户):""[图片]""。恒大城???? 秩序部 三期监控室(客户):""[图片]""。08月27日 15:12分。恒大城???? 秩序部 三期监控室(客户):""在打雷起风，有可能要下雨，请关注，晒衣服的要注意""。恒大城???? 秩序部 三期监控室(客户):""在打雷起风，有可能要下雨，请关注，晒衣服的要注意""。恒大城???? 秩序部 三期监控室(客户):""在打雷起风，有可能要下雨，请关注，晒衣服的要注意""。08月27日 18:50分。伍玖工贸｜穆泰电气，科美帝配电箱(客户):""[视频]""。恒大城???? 秩序部 三期监控室(客户):""@伍玖工贸｜穆泰电气，科美帝配电箱?这是几楼""。伍玖工贸｜穆泰电气，科美帝配电箱(客户):""[视频]""。伍玖工贸｜穆泰电气，科美帝配电箱(客户):""地下室还有电梯""。伍玖工贸｜穆泰电气，科美帝配电箱(客户):""全是血""。恒大城???? 秩序部 三期监控室(客户):""好。，马上过去处理""。张张(客户):""[图片]""。张张(客户):""谁家的车没有关灯了？""。恒大城???? 秩序部 三期监控室(客户):""@张张?我联系车主""。08月27日 18:59分。伍玖工贸｜穆泰电气，科美帝配电箱(客户):""@张张?谢谢[玫瑰][玫瑰]""。张张(客户):""[调皮][调皮]""。08月27日 19:34分。????AAA创艺刘财星(客户):""@伍玖工贸｜穆泰电气，科美帝配电箱?富婆家不缺钱，任性[呲牙]""。08月27日 19:40分。伍玖工贸｜穆泰电气，科美帝配电箱(客户):""[表情]""。伍玖工贸｜穆泰电气，科美帝配电箱(客户):""[表情]""。伍玖工贸｜穆泰电气，科美帝配电箱(客户):""[表情]""。08月27日 20:00分。恒大城???? 秩序部 三期监控室(客户):""? 2024.8.27日? 。【秩序维护部】 。1.夜班值班时间段：20：00—08：00。2.夜班值班队长:徐霖。3.物业24小时服务电话：0791-85957719/85130408。? 【物业小贴士】?。1、园区道路是大家的，请将爱车停至车位或车库，勿占行车主干道。。2、予人方便，予己方便，整齐有序，文明停车。。3、随身携带门禁卡，刷卡进出，提高安全防止偷盗。。4、请随手关大堂门，轻拉轻推，勿用力拉扯。。5、非机动车请勿进大堂、楼道内充电。。6、请勿让爱宠随地大小便，做文明养宠人。""。恒大城???? 秩序部 三期监控室(客户):""? 2024.8.27日? 。【秩序维护部】 。1.夜班值班时间段：20：00—08：00。2.夜班值班队长:徐霖。3.物业24小时服务电话：0791-85957719/85130408。? 【物业小贴士】?。1、园区道路是大家的，请将爱车停至车位或车库，勿占行车主干道。。2、予人方便，予己方便，整齐有序，文明停车。。3、随身携带门禁卡，刷卡进出，提高安全防止偷盗。。4、请随手关大堂门，轻拉轻推，勿用力拉扯。。5、非机动车请勿进大堂、楼道内充电。。6、请勿让爱宠随地大小便，做文明养宠人。""。08月27日 20:49分。张张(客户):""[图片]""。张张(客户):""33栋前面的这个秋千，两个秋千变成一个秋千之后，剩最后一根铁链子了，怎么能断了[捂脸][捂脸][捂脸]""。08月27日 21:45分。小娘不霸气怎显得你矫情(客户):""@张张?这个不是秋千不是用来荡的，这是用来上吊的""。08月27日 21:53分。小娘不霸气怎显得你矫情(客户):""@a雨荷?姐姐你就说是不是这个事实吧""。小娘不霸气怎显得你矫情(客户):""@a雨荷?姐姐这个体格去估计??躺着吊嘞，但凡抬点头都算自救""。08月27日 23:13分。伍玖工贸｜穆泰电气，科美帝配电箱(客户):""这么晚了7楼03户型主卧谁??一直???铃声叮铃铃的响""。伍玖工贸｜穆泰电气，科美帝配电箱(客户):""吵死了[咒骂][咒骂][咒骂][咒骂]""。08月27日 23:23分。小娘不霸气怎显得你矫情(客户):""@伍玖工贸｜穆泰电气，科美帝配电箱?从入住开始那个铃声就有，感觉床上挂了那个哄孩子一样的""。伍玖工贸｜穆泰电气，科美帝配电箱(客户):""只有今天晚上才???""。小娘不霸气怎显得你矫情(客户):""我一开始以为是你家的，我问了你你说不是你家的我就知道楼上滴，几年了，每天都铃铃铃""。伍玖工贸｜穆泰电气，科美帝配电箱(客户):""不知道是谁家?没有关起来""。伍玖工贸｜穆泰电气，科美帝配电箱(客户):""吵死""。小娘不霸气怎显得你矫情(客户):""就是铃铛的声音""。伍玖工贸｜穆泰电气，科美帝配电箱(客户):""「小娘不霸气怎显得你矫情：我一开始以为是你家的，我问了你你说不是你家的我就知道楼上滴，几年了，每天都铃铃铃」。- - - - - - - - - - - - - - -。我睡眠好浅""。伍玖工贸｜穆泰电气，科美帝配电箱(客户):""只有今天晚上才听见""。&&&","{""事件提取"":null,""提取结果"":false}"
群聊负向,"这是要分析的对话:&&&08月27日 08:09分。゛半度浅夏ら(客户):""刚想晒被子的，杆子上又是口水，是不是有病呀！我真是无语，怎么能碰到你们这一家人，真是一点素质都没有""。゛半度浅夏ら(客户):""@恒大城-管家-小良?管不管啦""。゛半度浅夏ら(客户):""真是烦躁的很""。゛半度浅夏ら(客户):""好说歹说都说了个遍，还是这副德行""。恒大城???? 秩序部 三期监控室(客户):""@52栋二单元904?知道是哪户吗""。゛半度浅夏ら(客户):""就是不知道呀！[撇嘴]""。゛半度浅夏ら(客户):""这样真的很烦躁""。゛半度浅夏ら(客户):""不止我一家说这个事情""。恒大城???? 秩序部 三期监控室(客户):""@52栋二单元904?好的，我这边记录问题，等楼管上班后去排查一下，看是哪一家滴水""。08月27日 08:14分。゛半度浅夏ら(客户):""不是滴水，是口水@恒大城???? 秩序部 三期监控室?""。゛半度浅夏ら(客户):""[捂脸]""。゛半度浅夏ら(客户):""恶不恶心你说""。恒大城???? 秩序部 三期监控室(客户):""哦，那就排查不到了，没有人承认，这种人确实是太没有素质了""。08月27日 08:33分。付广迪妈妈(客户):""2104这家主妇是个哑巴，也没法和她沟通，衣服天天滴水，衣服，被子从来不用洗衣机甩干""。付广迪妈妈(客户):""孩子每天楼上跳来跳去，每天晚上好晚""。恒大城-管家-小良(员工):""@付广迪妈妈我和他爱人联系一下""。恒大城-管家-小良(员工):""我看看有没有他老公的电话""。恒大城-管家-小良(员工):""和她老公沟通一下""。08月27日 09:28分。恒大城???? 秩序部 三期监控室(客户):""[图片]""。恒大城???? 秩序部 三期监控室(客户):""??认真工作，全心守护。夜间巡查，日复一日。仅8月1日到8月27日，就发现51辆电动车没有拔钥匙没有关电源[炸弹][炸弹]。?????请各位业主注意防火防盗，拔钥匙关电源，避免不必要的损失[拳头][拳头]。??恒大物业—南昌恒大城。??愿我百分努力，换您十分满意""。08月27日 11:19分。物业生活服务部(客户):""??初秋每天必吃一个石榴。  —会理软籽突尼斯石榴??。      ??产地到货，销售中??。 礼盒装39.9元 净重5斤±0.2两。    详情扫码图片二维码咨询。            或咨询楼栋管家。   或电话咨询:18126299685""。08月27日 12:15分。恒大城???? 秩序部 三期监控室(客户):""[视频号消息]""。恒大城???? 秩序部 三期监控室(客户):""骗子冒充社交软件客服，说你“百万保障”即将到期，不取消每月要扣2000元？给你制造恐慌骗你上钩！打着“教你操作”的幌子，诱导你下载涉诈APP，窥探你的银行卡信息，伺机转走你的钱财。听到“百万保障”到期扣款，一定是诈骗！无论是哪个平台“百万保障”全部免费。敬请各位领导同事转发反诈视频及反诈日历。[抱拳][抱拳][抱拳]""。恒大城???? 秩序部 三期监控室(客户):""[图片]""。08月27日 13:20分。恒大城???? 秩序部 三期监控室(客户):""[图片]""。恒大城???? 秩序部 三期监控室(客户):""[图片]""。恒大城???? 秩序部 三期监控室(客户):""[图片]""。08月27日 15:12分。恒大城???? 秩序部 三期监控室(客户):""在打雷起风，有可能要下雨，请关注，晒衣服的要注意""。恒大城???? 秩序部 三期监控室(客户):""在打雷起风，有可能要下雨，请关注，晒衣服的要注意""。恒大城???? 秩序部 三期监控室(客户):""在打雷起风，有可能要下雨，请关注，晒衣服的要注意""。08月27日 20:04分。恒大城???? 秩序部 三期监控室(客户):""? 2024.8.27日? 。【秩序维护部】 。1.夜班值班时间段：20：00—08：00。2.夜班值班队长:徐霖。3.物业24小时服务电话：0791-85957719/85130408。? 【物业小贴士】?。1、园区道路是大家的，请将爱车停至车位或车库，勿占行车主干道。。2、予人方便，予己方便，整齐有序，文明停车。。3、随身携带门禁卡，刷卡进出，提高安全防止偷盗。。4、请随手关大堂门，轻拉轻推，勿用力拉扯。。5、非机动车请勿进大堂、楼道内充电。。6、请勿让爱宠随地大小便，做文明养宠人。""。&&&","[
    {
        ""业主情感强度"": {
            ""゛半度浅夏ら"": ""强烈负面""
        },
        ""事件讨论开始时间"": ""08月27日 08:09"",
        ""事件讨论结束时间"": ""08月27日 08:14"",
        ""事件详情"": ""业主゛半度浅夏ら发现晒衣杆上出现口水，表达出强烈的不满，认为这是没有素质的表现，且这种情况不是第一次发生。物业秩序部表示将进行排查。另外，有其他业主也表示了对此事的不满。"",
        ""话题倾向"": """"
    },
    {
        ""业主情感强度"": {
            ""付广迪妈妈"": ""强烈负面""
        },
        ""事件讨论开始时间"": ""08月27日 08:33"",
        ""事件讨论结束时间"": ""08月27日 08:33"",
        ""事件详情"": ""付广迪妈妈对2104室的邻居晾衣行为和小孩夜间跳动造成噪音表示不满。2104室的主妇被指为哑巴，无法沟通，且其家中的衣服和被子常常滴水。物业管家表示将联系其爱人进行沟通。"",
        ""话题倾向"": """"
    }
]"
群聊负向,"这是要分析的对话:&&&08月27日 06:51分。你的月亮我的心(客户):""温馨提示：。因遇降雨天气，金碧晨跑团临时取消一天，请各位家长和小朋友们不要跑空哦[玫瑰][玫瑰]""。08月27日 06:57分。?(客户):""我家里咋停电了[捂脸]""。?(客户):""@秩序110?""。你的月亮我的心(客户):""联系这个电工老师15621889506""。08月27日 07:04分。庄峰????(客户):""家里跳闸了""。08月27日 08:04分。A00(客户):""尊敬的业主，您好：。       为更好、更快的解决业主问题，现将各值班人员、联系电话及值班时间公示在群内，各位业主可直接电话联系或在群内@秩序110。1、日常家用维修工具(螺丝刀、活动扳手、小锤等);。2、小型购物车、平板车、人字梯、打气筒，应急医用品等。。为您爱家保驾护航，如果您有家政保洁、直饮水卡办理、白蚁消杀、有偿维修、房屋租赁的业务需求，随时与我们联系，为您提供专业的服务。。【秩序维护部】。[爱心]1.值班时间段：。????08:00－20:00????。[爱心]2.值班中队长-赵队电话：0531-83131013。[爱心]3.物业服务电话：0531-55615896、55615596。??4.监控室值班24小时电话：0531-55612606。3、【物业-安保服务“小蜜蜂”】。[抱拳]如您家中有需要帮助的请联系我们?。[爱心]24小时为各位家人守候。[合十]贴心服务、真诚相伴。如需便民服务车，请直接联系；。①55612606。②55612808。有事您说话，我们会在第一时间安排人员帮你处理[玫瑰][玫瑰]""。A00(客户):""[图片]""。08月27日 08:32分。JN29岁月静好(客户):""。。各位家人们[爱心]早上好！。我是物业保洁领班刘翠兰，联系电话 18560197252。各位保洁叔叔阿姨已到岗。上班后第一时间清理积水。??倘若您发现任何环境方面的问题或者有宝贵的建议，随时与我联系，我定会全力以赴为您排忧解难！。??感谢各位家人一直以来的信赖与支持！ ?? ??""。JN29岁月静好(客户):""[图片]""。08月27日 09:02分。济南绿洲29-30-34号楼管家 夏天(员工):""[玫瑰][玫瑰]早安  绿洲[玫瑰][玫…………""。济南绿洲29-30-34号楼管家 夏天(员工):""[图片]""。08月27日 11:49分。千江阁??(客户):""3998元，妇女?找“客服”退回孩子充值的游戏款?被骗。。1095元，大学生??其同学微信号被盗，借钱??被骗。。。男青年[色][色]约炮[色][色]，妇女??兼职刷单??、????被“异性网友”诱导投资????诈骗高发！。转发提醒好家里的[拥抱]年轻人、妇女[拥抱]！。。【8月26日电诈警情通报】。【文昌街道、新城派出所】。1、汇侨城妇女，【找“客服”退孩子充值的游戏费】被骗3998元。。??手段：孩子充值游戏后，在网上[爆竹]搜索“客服”退费[爆竹]，对方让其扫码，称?已经设置好，钱不会被转走?。结果，还是转账成功。。。【大学城、大学路派出所】。2、齐鲁工业大学大三学生（专业待核实），【其同学微信号被盗，发来借钱信息】被骗1095元。。??手段：其同学[爆竹]微信号被盗[爆竹]，对方让其?帮忙把钱从微信倒腾到支付宝?。 。       该同学用支付宝给其转钱后，对方没有信守承诺，把钱用微信再转回来。""。08月27日 15:49分。JN29岁月静好(客户):""。[拳头]环境提升持续进行中[拳头]。[太阳]今日专项楼宇步梯湿拖[太阳]恒大绿洲保洁团队为您服务[玫瑰]""。JN29岁月静好(客户):""[图片]""。08月27日 18:39分。A00(客户):""??物业秩序“小蜜蜂” ??。[庆祝]“小蜜蜂”来了！来了！[庆祝]。[太阳]有事，您说话[太阳]。[庆祝]车辆电瓶亏电启动不了！。[庆祝]家里有沉物品搬不动了！。[庆祝]买了好多东西拿不了！。联系电话：0531-55612606。秩序小“蜜蜂”竭诚为您服务！[耶][耶][耶]。[庆祝]我们的口号：。[庆祝]真心帮助每一位[庆祝]。[庆祝]热心服务每一人[庆祝]。[庆祝]赠人玫瑰[玫瑰]，手有余香[庆祝]""。A00(客户):""[图片]""。08月27日 20:05分。你的月亮我的心(客户):""尊敬的业主，您好：。       为更好、更快的解决业主问题，现将各值班人员、联系电话及值班时间公示在群内，各位业主可直接电话联系或在群内@秩序110。1、日常家用维修工具(螺丝刀、活动扳手、小锤等);。2、小型购物车、平板车、人字梯、打气筒，应急医用品等。。为您爱家保驾护航，如果您有家政保洁、直饮水卡办理、白蚁消杀、有偿维修、房屋租赁的业务需求，随时与我们联系，为您提供专业的服务。。【秩序维护部】。[爱心]1.值班时间段：。????20:00－08:00????。[爱心]2.值班中队长-赵队电话：0531-55615881。[爱心]3.物业服务电话：0531-55615896、55615596。??4.监控室值班24小时电话：0531-55612606。3、【物业-安保服务“小蜜蜂”】。[抱拳]如您家中有需要帮助的请联系我们?。[爱心]24小时为各位家人守候。[合十]贴心服务、真诚相伴。如需便民服务车，请直接联系；。①55612606。②55612808。有事您说话，我们会在第一时间安排人员帮你处理[玫瑰][玫瑰]""。你的月亮我的心(客户):""[图片]""。08月27日 23:55分。你的月亮我的心(客户):""尊敬的业主大家好！我是夜间执勤赵队长，金碧物业安保服务8月27号巡查，时刻守护业主们的安全，请安心入睡，如有紧急情况请拨打0531-55612606""。你的月亮我的心(客户):""[图片]""。08月28日 02:58分。你的月亮我的心(客户):""尊敬的业主大家好！我是夜间执勤赵队长，金碧物业安保服务8月28号巡查，时刻守护业主们的安全，请安心入睡，如有紧急情况请拨打0531-55612606""。你的月亮我的心(客户):""[图片]""。&&&","{""事件提取"":null,""提取结果"":false}"
群聊负向,"这是要分析的对话:&&&08月27日 06:52分。你的月亮我的心(客户):""温馨提示：。因遇降雨天气，金碧晨跑团临时取消一天，请各位家长和小朋友们不要跑空哦[玫瑰][玫瑰]""。08月27日 06:58分。风叶一叶知秋(客户):""[呲牙]""。风叶一叶知秋(客户):""[图片]""。风叶一叶知秋(客户):""故意损坏她人财务我们的秩序110也一定会管吧，""。08月27日 07:04分。风叶一叶知秋(客户):""{""pre_msgid"":""4787109808156332117_1724713365319_external""}""。08月27日 07:16分。风叶一叶知秋(客户):""[图片]""。风叶一叶知秋(客户):""[图片]""。风叶一叶知秋(客户):""[图片]""。08月27日 08:04分。A00(客户):""尊敬的业主，您好：。       为更好、更快的解决业主问题，现将各值班人员、联系电话及值班时间公示在群内，各位业主可直接电话联系或在群内@秩序110。1、日常家用维修工具(螺丝刀、活动扳手、小锤等);。2、小型购物车、平板车、人字梯、打气筒，应急医用品等。。为您爱家保驾护航，如果您有家政保洁、直饮水卡办理、白蚁消杀、有偿维修、房屋租赁的业务需求，随时与我们联系，为您提供专业的服务。。【秩序维护部】。[爱心]1.值班时间段：。????08:00－20:00????。[爱心]2.值班中队长-赵队电话：0531-83131013。[爱心]3.物业服务电话：0531-55615896、55615596。??4.监控室值班24小时电话：0531-55612606。3、【物业-安保服务“小蜜蜂”】。[抱拳]如您家中有需要帮助的请联系我们?。[爱心]24小时为各位家人守候。[合十]贴心服务、真诚相伴。如需便民服务车，请直接联系；。①55612606。②55612808。有事您说话，我们会在第一时间安排人员帮你处理[玫瑰][玫瑰]""。A00(客户):""[图片]""。08月27日 08:32分。JN29岁月静好(客户):""。。各位家人们[爱心]早上好！。我是物业保洁领班刘翠兰，联系电话 18560197252。各位保洁叔叔阿姨已到岗。上班后第一时间清理积水。??倘若您发现任何环境方面的问题或者有宝贵的建议，随时与我联系，我定会全力以赴为您排忧解难！。??感谢各位家人一直以来的信赖与支持！ ?? ??""。JN29岁月静好(客户):""[图片]""。08月27日 08:39分。济南绿洲44-45-49楼管家立春(员工):""[玫瑰][玫瑰]早安  绿洲[玫瑰][玫…………""。济南绿洲44-45-49楼管家立春(员工):""[链接]""。08月27日 08:46分。风叶一叶知秋(客户):""[图片]""。风叶一叶知秋(客户):""@济南绿洲44-45-49楼管家立春?这是你们说的保障护行吗下部还不得直接去家里祸害人""。风叶一叶知秋(客户):""真贱""。风叶一叶知秋(客户):""放这里碍你什么事了""。风叶一叶知秋(客户):""你用烟烫我座子""。风叶一叶知秋(客户):""操你八百被祖宗""。08月27日 08:52分。风叶一叶知秋(客户):""下雨不放放那去外面满满的""。风叶一叶知秋(客户):""你家都乱伦胡操烫我车子的人""。风叶一叶知秋(客户):""别人我逮住""。风叶一叶知秋(客户):""闫了你""。08月27日 09:13分。风叶一叶知秋(客户):""@秩序110?这就是你说的保驾护航吗""。风叶一叶知秋(客户):""看用烟头烫的我车子""。风叶一叶知秋(客户):""下部会咋样直接去家里祸害人了""。风叶一叶知秋(客户):""刚才艾特错啦""。风叶一叶知秋(客户):""管家不管你事""。风叶一叶知秋(客户):""立春""。风叶一叶知秋(客户):""[呲牙]""。风叶一叶知秋(客户):""烧我车上坐的人你全家都不得好死""。风叶一叶知秋(客户):""全是傻逼""。08月27日 09:18分。风叶一叶知秋(客户):""以后生啦孩子也不得好太缺德不得得报应吗不是不报时间未到""。风叶一叶知秋(客户):""生孩子没屁眼""。济南绿洲44-45-49楼管家立春(员工):""姐，不好意思，刚才在巡查积水情况。没注意…………""。风叶一叶知秋(客户):""我有??就骂""。风叶一叶知秋(客户):""没事""。Gm(客户):""[图片]""。Gm(客户):""家人有事打电话，工人都在公区处理问题""。08月27日 09:25分。Gm(客户):""[视频]""。济南绿洲44-45-49楼管家立春(员工):""[图片]""。济南绿洲44-45-49楼管家立春(员工):""这是哪位家人在33层上放的饼子，及时清理…………""。Gm(客户):""{""pre_msgid"":""10647428567550826885_1724721977557_external""}""。08月27日 09:37分。风叶一叶知秋(客户):""腿楼上说瘾换怕失火，难到放下面就安全了吗，他一样给你祸害""。风叶一叶知秋(客户):""真是人渣无处不在""。风叶一叶知秋(客户):""推""。风叶一叶知秋(客户):""楼上不行""。风叶一叶知秋(客户):""下雨放那里谁的事也哎不着""。风叶一叶知秋(客户):""太贱了""。08月27日 10:12分。济南绿洲44-45-49楼管家立春(员工):""┌─??桶装水活动来袭。??水长清纯天然…………""。济南绿洲44-45-49楼管家立春(员工):""[图片]""。08月27日 10:20分。沁水百合&(客户):""[图片]""。沁水百合&(客户):""[链接]""。沁水百合&(客户):""[小程序消息]""。沁水百合&(客户):""各位居民朋友:。       为保障济南市居民健康权益，逐步健全完善居民特殊疾病风险体系，区妇联与中国人寿保险股份有限公司济南分公司启动了“男性女性安康保障工程”面向18周岁至60周岁以下身体健康者推出团体安康保险，社区居民可根据个人情况自愿购买。。详情请咨询恒大三社区居委会。。地址:恒大22号楼内铺。。电话：87207026""。沁水百合&(客户):""3998元，妇女?找“客服”退回孩子充值的游戏款?被骗。。1095元，大学生??其同学微信号被盗，借钱??被骗。。。男青年[色][色]约炮[色][色]，妇女??兼职刷单??、????被“异性网友”诱导投资????诈骗高发！。转发提醒好家里的[拥抱]年轻人、妇女[拥抱]！。。【8月26日电诈警情通报】。【文昌街道、新城派出所】。1、汇侨城妇女，【找“客服”退孩子充值的游戏费】被骗3998元。。??手段：孩子充值游戏后，在网上[爆竹]搜索“客服”退费[爆竹]，对方让其扫码，称?已经设置好，钱不会被转走?。结果，还是转账成功。。。【大学城、大学路派出所】。2、齐鲁工业大学大三学生（专业待核实），【其同学微信号被盗，发来借钱信息】被骗1095元。。??手段：其同学[爆竹]微信号被盗[爆竹]，对方让其?帮忙把钱从微信倒腾到支付宝?。 。       该同学用支付宝给其转钱后，对方没有信守承诺，把钱用微信再转回来。""。沁水百合&(客户):"" 各位居民:。       为提高社区火灾预警和防控能力，保障居民的居家安全。由政府联合联通公司为居民免费上门安装独立式烟感报警器。安装以后若家中有火灾隐患，可通过网络直接推送给业主本人及消防大队。目前先进行报名，后期会有联通公司工作人员与业主联系，上门进行安装。本期独立式烟感报警器数量80个，先报先得 ，报满为止。。              恒大绿洲第三社区。                   2024.8.22""。风叶一叶知秋(客户):""@秩序110?不给个说法吗""。08月27日 13:43分。风叶一叶知秋(客户):""谁贱不了机的出来嚯嚯人贱货你家都是妓女""。风叶一叶知秋(客户):""生出来的野种""。风叶一叶知秋(客户):""卖货""。风叶一叶知秋(客户):""一分钱不值""。08月27日 15:49分。JN29岁月静好(客户):""。[拳头]环境提升持续进行中[拳头]。[太阳]今日专项楼宇步梯湿拖[太阳]恒大绿洲保洁团队为您服务[玫瑰]""。JN29岁月静好(客户):""[图片]""。08月27日 16:01分。21克(客户):""[视频]""。21克(客户):""二单元西边的门又关不上了""。21克(客户):""风这么大，玻璃受不住""。21克(客户):""能给修一下吗""。济南绿洲44-45-49楼管家立春(员工):""好的。我联系一下师傅""。08月27日 16:40分。济南绿洲44-45-49楼管家立春(员工):""【请勿高空抛物????】。       …………""。济南绿洲44-45-49楼管家立春(员工):""[图片]""。08月27日 18:35分。A00(客户):""??物业秩序“小蜜蜂” ??。[庆祝]“小蜜蜂”来了！来了！[庆祝]。[太阳]有事，您说话[太阳]。[庆祝]车辆电瓶亏电启动不了！。[庆祝]家里有沉物品搬不动了！。[庆祝]买了好多东西拿不了！。联系电话：0531-55612606。秩序小“蜜蜂”竭诚为您服务！[耶][耶][耶]。[庆祝]我们的口号：。[庆祝]真心帮助每一位[庆祝]。[庆祝]热心服务每一人[庆祝]。[庆祝]赠人玫瑰[玫瑰]，手有余香[庆祝]""。A00(客户):""[图片]""。08月27日 20:07分。你的月亮我的心(客户):""尊敬的业主，您好：。       为更好、更快的解决业主问题，现将各值班人员、联系电话及值班时间公示在群内，各位业主可直接电话联系或在群内@秩序110。1、日常家用维修工具(螺丝刀、活动扳手、小锤等);。2、小型购物车、平板车、人字梯、打气筒，应急医用品等。。为您爱家保驾护航，如果您有家政保洁、直饮水卡办理、白蚁消杀、有偿维修、房屋租赁的业务需求，随时与我们联系，为您提供专业的服务。。【秩序维护部】。[爱心]1.值班时间段：。????20:00－08:00????。[爱心]2.值班中队长-赵队电话：0531-55615881。[爱心]3.物业服务电话：0531-55615896、55615596。??4.监控室值班24小时电话：0531-55612606。3、【物业-安保服务“小蜜蜂”】。[抱拳]如您家中有需要帮助的请联系我们?。[爱心]24小时为各位家人守候。[合十]贴心服务、真诚相伴。如需便民服务车，请直接联系；。①55612606。②55612808。有事您说话，我们会在第一时间安排人员帮你处理[玫瑰][玫瑰]""。你的月亮我的心(客户):""[图片]""。08月27日 23:54分。你的月亮我的心(客户):""尊敬的业主大家好！我是夜间执勤赵队长，金碧物业安保服务8月27号巡查，时刻守护业主们的安全，请安心入睡，如有紧急情况请拨打0531-55612606""。你的月亮我的心(客户):""[图片]""。08月28日 02:58分。你的月亮我的心(客户):""尊敬的业主大家好！我是夜间执勤赵队长，金碧物业安保服务8月28号巡查，时刻守护业主们的安全，请安心入睡，如有紧急情况请拨打0531-55612606""。你的月亮我的心(客户):""[图片]""。&&&","[
    {
        ""业主情感强度"": {
            ""风叶一叶知秋"": ""强烈负面""
        },
        ""事件讨论开始时间"": ""08月27日 08:46分"",
        ""事件讨论结束时间"": ""08月27日 09:25分"",
        ""事件详情"": ""业主风叶一叶知秋的车辆被他人用烟头烫坏，业主对此表示了极大的愤怒和不满。事件发生地点未明确，但可以推测发生在小区内。业主多次表达了对物业安保工作的质疑，认为物业没有做到保驾护航的职责。事件中涉及业主一人，情绪态度极为负面。"",
        ""话题倾向"": """"
    }
]"
群聊负向,"这是要分析的对话:&&&08月27日 06:03分。一期中队长(客户):""[图片]""。一期中队长(客户):""??长沙恒大雅苑。?2024年8??27日  星期二。?天气: 阴  气温：26－36℃。1、国家一级演员王霙去世,曾称:这一辈子就演一个人；。2、唐尚珺已录入新生信息,9月1日报到,笑称“没面办升学宴”；。3、线上线下都销售,“烟卡”成部分未成年人社交“硬通货”；。4、中秋要调休，高速不免费！国庆前后都要调休，可提前发工资；。5、辽宁建昌获捐物资里有高跟鞋，当地称系个人行为；微信搜：每日微语报。6、罗永浩“真还传”最新进展：已还8.24亿，还欠5亿多；。7、重庆沙坪坝连续6天气温超40℃ 市民晾晒食物：牛肉晒了一天嘎嘣脆；。8、辽宁一女子做美甲引发真菌感染，治疗时间长达三个月，花费近万元；。9、拼多多第二季度总营收971亿元同比增长86%，盘前跌逾12%；。10、问界新 M7 Pro 汽车目标上市首周交付 3000 台，首月交付破万台；。11、台积电确认2024H1从中国大陆和日本获得的补贴金额：共79.56亿新台币；。12、菲船只故意冲撞中国海警舰艇，专家：企图进一步坐实“南海仲裁裁决”；。13、韩媒：上半年访韩中国游客量超去年全年，韩政府为中国游客精选旅游项目；。14、哈里斯团队称她参选以来筹款5.4亿美元，“创选举史同期纪录”；。15、乌克兰全境多地发生爆炸：基辅多地水电供应中断，新闻直播突然黑屏；""。一期中队长(客户):""???♂【防溺水??安全温馨提示】。??亲爱的业主家人们：大家好??。?天气渐热，为了孩子们??的安全，请提高安全防范意识?，时刻监督和管理??好孩子，加强对孩子的防溺水??安全教育，禁止??孩子私自到小溪、水库、江边玩水、捕鱼、捉虾、游泳等。 。??安全无小事 时刻要警惕??。请家长??加强对孩子防溺水的监管力度，提高孩子??防溺水的自觉性?。同时物业工作人员??也会加大对园区的巡逻。为孩子的生命安全构筑坚实的防线??。??如需帮助请拨24小时服务热线。二期?:0731-85066275。一期?:0731-85520610。#长沙恒大雅苑物业服务中心""。08月27日 09:40分。一期中队长(客户):""【?? 秩序服务?巡逻篇】。我们是白班园区秩序的守护者??。每天园区全覆盖巡视??。希望用我们的行动??。为您营造舒适的居家环境??。如需帮助请拨打24小时服务热线。?:0731一85520610。值班中队长。?:17700582951（一期）。??我们竭诚为您服务??""。一期中队长(客户):""[视频]""。08月27日 11:03分。楼栋管家(员工):""【新学期，新希望——亲子包书皮】。各位业…………""。楼栋管家(员工):""[图片]""。08月27日 11:30分。yumiko(客户):""亲们有没有租房子的 想要2室的，有的私，中介勿扰""。楼栋管家(员工):""@所有人""。小木木(客户):""@yumiko?三房的""。08月27日 11:40分。yumiko(客户):""好的我加你聊""。08月27日 11:55分。沈??8o1???(客户):""@yumiko?电话多少""。沈??8o1???(客户):""{""pre_msgid"":""16691675499114182136_1724730941420_external""}""。08月27日 15:02分。春小瓶(客户):""[图片]""。春小瓶(客户):""谁家的狗，在14楼拉了屎[叹气]""。楼栋管家(员工):""@所有人 认领一下哦""。楼栋管家(员工):""@平安是福刘延刚 麻烦搞一下卫生 13栋…………""。平安是福刘延刚(客户):""好的""。08月27日 15:48分。楼栋管家(员工):""亲爱的各位居民朋友：。  在“利剑护蕾”…………""。楼栋管家(员工):""[图片]""。08月27日 16:26分。张斌斌(客户):""@10-13栋，24栋管家凌炀?@公区维修-孙建平?13栋1号电梯又坏了""。张斌斌(客户):""不动了""。楼栋管家(员工):""好的收到马上处理""。张斌斌(客户):""电梯故障频率太高了""。08月27日 16:33分。楼栋管家(员工):""嗯 已通知师傅过去了""。08月27日 16:38分。知否(客户):""业主您好，刚刚是检测单位在现场核查电梯公司报告的维修项目是否属实，电梯自保护停梯，维保员正在处理""。08月27日 16:49分。知否(客户):""设备安全无小事，物业维修部工作人员正在对高压配电房，生活水泵房，消防水泵房进行巡检，防患于未然，运行正常。[强][强][强][强]""。知否(客户):""[图片]""。08月27日 18:59分。彭媛?(客户):""[视频]""。彭媛?(客户):""又卡电梯里面了。""。彭媛?(客户):""上不去，下不来""。彭媛?(客户):""又不开门""。楼栋管家(员工):""好的收到马上处理""。彭媛?(客户):""来了吗？5分钟了""。08月27日 19:06分。楼栋管家(员工):""已经来了""。春雨流(客户):""13栋2号梯一直停在27楼""。春雨流(客户):""@10-13栋，24栋管家凌炀?""。彭媛?(客户):""真的是无语，为什么会天天坏""。彭媛?(客户):""我们卡在里面@春雨流?[裂开][裂开][裂开]""。彭媛?(客户):""里面控制面板全按不了""。春雨流(客户):""物业人呢""。彭媛?(客户):""[视频]""。楼栋管家(员工):""已经通知师傅过来了""。彭媛?(客户):""说是在来的路上。我已经被卡8分钟了""。彭媛?(客户):""[表情]""。08月27日 19:13分。王小林-昆仑长剑(客户):""「10-13栋，24栋管家凌炀：。已经通知师傅过来了」。- - - - - - - - - - - - - - -。@10-13栋，24栋管家凌炀?人命关天，一定要好好处理""。楼栋管家(员工):""好的好的""。08月27日 19:21分。一期中队长(客户):""【?? 秩序服务?巡逻篇】。我们是白班园区秩序的守护者??。每天园区全覆盖巡视??。希望用我们的行动??。为您营造舒适的居家环境??。如需帮助请拨打24小时服务热线。?:0731一85520610。值班中队长。?:17700582951（一期）。??我们竭诚为您服务??""。一期中队长(客户):""[文件下载失败]""。08月27日 20:17分。一期中队长(客户):""业主您好??。我是夜班秩序班长（苏静普17700582951），也是你的夜间安全守护者??，也许您从来没有见过我，因为我值守在您熟睡的每个晚上。夜间??我们会跟踪可疑人员、巡查车库、巡查园区、巡查楼层。。??清晨06:00我们还会查看每个电梯，确保您上班时电梯正常运行。。??如需帮助请及时拨打24小时服务电话85520610，我会出现在你需要的每个时刻???♂???♂???♂。祝您好梦！一醒来又是美美哒的一天哦???""。08月27日 20:56分。一期中队长(客户):""[视频]""。一期中队长(客户):""【?? 秩序服务?巡逻篇】。我们是晚班园区秩序的守护者??。每天园区全覆盖巡视??。希望用我们的行动??。为您营造舒适的居家环境??。如需帮助请拨打24小时服务热线。?:0731一85520610。值班中队长。?:17700582951（一期）。??我们竭诚为您服务??""。08月27日 22:26分。张斌斌(客户):""这13栋2号电梯才困人没多久，有一次困人？让做全面检修，完全都当儿戏，每次都是困人后敷衍的修一下，每次坐电梯都是恐慌的，你们真这样不作为下去吗？到底要这样花钱修补，直到要人命吗？@公区维修-孙建平?@10-13栋，24栋管家凌炀?""。张斌斌(客户):""刚刚做13栋2号电梯，半天不关门，2楼又莫名奇妙突然开关一次门""。张斌斌(客户):""真是拜托你们重视一下业主生命，在每个月催命要钱的同时，作为一下""。张斌斌(客户):""良心啊""。一期中队长(客户):""@13栋21业主?收到，通知师傅""。08月27日 22:32分。张斌斌(客户):""常修常坏，上次质管局已经下达整改令了，真的要务必重视啊！""。08月27日 22:39分。刘灿(客户):""「13栋21业主：这13栋2号电梯才困人没多久，有一次困人？让做全面检修，完全都当儿戏，每次都是困人后敷衍的修一下，每次坐电梯都是恐慌的，你们真这样不作为下去吗？到底要这样花钱修补，直到要人命吗？@公区维修-孙建平?@10-13栋，24栋管家凌炀?」。- - - - - - - - - - - - - - -。业主您好，13栋二号梯前段时间困人是变频器内部元器件损坏导致故障频发困人掉层。当时更换完变频器之后二号梯一直没有再出类似故障了。运行良好。晚上刚刚困人的是一号电梯。经过现场维保技师检查，后面发现是轿厢操纵盘里面一根线掉了。导致搭铁接地影响电梯轿内通讯异常。现在已经处理好了。您可以放心乘坐。""。刘灿(客户):""[图片]""。08月27日 23:23分。楼栋管家(员工):""尊敬的业主朋友 小伟哥！  ，欢迎加入业…………""。08月28日 03:46分。一期中队长(客户):""【?? 秩序服务?巡逻篇】。我们是晚班园区秩序的守护者??。每天园区全覆盖巡视??。希望用我们的行动??。为您营造舒适的居家环境??。如需帮助请拨打24小时服务热线。?:0731一85520610。值班中队长。?:17700582951（一期）。??我们竭诚为您服务??""。一期中队长(客户):""[图片]""。&&&","[
    {
        ""业主情感强度"": {
            ""张斌斌"": ""强烈负面"",
            ""彭媛"": ""强烈负面"",
            ""春雨流"": ""一般负面""
        },
        ""事件讨论开始时间"": ""08月27日 16:26分"",
        ""事件讨论结束时间"": ""08月27日 23:23分"",
        ""事件详情"": ""在长沙恒大雅苑小区，13栋的电梯出现频繁故障，业主张斌斌、彭媛、春雨流等先后被困电梯内，并对物业的维修处理表示不满。业主们对电梯的安全问题表示担忧，并对物业的响应速度和处理态度表示强烈不满。"",
        ""话题倾向"": """"
    }
]"
群聊负向,"这是要分析的对话:&&&08月27日 04:07分。u.B(客户):""[视频]""。u.B(客户):""@一期中队长?你能不能联系一下打扫卫生的阿姨""。一期中队长(客户):""@u.B?收到""。一期中队长(客户):""请问是电梯卫生还是电梯故障""。一期中队长(客户):""监控显示就2号电梯要人""。一期中队长(客户):""1号电梯没有""。u.B(客户):""就是打扫卫生的大叔应该把电梯挡住了""。u.B(客户):""我们刚有人爬楼梯上去按的电梯""。一期中队长(客户):""好的""。08月27日 04:12分。一期中队长(客户):""我这里联系保洁""。08月27日 04:18分。u.B(客户):""不用了！我们已经上来了，就是我建议以后还是搞卫生的时候尽量别把电梯挡住，因为我们有时候回的晚的人等电梯时间太长了""。一期中队长(客户):""收到，感谢您的反馈""。u.B(客户):""虽然搞卫生的叔叔阿姨也挺辛苦的，但是我这边遇到好几次等电梯半个小时没下来也痛苦所以希望双方相互理解一下[抱拳]""。一期中队长(客户):""感谢业主您的理解""。08月27日 06:02分。一期中队长(客户):""??长沙恒大雅苑。?2024年8??27日  星期二。?天气: 阴  气温：26－36℃。1、国家一级演员王霙去世,曾称:这一辈子就演一个人；。2、唐尚珺已录入新生信息,9月1日报到,笑称“没面办升学宴”；。3、线上线下都销售,“烟卡”成部分未成年人社交“硬通货”；。4、中秋要调休，高速不免费！国庆前后都要调休，可提前发工资；。5、辽宁建昌获捐物资里有高跟鞋，当地称系个人行为；微信搜：每日微语报。6、罗永浩“真还传”最新进展：已还8.24亿，还欠5亿多；。7、重庆沙坪坝连续6天气温超40℃ 市民晾晒食物：牛肉晒了一天嘎嘣脆；。8、辽宁一女子做美甲引发真菌感染，治疗时间长达三个月，花费近万元；。9、拼多多第二季度总营收971亿元同比增长86%，盘前跌逾12%；。10、问界新 M7 Pro 汽车目标上市首周交付 3000 台，首月交付破万台；。11、台积电确认2024H1从中国大陆和日本获得的补贴金额：共79.56亿新台币；。12、菲船只故意冲撞中国海警舰艇，专家：企图进一步坐实“南海仲裁裁决”；。13、韩媒：上半年访韩中国游客量超去年全年，韩政府为中国游客精选旅游项目；。14、哈里斯团队称她参选以来筹款5.4亿美元，“创选举史同期纪录”；。15、乌克兰全境多地发生爆炸：基辅多地水电供应中断，新闻直播突然黑屏；""。一期中队长(客户):""[图片]""。一期中队长(客户):""???♂【防溺水??安全温馨提示】。??亲爱的业主家人们：大家好??。?天气渐热，为了孩子们??的安全，请提高安全防范意识?，时刻监督和管理??好孩子，加强对孩子的防溺水??安全教育，禁止??孩子私自到小溪、水库、江边玩水、捕鱼、捉虾、游泳等。 。??安全无小事 时刻要警惕??。请家长??加强对孩子防溺水的监管力度，提高孩子??防溺水的自觉性?。同时物业工作人员??也会加大对园区的巡逻。为孩子的生命安全构筑坚实的防线??。??如需帮助请拨24小时服务热线。二期?:0731-85066275。一期?:0731-85520610。#长沙恒大雅苑物业服务中心""。08月27日 08:18分。??卢国忠(客户):""[图片]""。??卢国忠(客户):""电梯又坏了吗""。??卢国忠(客户):""上班高峰期只有一台电梯工作？""。陈丽(员工):""请问是只有一台电梯运行？""。??卢国忠(客户):""是的啊""。陈丽(员工):""已告知维修人员，马上处理""。??卢国忠(客户):""好的 辛苦@陈丽?[玫瑰]""。08月27日 09:40分。一期中队长(客户):""【?? 秩序服务?巡逻篇】。我们是白班园区秩序的守护者??。每天园区全覆盖巡视??。希望用我们的行动??。为您营造舒适的居家环境??。如需帮助请拨打24小时服务热线。?:0731一85520610。值班中队长。?:17700582951（一期）。??我们竭诚为您服务??""。一期中队长(客户):""[视频]""。08月27日 10:07分。谭贤泽(客户):""温馨提示：。亲爱的业主家人们，8月27日 （今天）将对6栋电梯进行例行保养，保养采取两台电梯轮流停梯作业的方式，无特殊情况，每台电梯保养时间大概为1小时左右，请各位家人提前做好出行准备哦，给您造成不便敬请谅解。保养时间如下：。6栋一梯10:20-11:20。6栋2号梯 14:20-15:20""。08月27日 16:47分。知否(客户):""设备安全无小事，物业维修部工作人员正在对高压配电房，生活水泵房，消防水泵房进行巡检，防患于未然，运行正常。[强][强][强][强]""。知否(客户):""[图片]""。08月27日 18:21分。亚亚(客户):""[图片]""。亚亚(客户):""请物业工作人员重视这个问题，把拦路石距离调窄一点""。随缘(客户):""@亚亚?就安排处理""。亚亚(客户):""有摆摊的车可以放，就默认这一条可以放车""。亚亚(客户):""好不容易才做到不停车，这么发展下去，是不是又会堵门呢？""。麒麟子(客户):""全部摆上长条椅""。08月27日 18:31分。亚亚(客户):""摆长条凳子他们就会停到空坪或者大门口，还是要把入口或者出口弄好""。08月27日 18:42分。随缘(客户):""[图片]""。随缘(客户):""@亚亚?""。08月27日 18:48分。随缘(客户):""处理了祝你生活愉快@亚亚?""。08月27日 19:21分。一期中队长(客户):""【?? 秩序服务?巡逻篇】。我们是白班园区秩序的守护者??。每天园区全覆盖巡视??。希望用我们的行动??。为您营造舒适的居家环境??。如需帮助请拨打24小时服务热线。?:0731一85520610。值班中队长。?:17700582951（一期）。??我们竭诚为您服务??""。一期中队长(客户):""[文件下载失败]""。08月27日 20:17分。一期中队长(客户):""业主您好??。我是夜班秩序班长（苏静普17700582951），也是你的夜间安全守护者??，也许您从来没有见过我，因为我值守在您熟睡的每个晚上。夜间??我们会跟踪可疑人员、巡查车库、巡查园区、巡查楼层。。??清晨06:00我们还会查看每个电梯，确保您上班时电梯正常运行。。??如需帮助请及时拨打24小时服务电话85520610，我会出现在你需要的每个时刻???♂???♂???♂。祝您好梦！一醒来又是美美哒的一天哦???""。08月27日 20:56分。一期中队长(客户):""【?? 秩序服务?巡逻篇】。我们是晚班园区秩序的守护者??。每天园区全覆盖巡视??。希望用我们的行动??。为您营造舒适的居家环境??。如需帮助请拨打24小时服务热线。?:0731一85520610。值班中队长。?:17700582951（一期）。??我们竭诚为您服务??""。一期中队长(客户):""[视频]""。08月28日 03:46分。一期中队长(客户):""【?? 秩序服务?巡逻篇】。我们是晚班园区秩序的守护者??。每天园区全覆盖巡视??。希望用我们的行动??。为您营造舒适的居家环境??。如需帮助请拨打24小时服务热线。?:0731一85520610。值班中队长。?:17700582951（一期）。??我们竭诚为您服务??""。一期中队长(客户):""[图片]""。&&&","[
    {
        ""业主情感强度"": {
            ""u.B"": ""一般负面""
        },
        ""事件讨论开始时间"": ""08月27日 04:07分"",
        ""事件讨论结束时间"": ""08月27日 08:18分"",
        ""事件详情"": ""u.B反映电梯被保洁挡住，导致等待时间长。"",
        ""话题倾向"": """"
    },
    {
        ""业主情感强度"": {
            ""亚亚"": ""一般负面""
        },
        ""事件讨论开始时间"": ""08月27日 18:21分"",
        ""事件讨论结束时间"": ""08月27日 18:48分"",
        ""事件详情"": ""业主亚亚对拦路石距离和摆摊车辆停放问题表示担忧，认为如果不调整，可能会导致堵门。"",
        ""话题倾向"": """"
    }
]"
群聊负向,"这是要分析的对话:&&&08月27日 06:48分。肖恩(客户):""@秩序110?一单元东电梯坏了吗？12楼按不亮""。你的月亮我的心(客户):""温馨提示：。因遇降雨天气，金碧晨跑团临时取消一天，请各位家长和小朋友们不要跑空哦[玫瑰][玫瑰]""。开心肖肖乐??(客户):""收到""。08月27日 07:46分。秦吉海(客户):""[图片]""。08月27日 08:04分。A00(客户):""尊敬的业主，您好：。       为更好、更快的解决业主问题，现将各值班人员、联系电话及值班时间公示在群内，各位业主可直接电话联系或在群内@秩序110。1、日常家用维修工具(螺丝刀、活动扳手、小锤等);。2、小型购物车、平板车、人字梯、打气筒，应急医用品等。。为您爱家保驾护航，如果您有家政保洁、直饮水卡办理、白蚁消杀、有偿维修、房屋租赁的业务需求，随时与我们联系，为您提供专业的服务。。【秩序维护部】。[爱心]1.值班时间段：。????08:00－20:00????。[爱心]2.值班中队长-赵队电话：0531-83131013。[爱心]3.物业服务电话：0531-55615896、55615596。??4.监控室值班24小时电话：0531-55612606。3、【物业-安保服务“小蜜蜂”】。[抱拳]如您家中有需要帮助的请联系我们?。[爱心]24小时为各位家人守候。[合十]贴心服务、真诚相伴。如需便民服务车，请直接联系；。①55612606。②55612808。有事您说话，我们会在第一时间安排人员帮你处理[玫瑰][玫瑰]""。A00(客户):""[图片]""。Y(客户):""东边电梯按键不管事了 按不动了""。岩小岩 Joy(客户):""[视频]""。岩小岩 Joy(客户):""发给管家来，没回消息""。08月27日 08:28分。26.27.28管家(客户):""收到@岩小岩 Joy?""。JN29岁月静好(客户):""。。各位家人们[爱心]早上好！。我是物业保洁领班刘翠兰，联系电话 18560197252。各位保洁叔叔阿姨已到岗。上班后第一时间清理积水。??倘若您发现任何环境方面的问题或者有宝贵的建议，随时与我联系，我定会全力以赴为您排忧解难！。??感谢各位家人一直以来的信赖与支持！ ?? ??""。JN29岁月静好(客户):""[图片]""。08月27日 08:37分。王帅(员工):""[玫瑰][玫瑰]早安  绿洲[玫瑰][玫…………""。王帅(员工):""[链接]""。08月27日 09:13分。王帅(员工):""┌─??桶装水活动来袭。??水长清纯天然…………""。王帅(员工):""[图片]""。08月27日 09:28分。雪儿(客户):""各位居民朋友:。       为保障济南市居民健康权益，逐步健全完善居民特殊疾病风险体系，区妇联与中国人寿保险股份有限公司济南分公司启动了“男性女性安康保障工程”面向18周岁至60周岁以下身体健康者推出团体安康保险，社区居民可根据个人情况自愿购买。。详情请咨询恒大三社区居委会。。地址:恒大22号楼内铺。。电话：87207026""。雪儿(客户):"" 各位居民:。       为提高社区火灾预警和防控能力，保障居民的居家安全。由政府联合联通公司为居民免费上门安装独立式烟感报警器。安装以后若家中有火灾隐患，可通过网络直接推送给业主本人及消防大队。目前先进行报名，后期会有联通公司工作人员与业主联系，上门进行安装。本期独立式烟感报警器数量80个，先报先得 ，报满为止。。              恒大绿洲第三社区。                   2024.8.22""。雪儿(客户):""[图片]""。雪儿(客户):""[链接]""。雪儿(客户):""3998元，妇女?找“客服”退回孩子充值的游戏款?被骗。。1095元，大学生??其同学微信号被盗，借钱??被骗。。。男青年[色][色]约炮[色][色]，妇女??兼职刷单??、????被“异性网友”诱导投资????诈骗高发！。转发提醒好家里的[拥抱]年轻人、妇女[拥抱]！。。【8月26日电诈警情通报】。【文昌街道、新城派出所】。1、汇侨城妇女，【找“客服”退孩子充值的游戏费】被骗3998元。。??手段：孩子充值游戏后，在网上[爆竹]搜索“客服”退费[爆竹]，对方让其扫码，称?已经设置好，钱不会被转走?。结果，还是转账成功。。。【大学城、大学路派出所】。2、齐鲁工业大学大三学生（专业待核实），【其同学微信号被盗，发来借钱信息】被骗1095元。。??手段：其同学[爆竹]微信号被盗[爆竹]，对方让其?帮忙把钱从微信倒腾到支付宝?。 。       该同学用支付宝给其转钱后，对方没有信守承诺，把钱用微信再转回来。""。雪儿(客户):""[小程序消息]""。08月27日 15:51分。JN29岁月静好(客户):""。[拳头]环境提升持续进行中[拳头]。[太阳]今日专项楼宇步梯湿拖[太阳]恒大绿洲保洁团队为您服务[玫瑰]""。JN29岁月静好(客户):""[图片]""。08月27日 16:48分。家电清洗常师傅13584065869(客户):""辛苦了。打扫的很干净。??""。08月27日 18:35分。A00(客户):""??物业秩序“小蜜蜂” ??。[庆祝]“小蜜蜂”来了！来了！[庆祝]。[太阳]有事，您说话[太阳]。[庆祝]车辆电瓶亏电启动不了！。[庆祝]家里有沉物品搬不动了！。[庆祝]买了好多东西拿不了！。联系电话：0531-55612606。秩序小“蜜蜂”竭诚为您服务！[耶][耶][耶]。[庆祝]我们的口号：。[庆祝]真心帮助每一位[庆祝]。[庆祝]热心服务每一人[庆祝]。[庆祝]赠人玫瑰[玫瑰]，手有余香[庆祝]""。A00(客户):""[图片]""。08月27日 20:07分。你的月亮我的心(客户):""尊敬的业主，您好：。       为更好、更快的解决业主问题，现将各值班人员、联系电话及值班时间公示在群内，各位业主可直接电话联系或在群内@秩序110。1、日常家用维修工具(螺丝刀、活动扳手、小锤等);。2、小型购物车、平板车、人字梯、打气筒，应急医用品等。。为您爱家保驾护航，如果您有家政保洁、直饮水卡办理、白蚁消杀、有偿维修、房屋租赁的业务需求，随时与我们联系，为您提供专业的服务。。【秩序维护部】。[爱心]1.值班时间段：。????20:00－08:00????。[爱心]2.值班中队长-赵队电话：0531-55615881。[爱心]3.物业服务电话：0531-55615896、55615596。??4.监控室值班24小时电话：0531-55612606。3、【物业-安保服务“小蜜蜂”】。[抱拳]如您家中有需要帮助的请联系我们?。[爱心]24小时为各位家人守候。[合十]贴心服务、真诚相伴。如需便民服务车，请直接联系；。①55612606。②55612808。有事您说话，我们会在第一时间安排人员帮你处理[玫瑰][玫瑰]""。你的月亮我的心(客户):""[图片]""。08月27日 22:36分。岩小岩 Joy(客户):""[图片]""。岩小岩 Joy(客户):""@26.27.28号楼管家?""。???????闻轩双宝??(客户):""收到，马上到现场处理""。岩小岩 Joy(客户):""东电梯""。08月27日 23:17分。你的月亮我的心(客户):""[图片]""。你的月亮我的心(客户):""已现场临时清理干净""。08月27日 23:53分。你的月亮我的心(客户):""尊敬的业主大家好！我是夜间执勤赵队长，金碧物业安保服务8月27号巡查，时刻守护业主们的安全，请安心入睡，如有紧急情况请拨打0531-55612606""。你的月亮我的心(客户):""[图片]""。08月28日 02:59分。你的月亮我的心(客户):""尊敬的业主大家好！我是夜间执勤赵队长，金碧物业安保服务8月28号巡查，时刻守护业主们的安全，请安心入睡，如有紧急情况请拨打0531-55612606""。你的月亮我的心(客户):""[图片]""。&&&","[
    {
        ""业主情感强度"": {
            ""Y"": ""一般负面"",
            ""肖恩"": ""一般负面"",
            ""岩小岩 Joy"": ""一般负面""
        },
        ""事件讨论开始时间"": ""08月27日 06:48"",
        ""事件讨论结束时间"": ""08月27日 23:17"",
        ""事件详情"": ""东电梯按键无法正常使用，业主肖恩和Y先后反映按键不管事了，按不动。岩小岩 Joy尝试联系管家但未得到及时回应，表现出不满。后续，管家和夜间执勤赵队长有回应，但未明确表明问题已解决。"",
        ""话题倾向"": """"
    }
]"
群聊负向,"这是要分析的对话:&&&08月27日 06:08分。yh(客户):""[图片]""。yh(客户):""??长沙恒大雅苑。?2024年8??27日  星期四。?天气: 晴  气温：26－36℃。1、国家一级演员王霙去世,曾称:这一辈子就演一个人；。2、唐尚珺已录入新生信息,9月1日报到,笑称“没面办升学宴”；。3、线上线下都销售,“烟卡”成部分未成年人社交“硬通货”；。4、中秋要调休，高速不免费！国庆前后都要调休，可提前发工资；。5、辽宁建昌获捐物资里有高跟鞋，当地称系个人行为；微信搜：每日微语报。6、罗永浩“真还传”最新进展：已还8.24亿，还欠5亿多；。7、重庆沙坪坝连续6天气温超40℃ 市民晾晒食物：牛肉晒了一天嘎嘣脆；。8、辽宁一女子做美甲引发真菌感染，治疗时间长达三个月，花费近万元；。9、拼多多第二季度总营收971亿元同比增长86%，盘前跌逾12%；。10、问界新 M7 Pro 汽车目标上市首周交付 3000 台，首月交付破万台；。11、台积电确认2024H1从中国大陆和日本获得的补贴金额：共79.56亿新台币；。12、菲船只故意冲撞中国海警舰艇，专家：企图进一步坐实“南海仲裁裁决”；。13、韩媒：上半年访韩中国游客量超去年全年，韩政府为中国游客精选旅游项目；。14、哈里斯团队称她参选以来筹款5.4亿美元，“创选举史同期纪录”；。15、乌克兰全境多地发生爆炸：基辅多地水电供应中断，新闻直播突然黑屏；""。yh(客户):""???♂【防溺水??安全温馨提示】。??亲爱的业主家人们：大家好??。?天气渐热，为了孩子们??的安全，请提高安全防范意识?，时刻监督和管理??好孩子，加强对孩子的防溺水??安全教育，禁止??孩子私自到小溪、水库、江边玩水、捕鱼、捉虾、游泳等。 。??安全无小事 时刻要警惕??。请家长??加强对孩子防溺水的监管力度，提高孩子??防溺水的自觉性?。同时物业工作人员??也会加大对园区的巡逻。为孩子的生命安全构筑坚实的防线??。??如需帮助请拨24小时服务热线。二期?:0731-85066275。一期?:0731-85520610。#长沙恒大雅苑物业服务中心""。08月27日 07:52分。Nina(客户):""[图片]""。??媛仔(客户):""楼上不要大早上的又敲敲打打装修行不行""。Nina(客户):""麻烦沟通下35栋3007 连续两天了7:40就用锤子在敲敲打打，锤天花板，搞啥呢@秩序部余杭?@秩序部-丁春辉?@秩序部史纲15367485711?@秩序部--李伟明?""。??媛仔(客户):""昨天这样 今天又这样""。Vampiae(客户):""@Nina?@??媛仔?收到 马上处理""。Nina(客户):""现在是越敲越带劲了""。Nina(客户):""「Nina：麻烦沟通下35栋3007 连续两天了7:40就用锤子在敲敲打打，锤天花板，搞啥呢@秩序部余杭?@秩序部-丁春辉?@秩序部史纲15367485711?@秩序部--李伟明?」。- - - - - - - - - - - - - - -。麻烦沟通下！@影子?""。08月27日 07:57分。何德军(客户):""@Nina?收到，马上去处理""。08月27日 08:03分。观洋(客户):""[视频]""。观洋(客户):""@何德军?辛苦尽快沟通一下 现在是越搞越早了  理解友邻装修  但烦请在规定时间内合理安排""。何德军(客户):""[图片]""。08月27日 08:08分。何德军(客户):""@观洋?已经沟通""。08月27日 08:14分。Nina(客户):""@何德军?你走了没2分钟吧 又开始敲了 ""。Nina(客户):""[文件超过最大限制]""。常伟(客户):""@Nina?马上去叫停""。Nina(客户):""麻烦收下工具吧 到点让他们找你们拿""。08月27日 08:24分。常伟(客户):""[图片]""。08月27日 08:29分。常伟(客户):""@Nina?你跟他说好，八点半到九点合灰，九点以后才能打电锤，感谢您的反馈，祝您生活愉快""。Nina(客户):""好的 谢谢??""。08月27日 08:59分。凶猛小老虎(客户):""温馨提示：。亲爱的业主家人们，8月27日 （今天）将对35栋电梯进行例行保养，保养采取两台电梯轮流停梯作业的方式，无特殊情况，每台电梯保养时间大概为1小时左右，请各位家人提前做好出行准备哦，给您造成不便敬请谅解。保养时间如下：。35栋一号梯：9：00-9：50。35栋二号梯：9：55-10：45 ""。08月27日 09:23分。彪(客户):""【?? 秩序服务?巡逻篇】。我们是白班园区秩序的守护者??。每天园区全覆盖巡视??。希望用我们的行动??。为您营造舒适的居家环境??。如需帮助请拨打24小时服务热线。?:0731一82231519。值班中队长。?:17700582090（二期）。??我们竭诚为您服务??""。彪(客户):""[视频]""。娜娜(客户):""[图片]""。娜娜(客户):""由于店内合作伙伴提前终止合作，有美容养生行业伙伴优先！""。08月27日 10:24分。长沙恒大雅苑管家张婷婷(员工):""【新学期，新希望——亲子包书皮】。各位业…………""。长沙恒大雅苑管家张婷婷(员工):""[图片]""。08月27日 10:31分。凶猛小老虎(客户):""保养35-1时发现15楼门轮破损，现在更换""。凶猛小老虎(客户):""[图片]""。08月27日 10:39分。? ?????(客户):""@凶猛小老虎?34栋现在是停电吗""。长沙恒大雅苑管家张婷婷(员工):""@? ?????没有，亲""。? ?????(客户):""怎么电费缴费了 还是没有电呢""。凶猛小老虎(客户):""已经更换""。凶猛小老虎(客户):""[图片]""。08月27日 10:49分。长沙恒大雅苑管家张婷婷(员工):""@? ?????已私信租户哈[玫瑰][玫…………""。08月27日 11:48分。otis陈献文18522972841(客户):""温馨提示：。亲爱的业主家人们，8月27日 （今天）将对34栋电梯进行例行保养，保养采取两台电梯轮流停梯作业的方式，无特殊情况，每台电梯保养时间大概为1小时左右，请各位家人提前做好出行准备哦，给您造成不便敬请谅解。保养时间如下：。34栋一号梯：15:00-16:00。34栋二号梯：16:00-17:00""。08月27日 15:24分。凶猛小老虎(客户):""[图片]""。凶猛小老虎(客户):""亲爱的业主家人们，今天对35电梯进行了例行保养，重点对破损门轮进行更换，厅门轿门触点、光幕进行了紧固调整，机械部件运转良好，请您放心出行，您的肯定是我们前进的动力,祝您生活愉快。""。08月27日 16:51分。知否(客户):""设备安全无小事，物业维修部工作人员正在对高压配电房，生活水泵房，消防水泵房进行巡检，防患于未然，运行正常。[强][强][强][强]""。知否(客户):""[图片]""。08月27日 19:00分。文子(客户):""35栋电梯和大厅好脏""。文子(客户):""@公区维修-孙建平?""。08月27日 19:18分。二期中队长(客户):""收到，马上处理@文子?""。08月27日 19:28分。二期中队长(客户):""亲，已经拖干净了，感谢您的反馈，祝您生活愉快@文子?""。二期中队长(客户):""[图片]""。文子(客户):""[强][强]""。常伟(客户):""[文件下载失败]""。常伟(客户):""[图片]""。二期中队长(客户):""「常伟：[图片]」。- - - - - - - - - - - - - - -。亲，电梯也拖干净啦@文子?""。08月27日 19:34分。子鱼(客户):""[强][强]""。08月27日 19:41分。彪(客户):""【?? 秩序服务?巡逻篇】。我们是白班园区秩序的守护者??。每天园区全覆盖巡视??。希望用我们的行动??。为您营造舒适的居家环境??。如需帮助请拨打24小时服务热线。?:0731一82231519。值班中队长。?:17700582090（二期）。??我们竭诚为您服务??""。彪(客户):""[文件下载失败]""。心情尚好15367485711(客户):""业主您好??。我是夜班秩序班长（周游：17700582090），也是你的夜间安全守护者??，也许您从来没有见过我，因为我值守在您熟睡的每个晚上。夜间??我们会跟踪可疑人员、巡查车库、巡查园区、巡查楼层。。??清晨06:00我们还会查看每个电梯，确保您上班时电梯正常运行。。??如需帮助请及时拨打24小时服务电话85066275，我会出现在你需要的每个时刻???♂????♂????♂?。祝?您好梦！一醒来又是美美哒的一天哦??????""。08月27日 21:10分。心情尚好15367485711(客户):""【?? 秩序服务?巡逻篇】。我们是晚班园区秩序的守护者??。每天园区全覆盖巡视??。希望用我们的行动??。为您营造舒适的居家环境??。如需帮助请拨打24小时服务热线。?:0731一82231519。值班中队长。?:17700582090（二期）。??我们竭诚为您服务??""。心情尚好15367485711(客户):""[视频]""。08月27日 22:27分。yh(客户):""??秩序小哥无处不在??，晚间环境卫生有我在，舒适环境携手大家一起共同营造[握手]。      ??文明呼吁【垃圾有个家，那是垃圾桶，请送它回家】 如您需要帮助请拨打物业中心24小时服务热线：?0731一85066275。值班中队长：周游。电话：17700582090""。yh(客户):""[图片]""。08月28日 03:48分。yh(客户):""【?? 秩序服务?巡逻篇】。我们是晚班园区秩序的守护者??。每天园区全覆盖巡视??。希望用我们的行动??。为您营造舒适的居家环境??。如需帮助请拨打24小时服务热线。?:0731一82231519。值班中队长。?:17700582090（二期）。??我们竭诚为您服务??""。yh(客户):""[图片]""。&&&","[
    {
        ""业主情感强度"": {
            ""Nina"": ""强烈负面"",
            ""??媛仔"": ""一般负面""
        },
        ""事件讨论开始时间"": ""08月27日 07:52分"",
        ""事件讨论结束时间"": ""08月27日 08:29分"",
        ""事件详情"": ""35栋连续两天早上7:40开始有装修噪音，业主Nina和??媛仔对此表示强烈不满，称影响了休息。物业工作人员何德军和常伟进行了回应和处理，但Nina表示问题并未得到解决。"",
        ""话题倾向"": """"
    },
    {
        ""业主情感强度"": {
            ""文子"": ""一般负面""
        },
        ""事件讨论开始时间"": ""08月27日 19:00分"",
        ""事件讨论结束时间"": ""08月27日 19:28分"",
        ""事件详情"": ""业主文子反映35栋电梯和大厅很脏，二期中队长进行了处理，并反馈已经清理干净。"",
        ""话题倾向"": """"
    }
]"
群聊负向,"这是要分析的对话:&&&08月27日 06:51分。你的月亮我的心(客户):""温馨提示：。因遇降雨天气，金碧晨跑团临时取消一天，请各位家长和小朋友们不要跑空哦[玫瑰][玫瑰]""。08月27日 08:19分。?????? ????(客户):""[图片]""。?????? ????(客户):""@@秩序110?门昨晚上吹坏了""。?????? ????(客户):""很危险""。易德涛(客户):""收到老师，谢谢您的反馈""。易德涛(客户):""几层老师""。?????? ????(客户):""2单元21楼""。易德涛(客户):""收到，谢谢""。08月27日 08:31分。JN29岁月静好(客户):""。。各位家人们[爱心]早上好！。我是物业保洁领班刘翠兰，联系电话 18560197252。各位保洁叔叔阿姨已到岗。上班后第一时间清理积水。??倘若您发现任何环境方面的问题或者有宝贵的建议，随时与我联系，我定会全力以赴为您排忧解难！。??感谢各位家人一直以来的信赖与支持！ ?? ??""。JN29岁月静好(客户):""[图片]""。08月27日 08:45分。刘诗雨(员工):""[玫瑰][玫瑰]早安  绿洲[玫瑰][玫…………""。刘诗雨(员工):""[链接]""。08月27日 09:00分。刘诗雨(员工):""┌─??桶装水活动来袭。??水长清纯天然…………""。刘诗雨(员工):""[图片]""。08月27日 09:19分。懒洋洋(客户):""各位居民朋友:。       为保障济南市居民健康权益，逐步健全完善居民特殊疾病风险体系，区妇联与中国人寿保险股份有限公司济南分公司启动了“男性女性安康保障工程”面向18周岁至60周岁以下身体健康者推出团体安康保险，社区居民可根据个人情况自愿购买。。详情请咨询恒大三社区居委会。。地址:恒大22号楼内铺。。电话：87207026""。懒洋洋(客户):""[链接]""。懒洋洋(客户):"" 各位居民:。       为提高社区火灾预警和防控能力，保障居民的居家安全。由政府联合联通公司为居民免费上门安装独立式烟感报警器。安装以后若家中有火灾隐患，可通过网络直接推送给业主本人及消防大队。目前先进行报名，后期会有联通公司工作人员与业主联系，上门进行安装。本期独立式烟感报警器数量80个，先报先得 ，报满为止。。              恒大绿洲第三社区。                   2024.8.22""。懒洋洋(客户):""[图片]""。懒洋洋(客户):""3998元，妇女?找“客服”退回孩子充值的游戏款?被骗。。1095元，大学生??其同学微信号被盗，借钱??被骗。。。男青年[色][色]约炮[色][色]，妇女??兼职刷单??、????被“异性网友”诱导投资????诈骗高发！。转发提醒好家里的[拥抱]年轻人、妇女[拥抱]！。。【8月26日电诈警情通报】。【文昌街道、新城派出所】。1、汇侨城妇女，【找“客服”退孩子充值的游戏费】被骗3998元。。??手段：孩子充值游戏后，在网上[爆竹]搜索“客服”退费[爆竹]，对方让其扫码，称?已经设置好，钱不会被转走?。结果，还是转账成功。。。【大学城、大学路派出所】。2、齐鲁工业大学大三学生（专业待核实），【其同学微信号被盗，发来借钱信息】被骗1095元。。??手段：其同学[爆竹]微信号被盗[爆竹]，对方让其?帮忙把钱从微信倒腾到支付宝?。 。       该同学用支付宝给其转钱后，对方没有信守承诺，把钱用微信再转回来。""。懒洋洋(客户):""[小程序消息]""。08月27日 15:51分。JN29岁月静好(客户):""。[拳头]环境提升持续进行中[拳头]。[太阳]今日专项楼宇步梯湿拖[太阳]恒大绿洲保洁团队为您服务[玫瑰]""。JN29岁月静好(客户):""[图片]""。08月27日 18:37分。A00(客户):""??物业秩序“小蜜蜂” ??。[庆祝]“小蜜蜂”来了！来了！[庆祝]。[太阳]有事，您说话[太阳]。[庆祝]车辆电瓶亏电启动不了！。[庆祝]家里有沉物品搬不动了！。[庆祝]买了好多东西拿不了！。联系电话：0531-55612606。秩序小“蜜蜂”竭诚为您服务！[耶][耶][耶]。[庆祝]我们的口号：。[庆祝]真心帮助每一位[庆祝]。[庆祝]热心服务每一人[庆祝]。[庆祝]赠人玫瑰[玫瑰]，手有余香[庆祝]""。A00(客户):""[图片]""。08月27日 20:05分。你的月亮我的心(客户):""尊敬的业主，您好：。       为更好、更快的解决业主问题，现将各值班人员、联系电话及值班时间公示在群内，各位业主可直接电话联系或在群内@秩序110。1、日常家用维修工具(螺丝刀、活动扳手、小锤等);。2、小型购物车、平板车、人字梯、打气筒，应急医用品等。。为您爱家保驾护航，如果您有家政保洁、直饮水卡办理、白蚁消杀、有偿维修、房屋租赁的业务需求，随时与我们联系，为您提供专业的服务。。【秩序维护部】。[爱心]1.值班时间段：。????20:00－08:00????。[爱心]2.值班中队长-赵队电话：0531-55615881。[爱心]3.物业服务电话：0531-55615896、55615596。??4.监控室值班24小时电话：0531-55612606。3、【物业-安保服务“小蜜蜂”】。[抱拳]如您家中有需要帮助的请联系我们?。[爱心]24小时为各位家人守候。[合十]贴心服务、真诚相伴。如需便民服务车，请直接联系；。①55612606。②55612808。有事您说话，我们会在第一时间安排人员帮你处理[玫瑰][玫瑰]""。你的月亮我的心(客户):""[图片]""。08月27日 20:26分。Mona Wang(客户):""负二电梯这里是什么东西在响@物业公区维修-电梯管理员?""。Mona Wang(客户):""[视频]""。08月27日 23:54分。你的月亮我的心(客户):""尊敬的业主大家好！我是夜间执勤赵队长，金碧物业安保服务8月27号巡查，时刻守护业主们的安全，请安心入睡，如有紧急情况请拨打0531-55612606""。你的月亮我的心(客户):""[图片]""。08月28日 02:59分。你的月亮我的心(客户):""尊敬的业主大家好！我是夜间执勤赵队长，金碧物业安保服务8月28号巡查，时刻守护业主们的安全，请安心入睡，如有紧急情况请拨打0531-55612606""。你的月亮我的心(客户):""[图片]""。&&&","{""事件提取"":null,""提取结果"":false}"
群聊负向,"这是要分析的对话:&&&08月27日 08:38分。贵阳恒大半山御景-管家-郑超超(员工):""?????????家人们，早上好~。今天…………""。08月27日 10:21分。贵阳恒大半山御景-管家-郑超超(员工):""[会话记录消息]""。贵阳恒大半山御景-管家-郑超超(员工):""{""pre_msgid"":""155512…………""。贵阳恒大半山御景-管家-郑超超(员工):""[图片]""。贵阳恒大半山御景-管家-郑超超(员工):""尊敬的各位业主：。        近日小…………""。08月27日 18:44分。贵阳恒大半山御景-管家-郑超超(员工):""由于市政压力不足，进不了水箱，现在水箱水…………""。08月27日 20:16分。?(客户):""各位业主：晚上好！[玫瑰]。8月27日秩序部夜间执勤安排：。一、值班人员，李苓杰13035574097。维修部值班人员，杨俊兴18684112684?。二、巡查期间未发现流浪狗、猫，值班期间如发现第一时间处理。三、带班时间：20:00-08:00。四、我们将12小时坚守岗位，如有需要请致电，我们将竭诚为您服务。夜间休息请关好门窗，做好安全防范，出入小区带好业主卡、谨防尾随。。贵阳金碧物业服务中心祝您：生活愉快！[烟花]""。08月27日 22:29分。丶(客户):""@贵阳恒大半山御景-管家-郑超超?明早会来水吗？""。?(客户):""@丶?业主您好暂时还不清楚  因为 来水时间市政那边也没有确定 可以打12345市政热线投诉一下哦""。??????(客户):""停水咋不说一声呢""。李垚垚(客户):""12345花钱雇你们做宣传？@秩序部李苓杰?""。?(客户):""「贵阳恒大半山御景-管家-郑超超：。由于市政压力不足，进不了水箱，现在水箱水位不足，有可能随时停水，请各位业主做一下准备，我司正在协调处理[抱拳][抱拳][抱拳]。@所有人 」。- - - - - - - - - - - - - - -。下午六点半左右就通知了的""。李垚垚(客户):""通知就完了？""。?(客户):""我们也是临时接到通知要停水""。08月27日 22:34分。?(客户):""可以看看信息  我们也在打电话沟通加投诉""。李垚垚(客户):""看不到你们的沟通对接情况如何""。08月27日 23:27分。贵阳恒大半山御景-管家-郑超超(员工):""尊敬的业主朋友 翠钿红衿  ，欢迎加入业…………""。&&&","[
    {
        ""业主情感强度"": {
            ""李垚垚"": ""强烈负面"",
            ""??????"": ""一般负面"",
        },
        ""事件讨论开始时间"": ""08月27日 22:29分"",
        ""事件讨论结束时间"": ""08月27日 23:27分"",
        ""事件详情"": ""在贵阳恒大半山御景小区，由于市政压力不足，导致水箱水位不足，可能会随时停水。物业在发现这一情况后，于8月27日傍晚通知了业主，但部分业主对停水表示不满，并对物业的通知时间和方式表示质疑。业主李垚垚对物业的应对措施表示不满，质疑物业的工作效率。另外，物业人员建议打12345市政热线进行投诉。"",
        ""话题倾向"": """"
    }
]"
群聊负向,"这是要分析的对话:&&&08月27日 09:02分。恒大文化旅游城51组团管家—徐国飞(员工):""?????????家人们，早上好~。今天…………""。08月27日 15:20分。恒大文化旅游城51组团管家—徐国飞(员工):""尊敬的业主朋友 岛屿  ，欢迎加入业主群…………""。08月27日 16:18分。李林(客户):""[文件超过最大限制]""。李林(客户):""这个问题已经反映两个月了，难道要让我们业主处理吗？""。?? 李是我明目张胆的偏爱??(客户):""@李林?几楼哦""。李林(客户):""@?? 李是我明目张胆的偏爱???是5楼，要来看一下不嘛""。?? 李是我明目张胆的偏爱??(客户):""直接找物业""。恩语爸爸 孙大哥(客户):""我家的灯帮我去看了吗""。08月27日 16:26分。李林(客户):""这个污水从5楼一直漏到底楼，又脏又臭""。恒大文化旅游城51组团管家—徐国飞(员工):""已经反馈给他们了的，我这边再催下""。李林(客户):""[视频]""。08月27日 16:34分。sun(客户):""才几个月的房子[捂脸]""。李林(客户):""这个排污管是公共区域的""。08月27日 17:11分。恒大文化旅游城51组团管家—徐国飞(员工):""各位业主下午好，1栋、2栋、3栋、11栋…………""。恒大文化旅游城51组团管家—徐国飞(员工):""@所有人""。寒问(客户):""@徐国飞?我家厨房下水也是漏！麻烦你安排人看一下""。08月27日 17:18分。恒大文化旅游城51组团管家—徐国飞(员工):""好的，我这边报给他们""。恒大文化旅游城51组团管家—徐国飞(员工):""温馨提示[爱心]～施工提醒。亲爱的业主/…………""。08月27日 18:51分。恒大文化旅游城51组团管家—徐国飞(员工):""[位置]""。恒大文化旅游城51组团管家—徐国飞(员工):""@万无一湿靠防水这个位置""。恒大文化旅游城51组团管家—徐国飞(员工):""软管还有阀门那些，具体的到时候您去开户问…………""。08月27日 19:39分。小婉(客户):""「李林：[视频]」。- - - - - - - - - - - - - - -。在3栋几楼""。08月27日 19:54分。万无一湿靠防水(客户):""[文件下载失败]""。万无一湿靠防水(客户):""[文件下载失败]""。08月27日 20:09分。L．(客户):""─???今日值班公告???─。。         2024年8月27日?。 今日夜间值班情况如下?：。?????♂秩序值班人员：彭昌雷。    值班电话：14785558155。维修值班师傅：杨丙云。电话：13984310672。??夜间温馨提示：。??有任何需要帮助请及时拨打值班人员电话或者物业服务中心24小时热线：0851-83862661??。??夜间回家的家人请规范停车??，互相方便出行?。        愿家人们晚安好梦！??。   。      贴心服务[爱心]真诚相伴。           ——贵阳恒大文化旅游城物业服务中心""。&&&","[
    {
        ""业主情感强度"": {
            ""李林"": ""强烈负面"",
            ""sun"": ""一般负面""
        },
        ""事件讨论开始时间"": ""08月27日 16:18分"",
        ""事件讨论结束时间"": ""08月27日 16:34分"",
        ""事件详情"": ""在恒大文化旅游城51组团，5楼的业主李林反映污水从5楼漏到底楼，又脏又臭，问题已存在两个月。此问题引起了其他业主的关注和共鸣，sun业主表示房子才买几个月就出现这样的问题，李林和sun表达了不满。物业管家徐国飞表示已经反馈给相关部门，并将催促处理。"",
        ""话题倾向"": """"
    },
    {
        ""业主情感强度"": {
            ""寒问"": ""一般负面""
        },
        ""事件讨论开始时间"": ""08月27日 17:11分"",
        ""事件讨论结束时间"": ""08月27日 17:18分"",
        ""事件详情"": ""业主寒问在群聊中提出自家的厨房下水也在漏水，希望物业能安排人查看。此事件也是业主对物业服务的负面反馈。"",
        ""话题倾向"": """"
    }
]"
群聊负向,"这是要分析的对话:&&&08月27日 07:48分。木子(客户):""[图片]""。木子(客户):""昨天到现在都打扫""。.(客户):""@木子?您好！请问是哪一栋哪一单元的，我给保洁阿姨说一下""。08月27日 08:19分。木子(客户):""22栋一单元""。08月27日 08:41分。18组团请添加企业微信(客户):""?????????家人们，早上好~。今天是2024年8月27日。农历七月廿四，星期二。天气：大部多云???。温度：20-34℃。[玫瑰]今天管家小杜在岗，有事可以call我19199885705或者联系物业服务中心24小时热线0851-88913376。。温馨提示：。1.禁止高空抛物，做文明邻居，不给自己及他人带来伤害。。2.文明养犬，及时清理狗便，遛狗请栓狗链（无论大小），避免惊吓到老人和小孩。。3.出门上班记得关好门窗，关闭水电、燃气。。4.请装修住户按照正常装修时间装修，以免给其他业主带来不便。 [爱心][爱心][爱心]清晨分享：人生的奔跑??不在于瞬间的爆发??而且取决于途中的坚持?早呀??""。08月27日 09:46分。高静静(客户):""销售中心那边组团施工，前面堵上了，暂时下不到甲秀南路额，大家出行注意""。08月27日 10:41分。贵阳恒大半山御景-管家-杜婷婷(员工):""尊敬的各位业主：。        近日小…………""。贵阳恒大半山御景-管家-杜婷婷(员工):""[图片]""。08月27日 10:48分。小老三(客户):""20.2.402的房主，您有本事也有钱，一百来万的房子放震楼器骚扰人，我期待着您的入住。""。小老三(客户):""20.2.402房主的全部资料，提供者可获得市场价的信息费，联系方式电话号码即微信号，此号码己用近三十年了，牢固可靠！用途：聊聊天。""。08月27日 12:52分。木子(客户):""@贵阳恒大半山御景-管家-杜婷婷?22栋一单元电梯怎么回事""。Mi Manchi(客户):""已经恢复啦@木子?""。木子(客户):""[OK]""。惊鸿(客户):""@18组团?谢谢  你人好好""。惊鸿(客户):""[表情]""。08月27日 15:37分。灿烂时摆烂(客户):""请问22组团在哪里？""。18组团请添加企业微信(客户):""「7–1–401：。请问22组团在哪里？」。- - - - - - - - - - - - - - -。18往上面走 还在修的那个""。08月27日 15:43分。灿烂时摆烂(客户):""21组团三号吗""。灿烂时摆烂(客户):""就是路烂的那里吗？""。18组团请添加企业微信(客户):""对21组团旁边""。18组团请添加企业微信(客户):""是嘞""。灿烂时摆烂(客户):""好的。谢谢[抱拳]""。爱君如梦(客户):""现在18组团的房子好卖不""。爱君如梦(客户):""有买房需求的找我   我要卖房""。08月27日 18:23分。。(客户):""各位业主下午好，请问是哪位业主家的孩子，孩子自己跑出来了，请孩子家长到门岗来接一下""。。(客户):""[图片]""。08月27日 19:02分。惊鸿(客户):""[图片]""。惊鸿(客户):""12 栋二单元电梯这个坏了""。Mi Manchi(客户):""收到""。08月27日 19:14分。小老三(客户):""20.2.402的房主，您有本事也有钱，一百来万的房子放震楼器骚扰人，我期待着您的入住。""。小老三(客户):""20.2.402房主的全部资料，提供者可获得市场价的信息费，联系方式电话号码即微信号，此号码己用近三十年了，牢固可靠！用途：聊聊天。""。08月27日 19:22分。Mi Manchi(客户):""[图片]""。Mi Manchi(客户):""[文件下载失败]""。Mi Manchi(客户):""18组团12-2光幕已重新固定住，电梯已恢复。""。Mi Manchi(客户):""@12 栋?""。Mi Manchi(客户):""[文件下载失败]""。08月27日 20:30分。.(客户):""各位业主：晚上好！[玫瑰]。8月27日秩序部夜间执勤安排：。一、值班人员:  罗垚19316563414。  监控室电话号码：83873539。  维修值班人员： ?杨俊兴18684112684?。二、巡查期间未发现流浪狗、猫，值班期间如发现第一时间处理。三、带班时间：20:00-08:00。四、我们将12小时坚守岗位，如有需要请致电，我们将竭诚为您服务。夜间休息请关好门窗，做好安全防范，出入小区带好业主卡、谨防尾随。。贵阳金碧物业服务中心祝您：生活愉快！[烟花]""。&&&","[
    {
        ""业主情感强度"": {
            ""小老三"": ""强烈负面""
        },
        ""事件讨论开始时间"": ""08月27日 10:48分"",
        ""事件讨论结束时间"": ""08月27日 19:14分"",
        ""事件详情"": ""20.2.402房主使用震楼器骚扰邻居，引起小老三等业主的强烈不满和投诉。"",
        ""话题倾向"": """"
    },
    {
        ""业主情感强度"": {
            ""木子"": ""一般负面""
        },
        ""事件讨论开始时间"": ""08月27日 07:48分"",
        ""事件讨论结束时间"": ""08月27日 12:52分"",
        ""事件详情"": ""22栋一单元电梯出现问题，木子业主进行了反馈，但情绪不算强烈。"",
        ""话题倾向"": """"
    }
]"
群聊负向,"这是要分析的对话:&&&08月27日 09:18分。三哥(客户):""[图片]""。08月27日 09:23分。南昌鸿润飞跃福特刘丹18170845789(客户):""@万丹?我家昨天晚上直接显示没互联网连接""。南昌鸿润飞跃福特刘丹18170845789(客户):""我家是电信的，打了10000说今天过来弄""。恒大城???? 秩序部 三期监控室(客户):""??认真工作，全心守护。夜间巡查，日复一日。仅8月1日到8月27日，就发现51辆电动车没有拔钥匙没有关电源[炸弹][炸弹]。?????请各位业主注意防火防盗，拔钥匙关电源，避免不必要的损失[拳头][拳头]。??恒大物业—南昌恒大城。??愿我百分努力，换您十分满意""。恒大城???? 秩序部 三期监控室(客户):""[图片]""。08月27日 09:37分。万丹(客户):""@12栋2单元?我家也是电信的，不知道什么原因，反正这几天都好卡""。明(客户):""打10000让工程师上门看下呗""。明(客户):""电信网络嘎嘎的[破涕为笑] 移动网络就图一个便宜""。08月27日 10:31分。穗穗平安(客户):""你好，想问下谁有14栋一单元修家电的电话吗？谢谢""。08月27日 10:38分。南昌鸿润飞跃福特刘丹18170845789(客户):""「图文打印复印：。打10000让工程师上门看下呗」。- - - - - - - - - - - - - - -。打了""。08月27日 11:00分。?? 佳佳 ??(客户):""12栋3单元里面那个电梯17楼按键坏了""。?? 佳佳 ??(客户):""@恒大城-管家-小曾?""。?? 佳佳 ??(客户):""[视频]""。08月27日 11:19分。物业生活服务部(客户):""??初秋每天必吃一个石榴。  —会理软籽突尼斯石榴??。      ??产地到货，销售中??。 礼盒装39.9元 净重5斤±0.2两。    详情扫码图片二维码咨询。            或咨询楼栋管家。   或电话咨询:18126299685""。08月27日 11:30分。物业生活服务部(客户):""[图片]""。李雨珊(客户):""[庆祝]【免费钳工培训/岗位推荐】无经验也可报名！。为积极促进南昌县（小蓝经开区）就业人员就业分流，保障本地企业转型升级所需的技术型人才储备，南昌县（小蓝经开区）就业之家携手本地多家企业，共同推进钳工技术岗位培训！。。无经验小白、有经验但无钳工证的人员、有经验有钳工证但想提升技术的人员，符合条件的可报名，优秀学员就近推荐工作！。。报名条件：40岁以内，拥有高中及以上学历。扫描下方二维码报名↓ 报名截止8月29日，机会难得，名额有限！""。李雨珊(客户):""[图片]""。08月27日 11:42分。恒大城-管家-小曾(员工):""这是一条引用/回复消息：。""?? 佳佳 …………""。08月27日 12:11分。恒大城???? 秩序部 三期监控室(客户):""骗子冒充社交软件客服，说你“百万保障”即将到期，不取消每月要扣2000元？给你制造恐慌骗你上钩！打着“教你操作”的幌子，诱导你下载涉诈APP，窥探你的银行卡信息，伺机转走你的钱财。听到“百万保障”到期扣款，一定是诈骗！无论是哪个平台“百万保障”全部免费。敬请各位领导同事转发反诈视频及反诈日历。[抱拳][抱拳][抱拳]""。恒大城???? 秩序部 三期监控室(客户):""[视频号消息]""。恒大城???? 秩序部 三期监控室(客户):""[图片]""。08月27日 13:22分。恒大城???? 秩序部 三期监控室(客户):""[图片]""。恒大城???? 秩序部 三期监控室(客户):""[图片]""。恒大城???? 秩序部 三期监控室(客户):""[图片]""。08月27日 15:11分。恒大城???? 秩序部 三期监控室(客户):""在打雷起风，有可能要下雨，请关注，晒衣服的要注意""。恒大城???? 秩序部 三期监控室(客户):""在打雷起风，有可能要下雨，请关注，晒衣服的要注意""。恒大城???? 秩序部 三期监控室(客户):""在打雷起风，有可能要下雨，请关注，晒衣服的要注意""。08月27日 16:29分。王林贵(客户):""[图片]""。王林贵(客户):""@恒大城???? 秩序部 三期监控室?出来走一走，看一看""。王林贵(客户):""恒大影城 东门这里""。08月27日 16:40分。晚上睡不着(客户):""@12-3?收到""。晚上睡不着(客户):""@12-3?己通知师傅过去了""。润滑油防冻液刹车油批发(客户):""@晚上睡不着?这里一直??在叫，过来打他""。晚上睡不着(客户):""[OK]""。08月27日 18:24分。AAA哈瑞机电有限公司13387086310(客户):""[图片]""。AAA哈瑞机电有限公司13387086310(客户):""一单元停满了""。恒大城???? 秩序部 三期监控室(客户):""@张?好的，马上过去处理""。08月27日 18:50分。恒大城???? 秩序部 三期监控室(客户):""[图片]""。恒大城???? 秩序部 三期监控室(客户):""[图片]""。恒大城???? 秩序部 三期监控室(客户):""@张?已经处理""。08月27日 20:00分。恒大城???? 秩序部 三期监控室(客户):""? 2024.8.27日? 。【秩序维护部】 。1.夜班值班时间段：20：00—08：00。2.夜班值班队长:徐霖。3.物业24小时服务电话：0791-85957719/85130408。? 【物业小贴士】?。1、园区道路是大家的，请将爱车停至车位或车库，勿占行车主干道。。2、予人方便，予己方便，整齐有序，文明停车。。3、随身携带门禁卡，刷卡进出，提高安全防止偷盗。。4、请随手关大堂门，轻拉轻推，勿用力拉扯。。5、非机动车请勿进大堂、楼道内充电。。6、请勿让爱宠随地大小便，做文明养宠人。""。&&&","[
    {
        ""业主情感强度"": {
            ""?? 佳佳 ??"": ""一般负面""
        },
        ""事件讨论开始时间"": ""08月27日 11:00分"",
        ""事件讨论结束时间"": ""08月27日 11:00分"",
        ""事件详情"": ""?? 佳佳 ??业主反馈12栋3单元的电梯17楼按键损坏，表现出强烈的不满情绪，并@恒大城-管家-小曾寻求解决。"",
        ""话题倾向"": """"
    }
]"
群聊负向,"这是要分析的对话:&&&08月27日 06:55分。*  金融顾问-陈珊珊(客户):""[图片]""。*  金融顾问-陈珊珊(客户):""这猫估计吃了老鼠药，再吐，赶紧救一下""。*  金融顾问-陈珊珊(客户):""@韶关恒大城A区监控员?""。*  金融顾问-陈珊珊(客户):""游泳池附近这个水池这边""。*  金融顾问-陈珊珊(客户):""@韶关恒大城-管家-徐文珠?""。08月27日 07:06分。韶关恒大城A区监控员(客户):""收到""。08月27日 08:17分。钩吻(客户):""？？""。08月27日 13:12分。*  金融顾问-陈珊珊(客户):""今天的猫怎么样了""。韶关恒大城A区监控员(客户):""我们过去的时候猫已经不在那了""。08月27日 13:29分。*  金融顾问-陈珊珊(客户):""呕吐物呢""。韶关恒大城A区监控员(客户):""我问下去现场的同事""。08月27日 13:39分。韶关恒大城A区监控员(客户):""「10栋403：呕吐物呢」。- - - - - - - - - - - - - - -。也清理了""。*  金融顾问-陈珊珊(客户):""估计没救了[捂脸]""。08月27日 18:04分。庄周(客户):""吃多了会呕吐""。钩吻(客户):""小区这么多流浪猫，顾得上来啊？""。08月27日 18:27分。Lily(客户):""有爱心自己不带去医院，爱心外包了""。08月27日 18:40分。A德国沃丹机油古生(客户):""小区那么多流浪猫，要是抓伤人了是谁负责？物业会负责吗？""。08月27日 19:05分。韶关恒大城A区监控员(客户):""2024-08-27。【秩序维护部】。1、值班时间段: 19:00-07:00。2、值班中队长: 祝金才。联系:13509859250。【温馨提示】。请各位业主知悉，如需要帮助或遇紧急情况，请电话联系值班室或值班中队长。。物业24小时值班电话：。0751-8709633。0751-8709600""。08月27日 19:10分。钩吻(客户):""不逗不摸应该不会被抓，流浪猫更怕人，不过要叮嘱家里小朋友就是了""。08月27日 19:27分。*  金融顾问-陈珊珊(客户):""「Lily：。有爱心自己不带去医院，爱心外包了」。- - - - - - - - - - - - - - -。就是因为爱心过一次被猫咬了一口，花了一千多，不敢搞了""。08月27日 23:08分。若可(客户):""「9栋：。不逗不摸应该不会被抓，流浪猫更怕人，不过要叮嘱家里小朋友就是了」。- - - - - - - - - - - - - - -。不一定，上回亲眼看到抓伤到其他业主[捂脸]""。欢妈??图书 | 学习资料(客户):""看到没牵绳的都躲远点""。&&&","{""事件提取"":null,""提取结果"":false}"
群聊负向,"这是要分析的对话:&&&08月27日 09:29分。曹颖涵(客户):""处理一些闲置  有人需要吗""。曹颖涵(客户):""[文件超过最大限制]""。曹颖涵(客户):""[文件超过最大限制]""。曹颖涵(客户):""[文件超过最大限制]""。曹颖涵(客户):""[文件超过最大限制]""。曹颖涵(客户):""[文件超过最大限制]""。曹颖涵(客户):""[文件超过最大限制]""。曹颖涵(客户):""[文件超过最大限制]""。08月27日 11:32分。曹颖涵(客户):""原来在运动中心办的游泳卡年卡 现在是怎么处理啊""。氧颜·小燕(客户):""13栋大堂的门禁不行了吗@韶关恒大城A区监控员?""。08月27日 11:38分。韶关恒大城A区监控员(客户):""是的  复位不了""。A安琪(客户):""「曹颖涵：原来在运动中心办的游泳卡年卡 现在是怎么处理啊」。- - - - - - - - - - - - - - -。同问""。氧颜·小燕(客户):"" 那人脸识别什么时候可以搞好""。韶关恒大城A区监控员(客户):""结果已在大堂有公示，按票数是已经通过的，这边会联系厂家尽快进场施工""。杨国庆(客户):""如果换了以后，我家里的怎么联系到下面？""。杨国庆(客户):""@韶关恒大城A区监控员?""。韶关恒大城A区监控员(客户):""下载APP可以远程开门""。08月27日 11:43分。杨国庆(客户):""好的""。08月27日 11:48分。韶关恒大城-管家-李海通(员工):""@曹颖涵@A安琪运动中心商家没有变更，目…………""。曹颖涵(客户):""维修了好久了把  一个暑假没开放""。08月27日 12:44分。A安琪(客户):""@韶关恒大城-管家-李海通?从办卡以来几年了，各种问题就是去不了""。08月27日 14:23分。韶关恒大城-管家-李海通(员工):""@A安琪办的卡维修期间可以沟通商家顺延的""。08月27日 19:05分。韶关恒大城A区监控员(客户):""2024-08-27。【秩序维护部】。1、值班时间段: 19:00-07:00。2、值班中队长: 祝金才。联系:13509859250。【温馨提示】。请各位业主知悉，如需要帮助或遇紧急情况，请电话联系值班室或值班中队长。。物业24小时值班电话：。0751-8709633。0751-8709600""。08月27日 20:53分。牛晓东4.21(客户):""9月份有需要租车位的邻居吗？-2层 200块钱一个月，有需要的私聊""。08月27日 21:57分。娇姐(客户):""@韶关恒大城A区监控员?请问负一的门禁是坏了吗？天天都按不到""。韶关恒大城A区监控员(客户):""收到，已规划更换设备中""。08月28日 00:34分。韶关恒大城A区监控员(客户):""金碧物业提醒您：岗位巡查发现13栋外围对面充电桩一台电动车没有拔钥匙，现已将钥匙暂存至运动中心门岗处。为了您的爱车安全，避免造成不必要的损失，麻烦车主看到信息后及时前来认领。""。韶关恒大城A区监控员(客户):""[图片]""。&&&","[
    {
        ""业主情感强度"": {
            ""曹颖涵"": ""一般负面"",
            ""A安琪"": ""一般负面""
        },
        ""事件讨论开始时间"": ""08月27日 11:32分"",
        ""事件讨论结束时间"": ""08月27日 14:23分"",
        ""事件详情"": ""曹颖涵和A安琪反映在运动中心办的游泳卡年卡现在不知道如何处理，表示维修好长时间，一个暑假都没能开放，且办卡以来几年了，各种问题导致去不了。"",
        ""话题倾向"": """"
    },
    {
        ""业主情感强度"": {
            ""娇姐"": ""一般负面""
        },
        ""事件讨论开始时间"": ""08月27日 21:57分"",
        ""事件讨论结束时间"": ""08月27日 21:57分"",
        ""事件详情"": ""娇姐投诉负一层的门禁坏了，天天都按不到。"",
        ""话题倾向"": """"
    }
]"
群聊负向,"这是要分析的对话:&&&08月27日 09:31分。恒大城???? 秩序部 三期监控室(客户):""??认真工作，全心守护。夜间巡查，日复一日。仅8月1日到8月27日，就发现51辆电动车没有拔钥匙没有关电源[炸弹][炸弹]。?????请各位业主注意防火防盗，拔钥匙关电源，避免不必要的损失[拳头][拳头]。??恒大物业—南昌恒大城。??愿我百分努力，换您十分满意""。恒大城???? 秩序部 三期监控室(客户):""[图片]""。08月27日 11:18分。物业生活服务部(客户):""??初秋每天必吃一个石榴。  —会理软籽突尼斯石榴??。      ??产地到货，销售中??。 礼盒装39.9元 净重5斤±0.2两。    详情扫码图片二维码咨询。            或咨询楼栋管家。   或电话咨询:18126299685""。08月27日 11:28分。Jenny(客户):""[庆祝]【免费钳工培训/岗位推荐】无经验也可报名！。为积极促进南昌县（小蓝经开区）就业人员就业分流，保障本地企业转型升级所需的技术型人才储备，南昌县（小蓝经开区）就业之家携手本地多家企业，共同推进钳工技术岗位培训！。。无经验小白、有经验但无钳工证的人员、有经验有钳工证但想提升技术的人员，符合条件的可报名，优秀学员就近推荐工作！。。报名条件：40岁以内，拥有高中及以上学历。扫描下方二维码报名↓ 报名截止8月29日，机会难得，名额有限！""。Jenny(客户):""[图片]""。物业生活服务部(客户):""[图片]""。刘闻(客户):""[图片]""。刘闻(客户):""这什么情况？""。刘闻(客户):""@恒大城???? 秩序部 三期监控室?""。08月27日 12:13分。恒大城???? 秩序部 三期监控室(客户):""骗子冒充社交软件客服，说你“百万保障”即将到期，不取消每月要扣2000元？给你制造恐慌骗你上钩！打着“教你操作”的幌子，诱导你下载涉诈APP，窥探你的银行卡信息，伺机转走你的钱财。听到“百万保障”到期扣款，一定是诈骗！无论是哪个平台“百万保障”全部免费。敬请各位领导同事转发反诈视频及反诈日历。[抱拳][抱拳][抱拳]""。恒大城???? 秩序部 三期监控室(客户):""[视频号消息]""。恒大城???? 秩序部 三期监控室(客户):""[图片]""。08月27日 13:21分。恒大城???? 秩序部 三期监控室(客户):""[图片]""。恒大城???? 秩序部 三期监控室(客户):""[图片]""。恒大城???? 秩序部 三期监控室(客户):""[图片]""。08月27日 13:29分。刘老根(客户):""下好大雨啊？""。恒大城???? 秩序部 三期监控室(客户):""刚刚下了一两分钟，比较大，后来就很小了""。08月27日 14:33分。启明星(客户):""谁家兔子跑丢了，在一单元电梯门口""。启明星(客户):""[图片]""。08月27日 15:10分。恒大城???? 秩序部 三期监控室(客户):""在打雷起风，有可能要下雨，请关注，晒衣服的要注意""。恒大城???? 秩序部 三期监控室(客户):""在打雷起风，有可能要下雨，请关注，晒衣服的要注意""。恒大城???? 秩序部 三期监控室(客户):""在打雷起风，有可能要下雨，请关注，晒衣服的要注意""。刘老根(客户):""[表情]""。08月27日 15:48分。老鹰(客户):""[视频]""。老鹰(客户):""@恒大城???? 秩序部 三期监控室?不是收到吗 怎么不作为""。恒大城???? 秩序部 三期监控室(客户):""@老鹰?不好意思，我在跟保洁说一下""。08月27日 16:03分。恒大城???? 秩序部 三期监控室(客户):""[图片]""。恒大城???? 秩序部 三期监控室(客户):""@老鹰?已经处理好了，""。恒大城???? 秩序部 三期监控室(客户):""不好意思，上次可能是保洁忘记了，非常抱歉""。08月27日 17:03分。恒大城-管家小傅(员工):""【44栋地库口维修封闭通知】。    各…………""。恒大城-管家小傅(员工):""[图片]""。08月27日 20:02分。恒大城???? 秩序部 三期监控室(客户):""? 2024.8.27日? 。【秩序维护部】 。1.夜班值班时间段：20：00—08：00。2.夜班值班队长:徐霖。3.物业24小时服务电话：0791-85957719/85130408。? 【物业小贴士】?。1、园区道路是大家的，请将爱车停至车位或车库，勿占行车主干道。。2、予人方便，予己方便，整齐有序，文明停车。。3、随身携带门禁卡，刷卡进出，提高安全防止偷盗。。4、请随手关大堂门，轻拉轻推，勿用力拉扯。。5、非机动车请勿进大堂、楼道内充电。。6、请勿让爱宠随地大小便，做文明养宠人。""。08月27日 20:58分。熊昌花(客户):""楼上27楼的不吵好吗，你们家真的是好烦""。熊昌花(客户):""吵得我家孙子经常惊醒""。熊昌花(客户):""不要咚咚响好吗？谢谢你们家了，""。熊昌花(客户):""2701的麻烦你安静点哈""。08月27日 21:07分。熊昌花(客户):""以前我们大人没事，现在我家宝宝睡眠质量差，只要有动静他就会醒，醒了很难睡，谢谢你们哈""。&&&","[
    {
        ""业主情感强度"": {
            ""熊昌花"": ""强烈负面""
        },
        ""事件讨论开始时间"": ""08月27日 20:58分"",
        ""事件讨论结束时间"": ""08月27日 21:07分"",
        ""事件详情"": ""业主熊昌花反映楼上27楼邻居噪音扰民，影响到了她家孙子的睡眠质量，多次要求楼上安静。事件发生地点为恒大城，具体楼栋未提及，涉及到熊昌花一位业主。"",
        ""话题倾向"": """"
    }
]"
群聊负向,"这是要分析的对话:&&&08月27日 06:07分。yh(客户):""???♂【防溺水??安全温馨提示】。??亲爱的业主家人们：大家好??。?天气渐热，为了孩子们??的安全，请提高安全防范意识?，时刻监督和管理??好孩子，加强对孩子的防溺水??安全教育，禁止??孩子私自到小溪、水库、江边玩水、捕鱼、捉虾、游泳等。 。??安全无小事 时刻要警惕??。请家长??加强对孩子防溺水的监管力度，提高孩子??防溺水的自觉性?。同时物业工作人员??也会加大对园区的巡逻。为孩子的生命安全构筑坚实的防线??。??如需帮助请拨24小时服务热线。二期?:0731-85066275。一期?:0731-85520610。#长沙恒大雅苑物业服务中心""。yh(客户):""??长沙恒大雅苑。?2024年8??27日  星期四。?天气: 晴  气温：26－36℃。1、国家一级演员王霙去世,曾称:这一辈子就演一个人；。2、唐尚珺已录入新生信息,9月1日报到,笑称“没面办升学宴”；。3、线上线下都销售,“烟卡”成部分未成年人社交“硬通货”；。4、中秋要调休，高速不免费！国庆前后都要调休，可提前发工资；。5、辽宁建昌获捐物资里有高跟鞋，当地称系个人行为；微信搜：每日微语报。6、罗永浩“真还传”最新进展：已还8.24亿，还欠5亿多；。7、重庆沙坪坝连续6天气温超40℃ 市民晾晒食物：牛肉晒了一天嘎嘣脆；。8、辽宁一女子做美甲引发真菌感染，治疗时间长达三个月，花费近万元；。9、拼多多第二季度总营收971亿元同比增长86%，盘前跌逾12%；。10、问界新 M7 Pro 汽车目标上市首周交付 3000 台，首月交付破万台；。11、台积电确认2024H1从中国大陆和日本获得的补贴金额：共79.56亿新台币；。12、菲船只故意冲撞中国海警舰艇，专家：企图进一步坐实“南海仲裁裁决”；。13、韩媒：上半年访韩中国游客量超去年全年，韩政府为中国游客精选旅游项目；。14、哈里斯团队称她参选以来筹款5.4亿美元，“创选举史同期纪录”；。15、乌克兰全境多地发生爆炸：基辅多地水电供应中断，新闻直播突然黑屏；""。yh(客户):""[图片]""。08月27日 09:23分。彪(客户):""【?? 秩序服务?巡逻篇】。我们是白班园区秩序的守护者??。每天园区全覆盖巡视??。希望用我们的行动??。为您营造舒适的居家环境??。如需帮助请拨打24小时服务热线。?:0731一82231519。值班中队长。?:17700582090（二期）。??我们竭诚为您服务??""。彪(客户):""[视频]""。08月27日 10:22分。沈伯阳(员工):""【新学期，新希望——亲子包书皮】。各位业…………""。沈伯阳(员工):""[图片]""。08月27日 10:29分。罗工(客户):""[图片]""。沈伯阳(员工):""@罗工业主您好，我私聊您""。罗工(客户):""家人们你们有发现墙体开裂吗？""。罗工(客户):""楼上装修之前都没有的，才注意""。08月27日 16:53分。知否(客户):""设备安全无小事，物业维修部工作人员正在对高压配电房，生活水泵房，消防水泵房进行巡检，防患于未然，运行正常。[强][强][强][强]""。知否(客户):""[图片]""。08月27日 19:16分。沈伯阳(员工):""失物招领：。亲爱的业主家人们，特此通知，…………""。沈伯阳(员工):""[图片]""。08月27日 19:41分。彪(客户):""【?? 秩序服务?巡逻篇】。我们是白班园区秩序的守护者??。每天园区全覆盖巡视??。希望用我们的行动??。为您营造舒适的居家环境??。如需帮助请拨打24小时服务热线。?:0731一82231519。值班中队长。?:17700582090（二期）。??我们竭诚为您服务??""。彪(客户):""[文件下载失败]""。心情尚好15367485711(客户):""业主您好??。我是夜班秩序班长（周游：17700582090），也是你的夜间安全守护者??，也许您从来没有见过我，因为我值守在您熟睡的每个晚上。夜间??我们会跟踪可疑人员、巡查车库、巡查园区、巡查楼层。。??清晨06:00我们还会查看每个电梯，确保您上班时电梯正常运行。。??如需帮助请及时拨打24小时服务电话85066275，我会出现在你需要的每个时刻???♂????♂????♂?。祝?您好梦！一醒来又是美美哒的一天哦??????""。08月27日 20:30分。沈伯阳(员工):""72栋电梯控制柜接线端线缆老化导致虚接 …………""。08月27日 20:43分。苏4119(客户):""[强][强][强]""。08月27日 20:50分。墨斗鱼(客户):""@沈伯阳?[强][强][强]""。08月27日 21:10分。心情尚好15367485711(客户):""【?? 秩序服务?巡逻篇】。我们是晚班园区秩序的守护者??。每天园区全覆盖巡视??。希望用我们的行动??。为您营造舒适的居家环境??。如需帮助请拨打24小时服务热线。?:0731一82231519。值班中队长。?:17700582090（二期）。??我们竭诚为您服务??""。心情尚好15367485711(客户):""[视频]""。08月28日 03:49分。yh(客户):""【?? 秩序服务?巡逻篇】。我们是晚班园区秩序的守护者??。每天园区全覆盖巡视??。希望用我们的行动??。为您营造舒适的居家环境??。如需帮助请拨打24小时服务热线。?:0731一82231519。值班中队长。?:17700582090（二期）。??我们竭诚为您服务??""。yh(客户):""[图片]""。&&&","[
    {
        ""业主情感强度"": {
            ""罗工"": ""一般负面""
        },
        ""事件讨论开始时间"": ""08月27日 10:29分"",
        ""事件讨论结束时间"": ""08月27日 10:29分"",
        ""事件详情"": ""业主罗工发现家中墙体出现开裂，并提到这是楼上装修后出现的问题。"",
        ""话题倾向"": """"
    }
]"
群聊负向,"这是要分析的对话:&&&08月27日 06:56分。笑看人生(客户):""一大早就有人每家打广告，开钥，一开门吓我一跳""。08月27日 09:29分。恒大城???? 秩序部 三期监控室(客户):""??认真工作，全心守护。夜间巡查，日复一日。仅8月1日到8月27日，就发现51辆电动车没有拔钥匙没有关电源[炸弹][炸弹]。?????请各位业主注意防火防盗，拔钥匙关电源，避免不必要的损失[拳头][拳头]。??恒大物业—南昌恒大城。??愿我百分努力，换您十分满意""。恒大城???? 秩序部 三期监控室(客户):""[图片]""。08月27日 11:18分。物业生活服务部(客户):""??初秋每天必吃一个石榴。  —会理软籽突尼斯石榴??。      ??产地到货，销售中??。 礼盒装39.9元 净重5斤±0.2两。    详情扫码图片二维码咨询。            或咨询楼栋管家。   或电话咨询:18126299685""。08月27日 11:30分。物业生活服务部(客户):""[图片]""。08月27日 11:49分。沁(客户):""[庆祝]【免费钳工培训/岗位推荐】无经验也可报名！。为积极促进南昌县（小蓝经开区）就业人员就业分流，保障本地企业转型升级所需的技术型人才储备，南昌县（小蓝经开区）就业之家携手本地多家企业，共同推进钳工技术岗位培训！。。无经验小白、有经验但无钳工证的人员、有经验有钳工证但想提升技术的人员，符合条件的可报名，优秀学员就近推荐工作！。。报名条件：40岁以内，拥有高中及以上学历。扫描下方二维码报名↓ 报名截止8月29日，机会难得，名额有限！""。沁(客户):""[图片]""。08月27日 12:10分。恒大城???? 秩序部 三期监控室(客户):""骗子冒充社交软件客服，说你“百万保障”即将到期，不取消每月要扣2000元？给你制造恐慌骗你上钩！打着“教你操作”的幌子，诱导你下载涉诈APP，窥探你的银行卡信息，伺机转走你的钱财。听到“百万保障”到期扣款，一定是诈骗！无论是哪个平台“百万保障”全部免费。敬请各位领导同事转发反诈视频及反诈日历。[抱拳][抱拳][抱拳]""。恒大城???? 秩序部 三期监控室(客户):""[视频号消息]""。恒大城???? 秩序部 三期监控室(客户):""[图片]""。08月27日 13:22分。恒大城???? 秩序部 三期监控室(客户):""[图片]""。恒大城???? 秩序部 三期监控室(客户):""[图片]""。恒大城???? 秩序部 三期监控室(客户):""[图片]""。08月27日 15:11分。恒大城???? 秩序部 三期监控室(客户):""在打雷起风，有可能要下雨，请关注，晒衣服的要注意""。恒大城???? 秩序部 三期监控室(客户):""在打雷起风，有可能要下雨，请关注，晒衣服的要注意""。恒大城???? 秩序部 三期监控室(客户):""在打雷起风，有可能要下雨，请关注，晒衣服的要注意""。08月27日 17:03分。恒大城-管家小傅(员工):""【44栋地库口维修封闭通知】。    各…………""。恒大城-管家小傅(员工):""[图片]""。08月27日 20:02分。恒大城???? 秩序部 三期监控室(客户):""? 2024.8.27日? 。【秩序维护部】 。1.夜班值班时间段：20：00—08：00。2.夜班值班队长:徐霖。3.物业24小时服务电话：0791-85957719/85130408。? 【物业小贴士】?。1、园区道路是大家的，请将爱车停至车位或车库，勿占行车主干道。。2、予人方便，予己方便，整齐有序，文明停车。。3、随身携带门禁卡，刷卡进出，提高安全防止偷盗。。4、请随手关大堂门，轻拉轻推，勿用力拉扯。。5、非机动车请勿进大堂、楼道内充电。。6、请勿让爱宠随地大小便，做文明养宠人。""。&&&","[
    {
        ""业主情感强度"": {
            ""笑看人生"": ""一般负面""
        },
        ""事件讨论开始时间"": ""08月27日 06:56"",
        ""事件讨论结束时间"": ""08月27日 06:56"",
        ""事件详情"": ""业主笑看人生在早上被敲门打广告的人吓到，表现出了不满情绪。"",
        ""话题倾向"": """"
    }
]"
群聊负向,"这是要分析的对话:&&&08月27日 09:02分。恒大文化旅游城51组团管家—徐国飞(员工):""?????????家人们，早上好~。今天…………""。08月27日 09:40分。谢小友1??????????(客户):""@徐国飞?麻烦开一下北门，需要进来拉一些货物""。谢小友1??????????(客户):""@徐国飞?""。谢小友1??????????(客户):""@徐国飞?""。恒大文化旅游城51组团管家—徐国飞(员工):""好的""。08月27日 11:00分。谢小友1??????????(客户):""[图片]""。谢小友1??????????(客户):""是漏水把电梯灯都弄坏了吗？""。物业维修部-黄远杰(客户):""好的??，我让电梯维保公司过来检查看一下""。??Venus-小小小小小小财迷℡??(客户):""「谢小友1??????????：[图片]」。- - - - - - - - - - - - - - -。昨天就开始漏水还没弄好吗？""。物业维修部-黄远杰(客户):""没有漏水，消防试水，电梯底坑积水，昨天就已经处理了""。08月27日 11:06分。谢小友1??????????(客户):""就一个小灯亮，不知道什么情况""。08月27日 11:20分。物业维修部-黄远杰(客户):""[图片]""。物业维修部-黄远杰(客户):""已经处理好了""。08月27日 17:21分。恒大文化旅游城51组团管家—徐国飞(员工):""温馨提示[爱心]～施工提醒。亲爱的业主/…………""。08月27日 20:10分。L．(客户):""─???今日值班公告???─。。         2024年8月27日?。 今日夜间值班情况如下?：。?????♂秩序值班人员：彭昌雷。    值班电话：14785558155。维修值班师傅：杨丙云。电话：13984310672。??夜间温馨提示：。??有任何需要帮助请及时拨打值班人员电话或者物业服务中心24小时热线：0851-83862661??。??夜间回家的家人请规范停车??，互相方便出行?。        愿家人们晚安好梦！??。   。      贴心服务[爱心]真诚相伴。           ——贵阳恒大文化旅游城物业服务中心""。&&&","[
    {
        ""业主情感强度"": {
            ""谢小友"": ""一般负面"",
            ""??Venus-小小小小小小财迷℡??"": ""一般负面""
        },
        ""事件讨论开始时间"": ""08月27日 11:00分"",
        ""事件讨论结束时间"": ""08月27日 11:20分"",
        ""事件详情"": ""在恒大文化旅游城51组团，业主谢小友发现电梯漏水导致电梯灯损坏，表达了不满。另一位业主??Venus-小小小小小小财迷℡??也提出质疑，表示漏水问题昨天就开始了，但还未处理好。物业维修部-黄远杰回应称是消防试水导致电梯底坑积水，已经处理。但谢小友后续表示仍有小灯亮，情况不明。"",
        ""话题倾向"": """"
    }
]"
群聊负向,"这是要分析的对话:&&&08月27日 06:52分。你的月亮我的心(客户):""温馨提示：。因遇降雨天气，金碧晨跑团临时取消一天，请各位家长和小朋友们不要跑空哦[玫瑰][玫瑰]""。08月27日 08:04分。A00(客户):""尊敬的业主，您好：。       为更好、更快的解决业主问题，现将各值班人员、联系电话及值班时间公示在群内，各位业主可直接电话联系或在群内@秩序110。1、日常家用维修工具(螺丝刀、活动扳手、小锤等);。2、小型购物车、平板车、人字梯、打气筒，应急医用品等。。为您爱家保驾护航，如果您有家政保洁、直饮水卡办理、白蚁消杀、有偿维修、房屋租赁的业务需求，随时与我们联系，为您提供专业的服务。。【秩序维护部】。[爱心]1.值班时间段：。????08:00－20:00????。[爱心]2.值班中队长-赵队电话：0531-83131013。[爱心]3.物业服务电话：0531-55615896、55615596。??4.监控室值班24小时电话：0531-55612606。3、【物业-安保服务“小蜜蜂”】。[抱拳]如您家中有需要帮助的请联系我们?。[爱心]24小时为各位家人守候。[合十]贴心服务、真诚相伴。如需便民服务车，请直接联系；。①55612606。②55612808。有事您说话，我们会在第一时间安排人员帮你处理[玫瑰][玫瑰]""。A00(客户):""[图片]""。08月27日 08:45分。济南绿洲37-38管家立冬(员工):""[玫瑰][玫瑰]早安  绿洲[玫瑰][玫…………""。济南绿洲37-38管家立冬(员工):""[链接]""。08月27日 09:12分。恒大四社区@蒋(客户):""3998元，妇女?找“客服”退回孩子充值的游戏款?被骗。。1095元，大学生??其同学微信号被盗，借钱??被骗。。。男青年[色][色]约炮[色][色]，妇女??兼职刷单??、????被“异性网友”诱导投资????诈骗高发！。转发提醒好家里的[拥抱]年轻人、妇女[拥抱]！。。【8月26日电诈警情通报】。【文昌街道、新城派出所】。1、汇侨城妇女，【找“客服”退孩子充值的游戏费】被骗3998元。。??手段：孩子充值游戏后，在网上[爆竹]搜索“客服”退费[爆竹]，对方让其扫码，称?已经设置好，钱不会被转走?。结果，还是转账成功。。。【大学城、大学路派出所】。2、齐鲁工业大学大三学生（专业待核实），【其同学微信号被盗，发来借钱信息】被骗1095元。。??手段：其同学[爆竹]微信号被盗[爆竹]，对方让其?帮忙把钱从微信倒腾到支付宝?。 。       该同学用支付宝给其转钱后，对方没有信守承诺，把钱用微信再转回来。""。08月27日 09:19分。济南绿洲37-38管家立冬(员工):""┌─??桶装水活动来袭。??水长清纯天然…………""。济南绿洲37-38管家立冬(员工):""[图片]""。08月27日 11:51分。蓝星(客户):""[图片]""。蓝星(客户):""23东连廊门已维修，感谢您的反馈""。08月27日 12:21分。踏轌无痕(客户):""[强]""。千祥云集(客户):""一单元三楼东门同样情况""。千祥云集(客户):""[图片]""。千祥云集(客户):""请及时修理""。济南绿洲37-38管家立冬(员工):""好的老师""。千祥云集(客户):""[图片]""。08月27日 16:00分。蓝星(客户):""[图片]""。蓝星(客户):""已处理，感谢您的反馈[微笑]""。08月27日 17:37分。訫有灵犀熠波請(客户):""[视频]""。訫有灵犀熠波請(客户):""哪个邻居的车子啊，不小心碰下来了，得重新充电[捂脸]""。小趴菜(客户):""我的 ""。08月27日 18:35分。A00(客户):""[图片]""。A00(客户):""??物业秩序“小蜜蜂” ??。[庆祝]“小蜜蜂”来了！来了！[庆祝]。[太阳]有事，您说话[太阳]。[庆祝]车辆电瓶亏电启动不了！。[庆祝]家里有沉物品搬不动了！。[庆祝]买了好多东西拿不了！。联系电话：0531-55612606。秩序小“蜜蜂”竭诚为您服务！[耶][耶][耶]。[庆祝]我们的口号：。[庆祝]真心帮助每一位[庆祝]。[庆祝]热心服务每一人[庆祝]。[庆祝]赠人玫瑰[玫瑰]，手有余香[庆祝]""。08月27日 18:43分。太阳 当空赵(客户):""02户三楼以上谁在洗衣服，暂时不要再洗了，都冒我家来了[抓狂][抓狂][抓狂]""。太阳 当空赵(客户):""02户三楼以上谁在洗衣服，暂时不要再洗了，都冒我家来了[抓狂][抓狂][抓狂]""。太阳 当空赵(客户):""02户三楼以上谁在洗衣服，暂时不要再洗了，都冒我家来了[抓狂][抓狂][抓狂]""。太阳 当空赵(客户):""厨房洗衣间那里""。太阳 当空赵(客户):""自觉点，不然查到是谁后果自负""。08月27日 18:52分。訫有灵犀熠波請(客户):""@小趴菜?不好意思了，又得重新充一遍[呲牙]""。08月27日 20:04分。你的月亮我的心(客户):""尊敬的业主，您好：。       为更好、更快的解决业主问题，现将各值班人员、联系电话及值班时间公示在群内，各位业主可直接电话联系或在群内@秩序110。1、日常家用维修工具(螺丝刀、活动扳手、小锤等);。2、小型购物车、平板车、人字梯、打气筒，应急医用品等。。为您爱家保驾护航，如果您有家政保洁、直饮水卡办理、白蚁消杀、有偿维修、房屋租赁的业务需求，随时与我们联系，为您提供专业的服务。。【秩序维护部】。[爱心]1.值班时间段：。????20:00－08:00????。[爱心]2.值班中队长-赵队电话：0531-55615881。[爱心]3.物业服务电话：0531-55615896、55615596。??4.监控室值班24小时电话：0531-55612606。3、【物业-安保服务“小蜜蜂”】。[抱拳]如您家中有需要帮助的请联系我们?。[爱心]24小时为各位家人守候。[合十]贴心服务、真诚相伴。如需便民服务车，请直接联系；。①55612606。②55612808。有事您说话，我们会在第一时间安排人员帮你处理[玫瑰][玫瑰]""。你的月亮我的心(客户):""[图片]""。08月27日 21:47分。我姓李我讲理(客户):""[图片]""。08月27日 23:53分。你的月亮我的心(客户):""尊敬的业主大家好！我是夜间执勤赵队长，金碧物业安保服务8月27号巡查，时刻守护业主们的安全，请安心入睡，如有紧急情况请拨打0531-55612606""。你的月亮我的心(客户):""[图片]""。08月28日 02:59分。你的月亮我的心(客户):""尊敬的业主大家好！我是夜间执勤赵队长，金碧物业安保服务8月28号巡查，时刻守护业主们的安全，请安心入睡，如有紧急情况请拨打0531-55612606""。你的月亮我的心(客户):""[图片]""。&&&","[
    {
        ""业主情感强度"": {
            ""訫有灵犀熠波請"": ""一般负面""
        },
        ""事件讨论开始时间"": ""08月27日 17:37分"",
        ""事件讨论结束时间"": ""08月27日 18:52分"",
        ""事件详情"": ""业主訫有灵犀熠波請发现邻居的车子电瓶被碰掉，需要重新充电，表达了一定的困扰。[捂脸]"",
        ""话题倾向"": """"
    },
    {
        ""业主情感强度"": {
            ""太阳 当空赵"": ""强烈负面""
        },
        ""事件讨论开始时间"": ""08月27日 18:43分"",
        ""事件讨论结束时间"": ""08月27日 18:52分"",
        ""事件详情"": ""业主太阳 当空赵对02户三楼以上洗衣服导致的水冒泡问题表示强烈不满，多次催促楼上停止洗衣服并表达愤怒。[抓狂]"",
        ""话题倾向"": """"
    }
]"
群聊负向,"这是要分析的对话:&&&08月27日 08:37分。恒大文旅城-十组团管家-汪海艳(员工):""?????????家人们，早上好~。今天…………""。08月27日 09:45分。云侑(客户):""【温馨提示】。家人们[玫瑰]。        为规范小区秩序，防止外来人员随意进入，提高园区安全系数，确保园区安全稳定。我部将严格门岗及门禁盘查。为避免盘查中给您带来的不便，请家人们随身带好门禁卡，刷卡进入，谨防尾随！打造祥和平安家园离不开大家的支持与配合[抱拳][抱拳][握手][愉快]。     文旅城物业服务中心秩序（安保）部""。云侑(客户):""[图片]""。08月27日 20:01分。悦想(客户):""各位业主：晚上好！[玫瑰]。8月27日秩序部夜间执勤安排：。一、带班队长：陈欢。13984216859。工程值班人员:杨丙云?。13984310672。二、24小时值班电话：。0851-83862661。辖区派出所电话：。0851-83851334。三、带班时间：20:00-08:00。四、我们将12小时坚守岗位，如有需要请致电，我们将竭诚为您服务。夜间休息请关好门窗，做好安全防范，出入小区带好业主卡、谨防尾随。。贵阳恒大文化旅游城物业服务中心祝您：生活愉快！[烟花]""。悦想(客户):""[图片]""。悦想(客户):""[视频]""。08月27日 22:27分。杨丙云(客户):""各位业主大家晚上好，园区照明、设备房巡查，运行正常，保驾护航，物业维修部24小时在岗[加油][加油][加油]""。杨丙云(客户):""[图片]""。08月28日 03:18分。老曾(客户):""[图片]""。老曾(客户):""电梯又坏了""。一帆风顺(客户):""收到""。&&&","[
    {
        ""业主情感强度"": {
            ""老曾"": ""一般负面""
        },
        ""事件讨论开始时间"": ""08月28日 03:18"",
        ""事件讨论结束时间"": ""08月28日 03:18"",
        ""事件详情"": ""在03:18分，业主老曾反映电梯又坏了，从语气来看，业主对电梯频繁出现故障表示不满。"",
        ""话题倾向"": """"
    }
]"
群聊负向,"这是要分析的对话:&&&08月27日 09:35分。恒大城???? 秩序部 三期监控室(客户):""??认真工作，全心守护。夜间巡查，日复一日。仅8月1日到8月27日，就发现51辆电动车没有拔钥匙没有关电源[炸弹][炸弹]。?????请各位业主注意防火防盗，拔钥匙关电源，避免不必要的损失[拳头][拳头]。??恒大物业—南昌恒大城。??愿我百分努力，换您十分满意""。恒大城???? 秩序部 三期监控室(客户):""[图片]""。08月27日 10:19分。恒大城-管家-红红(员工):""[视频]""。楊海红(客户):""[图片]""。楊海红(客户):""还在滴水。""。楊海红(客户):""25栋1单元。701""。08月27日 10:36分。恒大城-管家-红红(员工):""701发现滴水""。恒大城-管家-红红(员工):""还是说""。08月27日 11:18分。物业生活服务部(客户):""??初秋每天必吃一个石榴。  —会理软籽突尼斯石榴??。      ??产地到货，销售中??。 礼盒装39.9元 净重5斤±0.2两。    详情扫码图片二维码咨询。            或咨询楼栋管家。   或电话咨询:18126299685""。08月27日 11:30分。物业生活服务部(客户):""[图片]""。08月27日 12:14分。恒大城???? 秩序部 三期监控室(客户):""[视频号消息]""。恒大城???? 秩序部 三期监控室(客户):""骗子冒充社交软件客服，说你“百万保障”即将到期，不取消每月要扣2000元？给你制造恐慌骗你上钩！打着“教你操作”的幌子，诱导你下载涉诈APP，窥探你的银行卡信息，伺机转走你的钱财。听到“百万保障”到期扣款，一定是诈骗！无论是哪个平台“百万保障”全部免费。敬请各位领导同事转发反诈视频及反诈日历。[抱拳][抱拳][抱拳]""。恒大城???? 秩序部 三期监控室(客户):""[图片]""。08月27日 13:21分。恒大城???? 秩序部 三期监控室(客户):""[图片]""。恒大城???? 秩序部 三期监控室(客户):""[图片]""。恒大城???? 秩序部 三期监控室(客户):""[图片]""。08月27日 15:12分。恒大城???? 秩序部 三期监控室(客户):""在打雷起风，有可能要下雨，请关注，晒衣服的要注意""。恒大城???? 秩序部 三期监控室(客户):""在打雷起风，有可能要下雨，请关注，晒衣服的要注意""。恒大城???? 秩序部 三期监控室(客户):""在打雷起风，有可能要下雨，请关注，晒衣服的要注意""。08月27日 20:04分。恒大城???? 秩序部 三期监控室(客户):""? 2024.8.27日? 。【秩序维护部】 。1.夜班值班时间段：20：00—08：00。2.夜班值班队长:徐霖。3.物业24小时服务电话：0791-85957719/85130408。? 【物业小贴士】?。1、园区道路是大家的，请将爱车停至车位或车库，勿占行车主干道。。2、予人方便，予己方便，整齐有序，文明停车。。3、随身携带门禁卡，刷卡进出，提高安全防止偷盗。。4、请随手关大堂门，轻拉轻推，勿用力拉扯。。5、非机动车请勿进大堂、楼道内充电。。6、请勿让爱宠随地大小便，做文明养宠人。""。&&&","[
    {
        ""业主情感强度"": {
            ""楊海红(客户)"": ""一般负面""
        },
        ""事件讨论开始时间"": ""08月27日 10:19"",
        ""事件讨论结束时间"": ""08月27日 10:36"",
        ""事件详情"": ""25栋1单元701室出现滴水问题，业主楊海红多次提出并表达出不满。"",
        ""话题倾向"": """"
    }
]"
群聊负向,"这是要分析的对话:&&&08月27日 06:03分。一期中队长(客户):""[图片]""。一期中队长(客户):""??长沙恒大雅苑。?2024年8??27日  星期二。?天气: 阴  气温：26－36℃。1、国家一级演员王霙去世,曾称:这一辈子就演一个人；。2、唐尚珺已录入新生信息,9月1日报到,笑称“没面办升学宴”；。3、线上线下都销售,“烟卡”成部分未成年人社交“硬通货”；。4、中秋要调休，高速不免费！国庆前后都要调休，可提前发工资；。5、辽宁建昌获捐物资里有高跟鞋，当地称系个人行为；微信搜：每日微语报。6、罗永浩“真还传”最新进展：已还8.24亿，还欠5亿多；。7、重庆沙坪坝连续6天气温超40℃ 市民晾晒食物：牛肉晒了一天嘎嘣脆；。8、辽宁一女子做美甲引发真菌感染，治疗时间长达三个月，花费近万元；。9、拼多多第二季度总营收971亿元同比增长86%，盘前跌逾12%；。10、问界新 M7 Pro 汽车目标上市首周交付 3000 台，首月交付破万台；。11、台积电确认2024H1从中国大陆和日本获得的补贴金额：共79.56亿新台币；。12、菲船只故意冲撞中国海警舰艇，专家：企图进一步坐实“南海仲裁裁决”；。13、韩媒：上半年访韩中国游客量超去年全年，韩政府为中国游客精选旅游项目；。14、哈里斯团队称她参选以来筹款5.4亿美元，“创选举史同期纪录”；。15、乌克兰全境多地发生爆炸：基辅多地水电供应中断，新闻直播突然黑屏；""。一期中队长(客户):""???♂【防溺水??安全温馨提示】。??亲爱的业主家人们：大家好??。?天气渐热，为了孩子们??的安全，请提高安全防范意识?，时刻监督和管理??好孩子，加强对孩子的防溺水??安全教育，禁止??孩子私自到小溪、水库、江边玩水、捕鱼、捉虾、游泳等。 。??安全无小事 时刻要警惕??。请家长??加强对孩子防溺水的监管力度，提高孩子??防溺水的自觉性?。同时物业工作人员??也会加大对园区的巡逻。为孩子的生命安全构筑坚实的防线??。??如需帮助请拨24小时服务热线。二期?:0731-85066275。一期?:0731-85520610。#长沙恒大雅苑物业服务中心""。08月27日 09:00分。凶猛小老虎(客户):""温馨提示：。亲爱的业主家人们，8月27日 （今天）将对19栋电梯进行例行保养，保养采取两台电梯轮流停梯作业的方式，无特殊情况，每台电梯保养时间大概为1小时左右，请各位家人提前做好出行准备哦，给您造成不便敬请谅解。保养时间如下：。19栋一号梯：15：10-16：00 。19栋二号梯：16：10-17：00""。08月27日 09:40分。一期中队长(客户):""【?? 秩序服务?巡逻篇】。我们是白班园区秩序的守护者??。每天园区全覆盖巡视??。希望用我们的行动??。为您营造舒适的居家环境??。如需帮助请拨打24小时服务热线。?:0731一85520610。值班中队长。?:17700582951（一期）。??我们竭诚为您服务??""。一期中队长(客户):""[视频]""。08月27日 10:22分。林(客户):""车位出售，车库负一楼，价格面议     15084772735""。08月27日 11:23分。长沙恒大雅苑19栋.30-32栋管家(员工):""@林业主，你的车位在具体哪个位置呀，如果…………""。08月27日 11:33分。林(客户):""车位出售，。20栋车库负一楼1080车位，价格面议     15084772735""。林(客户):""{""pre_msgid"":""1733196233936030225_1724729640519_external""}""。林(客户):""车位出售，。20栋下边车库负一楼1080车位，价格面议     15084772735""。08月27日 11:41分。忘川(客户):""亲爱的业主家人们，为规范电动车停放，请大家将电动车停放在19栋侧面单车棚，如需要在门口临时停放，请务必放在画黄线区域，楼栋前其他位置严禁停车，谢谢配合[抱拳][抱拳]""。忘川(客户):""[图片]""。忘川(客户):""[图片]""。忘川(客户):""[图片]""。忘川(客户):""[图片]""。08月27日 11:52分。长沙恒大雅苑19栋.30-32栋管家(员工):""这是一条引用/回复消息：。""林。车位出售…………""。长沙恒大雅苑19栋.30-32栋管家(员工):""【新学期，新希望——亲子包书皮】。各位业…………""。长沙恒大雅苑19栋.30-32栋管家(员工):""[图片]""。08月27日 14:39分。浮水(客户):""[图片]""。浮水(客户):""电梯又坏了一个在19楼啊""。浮水(客户):""@长沙恒大雅苑19栋.30-32栋管家?""。08月27日 14:52分。otis陈献文18522972841(客户):""业主您好，19栋电梯在维护保养""。otis陈献文18522972841(客户):""@浮水?""。刘灿(客户):""「电梯维保员-向周全：温馨提示：。亲爱的业主家人们，8月27日 （今天）将对19栋电梯进行例行保养，保养采取两台电梯轮流停梯作业的方式，无特殊情况，每台电梯保养时间大概为1小时左右，请各位家人提前做好出行准备哦，给您造成不便敬请谅解。保养时间如下：。19栋一号梯：15：10-16：00 。19栋二号梯：16：10-17：00」。- - - - - - - - - - - - - - -。业主您好，电梯正在进行常规保养。一个月两次。""。08月27日 16:22分。凶猛小老虎(客户):""[图片]""。凶猛小老虎(客户):""亲爱的业主家人们，今天对19电梯进行了例行保养，重点对厅门轿门触点、光幕进行了紧固调整，机械部件运转良好，请您放心出行，您的肯定是我们前进的动力,祝您生活愉快。""。08月27日 16:49分。知否(客户):""设备安全无小事，物业维修部工作人员正在对高压配电房，生活水泵房，消防水泵房进行巡检，防患于未然，运行正常。[强][强][强][强]""。知否(客户):""[图片]""。08月27日 19:21分。一期中队长(客户):""【?? 秩序服务?巡逻篇】。我们是白班园区秩序的守护者??。每天园区全覆盖巡视??。希望用我们的行动??。为您营造舒适的居家环境??。如需帮助请拨打24小时服务热线。?:0731一85520610。值班中队长。?:17700582951（一期）。??我们竭诚为您服务??""。一期中队长(客户):""[视频]""。08月27日 20:18分。一期中队长(客户):""业主您好??。我是夜班秩序班长（苏静普17700582951），也是你的夜间安全守护者??，也许您从来没有见过我，因为我值守在您熟睡的每个晚上。夜间??我们会跟踪可疑人员、巡查车库、巡查园区、巡查楼层。。??清晨06:00我们还会查看每个电梯，确保您上班时电梯正常运行。。??如需帮助请及时拨打24小时服务电话85520610，我会出现在你需要的每个时刻???♂???♂???♂。祝您好梦！一醒来又是美美哒的一天哦???""。08月27日 20:55分。一期中队长(客户):""【?? 秩序服务?巡逻篇】。我们是晚班园区秩序的守护者??。每天园区全覆盖巡视??。希望用我们的行动??。为您营造舒适的居家环境??。如需帮助请拨打24小时服务热线。?:0731一85520610。值班中队长。?:17700582951（一期）。??我们竭诚为您服务??""。一期中队长(客户):""[视频]""。08月28日 03:46分。一期中队长(客户):""【?? 秩序服务?巡逻篇】。我们是晚班园区秩序的守护者??。每天园区全覆盖巡视??。希望用我们的行动??。为您营造舒适的居家环境??。如需帮助请拨打24小时服务热线。?:0731一85520610。值班中队长。?:17700582951（一期）。??我们竭诚为您服务??""。一期中队长(客户):""[图片]""。&&&","[
    {
        ""业主情感强度"": {
            ""浮水"": ""一般负面""
        },
        ""事件讨论开始时间"": ""08月27日 14:39分"",
        ""事件讨论结束时间"": ""08月27日 14:52分"",
        ""事件详情"": ""业主'浮水'在19栋的电梯处发现电梯坏掉，停在19楼，对此表示不满，并@了物业管家。"",
        ""话题倾向"": """"
    }
]"
群聊负向,"这是要分析的对话:&&&08月27日 08:16分。.(客户):""电梯出什么问题了""。.(客户):""早等好久""。恒大城???? 秩序部 三期监控室(客户):""可能是上班高峰期，人多吧""。勇(客户):""14 栋 3 单元电梯有很强的异味""。恒大城???? 秩序部 三期监控室(客户):""@勇?好的""。08月27日 08:28分。恒大城-管家-小范(员工):""【休息知会】。尊敬的各位小主:。    …………""。08月27日 08:56分。恒大城???? 秩序部 三期监控室(客户):""[图片]""。恒大城???? 秩序部 三期监控室(客户):""[图片]""。恒大城???? 秩序部 三期监控室(客户):""@勇?喷了清新剂，也打扫了电梯，现在味道好多了""。08月27日 09:28分。恒大城???? 秩序部 三期监控室(客户):""??认真工作，全心守护。夜间巡查，日复一日。仅8月1日到8月27日，就发现51辆电动车没有拔钥匙没有关电源[炸弹][炸弹]。?????请各位业主注意防火防盗，拔钥匙关电源，避免不必要的损失[拳头][拳头]。??恒大物业—南昌恒大城。??愿我百分努力，换您十分满意""。恒大城???? 秩序部 三期监控室(客户):""[图片]""。08月27日 11:20分。物业生活服务部(客户):""??初秋每天必吃一个石榴。  —会理软籽突尼斯石榴??。      ??产地到货，销售中??。 礼盒装39.9元 净重5斤±0.2两。    详情扫码图片二维码咨询。            或咨询楼栋管家。   或电话咨询:18126299685""。08月27日 12:15分。恒大城???? 秩序部 三期监控室(客户):""骗子冒充社交软件客服，说你“百万保障”即将到期，不取消每月要扣2000元？给你制造恐慌骗你上钩！打着“教你操作”的幌子，诱导你下载涉诈APP，窥探你的银行卡信息，伺机转走你的钱财。听到“百万保障”到期扣款，一定是诈骗！无论是哪个平台“百万保障”全部免费。敬请各位领导同事转发反诈视频及反诈日历。[抱拳][抱拳][抱拳]""。恒大城???? 秩序部 三期监控室(客户):""[图片]""。恒大城???? 秩序部 三期监控室(客户):""[视频号消息]""。08月27日 13:20分。恒大城???? 秩序部 三期监控室(客户):""[图片]""。恒大城???? 秩序部 三期监控室(客户):""[图片]""。恒大城???? 秩序部 三期监控室(客户):""[图片]""。08月27日 15:12分。恒大城???? 秩序部 三期监控室(客户):""在打雷起风，有可能要下雨，请关注，晒衣服的要注意""。恒大城???? 秩序部 三期监控室(客户):""在打雷起风，有可能要下雨，请关注，晒衣服的要注意""。恒大城???? 秩序部 三期监控室(客户):""在打雷起风，有可能要下雨，请关注，晒衣服的要注意""。08月27日 17:48分。??(客户):""14栋前面停车棚地板上有很多碎玻璃""。恒大城???? 秩序部 三期监控室(客户):""@星?好的""。恒大城???? 秩序部 三期监控室(客户):""马上过去处理""。08月27日 18:18分。好男儿(客户):""@恒大城???? 秩序部 三期监控室?14栋3单元电梯怎么这么久没有修好！""。恒大城???? 秩序部 三期监控室(客户):""我问一下师傅""。恒大城???? 秩序部 三期监控室(客户):""@好男儿?""。恒大城???? 秩序部 三期监控室(客户):""变频器故障，要换配件，所以暂时停几天。会尽快处理，请放心""。恒大城???? 秩序部 三期监控室(客户):""@好男儿?""。08月27日 18:42分。恒大城???? 秩序部 三期监控室(客户):""[图片]""。恒大城???? 秩序部 三期监控室(客户):""[图片]""。恒大城???? 秩序部 三期监控室(客户):""@星?已经处理""。08月27日 18:57分。李李(客户):""请问停车费手机交不进，是程序有什么问题吗？""。恒大城???? 秩序部 三期监控室(客户):""@李李?可能是程序有问题吧，可以到物业前台交""。李李(客户):""好吧，谢谢@恒大城???? 秩序部 三期监控室?""。08月27日 20:00分。恒大城???? 秩序部 三期监控室(客户):""? 2024.8.27日? 。【秩序维护部】 。1.夜班值班时间段：20：00—08：00。2.夜班值班队长:徐霖。3.物业24小时服务电话：0791-85957719/85130408。? 【物业小贴士】?。1、园区道路是大家的，请将爱车停至车位或车库，勿占行车主干道。。2、予人方便，予己方便，整齐有序，文明停车。。3、随身携带门禁卡，刷卡进出，提高安全防止偷盗。。4、请随手关大堂门，轻拉轻推，勿用力拉扯。。5、非机动车请勿进大堂、楼道内充电。。6、请勿让爱宠随地大小便，做文明养宠人。""。&&&","[
    {
        ""业主情感强度"": {
            ""勇"": ""一般负面"",
            ""好男儿"": ""强烈负面""
        },
        ""事件讨论开始时间"": ""08月27日 08:16"",
        ""事件讨论结束时间"": ""08月27日 18:42"",
        ""事件详情"": ""14栋3单元电梯出现强烈异味，且业主等待电梯时间过长。之后，有业主反映电梯维修时间过长，导致使用不便。地点在14栋3单元，涉及多位业主，业主对此表示不满和抱怨。"",
        ""话题倾向"": """"
    },
    {
        ""业主情感强度"": {
            ""??"": ""一般负面""
        },
        ""事件讨论开始时间"": ""08月27日 17:48"",
        ""事件讨论结束时间"": ""08月27日 18:42"",
        ""事件详情"": ""14栋前面停车棚地板上有很多碎玻璃，影响业主使用且存在安全隐患。地点在14栋前面的停车棚，由一位业主发现并报告。"",
        ""话题倾向"": """"
    }
]"
群聊负向,"这是要分析的对话:&&&08月27日 08:10分。姜(客户):""尊敬的各位业主：早上好[玫瑰]。8月27日秩序部白班已接班，执勤安排如下：。一、值班:姜小朋 18786658735。二、24小时值班电：0851-83873003。辖区派出所电话：0851-83851334。三、带班时间：08:00-20:00。四、我们将12小时坚守岗位，如有需要请致电，我们将竭诚为您服务。外出请关好门窗、水电及燃气、出入小区带好业主卡、做好个人防护。。贵阳恒大文化旅游城物业服务中心祝您：生活愉快！[烟花]""。姜(客户):""[图片]""。08月27日 20:06分。安于时光(客户):""@物业安保-姜小朋?能不能让楼下的门面那个新疆家里的把净化器打开，那个烧烤烟也太厉害了""。08月27日 20:11分。游露(客户):""收到，我这边安排人过去提醒一下""。08月27日 20:17分。游露(客户):""[图片]""。游露(客户):""已经过去提醒了""。08月27日 20:42分。??(客户):""各位业主：晚上好！[玫瑰]。8月27日秩序部夜间执勤安排：。值班：罗锋18285024210 。维修部：李仕超17365003812。辖区派出所电话：0851-83851334。三、带班时间：20:00-08:00。四、我们将12小时坚守岗位，如有需要请致电，我们将竭诚为您服务。夜间休息请关好门窗，做好安全防范，出入小区带好业主卡、谨防尾随。。贵阳恒大文化旅游城物业服务中心祝您：生活愉快！[烟花]""。??(客户):""[图片]""。??(客户):""[视频]""。08月27日 20:55分。安于时光(客户):""@物业保安负责人—游露?谢谢""。游露(客户):""不客气""。&&&","[
    {
        ""业主情感强度"": {
            ""安于时光"": ""一般负面""
        },
        ""事件讨论开始时间"": ""08月27日 20:06分"",
        ""事件讨论结束时间"": ""08月27日 20:17分"",
        ""事件详情"": ""业主安于时光反映楼下门面的烧烤烟过大，对生活质量造成了影响，要求物业介入处理。"",
        ""话题倾向"": """"
    }
]"
群聊负向,"这是要分析的对话:&&&08月27日 06:51分。你的月亮我的心(客户):""温馨提示：。因遇降雨天气，金碧晨跑团临时取消一天，请各位家长和小朋友们不要跑空哦[玫瑰][玫瑰]""。08月27日 08:08分。宁宁(客户):""[图片]""。宁宁(客户):""保洁上班后第一时间清理积水，方便出行[玫瑰][玫瑰]""。宁宁(客户):""[图片]""。宁宁(客户):""[图片]""。08月27日 09:07分。济南绿洲B10-B11-15号楼管家-冬雪(员工):""[玫瑰][玫瑰]早安  绿洲[玫瑰][玫…………""。济南绿洲B10-B11-15号楼管家-冬雪(员工):""[链接]""。济南绿洲B10-B11-15号楼管家-冬雪(员工):""┌─??桶装水活动来袭。??水长清纯天然…………""。济南绿洲B10-B11-15号楼管家-冬雪(员工):""[图片]""。08月27日 09:16分。美人鱼(客户):""@济南绿洲B10-B11-15号楼管家-冬雪?二单元东梯坏了""。08月27日 10:59分。A琳琳(客户):""[图片]""。A琳琳(客户):""二单元电梯坏了""。08月27日 11:29分。顺其自然(客户):""3998元，妇女?找“客服”退回孩子充值的游戏款?被骗。。1095元，大学生??其同学微信号被盗，借钱??被骗。。。男青年[色][色]约炮[色][色]，妇女??兼职刷单??、????被“异性网友”诱导投资????诈骗高发！。转发提醒好家里的[拥抱]年轻人、妇女[拥抱]！。。【8月26日电诈警情通报】。【文昌街道、新城派出所】。1、汇侨城妇女，【找“客服”退孩子充值的游戏费】被骗3998元。。??手段：孩子充值游戏后，在网上[爆竹]搜索“客服”退费[爆竹]，对方让其扫码，称?已经设置好，钱不会被转走?。结果，还是转账成功。。。【大学城、大学路派出所】。2、齐鲁工业大学大三学生（专业待核实），【其同学微信号被盗，发来借钱信息】被骗1095元。。??手段：其同学[爆竹]微信号被盗[爆竹]，对方让其?帮忙把钱从微信倒腾到支付宝?。 。       该同学用支付宝给其转钱后，对方没有信守承诺，把钱用微信再转回来。""。宁宁(客户):""[图片]""。宁宁(客户):""[图片]""。宁宁(客户):""雨后，保洁大姐把门前电动车，游乐广场，景观椅擦拭干净[玫瑰][玫瑰][玫瑰]""。宁宁(客户):""[图片]""。08月27日 14:01分。感恩(客户):""[视频]""。感恩(客户):""让保洁大姐去擦擦太臭啦""。08月27日 14:11分。宁宁(客户):""好的收到，马上过去清理""。感恩(客户):""谢谢""。08月27日 16:31分。宁宁(客户):""[拳头]环境提升持续进行中[拳头]。[太阳]今天园区大扫除[太阳]。恒大绿洲保洁团队为您服务[玫瑰]""。宁宁(客户):""[图片]""。08月27日 18:36分。A00(客户):""??物业秩序“小蜜蜂” ??。[庆祝]“小蜜蜂”来了！来了！[庆祝]。[太阳]有事，您说话[太阳]。[庆祝]车辆电瓶亏电启动不了！。[庆祝]家里有沉物品搬不动了！。[庆祝]买了好多东西拿不了！。联系电话：0531-55612606。秩序小“蜜蜂”竭诚为您服务！[耶][耶][耶]。[庆祝]我们的口号：。[庆祝]真心帮助每一位[庆祝]。[庆祝]热心服务每一人[庆祝]。[庆祝]赠人玫瑰[玫瑰]，手有余香[庆祝]""。A00(客户):""[图片]""。08月27日 20:06分。你的月亮我的心(客户):""尊敬的业主，您好：。       为更好、更快的解决业主问题，现将各值班人员、联系电话及值班时间公示在群内，各位业主可直接电话联系或在群内@秩序110。1、日常家用维修工具(螺丝刀、活动扳手、小锤等);。2、小型购物车、平板车、人字梯、打气筒，应急医用品等。。为您爱家保驾护航，如果您有家政保洁、直饮水卡办理、白蚁消杀、有偿维修、房屋租赁的业务需求，随时与我们联系，为您提供专业的服务。。【秩序维护部】。[爱心]1.值班时间段：。????20:00－08:00????。[爱心]2.值班中队长-赵队电话：0531-55615881。[爱心]3.物业服务电话：0531-55615896、55615596。??4.监控室值班24小时电话：0531-55612606。3、【物业-安保服务“小蜜蜂”】。[抱拳]如您家中有需要帮助的请联系我们?。[爱心]24小时为各位家人守候。[合十]贴心服务、真诚相伴。如需便民服务车，请直接联系；。①55612606。②55612808。有事您说话，我们会在第一时间安排人员帮你处理[玫瑰][玫瑰]""。你的月亮我的心(客户):""[图片]""。08月27日 23:54分。你的月亮我的心(客户):""尊敬的业主大家好！我是夜间执勤赵队长，金碧物业安保服务8月27号巡查，时刻守护业主们的安全，请安心入睡，如有紧急情况请拨打0531-55612606""。你的月亮我的心(客户):""[图片]""。08月28日 02:58分。你的月亮我的心(客户):""尊敬的业主大家好！我是夜间执勤赵队长，金碧物业安保服务8月28号巡查，时刻守护业主们的安全，请安心入睡，如有紧急情况请拨打0531-55612606""。你的月亮我的心(客户):""[图片]""。&&&","[
    {
        ""业主情感强度"": {
            ""美人鱼"": ""一般负面"",
            ""A琳琳"": ""一般负面""
        },
        ""事件讨论开始时间"": ""08月27日 09:16分"",
        ""事件讨论结束时间"": ""08月27日 10:59分"",
        ""事件详情"": ""在济南绿洲B10-B11-15号楼的二单元，有业主反馈电梯损坏，给出行带来不便。"",
        ""话题倾向"": """"
    }
]"
群聊负向,"这是要分析的对话:&&&08月27日 08:42分。18组团请添加企业微信(客户):""?????????家人们，早上好~。今天是2024年8月27日。农历七月廿四，星期二。天气：大部多云???。温度：20-34℃。[玫瑰]今天管家小杜在岗，有事可以call我19199885705或者联系物业服务中心24小时热线0851-88913376。。温馨提示：。1.禁止高空抛物，做文明邻居，不给自己及他人带来伤害。。2.文明养犬，及时清理狗便，遛狗请栓狗链（无论大小），避免惊吓到老人和小孩。。3.出门上班记得关好门窗，关闭水电、燃气。。4.请装修住户按照正常装修时间装修，以免给其他业主带来不便。 [爱心][爱心][爱心]清晨分享：人生的奔跑??不在于瞬间的爆发??而且取决于途中的坚持?早呀??""。08月27日 09:29分。苏(客户):""@18组团请添加企业微信?早上好，请问有没有开始办理房产证，如果办理，你们会通知吗？谢谢！""。18组团请添加企业微信(客户):""「苏：。@18组团请添加企业微信?早上好，请问有没有开始办理房产证，如果办理，你们会通知吗？谢谢！」。- - - - - - - - - - - - - - -。早上好 业主  目前还没有到办房产证的时间 如果能办理的我们这边会统一通知的[抱拳]""。苏(客户):""@18组团请添加企业微信?什么时候到时间呢？""。苏(客户):""「18组团请添加企业微信：早上好 业主  目前还没有到办房产证的时间 如果能办理的我们这边会统一通知的[抱拳]」。- - - - - - - - - - - - - - -。谢谢！""。18组团请添加企业微信(客户):""根据购房合同上说 是交了后500多天 但是后面会通知我们 我们也会统一通知嘞""。苏(客户):""谢谢！[握手]""。18组团请添加企业微信(客户):""不客气[嘿哈]""。08月27日 10:41分。贵阳恒大半山御景-管家-杜婷婷(员工):""尊敬的各位业主：。        近日小…………""。贵阳恒大半山御景-管家-杜婷婷(员工):""[图片]""。08月27日 18:23分。。(客户):""各位业主下午好，请问是哪位业主家的孩子，孩子自己跑出来了，请孩子家长到门岗来接一下""。。(客户):""[图片]""。08月27日 18:31分。??Butterfly～＊(客户):""@安保服务-李月波?马上来""。??Butterfly～＊(客户):""谢谢啦""。。(客户):""好的，不客气。还有点不好哄，说啥都不要，在这儿生闷气呢[偷笑]""。08月27日 20:30分。.(客户):""各位业主：晚上好！[玫瑰]。8月27日秩序部夜间执勤安排：。一、值班人员:  罗垚19316563414。  监控室电话号码：83873539。  维修值班人员： ?杨俊兴18684112684?。二、巡查期间未发现流浪狗、猫，值班期间如发现第一时间处理。三、带班时间：20:00-08:00。四、我们将12小时坚守岗位，如有需要请致电，我们将竭诚为您服务。夜间休息请关好门窗，做好安全防范，出入小区带好业主卡、谨防尾随。。贵阳金碧物业服务中心祝您：生活愉快！[烟花]""。08月27日 22:41分。楊L(客户):""16栋的电梯怎么了""。楊L(客户):""@物业安保: 罗垚?""。。(客户):""这边马上安排人员过去查看""。楊L(客户):""负一楼不行，要着从一楼上""。。(客户):""好的""。08月27日 22:47分。Mi Manchi(客户):""@楊L?16栋电梯负一楼应物业要求取消了的业主""。楊L(客户):""那是为什么呢！""。。(客户):""@楊L?没有取消 他们这边弄错了 只有架空层的才取消了。16栋负一就直接是停车场了。@三菱电梯晏钰琳18286314791?麻烦查看处理一下[抱拳]""。08月27日 22:53分。楊L(客户):""??谢谢""。.(客户):""可以的""。.(客户):""@楊L?我进去试了一下""。.(客户):""[图片]""。楊L(客户):""哎，我刚才上来直接不通电，才走上一楼来的，""。楊L(客户):""[抱拳]@物业安保: 罗垚?""。Mi Manchi(客户):""@楊L?我请问下是负一楼外面按的那个是黑的吗还是""。Mi Manchi(客户):""@物业安保: 罗垚?我想问下电梯里面是否可以按到负一楼？""。楊L(客户):""负一楼的外面按键""。.(客户):""16栋我进去试了一下，可以上，也可以下""。08月27日 22:58分。Mi Manchi(客户):""那可能是，我们工作人员电梯里面恢复了的，外面没恢复，我明天过来看哈嘛@楊L?""。楊L(客户):""好的，麻烦了""。08月27日 23:14分。.(客户):""这是我们的工作[抱拳]""。&&&","[
    {
        ""业主情感强度"": {
            ""楊L"": ""强烈负面""
        },
        ""事件讨论开始时间"": ""08月27日 22:41分"",
        ""事件讨论结束时间"": ""08月27日 23:14分"",
        ""事件详情"": ""16栋的电梯出现故障，业主楊L发现无法使用，从负一楼无法直接上楼，需从一楼上，物业工作人员初步检查后发现可能是电梯内外按键不一致导致的问题。"",
        ""话题倾向"": """"
    }
]"
群聊负向,"这是要分析的对话:&&&08月27日 17:32分。张燕(客户):""很抱歉打扰各位，身边朋友的孩子才3岁，请好心人士帮帮这个可怜的孩子吧！您的善心铭记于心！""。张燕(客户):""[链接]""。08月27日 19:05分。韶关恒大城A区监控员(客户):""2024-08-27。【秩序维护部】。1、值班时间段: 19:00-07:00。2、值班中队长: 祝金才。联系:13509859250。【温馨提示】。请各位业主知悉，如需要帮助或遇紧急情况，请电话联系值班室或值班中队长。。物业24小时值班电话：。0751-8709633。0751-8709600""。08月27日 19:46分。士多啤梨??(客户):""[文件下载失败]""。士多啤梨??(客户):""[文件下载失败]""。士多啤梨??(客户):""真心的给大家推荐个买家具的好地方:广美晚安家居，质量好，价格低，现在抄底价速卖疯抢中，有需要的尽快扫码加她咨询[握手]""。士多啤梨??(客户):""打扰各位啦[玫瑰][玫瑰][玫瑰]""。08月27日 20:04分。韶关恒大城-管家-徐文珠(员工):""@23栋802号小姐姐，请不要在群上发广…………""。08月27日 21:54分。A圆锥机稀油站，陈天玮13710537984(客户):""滴一地的水""。A圆锥机稀油站，陈天玮13710537984(客户):""20栋小门这里""。A圆锥机稀油站，陈天玮13710537984(客户):""[图片]""。A圆锥机稀油站，陈天玮13710537984(客户):""请人修一下有那么难吗""。A圆锥机稀油站，陈天玮13710537984(客户):""出个门滴我一身""。08月27日 22:01分。韶关恒大城A区监控员(客户):""收到""。&&&","[
    {
        ""业主情感强度"": {
            ""陈天玮"": ""强烈负面""
        },
        ""事件讨论开始时间"": ""08月27日 21:54分"",
        ""事件讨论结束时间"": ""08月27日 22:01分"",
        ""事件详情"": ""在20栋小门处，陈天玮发现地上有一摊水，并因此被水滴湿。陈天玮对此表示不满，并对物业的维修响应速度表示质疑，认为'请人修一下有那么难吗'。"",
        ""话题倾向"": """"
    }
]"
群聊负向,"这是要分析的对话:&&&08月27日 06:21分。修正刘娟(客户):""家里停电了吗？""。济电老师儿(客户):""联系15621889506""。08月27日 06:28分。心梦！(客户):""我家里也没电了""。08月27日 06:48分。你的月亮我的心(客户):""尊敬的业主大家好！我是夜间执勤赵队长，金碧物业安保服务8月27号巡查，时刻守护业主们的安全，请安心入睡，如有紧急情况请拨打0531-55612606""。你的月亮我的心(客户):""{""pre_msgid"":""602677105877997331_1724712533262_external""}""。你的月亮我的心(客户):""温馨提示：。因遇降雨天气，金碧晨跑团临时取消一天，请各位家长和小朋友们不要跑空哦[玫瑰][玫瑰]""。08月27日 08:12分。济电老师儿(客户):""都有电了吗""。于平(客户):""有了""。08月27日 08:24分。心梦！(客户):""有电了""。08月27日 08:31分。JN29岁月静好(客户):""。。各位家人们[爱心]早上好！。我是物业保洁领班刘翠兰，联系电话 18560197252。各位保洁叔叔阿姨已到岗。上班后第一时间清理积水。??倘若您发现任何环境方面的问题或者有宝贵的建议，随时与我联系，我定会全力以赴为您排忧解难！。??感谢各位家人一直以来的信赖与支持！ ?? ??""。JN29岁月静好(客户):""[图片]""。08月27日 09:28分。马光胜 15552885299(客户):""为什么停电呢，谁给我个解释，为什么负责人不通知一下，我们楼室内电闸个别，电闸无压保护（停电室内自动跳闸），有了电需要人工推上电闸，你们不通知一下，家里要是没人怎么办，我不希望以前在我家发生的…再上演""。08月27日 10:19分。济南绿洲31-32-33号楼管家夏至(员工):""┌─??桶装水活动来袭。??水长清纯天然…………""。济南绿洲31-32-33号楼管家夏至(员工):""[图片]""。沁水百合&(客户):"" 各位居民:。       为提高社区火灾预警和防控能力，保障居民的居家安全。由政府联合联通公司为居民免费上门安装独立式烟感报警器。安装以后若家中有火灾隐患，可通过网络直接推送给业主本人及消防大队。目前先进行报名，后期会有联通公司工作人员与业主联系，上门进行安装。本期独立式烟感报警器数量80个，先报先得 ，报满为止。。              恒大绿洲第三社区。                   2024.8.22""。沁水百合&(客户):""3998元，妇女?找“客服”退回孩子充值的游戏款?被骗。。1095元，大学生??其同学微信号被盗，借钱??被骗。。。男青年[色][色]约炮[色][色]，妇女??兼职刷单??、????被“异性网友”诱导投资????诈骗高发！。转发提醒好家里的[拥抱]年轻人、妇女[拥抱]！。。【8月26日电诈警情通报】。【文昌街道、新城派出所】。1、汇侨城妇女，【找“客服”退孩子充值的游戏费】被骗3998元。。??手段：孩子充值游戏后，在网上[爆竹]搜索“客服”退费[爆竹]，对方让其扫码，称?已经设置好，钱不会被转走?。结果，还是转账成功。。。【大学城、大学路派出所】。2、齐鲁工业大学大三学生（专业待核实），【其同学微信号被盗，发来借钱信息】被骗1095元。。??手段：其同学[爆竹]微信号被盗[爆竹]，对方让其?帮忙把钱从微信倒腾到支付宝?。 。       该同学用支付宝给其转钱后，对方没有信守承诺，把钱用微信再转回来。""。沁水百合&(客户):""各位居民朋友:。       为保障济南市居民健康权益，逐步健全完善居民特殊疾病风险体系，区妇联与中国人寿保险股份有限公司济南分公司启动了“男性女性安康保障工程”面向18周岁至60周岁以下身体健康者推出团体安康保险，社区居民可根据个人情况自愿购买。。详情请咨询恒大三社区居委会。。地址:恒大22号楼内铺。。电话：87207026""。沁水百合&(客户):""[图片]""。沁水百合&(客户):""[链接]""。沁水百合&(客户):""[小程序消息]""。08月27日 15:50分。JN29岁月静好(客户):""。[拳头]环境提升持续进行中[拳头]。[太阳]今日专项楼宇步梯湿拖[太阳]恒大绿洲保洁团队为您服务[玫瑰]""。JN29岁月静好(客户):""[图片]""。08月27日 18:38分。A00(客户):""??物业秩序“小蜜蜂” ??。[庆祝]“小蜜蜂”来了！来了！[庆祝]。[太阳]有事，您说话[太阳]。[庆祝]车辆电瓶亏电启动不了！。[庆祝]家里有沉物品搬不动了！。[庆祝]买了好多东西拿不了！。联系电话：0531-55612606。秩序小“蜜蜂”竭诚为您服务！[耶][耶][耶]。[庆祝]我们的口号：。[庆祝]真心帮助每一位[庆祝]。[庆祝]热心服务每一人[庆祝]。[庆祝]赠人玫瑰[玫瑰]，手有余香[庆祝]""。A00(客户):""[图片]""。08月27日 20:05分。你的月亮我的心(客户):""尊敬的业主，您好：。       为更好、更快的解决业主问题，现将各值班人员、联系电话及值班时间公示在群内，各位业主可直接电话联系或在群内@秩序110。1、日常家用维修工具(螺丝刀、活动扳手、小锤等);。2、小型购物车、平板车、人字梯、打气筒，应急医用品等。。为您爱家保驾护航，如果您有家政保洁、直饮水卡办理、白蚁消杀、有偿维修、房屋租赁的业务需求，随时与我们联系，为您提供专业的服务。。【秩序维护部】。[爱心]1.值班时间段：。????20:00－08:00????。[爱心]2.值班中队长-赵队电话：0531-55615881。[爱心]3.物业服务电话：0531-55615896、55615596。??4.监控室值班24小时电话：0531-55612606。3、【物业-安保服务“小蜜蜂”】。[抱拳]如您家中有需要帮助的请联系我们?。[爱心]24小时为各位家人守候。[合十]贴心服务、真诚相伴。如需便民服务车，请直接联系；。①55612606。②55612808。有事您说话，我们会在第一时间安排人员帮你处理[玫瑰][玫瑰]""。你的月亮我的心(客户):""[图片]""。08月27日 23:55分。你的月亮我的心(客户):""尊敬的业主大家好！我是夜间执勤赵队长，金碧物业安保服务8月27号巡查，时刻守护业主们的安全，请安心入睡，如有紧急情况请拨打0531-55612606""。你的月亮我的心(客户):""[图片]""。08月28日 02:58分。你的月亮我的心(客户):""尊敬的业主大家好！我是夜间执勤赵队长，金碧物业安保服务8月28号巡查，时刻守护业主们的安全，请安心入睡，如有紧急情况请拨打0531-55612606""。你的月亮我的心(客户):""[图片]""。&&&","[
    {
        ""业主情感强度"": {
            ""马光胜"": ""强烈负面""
        },
        ""事件讨论开始时间"": ""08月27日 06:21"",
        ""事件讨论结束时间"": ""08月27日 09:28"",
        ""事件详情"": ""8月27日，有业主发现家中停电，并在群聊中询问情况。随后，多位业主确认家中同样停电。物业夜间执勤赵队长在群聊中发表巡查信息，但未提及停电事件。直到马光胜业主在09:28分表达了对停电事件的不满，并对物业未通知和解释停电原因表示了强烈的批评。他提到家中需要人工推上电闸的问题，并对以前家中发生的类似事件表示担忧。"",
        ""话题倾向"": """"
    }
]"
群聊负向,"这是要分析的对话:&&&08月27日 09:05分。向往之地(客户):""[链接]""。08月27日 19:05分。韶关恒大城A区监控员(客户):""2024-08-27。【秩序维护部】。1、值班时间段: 19:00-07:00。2、值班中队长: 祝金才。联系:13509859250。【温馨提示】。请各位业主知悉，如需要帮助或遇紧急情况，请电话联系值班室或值班中队长。。物业24小时值班电话：。0751-8709633。0751-8709600""。08月27日 20:34分。雪(客户):""@韶关恒大城A区监控员?3楼垃圾桶那边很臭，麻烦处理一下""。韶关恒大城A区监控员(客户):""收到""。08月28日 00:34分。韶关恒大城A区监控员(客户):""金碧物业提醒您：岗位巡查发现13栋外围对面充电桩一台电动车没有拔钥匙，现已将钥匙暂存至运动中心门岗处。为了您的爱车安全，避免造成不必要的损失，麻烦车主看到信息后及时前来认领。""。韶关恒大城A区监控员(客户):""[图片]""。08月28日 02:53分。·Chen?n·??(客户):""@韶关恒大城A区监控员?1403三更半夜搞什么？在房间弄噪音扰民""。韶关恒大城A区监控员(客户):""收到""。·Chen?n·??(客户):""不知道在安装什么，待会又掉东西下来，两个人又大声讲话。。。""。·Chen?n·??(客户):""[困]赶紧沟通一下，辛苦了！""。08月28日 03:02分。韶关恒大城A区监控员(客户):""好的""。韶关恒大城A区监控员(客户):""已上门沟通""。&&&","[
    {
        ""业主情感强度"": {
            ""·Chen?n·??"": ""强烈负面""
        },
        ""事件讨论开始时间"": ""08月28日 02:53分"",
        ""事件讨论结束时间"": ""08月28日 03:02分"",
        ""事件详情"": ""业主·Chen?n·??反映1403室在半夜时间制造噪音，扰民现象严重。业主表示不满，称其不知道在安装什么，存在掉落物品和大声讲话的情况。"",
        ""话题倾向"": """"
    }
]"
群聊负向,"这是要分析的对话:&&&08月27日 06:02分。一期中队长(客户):""[图片]""。一期中队长(客户):""??长沙恒大雅苑。?2024年8??27日  星期二。?天气: 阴  气温：26－36℃。1、国家一级演员王霙去世,曾称:这一辈子就演一个人；。2、唐尚珺已录入新生信息,9月1日报到,笑称“没面办升学宴”；。3、线上线下都销售,“烟卡”成部分未成年人社交“硬通货”；。4、中秋要调休，高速不免费！国庆前后都要调休，可提前发工资；。5、辽宁建昌获捐物资里有高跟鞋，当地称系个人行为；微信搜：每日微语报。6、罗永浩“真还传”最新进展：已还8.24亿，还欠5亿多；。7、重庆沙坪坝连续6天气温超40℃ 市民晾晒食物：牛肉晒了一天嘎嘣脆；。8、辽宁一女子做美甲引发真菌感染，治疗时间长达三个月，花费近万元；。9、拼多多第二季度总营收971亿元同比增长86%，盘前跌逾12%；。10、问界新 M7 Pro 汽车目标上市首周交付 3000 台，首月交付破万台；。11、台积电确认2024H1从中国大陆和日本获得的补贴金额：共79.56亿新台币；。12、菲船只故意冲撞中国海警舰艇，专家：企图进一步坐实“南海仲裁裁决”；。13、韩媒：上半年访韩中国游客量超去年全年，韩政府为中国游客精选旅游项目；。14、哈里斯团队称她参选以来筹款5.4亿美元，“创选举史同期纪录”；。15、乌克兰全境多地发生爆炸：基辅多地水电供应中断，新闻直播突然黑屏；""。一期中队长(客户):""???♂【防溺水??安全温馨提示】。??亲爱的业主家人们：大家好??。?天气渐热，为了孩子们??的安全，请提高安全防范意识?，时刻监督和管理??好孩子，加强对孩子的防溺水??安全教育，禁止??孩子私自到小溪、水库、江边玩水、捕鱼、捉虾、游泳等。 。??安全无小事 时刻要警惕??。请家长??加强对孩子防溺水的监管力度，提高孩子??防溺水的自觉性?。同时物业工作人员??也会加大对园区的巡逻。为孩子的生命安全构筑坚实的防线??。??如需帮助请拨24小时服务热线。二期?:0731-85066275。一期?:0731-85520610。#长沙恒大雅苑物业服务中心""。08月27日 07:41分。睡不醒的小困达(客户):""请问我临时放楼下晒太阳的花是谁收走的""。睡不醒的小困达(客户):""麻烦出来解释下""。睡不醒的小困达(客户):""@长沙恒大雅苑19栋.30-32栋管家?""。08月27日 07:50分。一期中队长(客户):""@32～403?收到，已通知管家，管家上班会回复您的""。08月27日 08:22分。长沙恒大雅苑19栋.30-32栋管家(员工):""@32～403业主，你好，估计是昨天城管…………""。睡不醒的小困达(客户):""行""。睡不醒的小困达(客户):""干的不错""。08月27日 08:29分。长沙恒大雅苑19栋.30-32栋管家(员工):""实在抱歉啦[握手][握手]""。08月27日 09:40分。一期中队长(客户):""【?? 秩序服务?巡逻篇】。我们是白班园区秩序的守护者??。每天园区全覆盖巡视??。希望用我们的行动??。为您营造舒适的居家环境??。如需帮助请拨打24小时服务热线。?:0731一85520610。值班中队长。?:17700582951（一期）。??我们竭诚为您服务??""。一期中队长(客户):""[视频]""。08月27日 16:51分。知否(客户):""设备安全无小事，物业维修部工作人员正在对高压配电房，生活水泵房，消防水泵房进行巡检，防患于未然，运行正常。[强][强][强][强]""。知否(客户):""[图片]""。08月27日 19:21分。一期中队长(客户):""【?? 秩序服务?巡逻篇】。我们是白班园区秩序的守护者??。每天园区全覆盖巡视??。希望用我们的行动??。为您营造舒适的居家环境??。如需帮助请拨打24小时服务热线。?:0731一85520610。值班中队长。?:17700582951（一期）。??我们竭诚为您服务??""。一期中队长(客户):""[视频]""。08月27日 20:17分。一期中队长(客户):""业主您好??。我是夜班秩序班长（苏静普17700582951），也是你的夜间安全守护者??，也许您从来没有见过我，因为我值守在您熟睡的每个晚上。夜间??我们会跟踪可疑人员、巡查车库、巡查园区、巡查楼层。。??清晨06:00我们还会查看每个电梯，确保您上班时电梯正常运行。。??如需帮助请及时拨打24小时服务电话85520610，我会出现在你需要的每个时刻???♂???♂???♂。祝您好梦！一醒来又是美美哒的一天哦???""。08月27日 20:56分。一期中队长(客户):""[视频]""。一期中队长(客户):""【?? 秩序服务?巡逻篇】。我们是晚班园区秩序的守护者??。每天园区全覆盖巡视??。希望用我们的行动??。为您营造舒适的居家环境??。如需帮助请拨打24小时服务热线。?:0731一85520610。值班中队长。?:17700582951（一期）。??我们竭诚为您服务??""。08月28日 03:46分。一期中队长(客户):""[图片]""。一期中队长(客户):""【?? 秩序服务?巡逻篇】。我们是晚班园区秩序的守护者??。每天园区全覆盖巡视??。希望用我们的行动??。为您营造舒适的居家环境??。如需帮助请拨打24小时服务热线。?:0731一85520610。值班中队长。?:17700582951（一期）。??我们竭诚为您服务??""。&&&","[
    {
        ""业主情感强度"": {
            ""睡不醒的小困达"": ""一般负面""
        },
        ""事件讨论开始时间"": ""08月27日 07:41分"",
        ""事件讨论结束时间"": ""08月27日 08:29分"",
        ""事件详情"": ""业主睡不醒的小困达询问其临时放在楼下的花被谁收走，对于物业工作人员未提前通知表示不满。"",
        ""话题倾向"": """"
    }
]"
群聊负向,"这是要分析的对话:&&&08月27日 08:38分。贵阳恒大半山御景-管家-郑超超(员工):""?????????家人们，早上好~。今天…………""。08月27日 10:21分。贵阳恒大半山御景-管家-郑超超(员工):""[会话记录消息]""。贵阳恒大半山御景-管家-郑超超(员工):""{""pre_msgid"":""160974…………""。贵阳恒大半山御景-管家-郑超超(员工):""[图片]""。贵阳恒大半山御景-管家-郑超超(员工):""尊敬的各位业主：。        近日小…………""。08月27日 11:59分。Jason(客户):""@贵阳恒大半山御景-管家-郑超超? 物业有没有拆灯的师傅""。贵阳恒大半山御景-管家-郑超超(员工):""有人在家吗""。08月27日 12:12分。农源达《农园好田》(客户):""@贵阳恒大半山御景-管家-郑超超?我家的升衣架旁边的伸缩杆很难拉动""。08月27日 12:21分。贵阳恒大半山御景-管家-郑超超(员工):""收到，有人在家的时候说一声""。08月27日 18:44分。贵阳恒大半山御景-管家-郑超超(员工):""由于市政压力不足，进不了水箱，现在水箱水…………""。08月27日 19:51分。Shianping(客户):""「农园好田2101：。@贵阳恒大半山御景-管家-郑超超?我家的升衣架旁边的伸缩杆很难拉动」。- - - - - - - - - - - - - - -。@贵阳恒大半山御景-管家-郑超超?我家的也是""。贵阳恒大半山御景-管家-郑超超(员工):""好的，这会儿家里有人吗@Shianpin…………""。08月27日 20:01分。Shianping(客户):""今天没在""。08月27日 20:16分。?(客户):""各位业主：晚上好！[玫瑰]。8月27日秩序部夜间执勤安排：。一、值班人员，李苓杰13035574097。维修部值班人员，杨俊兴18684112684?。二、巡查期间未发现流浪狗、猫，值班期间如发现第一时间处理。三、带班时间：20:00-08:00。四、我们将12小时坚守岗位，如有需要请致电，我们将竭诚为您服务。夜间休息请关好门窗，做好安全防范，出入小区带好业主卡、谨防尾随。。贵阳金碧物业服务中心祝您：生活愉快！[烟花]""。08月27日 21:24分。西丨木(客户):""@秩序部李苓杰?售楼部那边的施工到几点哟，现在还一直在吵着""。?(客户):""@西丨木?业主您好  刚刚沟通的时候说的是十一点左右""。西丨木(客户):""有点晚，到时候没停的话麻烦及时沟通下哦，有些人明天正常上班的""。08月27日 21:39分。?(客户):""好的""。08月27日 21:58分。安萍(客户):""停水了""。?(客户):""「贵阳恒大半山御景-管家-郑超超：。由于市政压力不足，进不了水箱，现在水箱水位不足，有可能随时停水，请各位业主做一下准备，我司正在协调处理[抱拳][抱拳][抱拳]。@所有人 」。- - - - - - - - - - - - - - -。@安萍?由于市政供水不足导致的""。08月27日 22:20分。Shianping(客户):""好久有水""。安萍(客户):""有没有接到通知什么时候来水""。安萍(客户):""那会说协调处理，应该会说什么时候吧""。?(客户):""业主您好 来水时间市政那边没确定""。?(客户):""可以打12345投诉一下  我这边也打过电话投诉了""。08月27日 22:32分。阳光运输（杨玉成）(客户):""打12345""。08月27日 22:40分。阳光运输（杨玉成）(客户):""【贵阳市12345】尊敬的市民，您好！您反映的问题已立案，案件编号为2408274658064。""。Shianping(客户):""还有大晚上的还有施工的。严重扰民睡不着，@秩序部李苓杰?你们能不能给他们说""。08月27日 22:47分。?(客户):""[视频]""。?(客户):""沟通过了  说的十一点左右停工""。Heavensbee(客户):""牛批????""。Heavensbee(客户):""咋不两点停呢""。?(客户):""市政也是临时通知的""。?(客户):""我们提前收到 都会提前通知的""。?(客户):""{""pre_msgid"":""17529641127720179194_1724770172315_external""}""。?(客户):""{""pre_msgid"":""9976914845774983773_1724770193187_external""}""。08月27日 23:24分。农源达《农园好田》(客户):""什么时候来水最关键[撇嘴]""。佘形走位(客户):""不知道怎么沟通的，说来水时间市政那边不确定""。?(客户):""主要市政那边也没有确定时间  我们这边收到消息会第一时间在群里通知大家""。08月27日 23:29分。?(客户):""[视频]""。?(客户):""现在水流很小师傅也在定时去查看""。?(客户):""{""pre_msgid"":""4328685027416753347_1724772568225_external""}""。?(客户):""现在水流很小，师傅也在定时去查看""。&&&","[
    {
        ""业主情感强度"": {
            ""Shianping"": ""强烈负面"",
            ""阳光运输（杨玉成）"": ""一般负面"",
            ""安萍"": ""强烈负面""
        },
        ""事件讨论开始时间"": ""08月27日 18:44"",
        ""事件讨论结束时间"": ""08月27日 23:29"",
        ""事件详情"": ""多位业主反映由于市政压力不足，小区水箱水位不足，导致停水，给生活带来不便。业主对物业未能提前充分准备和及时通知表示不满。此外，有业主建议打12345进行投诉，并已有业主进行了投诉。"",
        ""话题倾向"": """"
    },
    {
        ""业主情感强度"": {
            ""西丨木"": ""一般负面"",
            ""Heavensbee"": ""强烈负面""
        },
        ""事件讨论开始时间"": ""08月27日 22:40"",
        ""事件讨论结束时间"": ""08月27日 22:47"",
        ""事件详情"": ""业主西丨木和Heavensbee对售楼部附近的施工噪音表示不满，认为严重扰民，影响休息。尤其是Heavensbee，语气激烈。物业表示已和施工方沟通，预计十一点左右停工。"",
        ""话题倾向"": """"
    }
]"
群聊负向,"这是要分析的对话:&&&08月27日 06:50分。你的月亮我的心(客户):""温馨提示：。因遇降雨天气，金碧晨跑团临时取消一天，请各位家长和小朋友们不要跑空哦[玫瑰][玫瑰]""。08月27日 08:09分。宁宁(客户):""[图片]""。宁宁(客户):""[图片]""。宁宁(客户):""保洁上班后第一时间清理积水，方便出行[玫瑰][玫瑰]""。宁宁(客户):""[图片]""。08月27日 08:44分。济南绿洲16-18-19管家晴天(员工):""[玫瑰][玫瑰]早安  绿洲[玫瑰][玫…………""。济南绿洲16-18-19管家晴天(员工):""[链接]""。08月27日 08:56分。济南绿洲16-18-19管家晴天(员工):""┌─??桶装水活动来袭。??水长清纯天然…………""。济南绿洲16-18-19管家晴天(员工):""[图片]""。08月27日 11:29分。顺其自然(客户):""3998元，妇女?找“客服”退回孩子充值的游戏款?被骗。。1095元，大学生??其同学微信号被盗，借钱??被骗。。。男青年[色][色]约炮[色][色]，妇女??兼职刷单??、????被“异性网友”诱导投资????诈骗高发！。转发提醒好家里的[拥抱]年轻人、妇女[拥抱]！。。【8月26日电诈警情通报】。【文昌街道、新城派出所】。1、汇侨城妇女，【找“客服”退孩子充值的游戏费】被骗3998元。。??手段：孩子充值游戏后，在网上[爆竹]搜索“客服”退费[爆竹]，对方让其扫码，称?已经设置好，钱不会被转走?。结果，还是转账成功。。。【大学城、大学路派出所】。2、齐鲁工业大学大三学生（专业待核实），【其同学微信号被盗，发来借钱信息】被骗1095元。。??手段：其同学[爆竹]微信号被盗[爆竹]，对方让其?帮忙把钱从微信倒腾到支付宝?。 。       该同学用支付宝给其转钱后，对方没有信守承诺，把钱用微信再转回来。""。宁宁(客户):""[图片]""。宁宁(客户):""[图片]""。宁宁(客户):""雨后，保洁大姐把门前电动车，游乐广场，景观椅擦拭干净[玫瑰][玫瑰][玫瑰]""。宁宁(客户):""[图片]""。08月27日 11:56分。静(客户):""[图片]""。静(客户):""18-2-11昨天就这样，也没人来打扫""。任性的小苹果(客户):""我门口也有[捂脸]""。08月27日 13:49分。济南绿洲16-18-19管家晴天(员工):""我联系保洁清扫@静@任性的小苹果""。宁宁(客户):""好的收到""。08月27日 14:25分。平安是福(客户):""[图片]""。平安是福(客户):""这堆拉积从作天就有""。济南绿洲16-18-19管家晴天(员工):""我联系保洁打扫@平安是福""。平安是福(客户):""2单元16层""。济南绿洲16-18-19管家晴天(员工):""收到，亲""。08月27日 15:16分。宁宁(客户):""好的收到""。08月27日 16:24分。宁宁(客户):""[图片]""。宁宁(客户):""已清理""。宁宁(客户):""各位家人们，由于热力的维修管道，导致楼层管道弄出来不少垃圾，保洁也正在逐层清理着，有打扫不及时的地方还请家人们多多关照[抱拳][抱拳]""。08月27日 16:29分。宁宁(客户):""[拳头]环境提升持续进行中[拳头]。[太阳]今天园区大扫除[太阳]。恒大绿洲保洁团队为您服务[玫瑰]""。宁宁(客户):""[图片]""。08月27日 18:36分。A00(客户):""??物业秩序“小蜜蜂” ??。[庆祝]“小蜜蜂”来了！来了！[庆祝]。[太阳]有事，您说话[太阳]。[庆祝]车辆电瓶亏电启动不了！。[庆祝]家里有沉物品搬不动了！。[庆祝]买了好多东西拿不了！。联系电话：0531-55612606。秩序小“蜜蜂”竭诚为您服务！[耶][耶][耶]。[庆祝]我们的口号：。[庆祝]真心帮助每一位[庆祝]。[庆祝]热心服务每一人[庆祝]。[庆祝]赠人玫瑰[玫瑰]，手有余香[庆祝]""。A00(客户):""[图片]""。08月27日 20:06分。你的月亮我的心(客户):""尊敬的业主，您好：。       为更好、更快的解决业主问题，现将各值班人员、联系电话及值班时间公示在群内，各位业主可直接电话联系或在群内@秩序110。1、日常家用维修工具(螺丝刀、活动扳手、小锤等);。2、小型购物车、平板车、人字梯、打气筒，应急医用品等。。为您爱家保驾护航，如果您有家政保洁、直饮水卡办理、白蚁消杀、有偿维修、房屋租赁的业务需求，随时与我们联系，为您提供专业的服务。。【秩序维护部】。[爱心]1.值班时间段：。????20:00－08:00????。[爱心]2.值班中队长-赵队电话：0531-55615881。[爱心]3.物业服务电话：0531-55615896、55615596。??4.监控室值班24小时电话：0531-55612606。3、【物业-安保服务“小蜜蜂”】。[抱拳]如您家中有需要帮助的请联系我们?。[爱心]24小时为各位家人守候。[合十]贴心服务、真诚相伴。如需便民服务车，请直接联系；。①55612606。②55612808。有事您说话，我们会在第一时间安排人员帮你处理[玫瑰][玫瑰]""。你的月亮我的心(客户):""[图片]""。08月27日 23:54分。你的月亮我的心(客户):""尊敬的业主大家好！我是夜间执勤赵队长，金碧物业安保服务8月27号巡查，时刻守护业主们的安全，请安心入睡，如有紧急情况请拨打0531-55612606""。你的月亮我的心(客户):""[图片]""。08月28日 02:58分。你的月亮我的心(客户):""尊敬的业主大家好！我是夜间执勤赵队长，金碧物业安保服务8月28号巡查，时刻守护业主们的安全，请安心入睡，如有紧急情况请拨打0531-55612606""。你的月亮我的心(客户):""[图片]""。&&&","[
    {
        ""业主情感强度"": {
            ""平安是福"": ""一般负面"",
            ""静"": ""一般负面"",
            ""任性的小苹果"": ""一般负面""
        },
        ""事件讨论开始时间"": ""08月27日 11:56分"",
        ""事件讨论结束时间"": ""08月27日 16:24分"",
        ""事件详情"": ""在雨后，小区内存在积水未及时清理和打扫的问题。业主静和任性的小苹果反映雨后门前和游乐广场未清洁，平安是福也提出2单元16层的垃圾堆积问题。保洁员宁宁表示由于热力维修管道导致垃圾产生，保洁团队正在逐层清理。"",
        ""话题倾向"": """"
    }
]"
群聊负向,"这是要分析的对话:&&&08月27日 18:58分。杨杨得意(客户):""[图片]""。杨杨得意(客户):""@韶关恒大城B区监控员?通知了吗？二天了还没这样停""。杨杨得意(客户):""什么素质""。08月27日 19:06分。韶关恒大城-管家张世辉(员工):""我这边再通知一下@杨杨得意""。08月27日 19:19分。韶关恒大城B区监控员(客户):""2024-8-27。【秩序维护部】。1、值班时间段:【19:00-7:00】。2、值班中队长:  李佰全。联系电话：18933707875。【温馨提示】。请各位业主知悉，如需要帮助或遇紧急情况，请电话联系值班室或值班中队长。。物业24小时值班电话：0751-8706100。0751-8706228""。08月27日 19:34分。杨杨得意(客户):""[文件下载失败]""。杨杨得意(客户):""27楼的烟头""。韶关恒大城B区监控员(客户):""您好   收到""。&&&","[
    {
        ""业主情感强度"": {
            ""杨杨得意"": ""强烈负面""
        },
        ""事件讨论开始时间"": ""08月27日 18:58"",
        ""事件讨论结束时间"": ""08月27日 19:34"",
        ""事件详情"": ""业主杨杨得意对物业管理提出抱怨，首先，他提到物业通知延迟，感到不满；其次，他反映了27楼的烟头问题，表现出对物业管理的进一步不满。这两个问题均指向物业在秩序维护和清洁管理方面的疏忽。"",
        ""话题倾向"": """"
    }
]"
群聊负向,"这是要分析的对话:&&&08月27日 08:50分。文旅城-管家-魏孝万(员工):""?????????家人们，早上好~。今天…………""。08月27日 17:15分。谢芳(客户):""[图片]""。谢芳(客户):""1楼的这种飞絮  物业能安排人处理下吗 太多飞到屋子里了""。谢芳(客户):""蚊虫也多 你们每次打药的时候 也没打这些地方""。谢芳(客户):""@文旅城-管家-魏孝万""。08月27日 17:31分。文旅城-管家-魏孝万(员工):""@谢芳我私信您""。&&&","[
    {
        ""业主情感强度"": {
            ""谢芳"": ""一般负面""
        },
        ""事件讨论开始时间"": ""08月27日 17:15分"",
        ""事件讨论结束时间"": ""08月27日 17:31分"",
        ""事件详情"": ""业主谢芳反映1楼有大量飞絮，且蚊虫较多，物业在打药时没有覆盖这些地方，导致飞絮和蚊虫问题严重。"",
        ""话题倾向"": """"
    }
]"
群聊负向,"这是要分析的对话:&&&08月27日 10:43分。丘小猫(客户):""802的业主在吗？你房子里养的猫听声音已经很虚弱了""。丘小猫(客户):""太可怜了""。08月27日 10:58分。巴拉巴拉讲(客户):""每天回家经过听到那个声音听着太可怜了@韶关恒大城-管家张世辉?""。π(客户):""门缝下塞点猫粮进去嘛""。韶关恒大城-管家张世辉(员工):""好的，我联系一下业主@π""。韶关恒大城-管家张世辉(员工):""@巴拉巴拉讲""。08月27日 11:08分。丘小猫(客户):""@π?塞不了，大门是有过门石的""。08月27日 11:38分。韶关恒大城-管家张世辉(员工):""@丘小猫您好，联系上业主了，里面有自动投…………""。08月27日 11:52分。丘小猫(客户):""有没有可能喂食器里面没有猫粮了[捂脸]""。08月27日 19:19分。韶关恒大城B区监控员(客户):""2024-8-27。【秩序维护部】。1、值班时间段:【19:00-7:00】。2、值班中队长:  李佰全。联系电话：18933707875。【温馨提示】。请各位业主知悉，如需要帮助或遇紧急情况，请电话联系值班室或值班中队长。。物业24小时值班电话：0751-8706100。0751-8706228""。&&&","{""事件提取"":null,""提取结果"":false}"
群聊负向,"这是要分析的对话:&&&08月27日 09:32分。恒大城???? 秩序部 三期监控室(客户):""??认真工作，全心守护。夜间巡查，日复一日。仅8月1日到8月27日，就发现51辆电动车没有拔钥匙没有关电源[炸弹][炸弹]。?????请各位业主注意防火防盗，拔钥匙关电源，避免不必要的损失[拳头][拳头]。??恒大物业—南昌恒大城。??愿我百分努力，换您十分满意""。恒大城???? 秩序部 三期监控室(客户):""[图片]""。08月27日 11:18分。物业生活服务部(客户):""??初秋每天必吃一个石榴。  —会理软籽突尼斯石榴??。      ??产地到货，销售中??。 礼盒装39.9元 净重5斤±0.2两。    详情扫码图片二维码咨询。            或咨询楼栋管家。   或电话咨询:18126299685""。08月27日 11:30分。物业生活服务部(客户):""[图片]""。A??伍瑞敏??(客户):""好吧""。08月27日 11:35分。晓小小鸣(客户):""[庆祝]【免费钳工培训/岗位推荐】无经验也可报名！。为积极促进南昌县（小蓝经开区）就业人员就业分流，保障本地企业转型升级所需的技术型人才储备，南昌县（小蓝经开区）就业之家携手本地多家企业，共同推进钳工技术岗位培训！。。无经验小白、有经验但无钳工证的人员、有经验有钳工证但想提升技术的人员，符合条件的可报名，优秀学员就近推荐工作！。。报名条件：40岁以内，拥有高中及以上学历。扫描下方二维码报名↓ 报名截止8月29日，机会难得，名额有限！""。晓小小鸣(客户):""[图片]""。08月27日 12:11分。恒大城???? 秩序部 三期监控室(客户):""[视频号消息]""。恒大城???? 秩序部 三期监控室(客户):""骗子冒充社交软件客服，说你“百万保障”即将到期，不取消每月要扣2000元？给你制造恐慌骗你上钩！打着“教你操作”的幌子，诱导你下载涉诈APP，窥探你的银行卡信息，伺机转走你的钱财。听到“百万保障”到期扣款，一定是诈骗！无论是哪个平台“百万保障”全部免费。敬请各位领导同事转发反诈视频及反诈日历。[抱拳][抱拳][抱拳]""。恒大城???? 秩序部 三期监控室(客户):""[图片]""。08月27日 13:22分。恒大城???? 秩序部 三期监控室(客户):""[图片]""。恒大城???? 秩序部 三期监控室(客户):""[图片]""。恒大城???? 秩序部 三期监控室(客户):""[图片]""。08月27日 15:12分。恒大城???? 秩序部 三期监控室(客户):""在打雷起风，有可能要下雨，请关注，晒衣服的要注意""。恒大城???? 秩序部 三期监控室(客户):""在打雷起风，有可能要下雨，请关注，晒衣服的要注意""。恒大城???? 秩序部 三期监控室(客户):""在打雷起风，有可能要下雨，请关注，晒衣服的要注意""。08月27日 20:04分。恒大城???? 秩序部 三期监控室(客户):""? 2024.8.27日? 。【秩序维护部】 。1.夜班值班时间段：20：00—08：00。2.夜班值班队长:徐霖。3.物业24小时服务电话：0791-85957719/85130408。? 【物业小贴士】?。1、园区道路是大家的，请将爱车停至车位或车库，勿占行车主干道。。2、予人方便，予己方便，整齐有序，文明停车。。3、随身携带门禁卡，刷卡进出，提高安全防止偷盗。。4、请随手关大堂门，轻拉轻推，勿用力拉扯。。5、非机动车请勿进大堂、楼道内充电。。6、请勿让爱宠随地大小便，做文明养宠人。""。08月28日 01:31分。谢诚18077793261(客户):""[视频]""。谢诚18077793261(客户):""这里归谁管，35门口的电动车棚""。谢诚18077793261(客户):""成垃圾场了""。恒大城???? 秩序部 三期监控室(客户):""收到，会尽快安排人员处理""。&&&","[
    {
        ""业主情感强度"": {
            ""谢诚"": ""强烈负面""
        },
        ""事件讨论开始时间"": ""08月28日 01:31分"",
        ""事件讨论结束时间"": ""08月28日 01:31分"",
        ""事件详情"": ""业主谢诚对小区35门口的电动车棚状况表示不满，称其‘成垃圾场了’。"",
        ""话题倾向"": """"
    }
]"
群聊负向,"这是要分析的对话:&&&08月27日 06:51分。你的月亮我的心(客户):""温馨提示：。因遇降雨天气，金碧晨跑团临时取消一天，请各位家长和小朋友们不要跑空哦[玫瑰][玫瑰]""。08月27日 08:08分。宁宁(客户):""[图片]""。宁宁(客户):""保洁上班后第一时间清理积水，方便出行[玫瑰][玫瑰]""。宁宁(客户):""[图片]""。宁宁(客户):""[图片]""。08月27日 08:39分。济南绿洲1-2-10-11管家寒露(员工):""[玫瑰][玫瑰]早安  绿洲[玫瑰][玫…………""。济南绿洲1-2-10-11管家寒露(员工):""[链接]""。08月27日 09:11分。派出所反诈宣传员(客户):""3998元，妇女?找“客服”退回孩子充值的游戏款?被骗。。1095元，大学生??其同学微信号被盗，借钱??被骗。。。男青年[色][色]约炮[色][色]，妇女??兼职刷单??、????被“异性网友”诱导投资????诈骗高发！。转发提醒好家里的[拥抱]年轻人、妇女[拥抱]！。。【8月26日电诈警情通报】。【文昌街道、新城派出所】。1、汇侨城妇女，【找“客服”退孩子充值的游戏费】被骗3998元。。??手段：孩子充值游戏后，在网上[爆竹]搜索“客服”退费[爆竹]，对方让其扫码，称?已经设置好，钱不会被转走?。结果，还是转账成功。。。【大学城、大学路派出所】。2、齐鲁工业大学大三学生（专业待核实），【其同学微信号被盗，发来借钱信息】被骗1095元。。??手段：其同学[爆竹]微信号被盗[爆竹]，对方让其?帮忙把钱从微信倒腾到支付宝?。 。       该同学用支付宝给其转钱后，对方没有信守承诺，把钱用微信再转回来。""。08月27日 10:13分。济南绿洲1-2-10-11管家寒露(员工):""┌─??桶装水活动来袭。??水长清纯天然…………""。济南绿洲1-2-10-11管家寒露(员工):""[图片]""。08月27日 10:48分。济南绿洲1-2-10-11管家寒露(员工):""10号楼西梯停梯40分钟，给您带来不便敬…………""。08月27日 16:16分。宁宁(客户):""[拳头]环境提升持续进行中[拳头]。[太阳]今天园区大扫除[太阳]。恒大绿洲保洁团队为您服务[玫瑰]""。宁宁(客户):""[图片]""。08月27日 17:19分。含伊(客户):""地下车库往10号楼电梯拐的地方的灯该换了，晃的人乔晕@济南绿洲1-2-10-11管家寒露?""。济南绿洲1-2-10-11管家寒露(员工):""好的""。08月27日 18:35分。A00(客户):""??物业秩序“小蜜蜂” ??。[庆祝]“小蜜蜂”来了！来了！[庆祝]。[太阳]有事，您说话[太阳]。[庆祝]车辆电瓶亏电启动不了！。[庆祝]家里有沉物品搬不动了！。[庆祝]买了好多东西拿不了！。联系电话：0531-55612606。秩序小“蜜蜂”竭诚为您服务！[耶][耶][耶]。[庆祝]我们的口号：。[庆祝]真心帮助每一位[庆祝]。[庆祝]热心服务每一人[庆祝]。[庆祝]赠人玫瑰[玫瑰]，手有余香[庆祝]""。A00(客户):""[图片]""。08月27日 20:07分。你的月亮我的心(客户):""尊敬的业主，您好：。       为更好、更快的解决业主问题，现将各值班人员、联系电话及值班时间公示在群内，各位业主可直接电话联系或在群内@秩序110。1、日常家用维修工具(螺丝刀、活动扳手、小锤等);。2、小型购物车、平板车、人字梯、打气筒，应急医用品等。。为您爱家保驾护航，如果您有家政保洁、直饮水卡办理、白蚁消杀、有偿维修、房屋租赁的业务需求，随时与我们联系，为您提供专业的服务。。【秩序维护部】。[爱心]1.值班时间段：。????20:00－08:00????。[爱心]2.值班中队长-赵队电话：0531-55615881。[爱心]3.物业服务电话：0531-55615896、55615596。??4.监控室值班24小时电话：0531-55612606。3、【物业-安保服务“小蜜蜂”】。[抱拳]如您家中有需要帮助的请联系我们?。[爱心]24小时为各位家人守候。[合十]贴心服务、真诚相伴。如需便民服务车，请直接联系；。①55612606。②55612808。有事您说话，我们会在第一时间安排人员帮你处理[玫瑰][玫瑰]""。你的月亮我的心(客户):""[图片]""。08月27日 23:54分。你的月亮我的心(客户):""尊敬的业主大家好！我是夜间执勤赵队长，金碧物业安保服务8月27号巡查，时刻守护业主们的安全，请安心入睡，如有紧急情况请拨打0531-55612606""。你的月亮我的心(客户):""[图片]""。08月28日 02:59分。你的月亮我的心(客户):""尊敬的业主大家好！我是夜间执勤赵队长，金碧物业安保服务8月28号巡查，时刻守护业主们的安全，请安心入睡，如有紧急情况请拨打0531-55612606""。你的月亮我的心(客户):""[图片]""。&&&","[
    {
        ""业主情感强度"": {
            ""含伊"": ""一般负面""
        },
        ""事件讨论开始时间"": ""08月27日 17:19"",
        ""事件讨论结束时间"": ""08月27日 17:19"",
        ""事件详情"": ""含伊业主在08月27日 17:19分反馈，地下车库往10号楼电梯拐的地方的灯太晃眼，需要更换。"",
        ""话题倾向"": """"
    }
]"
群聊负向,"这是要分析的对话:&&&08月27日 05:43分。韩老魔(客户):""秩序部#夜间园区巡查 ??24小时坚守?为您无忧?? ??用真心守护着万家灯火??       如发现异常情况随时联系我们，祝您生活愉快。 —贵阳恒大文旅城物业服务中心""。韩老魔(客户):""[视频]""。08月27日 08:01分。????(客户):""??朝夕相见，经年守候??。??服务不止，用心不缀??。    ————————————。           ?早送晚迎?。   ????让幸福变的简单????""。????(客户):""[图片]""。08月27日 08:44分。管家小米（小廖）(员工):""?????????家人们，早上好~。今天…………""。08月27日 12:32分。黄 不了(客户):""-1楼去2栋路口那里 谁弄的好油啊 骑车差点摔那里了""。黄 不了(客户):""都不打扫吗@管家小廖?""。管家小米（小廖）(员工):""这边让阿姨去处理[微笑]""。黄 不了(客户):""还背着小孩的""。黄 不了(客户):""危险死了""。管家小米（小廖）(员工):""是停车场吗？""。黄 不了(客户):""嗯""。黄 不了(客户):""拐弯那里""。黄 不了(客户):""经常有一个三轮车停的那里 不晓得谁搞的""。管家小米（小廖）(员工):""好的已经给保洁阿姨说了[微笑]""。08月27日 20:29分。韩老魔(客户):""[视频]""。韩老魔(客户):""各位业主：晚上好！[玫瑰]。8月27日秩序部夜间执勤安排：。一：值班队长：汤江平。电话:18785183203。二：带班时间。20:00-08:00。三：24小时值班电：0851-83862661。辖区派出所电话：0851-83851334。四、我们将12小时坚守岗位，如有需要请致电，我们将竭诚为您服务。夜间休息请关好门窗，做好安全防范，出入小区带好业主卡。。贵阳恒大文化旅游城物业服务中心祝您：生活愉快！[烟花]""。韩老魔(客户):""????家人们，重要提醒来啦！????。。??亲爱的业主朋友们，为了咱们小区的安全与秩序，一定要记得带卡刷卡进入小区哟！。。???♀?别嫌麻烦，这小小的一张卡，可是守护我们温馨家园的重要“钥匙”。。。??每次进出，轻轻一刷，不仅方便快捷，更是给我们满满的安全感。。。??想象一下，如果大家都能自觉带卡刷卡，那些陌生人就没法随便进入小区啦，我们的孩子能在小区里更自由地玩耍，我们也能更安心地享受生活。。。???????????家人们一起行动起来，让带卡刷卡成为我们生活的一部分。""。韩老魔(客户):""巡逻园区，商铺，车库，无异常。维护安全秩序，我们时刻警备，我们会保持高度的警惕性，及时发现并处理任何可能存在的安全隐患。同时，也请大家注意自身安全，如有异常情况请及时与我们联系。。祝大家生活愉快！[玫瑰][玫瑰][玫瑰]""。&&&","[
    {
        ""业主情感强度"": {
            ""黄不了"": ""强烈负面""
        },
        ""事件讨论开始时间"": ""08月27日 12:32"",
        ""事件讨论结束时间"": ""08月27日 12:32"",
        ""事件详情"": ""业主黄不了在-1楼去2栋路口发现地面有油渍，骑车差点摔倒，对此表示强烈不满，并质疑物业的清洁工作。黄不了强调自己还背着小孩，情况非常危险。"",
        ""话题倾向"": """"
    }
]"
群聊负向,"这是要分析的对话:&&&08月27日 08:41分。恒大文旅城8组团管家—王学灵(员工):""?????????家人们，早上好~。今天…………""。08月27日 10:13分。恒大文旅城8组团管家—王学灵(员工):""尊敬的各位业主：。        近日小…………""。恒大文旅城8组团管家—王学灵(员工):""[图片]""。08月27日 12:35分。恒大文旅城8组团管家—王学灵(员工):""吃瓜??大赛来咯??。枯藤老树昏鸦???…………""。恒大文旅城8组团管家—王学灵(员工):""[图片]""。08月27日 17:18分。、Sunshine(客户):""负一楼好臭""。08月27日 17:25分。Z????R?(客户):""这边通知保洁处理下""。08月27日 18:10分。刘梅(客户):""@??Wa?n·??您好！业主，已用消毒水清拖，感谢你的反馈，祝你生活愉快[握手][握手][握手]""。刘梅(客户):""[图片]""。08月27日 20:08分。Morii(客户):""各位业主：晚上好！[玫瑰]。8月 27日秩序部夜间执勤安排：。一、值班:陈家豪。电话:19391777977。二、24小时值班电：0851-83862661。辖区派出所电话：0851-83851334。值班维修师傅：。杨丙云:13984310672带班时间：20:00-08:00。四、我们将12小时坚守岗位，如有需要请致电，我们将竭诚为您服务。夜间休息请关好门窗，做好安全防范，出入小区带好业主卡。。贵阳恒大文化旅游城物业服务中心祝您：。               生活愉快！""。08月27日 22:30分。杨丙云(客户):""各位业主大家晚上好，园区照明、设备房巡查，运行正常，保驾护航，物业维修部24小时在岗[加油][加油][加油]""。杨丙云(客户):""[图片]""。&&&","[
    {
        ""业主情感强度"": {
            ""Sunshine"": ""一般负面""
        },
        ""事件讨论开始时间"": ""08月27日 17:18分"",
        ""事件讨论结束时间"": ""08月27日 17:25分"",
        ""事件详情"": ""在恒大文旅城8组团的负一楼，有业主反映存在异味问题。具体为业主Sunshine表示'负一楼好臭'，物业Z????R?通知保洁处理。"",
        ""话题倾向"": """"
    }
]"
群聊负向,"这是要分析的对话:&&&08月27日 06:51分。你的月亮我的心(客户):""温馨提示：。因遇降雨天气，金碧晨跑团临时取消一天，请各位家长和小朋友们不要跑空哦[玫瑰][玫瑰]""。08月27日 08:08分。宁宁(客户):""保洁上班后第一时间清理积水，方便出行[玫瑰][玫瑰]""。宁宁(客户):""[图片]""。宁宁(客户):""[图片]""。宁宁(客户):""[图片]""。08月27日 08:46分。济南绿洲8-9号楼管家立夏(员工):""[玫瑰][玫瑰]早安  绿洲[玫瑰][玫…………""。济南绿洲8-9号楼管家立夏(员工):""[链接]""。08月27日 08:56分。济南绿洲8-9号楼管家立夏(员工):""┌─??桶装水活动来袭。??水长清纯天然…………""。济南绿洲8-9号楼管家立夏(员工):""[图片]""。08月27日 09:11分。派出所反诈宣传员(客户):""3998元，妇女?找“客服”退回孩子充值的游戏款?被骗。。1095元，大学生??其同学微信号被盗，借钱??被骗。。。男青年[色][色]约炮[色][色]，妇女??兼职刷单??、????被“异性网友”诱导投资????诈骗高发！。转发提醒好家里的[拥抱]年轻人、妇女[拥抱]！。。【8月26日电诈警情通报】。【文昌街道、新城派出所】。1、汇侨城妇女，【找“客服”退孩子充值的游戏费】被骗3998元。。??手段：孩子充值游戏后，在网上[爆竹]搜索“客服”退费[爆竹]，对方让其扫码，称?已经设置好，钱不会被转走?。结果，还是转账成功。。。【大学城、大学路派出所】。2、齐鲁工业大学大三学生（专业待核实），【其同学微信号被盗，发来借钱信息】被骗1095元。。??手段：其同学[爆竹]微信号被盗[爆竹]，对方让其?帮忙把钱从微信倒腾到支付宝?。 。       该同学用支付宝给其转钱后，对方没有信守承诺，把钱用微信再转回来。""。08月27日 16:04分。派出所反诈宣传员(客户):""[小程序消息]""。08月27日 16:15分。宁宁(客户):""[拳头]环境提升持续进行中[拳头]。[太阳]今天园区大扫除[太阳]。恒大绿洲保洁团队为您服务[玫瑰]""。宁宁(客户):""[图片]""。08月27日 16:25分。月亮姐姐(客户):""9-2西梯又坏了""。月亮姐姐(客户):""@济南绿洲8-9号楼管家立夏?""。济南绿洲8-9号楼管家立夏(员工):""收到我马上联系师傅查看""。08月27日 16:32分。米罗酒肆（多次拒绝彭于晏版）(客户):""请问8号楼前面的净水器什么时候能用？""。济南绿洲8-9号楼管家立夏(员工):""上午11点多我问师傅说送上电了""。08月27日 16:50分。米罗酒肆（多次拒绝彭于晏版）(客户):""[表情]""。08月27日 17:03分。雨(客户):""@济南绿洲8-9号楼管家立夏?西梯停在2层不动了，赶紧修一下！""。08月27日 17:16分。济南绿洲8-9号楼管家立夏(员工):""已经通知师傅过去查看[抱拳][抱拳]""。08月27日 18:35分。A00(客户):""??物业秩序“小蜜蜂” ??。[庆祝]“小蜜蜂”来了！来了！[庆祝]。[太阳]有事，您说话[太阳]。[庆祝]车辆电瓶亏电启动不了！。[庆祝]家里有沉物品搬不动了！。[庆祝]买了好多东西拿不了！。联系电话：0531-55612606。秩序小“蜜蜂”竭诚为您服务！[耶][耶][耶]。[庆祝]我们的口号：。[庆祝]真心帮助每一位[庆祝]。[庆祝]热心服务每一人[庆祝]。[庆祝]赠人玫瑰[玫瑰]，手有余香[庆祝]""。A00(客户):""[图片]""。08月27日 20:07分。你的月亮我的心(客户):""尊敬的业主，您好：。       为更好、更快的解决业主问题，现将各值班人员、联系电话及值班时间公示在群内，各位业主可直接电话联系或在群内@秩序110。1、日常家用维修工具(螺丝刀、活动扳手、小锤等);。2、小型购物车、平板车、人字梯、打气筒，应急医用品等。。为您爱家保驾护航，如果您有家政保洁、直饮水卡办理、白蚁消杀、有偿维修、房屋租赁的业务需求，随时与我们联系，为您提供专业的服务。。【秩序维护部】。[爱心]1.值班时间段：。????20:00－08:00????。[爱心]2.值班中队长-赵队电话：0531-55615881。[爱心]3.物业服务电话：0531-55615896、55615596。??4.监控室值班24小时电话：0531-55612606。3、【物业-安保服务“小蜜蜂”】。[抱拳]如您家中有需要帮助的请联系我们?。[爱心]24小时为各位家人守候。[合十]贴心服务、真诚相伴。如需便民服务车，请直接联系；。①55612606。②55612808。有事您说话，我们会在第一时间安排人员帮你处理[玫瑰][玫瑰]""。你的月亮我的心(客户):""[图片]""。08月27日 23:54分。你的月亮我的心(客户):""尊敬的业主大家好！我是夜间执勤赵队长，金碧物业安保服务8月27号巡查，时刻守护业主们的安全，请安心入睡，如有紧急情况请拨打0531-55612606""。你的月亮我的心(客户):""[图片]""。08月28日 02:58分。你的月亮我的心(客户):""尊敬的业主大家好！我是夜间执勤赵队长，金碧物业安保服务8月28号巡查，时刻守护业主们的安全，请安心入睡，如有紧急情况请拨打0531-55612606""。你的月亮我的心(客户):""[图片]""。&&&","[
    {
        ""业主情感强度"": {
            ""雨"": ""一般负面"",
            ""月亮姐姐"": ""一般负面""
        },
        ""事件讨论开始时间"": ""08月27日 16:04分"",
        ""事件讨论结束时间"": ""08月27日 17:16分"",
        ""事件详情"": ""9-2西梯在8月27日16:04分被业主月亮姐姐报告损坏，随后17:03分另一名业主雨也提出西梯停在二层不动，要求物业赶紧修理。物业管家立夏确认收到信息并安排师傅查看。"",
        ""话题倾向"": """"
    }
]"
群聊负向,"这是要分析的对话:&&&08月27日 06:50分。你的月亮我的心(客户):""温馨提示：。因遇降雨天气，金碧晨跑团临时取消一天，请各位家长和小朋友们不要跑空哦[玫瑰][玫瑰]""。08月27日 07:49分。??于娜??(客户):""[图片]""。??于娜??(客户):""这位邻居，打你电话总通话中，麻烦挪挪车。""。??于娜??(客户):""@物业秩序部?麻烦给联系一下车主，打了10个电话不接还请麻烦核实一下，这个车到底怎么进来的，没车位乱停。""。你的月亮我的心(客户):""收到，马上联系车主挪车""。08月27日 07:56分。??于娜??(客户):""@秩序110?这个车主已经是第二次占我车位了，他是知道这个车位有车主的，麻烦再告知一下。""。08月27日 08:03分。A00(客户):""[图片]""。A00(客户):""尊敬的业主，您好：。       为更好、更快的解决业主问题，现将各值班人员、联系电话及值班时间公示在群内，各位业主可直接电话联系或在群内@秩序110。1、日常家用维修工具(螺丝刀、活动扳手、小锤等);。2、小型购物车、平板车、人字梯、打气筒，应急医用品等。。为您爱家保驾护航，如果您有家政保洁、直饮水卡办理、白蚁消杀、有偿维修、房屋租赁的业务需求，随时与我们联系，为您提供专业的服务。。【秩序维护部】。[爱心]1.值班时间段：。????08:00－20:00????。[爱心]2.值班中队长-赵队电话：0531-83131013。[爱心]3.物业服务电话：0531-55615896、55615596。??4.监控室值班24小时电话：0531-55612606。3、【物业-安保服务“小蜜蜂”】。[抱拳]如您家中有需要帮助的请联系我们?。[爱心]24小时为各位家人守候。[合十]贴心服务、真诚相伴。如需便民服务车，请直接联系；。①55612606。②55612808。有事您说话，我们会在第一时间安排人员帮你处理[玫瑰][玫瑰]""。宁宁(客户):""保洁上班后第一时间清理积水，方便出行[玫瑰][玫瑰]""。宁宁(客户):""[图片]""。宁宁(客户):""[图片]""。宁宁(客户):""[图片]""。08月27日 08:41分。该微信已停用，请添加企业微信(客户):""[链接]""。该微信已停用，请添加企业微信(客户):""[玫瑰][玫瑰]早安  绿洲[玫瑰][玫瑰]今天是2024年8月27日（农历七月二十四）星期二。  【济南天气】。?天       气?:雨。?温       度?:  23-28度。?空气质量?:良。       去拥有热爱和追逐的能力，就是生活给予你最好的馈赠，热爱生活，生活也会回馈于你。早安。[爱心]""。08月27日 09:09分。济南绿洲20－21号楼管家惊蛰(员工):""┌─??桶装水活动来袭。??水长清纯天然…………""。济南绿洲20－21号楼管家惊蛰(员工):""[图片]""。08月27日 11:29分。顺其自然(客户):""3998元，妇女?找“客服”退回孩子充值的游戏款?被骗。。1095元，大学生??其同学微信号被盗，借钱??被骗。。。男青年[色][色]约炮[色][色]，妇女??兼职刷单??、????被“异性网友”诱导投资????诈骗高发！。转发提醒好家里的[拥抱]年轻人、妇女[拥抱]！。。【8月26日电诈警情通报】。【文昌街道、新城派出所】。1、汇侨城妇女，【找“客服”退孩子充值的游戏费】被骗3998元。。??手段：孩子充值游戏后，在网上[爆竹]搜索“客服”退费[爆竹]，对方让其扫码，称?已经设置好，钱不会被转走?。结果，还是转账成功。。。【大学城、大学路派出所】。2、齐鲁工业大学大三学生（专业待核实），【其同学微信号被盗，发来借钱信息】被骗1095元。。??手段：其同学[爆竹]微信号被盗[爆竹]，对方让其?帮忙把钱从微信倒腾到支付宝?。 。       该同学用支付宝给其转钱后，对方没有信守承诺，把钱用微信再转回来。""。宁宁(客户):""[图片]""。宁宁(客户):""雨后，保洁大姐把门前电动车，游乐广场，景观椅擦拭干净[玫瑰][玫瑰][玫瑰]""。宁宁(客户):""[图片]""。宁宁(客户):""[图片]""。08月27日 16:31分。宁宁(客户):""[拳头]环境提升持续进行中[拳头]。[太阳]今天园区大扫除[太阳]。恒大绿洲保洁团队为您服务[玫瑰]""。宁宁(客户):""[图片]""。08月27日 18:36分。A00(客户):""??物业秩序“小蜜蜂” ??。[庆祝]“小蜜蜂”来了！来了！[庆祝]。[太阳]有事，您说话[太阳]。[庆祝]车辆电瓶亏电启动不了！。[庆祝]家里有沉物品搬不动了！。[庆祝]买了好多东西拿不了！。联系电话：0531-55612606。秩序小“蜜蜂”竭诚为您服务！[耶][耶][耶]。[庆祝]我们的口号：。[庆祝]真心帮助每一位[庆祝]。[庆祝]热心服务每一人[庆祝]。[庆祝]赠人玫瑰[玫瑰]，手有余香[庆祝]""。A00(客户):""[图片]""。08月27日 18:48分。興(客户):""2期16号楼下车位出租，价格详谈，便宜出租电话15634151615""。08月27日 19:59分。完美幸福(客户):""[图片]""。完美幸福(客户):""谁的车子没关""。你的月亮我的心(客户):""尊敬的业主，您好：。       为更好、更快的解决业主问题，现将各值班人员、联系电话及值班时间公示在群内，各位业主可直接电话联系或在群内@秩序110。1、日常家用维修工具(螺丝刀、活动扳手、小锤等);。2、小型购物车、平板车、人字梯、打气筒，应急医用品等。。为您爱家保驾护航，如果您有家政保洁、直饮水卡办理、白蚁消杀、有偿维修、房屋租赁的业务需求，随时与我们联系，为您提供专业的服务。。【秩序维护部】。[爱心]1.值班时间段：。????20:00－08:00????。[爱心]2.值班中队长-赵队电话：0531-55615881。[爱心]3.物业服务电话：0531-55615896、55615596。??4.监控室值班24小时电话：0531-55612606。3、【物业-安保服务“小蜜蜂”】。[抱拳]如您家中有需要帮助的请联系我们?。[爱心]24小时为各位家人守候。[合十]贴心服务、真诚相伴。如需便民服务车，请直接联系；。①55612606。②55612808。有事您说话，我们会在第一时间安排人员帮你处理[玫瑰][玫瑰]""。你的月亮我的心(客户):""[图片]""。08月27日 20:05分。完美幸福(客户):""@""。08月27日 23:55分。你的月亮我的心(客户):""尊敬的业主大家好！我是夜间执勤赵队长，金碧物业安保服务8月27号巡查，时刻守护业主们的安全，请安心入睡，如有紧急情况请拨打0531-55612606""。你的月亮我的心(客户):""[图片]""。08月28日 02:57分。你的月亮我的心(客户):""尊敬的业主大家好！我是夜间执勤赵队长，金碧物业安保服务8月28号巡查，时刻守护业主们的安全，请安心入睡，如有紧急情况请拨打0531-55612606""。你的月亮我的心(客户):""[图片]""。&&&","[
    {
        ""业主情感强度"": {
            ""??于娜??"": ""一般负面""
        },
        ""事件讨论开始时间"": ""08月27日 07:49"",
        ""事件讨论结束时间"": ""08月27日 07:56"",
        ""事件详情"": ""??于娜??(客户)在08月27日 07:49分开始抱怨自己的车位被其他车辆占用，并指出该车主已经是第二次占其车位。该业主多次尝试联系车主未果，表现出对物业秩序部处理此事的不满。"",
        ""话题倾向"": """"
    }
]"
群聊负向,"这是要分析的对话:&&&08月27日 06:52分。你的月亮我的心(客户):""温馨提示：。因遇降雨天气，金碧晨跑团临时取消一天，请各位家长和小朋友们不要跑空哦[玫瑰][玫瑰]""。08月27日 08:05分。A00(客户):""[会话记录消息]""。宁宁(客户):""[图片]""。宁宁(客户):""[图片]""。宁宁(客户):""[图片]""。宁宁(客户):""[图片]""。宁宁(客户):""保洁上班后第一时间清理积水，方便出行[玫瑰][玫瑰]""。08月27日 08:46分。济南绿洲8-9号楼管家立夏(员工):""[玫瑰][玫瑰]早安  绿洲[玫瑰][玫…………""。济南绿洲8-9号楼管家立夏(员工):""[链接]""。08月27日 08:56分。济南绿洲8-9号楼管家立夏(员工):""┌─??桶装水活动来袭。??水长清纯天然…………""。济南绿洲8-9号楼管家立夏(员工):""[图片]""。08月27日 09:11分。派出所反诈宣传员(客户):""3998元，妇女?找“客服”退回孩子充值的游戏款?被骗。。1095元，大学生??其同学微信号被盗，借钱??被骗。。。男青年[色][色]约炮[色][色]，妇女??兼职刷单??、????被“异性网友”诱导投资????诈骗高发！。转发提醒好家里的[拥抱]年轻人、妇女[拥抱]！。。【8月26日电诈警情通报】。【文昌街道、新城派出所】。1、汇侨城妇女，【找“客服”退孩子充值的游戏费】被骗3998元。。??手段：孩子充值游戏后，在网上[爆竹]搜索“客服”退费[爆竹]，对方让其扫码，称?已经设置好，钱不会被转走?。结果，还是转账成功。。。【大学城、大学路派出所】。2、齐鲁工业大学大三学生（专业待核实），【其同学微信号被盗，发来借钱信息】被骗1095元。。??手段：其同学[爆竹]微信号被盗[爆竹]，对方让其?帮忙把钱从微信倒腾到支付宝?。 。       该同学用支付宝给其转钱后，对方没有信守承诺，把钱用微信再转回来。""。08月27日 12:58分。人生如梦14753133789(客户):""西边电梯就像老年痴呆是的半天才关门看看什么情况[合十][合十][合十]""。08月27日 16:04分。派出所反诈宣传员(客户):""[小程序消息]""。08月27日 16:15分。宁宁(客户):""[拳头]环境提升持续进行中[拳头]。[太阳]今天园区大扫除[太阳]。恒大绿洲保洁团队为您服务[玫瑰]""。宁宁(客户):""[图片]""。08月27日 17:52分。宁宁(客户):""家人们好!下午对9号楼，电梯门口，楼梯的卫生进行巡查。有破损的广告已让保洁清理掉，保洁人员在岗工作。如有问题及时联系我。""。宁宁(客户):""[图片]""。宁宁(客户):""[图片]""。宁宁(客户):""[图片]""。08月27日 18:11分。颜(客户):""@济南绿洲8-9号楼管家立夏?9-3西梯  有好多层关门有问题！""。08月27日 18:34分。A00(客户):""??物业秩序“小蜜蜂” ??。[庆祝]“小蜜蜂”来了！来了！[庆祝]。[太阳]有事，您说话[太阳]。[庆祝]车辆电瓶亏电启动不了！。[庆祝]家里有沉物品搬不动了！。[庆祝]买了好多东西拿不了！。联系电话：0531-55612606。秩序小“蜜蜂”竭诚为您服务！[耶][耶][耶]。[庆祝]我们的口号：。[庆祝]真心帮助每一位[庆祝]。[庆祝]热心服务每一人[庆祝]。[庆祝]赠人玫瑰[玫瑰]，手有余香[庆祝]""。A00(客户):""[图片]""。08月27日 19:28分。济南绿洲8-9号楼管家立夏(员工):""@颜具体哪几层我明天让师傅过去排查""。08月27日 19:59分。颜(客户):""22""。颜(客户):""7""。济南绿洲8-9号楼管家立夏(员工):""收到""。颜(客户):""还有，记不起来了！不是每次都有，但是现在很频繁了！""。济南绿洲8-9号楼管家立夏(员工):""好的，明天我联系维修师傅检查一下[抱拳]…………""。你的月亮我的心(客户):""尊敬的业主，您好：。       为更好、更快的解决业主问题，现将各值班人员、联系电话及值班时间公示在群内，各位业主可直接电话联系或在群内@秩序110。1、日常家用维修工具(螺丝刀、活动扳手、小锤等);。2、小型购物车、平板车、人字梯、打气筒，应急医用品等。。为您爱家保驾护航，如果您有家政保洁、直饮水卡办理、白蚁消杀、有偿维修、房屋租赁的业务需求，随时与我们联系，为您提供专业的服务。。【秩序维护部】。[爱心]1.值班时间段：。????20:00－08:00????。[爱心]2.值班中队长-赵队电话：0531-55615881。[爱心]3.物业服务电话：0531-55615896、55615596。??4.监控室值班24小时电话：0531-55612606。3、【物业-安保服务“小蜜蜂”】。[抱拳]如您家中有需要帮助的请联系我们?。[爱心]24小时为各位家人守候。[合十]贴心服务、真诚相伴。如需便民服务车，请直接联系；。①55612606。②55612808。有事您说话，我们会在第一时间安排人员帮你处理[玫瑰][玫瑰]""。你的月亮我的心(客户):""[图片]""。08月27日 23:56分。你的月亮我的心(客户):""尊敬的业主大家好！我是夜间执勤赵队长，金碧物业安保服务8月27号巡查，时刻守护业主们的安全，请安心入睡，如有紧急情况请拨打0531-55612606""。你的月亮我的心(客户):""[图片]""。08月28日 02:57分。你的月亮我的心(客户):""尊敬的业主大家好！我是夜间执勤赵队长，金碧物业安保服务8月28号巡查，时刻守护业主们的安全，请安心入睡，如有紧急情况请拨打0531-55612606""。你的月亮我的心(客户):""[图片]""。&&&","[
    {
        ""业主情感强度"": {
            ""颜"": ""一般负面"",
            ""人生如梦14753133789"": ""一般负面""
        },
        ""事件讨论开始时间"": ""08月27日 12:58分"",
        ""事件讨论结束时间"": ""08月27日 19:59分"",
        ""事件详情"": ""业主人生如梦14753133789和颜反馈西边电梯关门存在问题，表现为关门缓慢，像是老年痴呆一样，且有多层出现此问题，近期频繁发生。"",
        ""话题倾向"": """"
    }
]"
群聊负向,"这是要分析的对话:&&&08月27日 06:20分。安妮(客户):""@秩序110?跳闸了""。你的月亮我的心(客户):""@安妮?您好，家里跳闸了吗""。???晴空万李???(客户):""13层跳闸了""。济电老师儿(客户):""电工老师15621889506""。???晴空万李???(客户):""打电话了""。08月27日 06:28分。W&D(客户):""我这里也没电了""。08月27日 06:48分。你的月亮我的心(客户):""尊敬的业主大家好！我是夜间执勤赵队长，金碧物业安保服务8月27号巡查，时刻守护业主们的安全，请安心入睡，如有紧急情况请拨打0531-55612606""。你的月亮我的心(客户):""{""pre_msgid"":""4036437346054252673_1724712533481_external""}""。你的月亮我的心(客户):""温馨提示：。因遇降雨天气，金碧晨跑团临时取消一天，请各位家长和小朋友们不要跑空哦[玫瑰][玫瑰]""。安妮(客户):""我家自己送上了，但是不知道为什么跳闸""。08月27日 08:12分。济电老师儿(客户):""都有了吗""。初心(客户):""有了""。08月27日 08:31分。JN29岁月静好(客户):""。。各位家人们[爱心]早上好！。我是物业保洁领班刘翠兰，联系电话 18560197252。各位保洁叔叔阿姨已到岗。上班后第一时间清理积水。??倘若您发现任何环境方面的问题或者有宝贵的建议，随时与我联系，我定会全力以赴为您排忧解难！。??感谢各位家人一直以来的信赖与支持！ ?? ??""。JN29岁月静好(客户):""[图片]""。08月27日 10:19分。济南绿洲31-32-33号楼管家夏至(员工):""┌─??桶装水活动来袭。??水长清纯天然…………""。济南绿洲31-32-33号楼管家夏至(员工):""[图片]""。08月27日 15:50分。JN29岁月静好(客户):""。[拳头]环境提升持续进行中[拳头]。[太阳]今日专项楼宇步梯湿拖[太阳]恒大绿洲保洁团队为您服务[玫瑰]""。JN29岁月静好(客户):""[图片]""。08月27日 18:38分。A00(客户):""??物业秩序“小蜜蜂” ??。[庆祝]“小蜜蜂”来了！来了！[庆祝]。[太阳]有事，您说话[太阳]。[庆祝]车辆电瓶亏电启动不了！。[庆祝]家里有沉物品搬不动了！。[庆祝]买了好多东西拿不了！。联系电话：0531-55612606。秩序小“蜜蜂”竭诚为您服务！[耶][耶][耶]。[庆祝]我们的口号：。[庆祝]真心帮助每一位[庆祝]。[庆祝]热心服务每一人[庆祝]。[庆祝]赠人玫瑰[玫瑰]，手有余香[庆祝]""。A00(客户):""[图片]""。08月27日 20:05分。你的月亮我的心(客户):""尊敬的业主，您好：。       为更好、更快的解决业主问题，现将各值班人员、联系电话及值班时间公示在群内，各位业主可直接电话联系或在群内@秩序110。1、日常家用维修工具(螺丝刀、活动扳手、小锤等);。2、小型购物车、平板车、人字梯、打气筒，应急医用品等。。为您爱家保驾护航，如果您有家政保洁、直饮水卡办理、白蚁消杀、有偿维修、房屋租赁的业务需求，随时与我们联系，为您提供专业的服务。。【秩序维护部】。[爱心]1.值班时间段：。????20:00－08:00????。[爱心]2.值班中队长-赵队电话：0531-55615881。[爱心]3.物业服务电话：0531-55615896、55615596。??4.监控室值班24小时电话：0531-55612606。3、【物业-安保服务“小蜜蜂”】。[抱拳]如您家中有需要帮助的请联系我们?。[爱心]24小时为各位家人守候。[合十]贴心服务、真诚相伴。如需便民服务车，请直接联系；。①55612606。②55612808。有事您说话，我们会在第一时间安排人员帮你处理[玫瑰][玫瑰]""。你的月亮我的心(客户):""[图片]""。08月27日 23:55分。你的月亮我的心(客户):""尊敬的业主大家好！我是夜间执勤赵队长，金碧物业安保服务8月27号巡查，时刻守护业主们的安全，请安心入睡，如有紧急情况请拨打0531-55612606""。你的月亮我的心(客户):""[图片]""。08月28日 02:58分。你的月亮我的心(客户):""尊敬的业主大家好！我是夜间执勤赵队长，金碧物业安保服务8月28号巡查，时刻守护业主们的安全，请安心入睡，如有紧急情况请拨打0531-55612606""。你的月亮我的心(客户):""[图片]""。&&&","{""事件提取"":null,""提取结果"":false}"
群聊负向,"这是要分析的对话:&&&08月27日 08:43分。贵阳恒大半山御景-管家-卢贵翱(员工):""?????????家人们，早上好~。今天…………""。08月27日 08:50分。香烟爱上火柴(客户):""@贵阳恒大半山御景-管家-卢贵翱?你好，我想请问一下，现在的2.5的物业费，我们享受的是连最基本的垃圾都不帮忙给丢吗？！朋友家1.5的物业，每一层楼都会有垃圾桶，卫生也是很干净，从来都闻不到异味！""。08月27日 09:03分。贵阳恒大半山御景-管家-卢贵翱(员工):""@2201是清理的，10点半左右第一遍能…………""。08月27日 17:32分。朋友(客户):""[图片]""。朋友(客户):""[图片]""。朋友(客户):""一栋地下停车场消防管道漏水，反应好几天了，怎么一直没人处理呢""。08月27日 17:44分。。(客户):""已经报相关单位处理了 正在排查漏水点""。08月27日 19:23分。饷曰葵(客户):""邻居们 你们有没有买擦窗神器的推荐一下 谢谢""。08月27日 19:31分。H(客户):""@秩序-郑赢?请问这个是什么单位管""。。(客户):""总包的  和消防整改单位""。08月27日 20:28分。衣凹妖(客户):""各位业主：晚上好！[玫瑰]。8月27日秩序部夜间执勤安排：。一、值班人员:  王瑶跃19885027915。  监控室电话号码：83873539。  维修值班人员： ?杨俊兴18684112684?。二、巡查期间未发现流浪狗、猫，值班期间如发现第一时间处理。三、带班时间：20:00-08:00。四、我们将12小时坚守岗位，如有需要请致电，我们将竭诚为您服务。夜间休息请关好门窗，做好安全防范，出入小区带好业主卡、谨防尾随。。贵阳金碧物业服务中心祝您：生活愉快！[烟花]""。08月27日 20:57分。杨俊兴(员工):""各位业主大家晚上好，园区设备房巡查正常，…………""。杨俊兴(员工):""[图片]""。08月27日 21:36分。衣凹妖(客户):""手机现在在19保安亭""。衣凹妖(客户):""[图片]""。衣凹妖(客户):""[图片]""。&&&","[
    {
        ""业主情感强度"": {
            ""香烟爱上火柴"": ""强烈负面""
        },
        ""事件讨论开始时间"": ""08月27日 08:50分"",
        ""事件讨论结束时间"": ""08月27日 09:03分"",
        ""事件详情"": ""业主香烟爱上火柴对物业费的价值表示质疑，认为2.5的物业费连最基本的垃圾清理服务都不包含，与朋友家1.5物业费提供的服务形成对比。"",
        ""话题倾向"": """"
    },
    {
        ""业主情感强度"": {
            ""朋友"": ""强烈负面""
        },
        ""事件讨论开始时间"": ""08月27日 17:32分"",
        ""事件讨论结束时间"": ""08月27日 17:44分"",
        ""事件详情"": ""业主朋友反应地下停车场消防管道漏水问题已经持续几天，但一直未见物业方面处理。"",
        ""话题倾向"": """"
    }
]"
群聊负向,"这是要分析的对话:&&&08月27日 09:00分。韶关恒大城-管家-徐文珠(员工):""@所有人 。尊敬的各位业主:。今日电梯保…………""。08月27日 15:06分。陈建光华(客户):""@韶关恒大城-管家-徐文珠?请加强小区楼顶巡视，今天下午我老婆上8栋屋面收衣服遇到了一个可疑男子五十岁左右红色衣服，背着个包，见到我老婆问一个白痴问题：还没有楼梯上去？我老婆赶紧回来了""。雪容融??(客户):""@陈建光华?大概几点，我让人查监控""。韶关恒大城-管家-徐文珠(员工):""收到，我们这边查一下监控""。08月27日 15:12分。陈建光华(客户):""估计是2点钟左右""。雪容融??(客户):""收到""。08月27日 15:18分。红东(客户):""八栋楼的大门失去自动锁门功能。不用门卡，谁人都能开。可否叫师傅修下？""。韶关恒大城-管家-徐文珠(员工):""我派单""。08月27日 19:05分。韶关恒大城A区监控员(客户):""2024-08-27。【秩序维护部】。1、值班时间段: 19:00-07:00。2、值班中队长: 祝金才。联系:13509859250。【温馨提示】。请各位业主知悉，如需要帮助或遇紧急情况，请电话联系值班室或值班中队长。。物业24小时值班电话：。0751-8709633。0751-8709600""。&&&","{""事件提取"":null,""提取结果"":false}"
群聊负向,"这是要分析的对话:&&&08月27日 06:17分。odk(客户):""[视频]""。odk(客户):""@恒大城???? 秩序部 三期监控室?""。odk(客户):""6点多""。odk(客户):""整个小区都是这个人敲球的声音""。恒大城???? 秩序部 三期监控室(客户):""我叫同事过去看一下""。odk(客户):""整个小区都要被他吵醒""。08月27日 06:25分。odk(客户):""@恒大城???? 秩序部 三期监控室?没敲了，被别人说走了[捂脸]""。08月27日 09:29分。恒大城???? 秩序部 三期监控室(客户):""??认真工作，全心守护。夜间巡查，日复一日。仅8月1日到8月27日，就发现51辆电动车没有拔钥匙没有关电源[炸弹][炸弹]。?????请各位业主注意防火防盗，拔钥匙关电源，避免不必要的损失[拳头][拳头]。??恒大物业—南昌恒大城。??愿我百分努力，换您十分满意""。恒大城???? 秩序部 三期监控室(客户):""[图片]""。08月27日 11:28分。Jenny(客户):""[庆祝]【免费钳工培训/岗位推荐】无经验也可报名！。为积极促进南昌县（小蓝经开区）就业人员就业分流，保障本地企业转型升级所需的技术型人才储备，南昌县（小蓝经开区）就业之家携手本地多家企业，共同推进钳工技术岗位培训！。。无经验小白、有经验但无钳工证的人员、有经验有钳工证但想提升技术的人员，符合条件的可报名，优秀学员就近推荐工作！。。报名条件：40岁以内，拥有高中及以上学历。扫描下方二维码报名↓ 报名截止8月29日，机会难得，名额有限！""。Jenny(客户):""[图片]""。08月27日 12:14分。恒大城???? 秩序部 三期监控室(客户):""骗子冒充社交软件客服，说你“百万保障”即将到期，不取消每月要扣2000元？给你制造恐慌骗你上钩！打着“教你操作”的幌子，诱导你下载涉诈APP，窥探你的银行卡信息，伺机转走你的钱财。听到“百万保障”到期扣款，一定是诈骗！无论是哪个平台“百万保障”全部免费。敬请各位领导同事转发反诈视频及反诈日历。[抱拳][抱拳][抱拳]""。恒大城???? 秩序部 三期监控室(客户):""[视频号消息]""。恒大城???? 秩序部 三期监控室(客户):""[图片]""。斯博办公设备批发15970469607(客户):""群里的朋友有清洗空调的电话或者微信啵[愉快]""。08月27日 13:20分。恒大城???? 秩序部 三期监控室(客户):""[图片]""。恒大城???? 秩序部 三期监控室(客户):""[图片]""。恒大城???? 秩序部 三期监控室(客户):""[图片]""。08月27日 14:40分。恒大城-管家-小尧(员工):""【珍爱生命，谨防溺水！】。[拳头]暑期接…………""。恒大城-管家-小尧(员工):""[图片]""。08月27日 15:10分。恒大城???? 秩序部 三期监控室(客户):""在打雷起风，有可能要下雨，请关注，晒衣服的要注意""。恒大城???? 秩序部 三期监控室(客户):""在打雷起风，有可能要下雨，请关注，晒衣服的要注意""。恒大城???? 秩序部 三期监控室(客户):""在打雷起风，有可能要下雨，请关注，晒衣服的要注意""。08月27日 18:14分。娟儿呀??(客户):""没下雨吧，刚刚下班，才看到""。恒大城???? 秩序部 三期监控室(客户):""@娟儿呀???中午的时候下了3分钟的雨""。娟儿呀??(客户):""哦吼，衣服还晾着呢""。08月27日 20:01分。恒大城???? 秩序部 三期监控室(客户):""? 2024.8.27日? 。【秩序维护部】 。1.夜班值班时间段：20：00—08：00。2.夜班值班队长:徐霖。3.物业24小时服务电话：0791-85957719/85130408。? 【物业小贴士】?。1、园区道路是大家的，请将爱车停至车位或车库，勿占行车主干道。。2、予人方便，予己方便，整齐有序，文明停车。。3、随身携带门禁卡，刷卡进出，提高安全防止偷盗。。4、请随手关大堂门，轻拉轻推，勿用力拉扯。。5、非机动车请勿进大堂、楼道内充电。。6、请勿让爱宠随地大小便，做文明养宠人。""。&&&","[
    {
        ""业主情感强度"": {
            ""odk"": ""强烈负面""
        },
        ""事件讨论开始时间"": ""08月27日 06:17"",
        ""事件讨论结束时间"": ""08月27日 06:25"",
        ""事件详情"": ""业主odk在早上6点多的时候投诉，整个小区都是一个人敲球的声音，此声音导致整个小区的业主可能被吵醒。秩序部随后回应将派人查看。稍后odk更新说噪音已经停止。"",
        ""话题倾向"": """"
    }
]"
群聊负向,"这是要分析的对话:&&&08月27日 06:57分。刘小超(客户):""你可以在你的绳子上面做个标记，写上私人物品，请勿占用""。08月27日 07:10分。康民盛食品(客户):""「慧：。不好意思这么晚打扰各位业主    我家的床单已经找到了    我说一下我的想法    虽然楼顶是大家公用的，但是我还是建议自家买一条绳子吧，不要挂在别人的绳子上面。有时候我上去挂衣服    我自己家的绳子我却找不到地方挂。，所以说都很多次没有说了，这次就借这个机会嘛给大家说一声。」。- - - - - - - - - - - - - - -。靠大家自觉""。康民盛食品(客户):""我都拉了两条。还是会被占用，""。08月27日 08:26分。慧(客户):""@刘小超?是的   我觉得这个可以""。慧(客户):""@康民盛食品?嗯嗯是的    说难听点自己拉的绳子     有时候被别人占用了     自己都不好意思说""。08月27日 08:36分。刘小超(客户):""物业也挂了公用的绳子，只是大家分不清楚哪些私人的哪些是公共的，有些私人的人家也愿意让你用。不想让别人用的做个标记就行了。像我都是上去哪里空着挂哪里，做了标记以后我就避开挂别处。""。慧(客户):""那这个我就不清楚了，我只知道我家的。我们也很少拿上去晒呀，只有洗大件的时候才会拿上去晒。""。恒大文旅城8组团管家—王学灵(员工):""?????????家人们，早上好~。今天…………""。08月27日 08:44分。贵阳鑫磊石业赛美迪13984888849(客户):""哪个说物业有挂公用的？你问一下管家，好吗？""。08月27日 08:58分。刘小超(客户):""@恒大文旅城8组团管家—王学灵?管家说清楚，楼上晒衣绳物业有没有挂公用的，还是全部都是私人的""。贵阳鑫磊石业赛美迪13984888849(客户):""你问清楚再说话哈。""。刘小超(客户):""这就在问""。恒大文旅城8组团管家—王学灵(员工):""为了大家晾晒衣服方便，我们每一栋楼顶都提…………""。贵阳鑫磊石业赛美迪13984888849(客户):""那请你把它标出来，可以吗？是哪一条？""。08月27日 09:14分。恒大文旅城8组团管家—王学灵(员工):""黑色的这两颗是我们提供给大家晾晒衣服的、…………""。恒大文旅城8组团管家—王学灵(员工):""[图片]""。恒大文旅城8组团管家—王学灵(员工):""[图片]""。贵阳鑫磊石业赛美迪13984888849(客户):""对，你这样一拍出来一备注，这样大家都不会误会了。""。08月27日 09:20分。恒大文旅城8组团管家—王学灵(员工):""哈哈，其实也不存在的，大家都是邻居、住在…………""。贵阳鑫磊石业赛美迪13984888849(客户):""这些东西都不存在。。一般我们也很少拿上去，除非洗床单，被套这种，要不然我们很少拿，他懒得走。""。08月27日 09:40分。陶子(客户):""[图片]""。陶子(客户):""[图片]""。陶子(客户):""左右两边两个类似电缆线的两根都是我弄的不是物业弄。[捂脸][捂脸][捂脸]""。陶子(客户):""但是有用到的可以用。""。08月27日 09:46分。恒大文旅城8组团管家—王学灵(员工):""不好意思，我们这边拉的晾衣绳也是这种材质…………""。陶子(客户):""[图片]""。贵阳鑫磊石业赛美迪13984888849(客户):""那你们没有绳子就不要说有绳子啊。""。陶子(客户):""这个应该是物业弄的，螺丝卡住的，我家的是手工的。""。陶子(客户):""挨着两根黑色的，地处那根应该是物业师傅弄的。""。半分笑颜(客户):""这个线拉的多有点乱了，上面那个线是不能绑在边上铁丝上的，物业弄的是打了螺丝在墙体上的""。08月27日 10:00分。刘小超(客户):""物业再多加几根绳子嘛 这样有富余的地方可以晒东西，最近太阳也很好，正好晒东西""。秋枫(客户):""你们家里都没有晾衣架吗？[呲牙]""。08月27日 10:06分。刘小超(客户):""阳台的晒了感觉还是湿湿的，楼上阳光好 晒完有阳光的香味[旺柴]""。秋枫(客户):""我感觉顶上晒了一股油烟味[捂脸]""。刘小超(客户):""[呲牙]""。08月27日 10:13分。恒大文旅城8组团管家—王学灵(员工):""尊敬的各位业主：。        近日小…………""。恒大文旅城8组团管家—王学灵(员工):""[图片]""。08月27日 12:35分。恒大文旅城8组团管家—王学灵(员工):""吃瓜??大赛来咯??。枯藤老树昏鸦???…………""。恒大文旅城8组团管家—王学灵(员工):""[图片]""。08月27日 20:10分。Morii(客户):""各位业主：晚上好！[玫瑰]。8月 27日秩序部夜间执勤安排：。一、值班:陈家豪。电话:19391777977。二、24小时值班电：0851-83862661。辖区派出所电话：0851-83851334。值班维修师傅：。杨丙云:13984310672带班时间：20:00-08:00。四、我们将12小时坚守岗位，如有需要请致电，我们将竭诚为您服务。夜间休息请关好门窗，做好安全防范，出入小区带好业主卡。。贵阳恒大文化旅游城物业服务中心祝您：。               生活愉快！""。08月27日 21:56分。神州保温总代理高铁柱15285074498(客户):""群主你好通过一下我把我儿子拉进群，谢谢""。08月27日 22:30分。杨丙云(客户):""各位业主大家晚上好，园区照明、设备房巡查，运行正常，保驾护航，物业维修部24小时在岗[加油][加油][加油]""。杨丙云(客户):""[图片]""。&&&","[
    {
        ""业主情感强度"": {
            ""刘小超"": ""一般负面"",
            ""康民盛食品"": ""一般负面"",
            ""贵阳鑫磊石业赛美迪13984888849"": ""强烈负面""
        },
        ""事件讨论开始时间"": ""08月27日 06:57"",
        ""事件讨论结束时间"": ""08月27日 09:46"",
        ""事件详情"": ""业主刘小超、康民盛食品、贵阳鑫磊石业赛美迪13984888849等反映楼顶公用晒衣绳使用混乱，私人绳子被占用，希望物业能够提供明确的公用绳子并做好标记。"",
        ""话题倾向"": """"
    }
]"
群聊负向,"这是要分析的对话:&&&08月27日 06:50分。你的月亮我的心(客户):""温馨提示：。因遇降雨天气，金碧晨跑团临时取消一天，请各位家长和小朋友们不要跑空哦[玫瑰][玫瑰]""。08月27日 08:09分。宁宁(客户):""[图片]""。宁宁(客户):""保洁上班后第一时间清理积水，方便出行[玫瑰][玫瑰]""。宁宁(客户):""[图片]""。宁宁(客户):""[图片]""。08月27日 08:46分。济南绿洲8-9号楼管家立夏(员工):""[玫瑰][玫瑰]早安  绿洲[玫瑰][玫…………""。济南绿洲8-9号楼管家立夏(员工):""[链接]""。08月27日 08:56分。济南绿洲8-9号楼管家立夏(员工):""┌─??桶装水活动来袭。??水长清纯天然…………""。济南绿洲8-9号楼管家立夏(员工):""[图片]""。08月27日 09:11分。派出所反诈宣传员(客户):""3998元，妇女?找“客服”退回孩子充值的游戏款?被骗。。1095元，大学生??其同学微信号被盗，借钱??被骗。。。男青年[色][色]约炮[色][色]，妇女??兼职刷单??、????被“异性网友”诱导投资????诈骗高发！。转发提醒好家里的[拥抱]年轻人、妇女[拥抱]！。。【8月26日电诈警情通报】。【文昌街道、新城派出所】。1、汇侨城妇女，【找“客服”退孩子充值的游戏费】被骗3998元。。??手段：孩子充值游戏后，在网上[爆竹]搜索“客服”退费[爆竹]，对方让其扫码，称?已经设置好，钱不会被转走?。结果，还是转账成功。。。【大学城、大学路派出所】。2、齐鲁工业大学大三学生（专业待核实），【其同学微信号被盗，发来借钱信息】被骗1095元。。??手段：其同学[爆竹]微信号被盗[爆竹]，对方让其?帮忙把钱从微信倒腾到支付宝?。 。       该同学用支付宝给其转钱后，对方没有信守承诺，把钱用微信再转回来。""。08月27日 12:28分。乌鳢。(客户):""谁呀？大中午头的又开DJ。""。乌鳢。(客户):""轰趴DJ。""。乌鳢。(客户):""谁呀？大中午头的又放DJ。""。08月27日 16:04分。派出所反诈宣传员(客户):""[小程序消息]""。08月27日 16:15分。宁宁(客户):""[拳头]环境提升持续进行中[拳头]。[太阳]今天园区大扫除[太阳]。恒大绿洲保洁团队为您服务[玫瑰]""。宁宁(客户):""[图片]""。08月27日 18:37分。A00(客户):""??物业秩序“小蜜蜂” ??。[庆祝]“小蜜蜂”来了！来了！[庆祝]。[太阳]有事，您说话[太阳]。[庆祝]车辆电瓶亏电启动不了！。[庆祝]家里有沉物品搬不动了！。[庆祝]买了好多东西拿不了！。联系电话：0531-55612606。秩序小“蜜蜂”竭诚为您服务！[耶][耶][耶]。[庆祝]我们的口号：。[庆祝]真心帮助每一位[庆祝]。[庆祝]热心服务每一人[庆祝]。[庆祝]赠人玫瑰[玫瑰]，手有余香[庆祝]""。A00(客户):""[图片]""。08月27日 20:06分。你的月亮我的心(客户):""尊敬的业主，您好：。       为更好、更快的解决业主问题，现将各值班人员、联系电话及值班时间公示在群内，各位业主可直接电话联系或在群内@秩序110。1、日常家用维修工具(螺丝刀、活动扳手、小锤等);。2、小型购物车、平板车、人字梯、打气筒，应急医用品等。。为您爱家保驾护航，如果您有家政保洁、直饮水卡办理、白蚁消杀、有偿维修、房屋租赁的业务需求，随时与我们联系，为您提供专业的服务。。【秩序维护部】。[爱心]1.值班时间段：。????20:00－08:00????。[爱心]2.值班中队长-赵队电话：0531-55615881。[爱心]3.物业服务电话：0531-55615896、55615596。??4.监控室值班24小时电话：0531-55612606。3、【物业-安保服务“小蜜蜂”】。[抱拳]如您家中有需要帮助的请联系我们?。[爱心]24小时为各位家人守候。[合十]贴心服务、真诚相伴。如需便民服务车，请直接联系；。①55612606。②55612808。有事您说话，我们会在第一时间安排人员帮你处理[玫瑰][玫瑰]""。你的月亮我的心(客户):""[图片]""。08月27日 23:54分。你的月亮我的心(客户):""尊敬的业主大家好！我是夜间执勤赵队长，金碧物业安保服务8月27号巡查，时刻守护业主们的安全，请安心入睡，如有紧急情况请拨打0531-55612606""。你的月亮我的心(客户):""[图片]""。08月28日 02:58分。你的月亮我的心(客户):""尊敬的业主大家好！我是夜间执勤赵队长，金碧物业安保服务8月28号巡查，时刻守护业主们的安全，请安心入睡，如有紧急情况请拨打0531-55612606""。你的月亮我的心(客户):""[图片]""。&&&","[
    {
        ""业主情感强度"": {
            ""乌鳢"": ""强烈负面""
        },
        ""事件讨论开始时间"": ""08月27日 12:28"",
        ""事件讨论结束时间"": ""08月27日 12:28"",
        ""事件详情"": ""业主乌鳢在8月27日12:28分连续三次抱怨有人在大中午放DJ音乐，造成了噪音干扰，表现出强烈的不满。"",
        ""话题倾向"": """"
    }
]"
群聊负向,"这是要分析的对话:&&&08月27日 08:06分。午后阳光(客户):""[视频]""。午后阳光(客户):""@恒大城的物业？请问你们什么时候才能排查空调漏水的情况？？？？？""。午后阳光(客户):""你们的工作态度问题请提升！！""。午后阳光(客户):""这都几个月了？？？""。午后阳光(客户):""你们的每次排查，什么时候才能有结果？？""。08月27日 08:19分。韶关恒大城A区监控员(客户):""收到 反馈给管家跟进""。08月27日 08:59分。（休息中）韶关恒大城-管家-邱光明(员工):""姐，早上好。现在有滴吗？您在家吗？我过去…………""。（休息中）韶关恒大城-管家-邱光明(员工):""@午后阳光""。午后阳光(客户):""@（休息中）韶关恒大城-管家-邱光明?我现在不在家""。午后阳光(客户):""我打了电话找蜘蛛人，他们说叫物业打电话安排@（休息中）韶关恒大城-管家-邱光明?""。午后阳光(客户):""水滴在最外墙的窗台上""。（休息中）韶关恒大城-管家-邱光明(员工):""这是一条引用/回复消息：。""午后阳光。水…………""。午后阳光(客户):""@（休息中）韶关恒大城-管家-邱光明?我希望你们物业能安排蜘蛛人来帮整栋的外墙玻璃清洗，顺便查看空调排水管漏水的情况""。08月27日 09:05分。午后阳光(客户):""整栋楼的外墙玻璃都好久没清洗了""。午后阳光(客户):""@韶关恒大城-管家-邱光明?刚才是在家里拍的视频，早上还在滴水！我现在不在家""。08月27日 09:12分。（休息中）韶关恒大城-管家-邱光明(员工):""之前我们都有协调您楼上业主处理，我也买望…………""。（休息中）韶关恒大城-管家-邱光明(员工):""[图片]""。（休息中）韶关恒大城-管家-邱光明(员工):""[图片]""。（休息中）韶关恒大城-管家-邱光明(员工):""这是之前楼上业主整改时拍的图片[抱拳]""。08月27日 09:23分。午后阳光(客户):""整改也要有个结果啊？@韶关恒大城-管家-邱光明?你的整改后每天楼上的业主家开空调还是在滴水！长期这样导致我的睡眠质量不好，影响到我的身体健康，难道说物业就这样不用负责了吗？""。08月27日 09:32分。陈憬梅(客户):""邻居，你们有没有排查过，是不是你家的空调漏水呀""。（休息中）韶关恒大城-管家-邱光明(员工):""她那排查过了，也让外面师傅也处理过了了""。陈憬梅(客户):""物业来我们家至少不同人来了三次，我们家改到室内排水了[捂脸]""。陈憬梅(客户):""滴水滴的那么精准，最可能是他家上一层楼，或者再上一层楼，再高水会飘散""。08月27日 09:40分。（休息中）韶关恒大城-管家-邱光明(员工):""5-10楼我重点排查了。整改了2户，一户…………""。午后阳光(客户):""「陈憬梅：。邻居，你们有没有排查过，是不是你家的空调漏水呀」。- - - - - - - - - - - - - - -。@陈憬梅?我家的叫空调师傅排查过了""。午后阳光(客户):""要是已排查和整改过的，那就说明还有没有整改的。""。08月27日 09:47分。午后阳光(客户):""今天早上八点钟还在滴水""。午后阳光(客户):""现在没有滴了！""。午后阳光(客户):""「韶关恒大城-管家-邱光明：。5-10楼我重点排查了。整改了2户，一户说没装空调，2户不常住」。- - - - - - - - - - - - - - -。有一户说没有装空调，请问你进去看了没有？""。08月27日 09:52分。（休息中）韶关恒大城-管家-邱光明(员工):""您楼上比较近的业主，不是不常住的，我都约…………""。08月27日 11:36分。筱诺诺(客户):""装个摄像头到外墙看""。08月27日 13:55分。阿芬(客户):""搞个无人机拍下，或自拍杆伸出窗外拍""。08月27日 14:25分。（休息中）韶关恒大城-管家-邱光明(员工):""我已经让之前休空调的业主拍了图片给我了，…………""。08月27日 16:03分。Susan??(客户):""请问6栋1703的业主在群里吗""。（休息中）韶关恒大城-管家-邱光明(员工):""您好，没在哦""。08月27日 16:51分。豆豆(客户):""我家1803的主人房窗玻璃也有空调水。""。08月27日 16:59分。（休息中）韶关恒大城-管家-邱光明(员工):""这是一条引用/回复消息：。""豆豆。我家1…………""。豆豆(客户):""没有没有，没有人住呢""。豆豆(客户):""{""pre_msgid"":""2791644875539557189_1724749218589_external""}""。豆豆(客户):""不在呢，""。08月27日 17:09分。（休息中）韶关恒大城-管家-邱光明(员工):""这是一条引用/回复消息：。""豆豆。我家1…………""。08月27日 19:05分。韶关恒大城A区监控员(客户):""2024-08-27。【秩序维护部】。1、值班时间段: 19:00-07:00。2、值班中队长: 祝金才。联系:13509859250。【温馨提示】。请各位业主知悉，如需要帮助或遇紧急情况，请电话联系值班室或值班中队长。。物业24小时值班电话：。0751-8709633。0751-8709600""。&&&","[
    {
        ""业主情感强度"": {
            ""陈憬梅"": ""一般负面"",
            ""豆豆"": ""一般负面"",
            ""午后阳光"": ""强烈负面""
        },
        ""事件讨论开始时间"": ""08月27日 08:06"",
        ""事件讨论结束时间"": ""08月27日 19:05"",
        ""事件详情"": ""业主午后阳光反映其所在楼栋空调漏水问题长期未得到解决，物业排查无果，业主情绪激动。漏水问题导致业主午后的阳光睡眠质量下降，影响健康。期间，业主陈憬梅、筱诺诺、阿芬、豆豆也提出相似问题或建议，表现出对物业处理该问题能力的不满。"",
        ""话题倾向"": """"
    }
]"
群聊负向,"这是要分析的对话:&&&08月27日 09:26分。恒大城???? 秩序部 三期监控室(客户):""[图片]""。恒大城???? 秩序部 三期监控室(客户):""??认真工作，全心守护。夜间巡查，日复一日。仅8月1日到8月27日，就发现51辆电动车没有拔钥匙没有关电源[炸弹][炸弹]。?????请各位业主注意防火防盗，拔钥匙关电源，避免不必要的损失[拳头][拳头]。??恒大物业—南昌恒大城。??愿我百分努力，换您十分满意""。08月27日 12:17分。恒大城???? 秩序部 三期监控室(客户):""骗子冒充社交软件客服，说你“百万保障”即将到期，不取消每月要扣2000元？给你制造恐慌骗你上钩！打着“教你操作”的幌子，诱导你下载涉诈APP，窥探你的银行卡信息，伺机转走你的钱财。听到“百万保障”到期扣款，一定是诈骗！无论是哪个平台“百万保障”全部免费。敬请各位领导同事转发反诈视频及反诈日历。[抱拳][抱拳][抱拳]""。恒大城???? 秩序部 三期监控室(客户):""[图片]""。恒大城???? 秩序部 三期监控室(客户):""[视频号消息]""。08月27日 13:19分。恒大城???? 秩序部 三期监控室(客户):""[图片]""。恒大城???? 秩序部 三期监控室(客户):""[图片]""。恒大城???? 秩序部 三期监控室(客户):""[图片]""。08月27日 14:31分。恒大城-管家-小刘(员工):""【珍爱生命，谨防溺水！】。[拳头]暑期接…………""。恒大城-管家-小刘(员工):""[图片]""。08月27日 15:10分。恒大城???? 秩序部 三期监控室(客户):""在打雷起风，有可能要下雨，请关注，晒衣服的要注意""。恒大城???? 秩序部 三期监控室(客户):""在打雷起风，有可能要下雨，请关注，晒衣服的要注意""。恒大城???? 秩序部 三期监控室(客户):""在打雷起风，有可能要下雨，请关注，晒衣服的要注意""。08月27日 16:46分。恒大城-管家-小刘(员工):""预存送礼嘉年华，速度下手占名额[憨笑]，…………""。恒大城-管家-小刘(员工):""[图片]""。恒大城-管家-小刘(员工):""[图片]""。08月27日 18:30分。蔡江辉(客户):""工人修外墙  你们没交代好保洁保护吗？""。蔡江辉(客户):""[图片]""。蔡江辉(客户):""@恒大城-管家-小刘?""。恒大城???? 秩序部 三期监控室(客户):""@蔡江辉?不好意思，这个可能有些外墙灰尘什么的掉落，等维修完了私发短信联系楼管，让楼管安排保洁去尽量打扫""。蔡江辉(客户):""沾在窗户上面的外墙水泥""。08月27日 18:36分。恒大城???? 秩序部 三期监控室(客户):""嗯，等修完了外墙私发短信联系楼管，我们会尽量处理""。蔡江辉(客户):""一个窗户整成这样  你们交代交底好工人  别动不动就说不好意思@恒大城???? 秩序部 三期监控室?""。恒大城???? 秩序部 三期监控室(客户):""我们也会叮嘱好相关人员，但毕竟像这种大工程，难免是会造成一些污染的，请相互理解一下，确实不好意思""。08月27日 19:19分。悠悠我的心(客户):""@恒大城???? 秩序部 三期监控室?我家卫生间和阳台的窗户，及延伸衣架也是这样""。恒大城???? 秩序部 三期监控室(客户):""@悠悠我的心?好的，等修完外墙就私发短信联系楼管，让楼管安排打扫，""。悠悠我的心(客户):""好的""。08月27日 20:00分。恒大城???? 秩序部 三期监控室(客户):""? 2024.8.27日? 。【秩序维护部】 。1.夜班值班时间段：20：00—08：00。2.夜班值班队长:徐霖。3.物业24小时服务电话：0791-85957719/85130408。? 【物业小贴士】?。1、园区道路是大家的，请将爱车停至车位或车库，勿占行车主干道。。2、予人方便，予己方便，整齐有序，文明停车。。3、随身携带门禁卡，刷卡进出，提高安全防止偷盗。。4、请随手关大堂门，轻拉轻推，勿用力拉扯。。5、非机动车请勿进大堂、楼道内充电。。6、请勿让爱宠随地大小便，做文明养宠人。""。恒大城???? 秩序部 三期监控室(客户):""? 2024.8.27日? 。【秩序维护部】 。1.夜班值班时间段：20：00—08：00。2.夜班值班队长:徐霖。3.物业24小时服务电话：0791-85957719/85130408。? 【物业小贴士】?。1、园区道路是大家的，请将爱车停至车位或车库，勿占行车主干道。。2、予人方便，予己方便，整齐有序，文明停车。。3、随身携带门禁卡，刷卡进出，提高安全防止偷盗。。4、请随手关大堂门，轻拉轻推，勿用力拉扯。。5、非机动车请勿进大堂、楼道内充电。。6、请勿让爱宠随地大小便，做文明养宠人。""。&&&","[
    {
        ""业主情感强度"": {
            ""蔡江辉"": ""强烈负面"",
            ""悠悠我的心"": ""一般负面""
        },
        ""事件讨论开始时间"": ""08月27日 18:30分"",
        ""事件讨论结束时间"": ""08月27日 19:19分"",
        ""事件详情"": ""在08月27日，业主蔡江辉首先提出工人修外墙时没有交代好保洁保护，导致窗户上沾有外墙水泥。随后，业主悠悠我的心也表示自家的卫生间和阳台的窗户，及延伸衣架也存在同样的问题。物业方对此表示维修完毕后会尽量处理，但认为大工程难免会造成污染，希望业主理解。"",
        ""话题倾向"": """"
    }
]"
群聊负向,"这是要分析的对话:&&&08月25日 05:54分。?破茧成蝶?(客户):""[视频]""。?破茧成蝶?(客户):""1号客梯，这3个楼层常亮，没人做也得到这楼层停""。08月25日 07:46分。娟子(客户):""@恒大城-管家-小舒??电梯坏了，麻烦找人来修一下""。恒大城???? 秩序部 三期监控室(客户):""已通知电梯师傅了""。08月25日 10:43分。物业生活服务部(客户):""炎炎夏日[太阳]全靠空调冷饮续命[发抖]。可是这样的空调，你敢用吗[衰]。。优惠来袭[哇]现在下单。[礼物]立享【空调清洗】特惠。??挂机空调60元/台，158元3台。。立享清爽凉风，联系管家或??18126299685(微信同号)下单""。08月25日 13:36分。恒大城???? 秩序部 三期监控室(客户):""骗子伪装手段千千万，“人设”过于完美要警惕！颜值出众、前途无量、相见恨晚，“包租婆”都成为了他们的目标；骗子假借租房名义，说自己知道投资“内幕”，一步步引诱房东上钩，血汗钱瞬间被骗走。网络交友需谨慎，投资理财要去正规平台。不要点击陌生链接，不要下载非法软件。敬请各位领导同事转发反诈视频及反诈日历。[抱拳][抱拳][抱拳]""。恒大城???? 秩序部 三期监控室(客户):""[视频号消息]""。恒大城???? 秩序部 三期监控室(客户):""[图片]""。08月25日 14:27分。物业生活服务部(客户):""# 清凉一夏#。夏日炎炎，夏日送清凉，邀请国企光明乳业进社区公益活动[庆祝][庆祝][庆祝][庆祝]。本月25—26号（明天—后天）在30栋物业前广场小区免费赠送牛奶，可领取光明优倍浓醇鲜奶一瓶，<订购价7.9元一瓶>。数量有限，先来先得，送完为止。欢迎各位业主到现场登记免费领取，现场还有各种鲜奶试喝。活动现场订奶有优惠送送送不停  活动时间下午16:00-21:00欢迎踊跃参与[玫瑰][玫瑰]。光明牛奶咨询电话：19979925017""。08月25日 14:42分。恒大城???? 秩序部 三期监控室(客户):""“XX客服”打来电话，说你开通了“百万保障”已经逾期未缴费！会每个月扣除800元，如需关闭要下载APP，共享屏幕教你操作。为了取得你的信任，告诉你网址查他的工号，还让你转账到“安全账户”验资，一步步诱导你“入坑”“百万保障”是免费的！说要扣费的都是骗子！敬请各位领导同事转发反诈视频及反诈日历。[抱拳][抱拳][抱拳]""。恒大城???? 秩序部 三期监控室(客户):""[图片]""。恒大城???? 秩序部 三期监控室(客户):""[视频号消息]""。08月25日 20:26分。恒大城???? 秩序部 三期监控室(客户):""? 2024.8.25日? 。【秩序维护部】 。1.夜班值班时间段：20：00—08：00。2.夜班值班队长:徐霖。3.物业24小时服务电话：0791-85957719/85130408。? 【物业小贴士】?。1、园区道路是大家的，请将爱车停至车位或车库，勿占行车主干道。。2、予人方便，予己方便，整齐有序，文明停车。。3、随身携带门禁卡，刷卡进出，提高安全防止偷盗。。4、请随手关大堂门，轻拉轻推，勿用力拉扯。。5、非机动车请勿进大堂、楼道内充电。。6、请勿让爱宠随地大小便，做文明养宠人。""。&&&","[
    {
        ""业主情感强度"": {
            ""破茧成蝶"": ""一般负面"",
            ""娟子"": ""一般负面""
        },
        ""事件讨论开始时间"": ""08月25日 05:54"",
        ""事件讨论结束时间"": ""08月25日 07:46"",
        ""事件详情"": ""业主“破茧成蝶”和“娟子”分别反映了1号客梯的故障问题，其中“破茧成蝶”提到电梯常亮并无人使用时也停在该楼层，而“娟子”直接@物业管家要求修理电梯。"",
        ""话题倾向"": """"
    }
]"
群聊负向,"这是要分析的对话:&&&08月28日 09:31分。草莓不馁(客户):""各位居民朋友们:。 为了提高辖区孕、产妇及宝妈的健康指数，彭家坊社区将开展“幸福来敲门，健康暖人心”活动，特邀请一附医院妇产专家亲临指导，对孕妈营养咨询、护士进行胎心监护，女性妇科健康义诊等活动，让妈妈们在家门口就可以享受专业的妇产服务。。1、活动时间：2024年8月31日。2、活动地点:彭家坊社区。3、现场有价值200元的产检券、两癌筛查体检券由爱佳妇产医院免费提供，还有精美礼品相赠。。请大家踊跃报名，名额有限，先报先得！""。08月28日 13:55分。涛(客户):""不到地下一那部电梯照明故障""。08月28日 14:13分。恒大城-管家-小廖(员工):""好的，收到，我联系师傅处理""。08月28日 14:22分。恒大城-管家-小廖(员工):""电梯已恢复[玫瑰]@涛 ""。08月28日 18:07分。恒大城-管家-小廖(员工):""东门十字路口拐弯处有查头盔""。08月28日 18:32分。杨春如(客户):""[图片]""。杨春如(客户):""赶紧叫人来移车""。杨春如(客户):""@恒大城-管家-小廖?""。08月28日 18:48分。Beenle(客户):""@恒大城-管家-小廖?叫挪车，我车停不进去""。Beenle(客户):""[图片]""。Beenle(客户):""[图片]""。Beenle(客户):""{""pre_msgid"":""8235720452755919947_1724842117415_external""}""。Beenle(客户):""@恒大城-管家-小廖?@恒大城???? 秩序部 三期监控室? 我车要停这个位置""。Beenle(客户):""我等5分钟，没到，我把车停这中间了""。杨春如(客户):""@Beenle?我车位被别人停了，还没留电话""。Beenle(客户):""我进不去""。Beenle(客户):""你往前停一点""。Beenle(客户):""我方便下来挪车不？不方便的物业不处理我准备我们两车直接停这堵了""。Beenle(客户):""{""pre_msgid"":""902529192238818656_1724842361561_external""}""。Beenle(客户):""你方便下来挪车不？不方便的物业不处理我准备我们两车直接停这堵了""。Beenle(客户):""你方便下来挪车不？不方便的话物业又不处理我准备我们两车直接停这堵了""。Beenle(客户):""{""pre_msgid"":""6580496545715310490_1724842372492_external""}""。08月28日 18:58分。恒大城???? 秩序部 三期监控室(客户):""不好意思，我打12345""。08月28日 19:07分。杨春如(客户):""乱停别人车位，居然电话都不留，过分了！""。08月28日 19:24分。恒大城???? 秩序部 三期监控室(客户):""@杨春如?不好意思，12345已联系上车主，车主马上下来移""。&&&","[
    {
        ""业主情感强度"": {
            ""杨春如"": ""强烈负面"",
            ""Beenle"": ""强烈负面""
        },
        ""事件讨论开始时间"": ""08月28日 18:32分"",
        ""事件讨论结束时间"": ""08月28日 19:24分"",
        ""事件详情"": ""业主杨春如和Beenle发现他们的停车位被他人占用，且未留下联系方式。两位业主对物业处理该事件的速度和效率表示不满，Beenle甚至提出要堵住车道以示抗议。"",
        ""话题倾向"": """"
    }
]"
群聊负向,"这是要分析的对话:&&&08月28日 08:49分。13.15管家李彬(员工):""?????????家人们，早上好~。今天…………""。08月28日 08:54分。ceng(客户):""6栋14楼垃圾都没有清理 ""。ceng(客户):""垃圾堆在那里好久了都没人管 ""。08月28日 09:11分。ceng(客户):""李斌请你今天叫人清理一下垃圾 ""。08月28日 10:06分。13.15管家李彬(员工):""收到""。13.15管家李彬(员工):""我让人去处理""。ceng(客户):""好的""。08月28日 17:38分。13.15管家李彬(员工):""【管家播报】—温馨提示[爱心][爱心]。…………""。&&&","[
    {
        ""业主情感强度"": {
            ""ceng"": ""一般负面""
        },
        ""事件讨论开始时间"": ""08月28日 08:54分"",
        ""事件讨论结束时间"": ""08月28日 10:06分"",
        ""事件详情"": ""6栋14楼垃圾未清理，业主ceng对此表示不满，指出垃圾堆放已久无人管理，并要求管家李彬安排清理。"",
        ""话题倾向"": """"
    }
]"
群聊负向,"这是要分析的对话:&&&08月28日 06:30分。打不败的小太阳(客户):""停车场这里又没人在吗？""。打不败的小太阳(客户):""没人开闸""。?(客户):""可能上厕所了 等我来""。08月28日 08:45分。雷松(员工):""?????????家人们，早上好~。今天…………""。08月28日 11:11分。雷松(员工):""【物业在行动-绿化养护】。?? 烈日当空…………""。雷松(员工):""[图片]""。雷松(员工):""[图片]""。雷松(员工):""[图片]""。08月28日 13:42分。开心快乐(客户):""每天都在上厕所，早上我们出去也没人开门，晚上进来也没人开门，究竟在干嘛？""。开心快乐(客户):""我们一天上班起得早，按了老板扣钱，你们不要耽搁我们""。08月28日 14:15分。Devin????????????(客户):""除了有时系统会些许延迟，我们都是正常开启道闸的，我这边也会交代下去随时盯着操作系统！[社会社会]""。08月28日 17:17分。9527(客户):""可以把杆子改短一点，让电动车和摩托车可以进出""。08月28日 18:53分。雷松(员工):""【???♀管家播报—保洁篇】。。    …………""。雷松(员工):""[图片]""。雷松(员工):""[图片]""。雷松(员工):""[图片]""。雷松(员工):""[图片]""。雷松(员工):""[图片]""。雷松(员工):""[图片]""。&&&","[
    {
        ""业主情感强度"": {
            ""开心快乐"": ""强烈负面"",
            ""打不败的小太阳"": ""一般负面""
        },
        ""事件讨论开始时间"": ""08月28日 06:30"",
        ""事件讨论结束时间"": ""08月28日 14:15"",
        ""事件详情"": ""停车场早上和晚上无人开闸，业主开心快乐和小太阳反应了此问题，表达出强烈的不满。开心快乐业主表示，早上出门和晚上回家时经常无人开门，导致上班迟到会被老板扣钱，对此情况表示严重不满。另一位业主Devin虽为物业辩解，但也间接证实了系统有时会延迟。"",
        ""话题倾向"": """"
    }
]"
群聊负向,"这是要分析的对话:&&&08月28日 10:37分。陌上深深(客户):""[图片]""。陌上深深(客户):""@管家     成这样了[捂脸]""。08月28日 10:52分。恒大城-管家小傅(员工):""这是一条引用/回复消息：。""陌上深深。@…………""。倩倩(客户):""还不如不刷漆""。08月28日 12:06分。?柠檬草╭(╯ε╰)╮味道(客户):""[图片]""。?柠檬草╭(╯ε╰)╮味道(客户):""真他妈的有病，谁把我车牌偷了""。08月28日 12:17分。宠%%(客户):""我的车牌才上一个礼拜就被人家偷了[捂脸]""。?柠檬草╭(╯ε╰)╮味道(客户):""@宠%%?要不要挂失[捂脸][捂脸]""。宠%%(客户):""最好是挂失吧""。?柠檬草╭(╯ε╰)╮味道(客户):""去哪里挂失""。妙娃 张永彬     　(客户):""报警一下""。宠%%(客户):""手机上不知道能不能挂失""。&&&","[
    {
        ""业主情感强度"": {
            ""陌上深深"": ""一般负面""
        },
        ""事件讨论开始时间"": ""08月28日 10:37"",
        ""事件讨论结束时间"": ""08月28日 10:52"",
        ""事件详情"": ""业主陌上深深对物业的某项工作（可能为墙面刷新）表示不满，发布了带有负面情绪的图片和文字评论。"",
        ""话题倾向"": """"
    },
    {
        ""业主情感强度"": {
            ""?柠檬草╭(╯ε╰)╮味道"": ""强烈负面"",
            ""宠%%"": ""一般负面""
        },
        ""事件讨论开始时间"": ""08月28日 12:06"",
        ""事件讨论结束时间"": ""08月28日 12:17"",
        ""事件详情"": ""业主?柠檬草╭(╯ε╰)╮味道和宠%%都发现自己的车牌被盗，?柠檬草╭(╯ε╰)╮味道用强烈的语言表达了自己的愤怒，宠%%则表示了自己的无奈和需要解决该问题的办法。"",
        ""话题倾向"": """"
    }
]"
群聊负向,"这是要分析的对话:&&&08月28日 08:38分。贵阳恒大半山御景-管家-郑超超(员工):""尊敬的业主：。   早上好！今天小管休息…………""。呵呵呵呵(客户):""[图片]""。呵呵呵呵(客户):""这个还是没处理，是不是打算留着当年终奖，过年时候一人发一袋回去""。贵阳恒大半山御景-管家-郑超超(员工):""收到""。洋(客户):""@贵阳恒大半山御景-管家-郑超超?停车场都有些开始脱皮了，要处理不""。08月28日 08:46分。贵阳恒大半山御景-管家-郑超超(员工):""我这边反馈给工程部[抱拳]""。08月28日 09:01分。呵呵呵呵(客户):""[图片]""。呵呵呵呵(客户):""[图片]""。呵呵呵呵(客户):""这些东西到现在还是没弄""。呵呵呵呵(客户):""每次都是只收到不去做""。呵呵呵呵(客户):""铝合金说了几百回了，还是不处理，人家22组团都要交房了，不要给我说铝合金压条没到，""。呵呵呵呵(客户):""那个楼顶大洞也是""。呵呵呵呵(客户):""物业比死老蛇还难动一下，不想做就不要做，一天心烦老火""。呵呵呵呵(客户):""还天天去巡逻，瞎眼了，看不到吗？还天天在群里说没发现异常""。呵呵呵呵(客户):""该修的不修，该打扫的不打扫，来占着茅坑不拉屎呀，这是想恶心业主，还是恶心自己""。08月28日 09:07分。呵呵呵呵(客户):""一件事情说几百遍都是充耳不闻，这是来服务业主的吗？这是来当大爷了，不，应该是来当一个耳背的老祖公了""。李垚垚(客户):""最主要是楼顶的大洞""。李垚垚(客户):""生怕这房子质量太好了，就要给它漏起""。呵呵呵呵(客户):""加上一个五星级物业，简直是宇宙第一""。洋(客户):""大家可以把把聊天记录保存起""。李垚垚(客户):""物业只管收到，好的，找地产。在问，在跟，建议找政府。""。08月28日 09:12分。李垚垚(客户):""[表情]""。李垚垚(客户):""「呵呵呵呵：[图片]」。- - - - - - - - - - - - - - -。这个地方对面，有一处可以关上门的，应该是被人私用存放垃圾了的""。洋(客户):""七栋门口装修产生的水泥壳，我两个月前就给管家报过，说马上处理，直到现在还那样""。李垚垚(客户):""我交的的物管费是含有公共区域服务的。请物管调查公布具体情况，把占用我付费区域产生的收益付给我@贵阳恒大半山御景-管家-郑超超?@秩序负责人-时小龙?@""。08月28日 09:17分。李垚垚(客户):""另，公共区域被占为私用，请物管作履职不到位说明""。08月28日 09:23分。贵阳恒大半山御景-管家-郑超超(员工):""公区问题已经沟通地产单位处理的，因为整改…………""。08月28日 09:32分。李垚垚(客户):""又停水了？又是哪样问题嘛？""。贵阳恒大半山御景-管家-郑超超(员工):""师傅在检查，稍等""。呵呵呵呵(客户):""限高事情哦，上次刮伤我亲戚家车顶，我说叫你们弄一个限高标识在比较矮那里，至今几个月过去了，依旧没弄""。08月28日 09:37分。胖li(客户):""「贵阳恒大半山御景-管家-郑超超：。公区问题已经沟通地产单位处理的，因为整改问题较多，他们处理得较慢，在催促处理。公区杂物堆放我们加强管控的同时也会清理掉，由于停车场限高，我们的垃圾清运车需要去除顶棚才能开进去，需要改装一下[抱拳]去除以后马上清理。各位业主我知道您们所反映的问题，不是拖，是问题较多，一项一项的处理着走的，我们这边尽快跟进处理[抱拳][抱拳][抱拳]」。- - - - - - - - - - - - - - -。什么鬼玩意？不是拖就是话术我们，就拿楼顶的那个洞来说，6月份就一直摆起到现在，群里邻居不止说一次，皇上批阅奏折有这么慢吗？以前吐槽10086按键服务，拿你们当盘菜，自己不把自己当碟菜，一次又一次让我们见识了新高度""。李垚垚(客户):""哈哈哈哈哈""。李垚垚(客户):""真的，你好好说他就拽兮兮的""。李垚垚(客户):""不晓得他们是不是准备一直拖着不处理就一直到上一期物业服务结束哦""。胖li(客户):""郑超超小哥哥是不错的，但是你们金碧物业的这个服务，也不知道到是领导层的关系还是服务本身就是这个样子，""。08月28日 09:44分。胖li(客户):""做什么事情都是上报，找地产之类的""。李垚垚(客户):""「胖li：郑超超小哥哥是不错的，但是你们金碧物业的这个服务，也不知道到是领导层的关系还是服务本身就是这个样子，」。- - - - - - - - - - - - - - -。??""。李垚垚(客户):""我家卧室门报修，还有请上周六给我约师傅处理厨房灯带，都没张我嘞""。胖li(客户):""他就是个小洛洛，估计有事就上报，至于处不处理就不关他的事，感觉是这样哈，""。呵呵呵呵(客户):""停车场那个垃圾，你们物业不是有小板车嘛，用小板车拉出来就可以了，又没好多，还扯什么垃圾清运车，难道是一座垃圾山吗，需要垃圾清运车""。呵呵呵呵(客户):""就是推诿""。08月28日 09:49分。呵呵呵呵(客户):""[文件超过最大限制]""。呵呵呵呵(客户):""这个需要垃圾清运车呀""。呵呵呵呵(客户):""还有垃圾桶那里，那里几款辞职，放那里几个月了，是留着当传家宝呀，如果留着当传家宝就拿回家去好好收藏，不是麻烦处理了""。李垚垚(客户):""[表情]""。呵呵呵呵(客户):""{""pre_msgid"":""13816565764020631841_1724809858345_external""}""。呵呵呵呵(客户):""还有垃圾桶那里，那里几块瓷砖，放那里几个月了，是留着当传家宝呀，如果留着当传家宝就拿回家去好好收藏，不是麻烦处理了""。08月28日 09:55分。罗攀(客户):""[表情]""。08月28日 13:01分。??????(客户):""咋个又停水了嘛！""。08月28日 14:09分。翠钿红衿(客户):""@贵阳恒大半山御景-管家-郑超超?麻烦问一下好久来水？""。翠钿红衿(客户):""这两天咋搞勒老是停水啊""。贵阳恒大半山御景-管家-郑超超(员工):""水务在调度，具体时间不详，有消息第一时间…………""。翠钿红衿(客户):""[撇嘴][撇嘴][撇嘴][撇嘴]""。08月28日 17:05分。long绪(客户):""好久来水嘛""。long绪(客户):""大热天的还要不要人活""。long绪(客户):""@贵阳恒大半山御景-管家-郑超超?好久来水""。long绪(客户):""？""。long绪(客户):""？""。long绪(客户):""？""。long绪(客户):""@贵阳恒大半山御景-管家-郑超超?好久来水""。陈仕江(员工):""这边已经安排人去水泵房看水箱水位有多少，…………""。08月28日 17:12分。静檀(客户):""来水了的""。敏(客户):""@静檀?你几楼""。敏(客户):""我们7楼，水没来""。陈仕江(员工):""水泵房马上起泵，检查一下家里面有没有水？""。08月28日 17:22分。静檀(客户):""18""。&&&","[
 {
        ""业主情感强度"": {
            ""呵呵呵呵"": ""强烈负面"",
            ""洋"": ""一般负面"",
        },
        ""事件讨论开始时间"": ""08月28日 08:38分"",
        ""事件讨论结束时间"": ""08月28日 08:46分"",
        ""事件详情"": ""业主'呵呵呵呵'对小区某处堆积的物品表示强烈不满，并反问物业是不是打算把这些当做年终奖过年发每人一袋，同时业主洋表示停车场墙面脱皮要求物业处理。"",
        ""话题倾向"": """"
    },
    {
        ""业主情感强度"": {
            ""呵呵呵呵"": ""强烈负面"",
            ""李垚垚"": ""强烈负面"",
        },
        ""事件讨论开始时间"": ""08月28日 08:46分"",
        ""事件讨论结束时间"": ""08月28日 09:12分"",
        ""事件详情"": ""业主'呵呵呵呵'对铝合金压条一直未到表示强烈不满，同时业主李垚垚也对物业迟迟未修复楼顶大洞表示强烈不满，并批评物业响应迟缓，态度不端正。"",
        ""话题倾向"": """"
    },
    {
        ""业主情感强度"": {
            ""李垚垚"": ""强烈负面"",
            ""洋"": ""一般负面""
        },
        ""事件讨论开始时间"": ""08月28日 08:46分"",
        ""事件讨论结束时间"": ""08月28日 09:17分"",
        ""事件详情"": ""业主'洋'和李垚垚提出停车场脱皮和公共区域被私用的问题，李垚垚还要求物业公布具体情况并赔偿。"",
        ""话题倾向"": """"
    },
    {
        ""业主情感强度"": {
            ""胖li"": ""一般负面"",
            ""呵呵呵呵"": ""强烈负面""
        },
        ""事件讨论开始时间"": ""08月28日 09:23分"",
        ""事件讨论结束时间"": ""08月28日 09:49分"",
        ""事件详情"": ""业主'呵呵呵呵'和'胖li'对物业的响应速度和解决态度表示不满，认为物业在推诿责任。"",
        ""话题倾向"": """"
    },
    {
        ""业主情感强度"": {
            ""李垚垚"": ""一般负面"",
            ""翠钿红衿"": ""一般负面"",
            ""??????"": ""一般负面"",
            ""long绪"": ""强烈负面"",
            ""敏"": ""一般负面""
        },
        ""事件讨论开始时间"": ""08月28日 13:01分"",
        ""事件讨论结束时间"": ""08月28日 17:22分"",
        ""事件详情"": ""多位业主对停水事件表示不满，批评物业没有及时解决问题。"",
        ""话题倾向"": """"
    }
]"
群聊负向,"这是要分析的对话:&&&08月28日 06:30分。小老三(客户):""20.2.402的房主，您有本事也有钱，一百来万的房子放震楼器骚扰人，我期待着您的入住。""。小老三(客户):""20.2.402房主的全部资料，提供者可获得市场价的信息费，联系方式电话号码即微信号，此号码己用近三十年了，牢固可靠！用途：聊聊天。""。08月28日 08:30分。兔兮兮(客户):""物业领导们，地下车库19组团通向18组团处，装个镜子嘛，安全些，18直行看不到19过来的车""。08月28日 08:37分。18组团请添加企业微信(客户):""「兔兮兮：。物业领导们，地下车库19组团通向18组团处，装个镜子嘛，安全些，18直行看不到19过来的车」。- - - - - - - - - - - - - - -。我这边跟秩序和工程部的协调一下 看能不能安装一个""。08月28日 08:45分。18组团请添加企业微信(客户):""?????????家人们，早上好~。今天是2024年8月28日。农历七月廿五，星期三。天气：大部多云???。温度：20-33℃。[玫瑰]今天管家小杜在岗，有事可以call我 19199885705或者联系物业服务中心24小时热线0851-88913376。。温馨提示：。1.禁止高空抛物，做文明邻居，不给自己及他人带来伤害。。2.文明养犬，及时清理狗便，遛狗请栓狗链（无论大小），避免惊吓到老人和小孩。。3.出门上班记得关好门窗，关闭水电、燃气。。4.请装修住户按照正常装修时间装修，以免给其他业主带来不便。 [爱心][爱心][爱心]清晨分享：不求所有日子都泛着光?只愿每一天都承载着健康??浸润着温暖??早安～""。08月28日 09:48分。陈仕江(员工):""【维修播报】大门刷漆????  。?长时…………""。陈仕江(员工):""[图片]""。Aris(客户):""[强][强][强]""。08月28日 10:49分。贵阳恒大半山御景-管家-杜婷婷(员工):""温馨提示??。   各位业主好！ 洋房8…………""。贵阳恒大半山御景-管家-杜婷婷(员工):""[图片]""。08月28日 11:09分。贵阳恒大半山御景-管家-杜婷婷(员工):""8栋1单元电梯木板已打胶固定，各位业主尽…………""。十点睡(客户):""好的谢谢""。08月28日 17:41分。小老三(客户):""20.2.402房主的全部资料，提供者可获得市场价的信息费，联系方式电话号码即微信号，此号码己用近三十年了，牢固可靠！用途：聊聊天。""。小老三(客户):""20.2.402的房主，您有本事也有钱，一百来万的房子放震楼器骚扰人，我期待着您的入住。""。&&&","[
    {
        ""业主情感强度"": {
            ""小老三"": ""强烈负面""
        },
        ""事件讨论开始时间"": ""08月28日 06:30分"",
        ""事件讨论结束时间"": ""08月28日 17:41分"",
        ""事件详情"": ""20.2.402房主使用震楼器骚扰邻居，小老三对此表示强烈不满，并公开悬赏房主信息。"",
        ""话题倾向"": """"
    }
]"
群聊负向,"这是要分析的对话:&&&08月28日 09:48分。柠檬(客户):""@韶关恒大城-管家-杨洪财?30栋客梯好臭好臭""。韶关恒大城-管家-杨洪财(员工):""收到，这边反馈保洁处理。""。08月28日 19:03分。韶关恒大城B区监控员(客户):""2024-8-28。【秩序维护部】。1、值班时间段:【19:00-7:00】。2、值班中队长:  李佰全。联系电话：18933707875。【温馨提示】。请各位业主知悉，如需要帮助或遇紧急情况，请电话联系值班室或值班中队长。。物业24小时值班电话：0751-8706100。0751-8706228""。&&&","[
    {
        ""业主情感强度"": {
            ""柠檬"": ""一般负面""
        },
        ""事件讨论开始时间"": ""08月28日 09:48"",
        ""事件讨论结束时间"": ""08月28日 09:48"",
        ""事件详情"": ""在08月28日09:48分，业主柠檬反馈30栋客梯存在异味，表达出强烈的负面情绪，称电梯'好臭好臭'。物业管家杨洪财在收到反馈后，表示将通知保洁处理。"",
        ""话题倾向"": """"
    }
]"
群聊负向,"这是要分析的对话:&&&08月28日 08:57分。文旅城-管家-魏孝万(员工):""?????????家人们，早上好~。今天…………""。08月28日 19:12分。文旅城-管家-魏孝万(员工):""亲爱的业主家人们，。月底了小管提醒您记得…………""。08月28日 19:26分。朱珈羽(客户):""请问水费何时能交？""。文旅城-管家-魏孝万(员工):""@朱珈羽您知道您的水表号吗""。08月28日 19:31分。朱珈羽(客户):""一直没有告诉我勒，所有一直没有交成水费，我怕到时候要交滞纳金咯""。朱珈羽(客户):""电费和煤气费一直都交起的""。文旅城-管家-魏孝万(员工):""稍等 拍个您""。文旅城-管家-魏孝万(员工):""{""pre_msgid"":""692406…………""。文旅城-管家-魏孝万(员工):""稍等 拍给您""。朱珈羽(客户):""3单元702室""。文旅城-管家-魏孝万(员工):""好的""。朱珈羽(客户):""谢谢""。海燕(客户):""@文旅城-管家-魏孝万?我家房顶2-3单元隔墙顶的伸缩缝漏洞什么时间才可以安装物业师傅修补？收到请回复，谢谢！""。08月28日 19:38分。海燕(客户):""另外，被铲除发霉的主卧墙体，什么时间可以修复？[抱拳]""。文旅城-管家-魏孝万(员工):""@海燕师傅不是已经弄了吗""。文旅城-管家-魏孝万(员工):""前几天就弄了""。08月28日 19:47分。海燕(客户):""没有，目前11幢2-3单元隔墙的伸缩缝顶盖的漏洞是我们自己买塑料布临修补的，急需物业师傅用黑色防水材料修补！""。08月28日 19:53分。海燕(客户):""@文旅城-管家-魏孝万?您可能安排了，但物业师傅没有实施，拜访您落实一下本周内能否安排实施，我们可协助物业师傅完成修补工作，拜托??????""。文旅城-管家-魏孝万(员工):""好的 我问一下我们的师傅""。&&&","{""事件提取"":null,""提取结果"":false}"
群聊负向,"这是要分析的对话:&&&08月28日 08:37分。韶关恒大城-管家-徐文珠(员工):""@所有人 温馨提示:今日9点，园区绿化打…………""。BOBO(客户):""13栋门禁系统是全瘫了吗？""。08月28日 08:55分。韶关恒大城-管家-徐文珠(员工):""里面应该还能按键开门，启用维修基金更换门…………""。08月28日 09:08分。杨国庆(客户):""李海通是不干了还是没上班？""。韶关恒大城-管家-邱光明(员工):""您好，今天李海通管家休息[抱拳]""。杨国庆(客户):""13栋1602门口那个灯往下滴水""。杨国庆(客户):""叫人去看一下家里有人""。08月28日 09:13分。韶关恒大城-管家-邱光明(员工):""这是一条引用/回复消息：。""杨国庆。13…………""。08月28日 12:21分。杨国庆(客户):""那个漏水是个什么情况？有没有人去看？也没人回复我呀？""。韶关恒大城-管家-黄曲力(员工):""我们在跟进哈，下午管家回复您@杨国庆 ""。08月28日 19:06分。韶关恒大城A区监控员(客户):""2024-08-28。【秩序维护部】。1、值班时间段: 19:00-07:00。2、值班中队长: 祝金才。联系:13509859250。【温馨提示】。请各位业主知悉，如需要帮助或遇紧急情况，请电话联系值班室或值班中队长。。物业24小时值班电话：。0751-8709633。0751-8709600""。&&&","[
    {
        ""业主情感强度"": {
            ""BOBO"": ""强烈负面""
        },
        ""事件讨论开始时间"": ""08月28日 08:37分"",
        ""事件讨论结束时间"": ""08月28日 08:37分"",
        ""事件详情"": ""BOBO业主对门禁系统无法使用感到强烈不满。"",
        ""话题倾向"": """"
    },{
        ""业主情感强度"": {
            ""杨国庆"": ""强烈负面""
        },
        ""事件讨论开始时间"": ""08月28日 09:08分"",
        ""事件讨论结束时间"": ""08月28日 12:21分"",
        ""事件详情"": ""在韶关恒大城，13栋的业主杨国庆反映门禁系统出现问题，同时他还提到自己家1602门口的灯漏水，并对此表示不满，因为没有人及时去看并且没有回复。物业员工确认了问题，并承诺会跟进。"",
        ""话题倾向"": """"
    }
]"
群聊负向,"这是要分析的对话:&&&08月28日 08:57分。文旅城-管家-魏孝万(员工):""?????????家人们，早上好~。今天…………""。08月28日 13:22分。带刺的玫瑰??(客户):""管家，请安排个师傅帮我家调试一下锅炉可以不""。08月28日 14:08分。文旅城-管家-魏孝万(员工):""@21-2-502好的""。08月28日 15:14分。南锺(客户):""【提示】出租出借买卖银行卡电话卡，影响征信且有可能构成犯罪。""。南锺(客户):""[链接]""。南锺(客户):""[视频号消息]""。带刺的玫瑰??(客户):""管家，锅炉调试师傅已上门，可调试不了，请帮联系卖家处理""。08月28日 15:19分。带刺的玫瑰??(客户):""第一次调试就得用不了，出现的问题调试师傅知道的，售后喊断电十多二十分钟再次接电，快半个小时了，我刚刚插电还是刚才那个样子""。文旅城-管家-魏孝万(员工):""您问一下售后的工作人员""。08月28日 19:12分。文旅城-管家-魏孝万(员工):""亲爱的业主家人们，。月底了小管提醒您记得…………""。&&&","[
    {
        ""业主情感强度"": {
            ""带刺的玫瑰??"": ""强烈负面""
        },
        ""事件讨论开始时间"": ""08月28日 13:22分"",
        ""事件讨论结束时间"": ""08月28日 15:19分"",
        ""事件详情"": ""带刺的玫瑰??(客户) 反映家中锅炉调试问题，调试师傅上门后未能解决问题，随后按照售后指引操作后问题依旧。地点在业主家中，涉及业主1人，业主对物业服务的及时性和效率表达了不满。"",
        ""话题倾向"": """"
    }
]"
群聊负向,"这是要分析的对话:&&&08月28日 08:47分。恒大文化旅游城51组团管家—徐国飞(员工):""?????????家人们，早上好~。今天…………""。08月28日 16:46分。恒大文化旅游城51组团管家—徐国飞(员工):""?? ———工程篇———??。     …………""。恒大文化旅游城51组团管家—徐国飞(员工):""[图片]""。08月28日 17:14分。? 給你覹笑??(客户):""[强][强][强]""。李建平(客户):""[强][强][强]""。08月28日 17:33分。恒大文化旅游城51组团管家—徐国飞(员工):""尊敬的各位业主家人：。        大…………""。08月28日 17:42分。一缕春风(客户):""@徐国飞?我家阳台那个灯关不了咋整""。.(客户):""移过晾衣架位置没有""。一缕春风(客户):""移过的""。08月28日 17:54分。时间总会说出再见(客户):""等会都在家的嘛""。时间总会说出再见(客户):""@一缕春风?""。一缕春风(客户):""没在家""。时间总会说出再见(客户):""好的""。一缕春风(客户):""@物业安保于濠18285192509?你们能帮处理吗""。时间总会说出再见(客户):""我要到现场看一下""。时间总会说出再见(客户):""因为阳台灯是双控灯""。08月28日 18:06分。一缕春风(客户):""@物业安保于濠18285192509?那到时我联系你请你帮看一下""。时间总会说出再见(客户):""好的""。08月28日 19:32分。山里娃(客户):""@徐国飞?4栋702小卫生间浴霸龙头与墙面接头处有渗水，请派人处理一下。""。.(客户):""「山里娃：@徐国飞?4栋702小卫生间浴霸龙头与墙面接头处有渗水，请派人处理一下。」。- - - - - - - - - - - - - - -。已经报了""。山里娃(客户):""@客服部-张云煌?谢谢！""。.(客户):""[抱拳][抱拳]""。&&&","[
    {
        ""业主情感强度"": {
            ""一缕春风"": ""一般负面""
        },
        ""事件讨论开始时间"": ""08月28日 17:42分"",
        ""事件讨论结束时间"": ""08月28日 18:06分"",
        ""事件详情"": ""一缕春风业主反映自家的阳台灯无法关闭，尝试移动晾衣架位置后问题依旧。业主在家外，请求物业安保人员帮忙查看处理。"",
        ""话题倾向"": """"
    },
    {
        ""业主情感强度"": {
            ""山里娃"": ""一般负面""
        },
        ""事件讨论开始时间"": ""08月28日 19:32分"",
        ""事件讨论结束时间"": ""08月28日 19:32分"",
        ""事件详情"": ""山里娃业主报告4栋702小卫生间浴霸龙头与墙面接头处有渗水问题，请求派人处理。物业方确认已报修。"",
        ""话题倾向"": """"
    }
]"
群聊负向,"这是要分析的对话:&&&08月26日 08:36分。恒大城-管家-小冷(员工):""各位业主 是哪个邻居昨天借了别人的一个粉…………""。恒大城-管家-小冷(员工):""[图片]""。08月26日 09:11分。恒大城???? 秩序部 三期监控室(客户):""“客服”给你打来电话，说你网购商品出现问题！可以给你申请退款，还给你发来陌生链接！让你注册账号填写信息，再说因“操作失误”导致账户被冻结，让你转账解冻后才能退款？南昌反诈提醒您：退换货请认准官方平台，陌生链接不要点击，不要透露个人信息。敬请各位领导同事转发反诈视频及反诈日历。[抱拳][抱拳][抱拳]""。恒大城???? 秩序部 三期监控室(客户):""[视频号消息]""。恒大城???? 秩序部 三期监控室(客户):""[图片]""。08月26日 11:32分。恒大城-管家-小冷(员工):""【关于四害消杀的温馨提示】。      …………""。恒大城-管家-小冷(员工):""[图片]""。08月26日 15:49分。恒大城-管家-小冷(员工):""【南昌恒大城—周报】。?? 一周美好，与…………""。恒大城-管家-小冷(员工):""[图片]""。08月26日 16:23分。恒大城-管家-小冷(员工):""【44栋地库口维修封闭通知】。    各…………""。恒大城-管家-小冷(员工):""[图片]""。08月26日 18:16分。恒大城???? 秩序部 三期监控室(客户):""重要警示：。    8月23日晚10时，江苏省宿迁市一电动自行车店起火，虽然仅半小时明火就得到控制，但仍造成6人死亡（尤为痛心的是，遇难者中4人系未成年人）。此前，2024年2月23日4时许，江苏南京市雨花台区一小区发生电动自行车火灾，造成15人死亡，44人受伤。今年4月27日，我县一小区也发生了电动自行车火灾亡人事件。在此警示，电动自行车起火，燃烧迅速并会在短时间造成大量有害气体，因灾致死率极高！因此，为了大家的生命财产安全，恳请各位业主对自己负责，也对左右邻里负责，严禁将电动自行车违规入楼、违规充电！也请各位监督，一发现有电动车上楼进单元的，请及时联系物业24小时电话:85130408，物业会第一时间上户整治，保障大家居住安全。""。08月26日 20:04分。恒大城???? 秩序部 三期监控室(客户):""? 2024.8.26日? 。【秩序维护部】 。1.夜班值班时间段：20：00—08：00。2.夜班值班队长:徐霖。3.物业24小时服务电话：0791-85957719/85130408。? 【物业小贴士】?。1、园区道路是大家的，请将爱车停至车位或车库，勿占行车主干道。。2、予人方便，予己方便，整齐有序，文明停车。。3、随身携带门禁卡，刷卡进出，提高安全防止偷盗。。4、请随手关大堂门，轻拉轻推，勿用力拉扯。。5、非机动车请勿进大堂、楼道内充电。。6、请勿让爱宠随地大小便，做文明养宠人。""。&&&","{""事件提取"":null,""提取结果"":false}"
群聊负向,"这是要分析的对话:&&&08月26日 09:16分。恒大城???? 秩序部 三期监控室(客户):""[视频号消息]""。恒大城???? 秩序部 三期监控室(客户):""“客服”给你打来电话，说你网购商品出现问题！可以给你申请退款，还给你发来陌生链接！让你注册账号填写信息，再说因“操作失误”导致账户被冻结，让你转账解冻后才能退款？南昌反诈提醒您：退换货请认准官方平台，陌生链接不要点击，不要透露个人信息。敬请各位领导同事转发反诈视频及反诈日历。[抱拳][抱拳][抱拳]""。恒大城???? 秩序部 三期监控室(客户):""[图片]""。08月26日 11:31分。恒大城-管家-罗欢(员工):""【关于四害消杀的温馨提示】。      …………""。恒大城-管家-罗欢(员工):""[图片]""。08月26日 15:51分。恒大城-管家-罗欢(员工):""【南昌恒大城—周报】。?? 一周美好，与…………""。恒大城-管家-罗欢(员工):""[图片]""。08月26日 16:23分。恒大城-管家-罗欢(员工):""群公告。【44栋地库口维修封闭通知】。 …………""。恒大城-管家-罗欢(员工):""[图片]""。恒大城-管家-罗欢(员工):""{""pre_msgid"":""101181…………""。恒大城-管家-罗欢(员工):""[图片]""。08月26日 18:16分。恒大城???? 秩序部 三期监控室(客户):""重要警示：。    8月23日晚10时，江苏省宿迁市一电动自行车店起火，虽然仅半小时明火就得到控制，但仍造成6人死亡（尤为痛心的是，遇难者中4人系未成年人）。此前，2024年2月23日4时许，江苏南京市雨花台区一小区发生电动自行车火灾，造成15人死亡，44人受伤。今年4月27日，我县一小区也发生了电动自行车火灾亡人事件。在此警示，电动自行车起火，燃烧迅速并会在短时间造成大量有害气体，因灾致死率极高！因此，为了大家的生命财产安全，恳请各位业主对自己负责，也对左右邻里负责，严禁将电动自行车违规入楼、违规充电！也请各位监督，一发现有电动车上楼进单元的，请及时联系物业24小时电话:85130408，物业会第一时间上户整治，保障大家居住安全。""。08月26日 20:04分。恒大城???? 秩序部 三期监控室(客户):""? 2024.8.26日? 。【秩序维护部】 。1.夜班值班时间段：20：00—08：00。2.夜班值班队长:徐霖。3.物业24小时服务电话：0791-85957719/85130408。? 【物业小贴士】?。1、园区道路是大家的，请将爱车停至车位或车库，勿占行车主干道。。2、予人方便，予己方便，整齐有序，文明停车。。3、随身携带门禁卡，刷卡进出，提高安全防止偷盗。。4、请随手关大堂门，轻拉轻推，勿用力拉扯。。5、非机动车请勿进大堂、楼道内充电。。6、请勿让爱宠随地大小便，做文明养宠人。""。&&&","[
    {
        ""话题倾向"": """"
    }
]"
群聊负向,"这是要分析的对话:&&&08月26日 05:24分。文荣坤(员工):""[视频]""。文荣坤(员工):""秩序部#夜间园区巡查 #??。24小时坚…………""。08月26日 08:15分。H(客户):""[图片]""。H(客户):""??朝夕相见，经年守候??。??服务不止，用心不缀??。    ————————————。           ?早送晚迎?。   ????让幸福变的简单????""。08月26日 09:39分。小米(员工):""?????????家人们，早上好~。今天…………""。08月26日 17:13分。蓝天白云(客户):""[图片]""。蓝天白云(客户):""我已报名，恒大9组团恒温游泳健身创始会员名额， 前398名预存100抵扣500享受买一年送一年?最高权限优惠和礼品，点18个赞[庆祝][庆祝][庆祝]下面微信，可以自己报名啦??????""。Devin????????????(客户):""请不要在群里打广告哦[抱拳]""。08月26日 18:30分。小米(员工):""【物业在行动-日常清洁】。? 烈日当空，…………""。小米(员工):""[图片]""。小米(员工):""[图片]""。08月26日 18:35分。A岁月静好，未来可期(客户):""通知：。8月25日是全国第八个残疾预防日，筑安社区居委会于明天8月27日（本周二）上午在辖区内开展“预防疾病致残  共享健康生活”宣传服务活动，希望学校有社会实践活动要求的学生积极参与，请有意参加志愿服务活动的人员于8月27日早上9:30到8组团筑安社区居委会集中开展活动。""。A岁月静好，未来可期(客户):""【提示】买卖游戏账号、游戏装备等一定要在官方平台进行，不要点击陌生链接，以交保证金、提现失败、账号冻结等理由要求继续充值的都是诈骗！""。A岁月静好，未来可期(客户):""[视频号消息]""。08月26日 20:04分。韩老魔(客户):""[视频]""。韩老魔(客户):""巡逻园区，商铺，车库，无异常。维护安全秩序，我们时刻警备，我们会保持高度的警惕性，及时发现并处理任何可能存在的安全隐患。同时，也请大家注意自身安全，如有异常情况请及时与我们联系。。祝大家生活愉快！[玫瑰][玫瑰][玫瑰]""。韩老魔(客户):""各位业主：晚上好！[玫瑰]。8月26日秩序部夜间执勤安排：。一：值班队长：汤江平。电话:18785183203。二：带班时间。20:00-08:00。三：24小时值班电：0851-83862661。辖区派出所电话：0851-83851334。四、我们将12小时坚守岗位，如有需要请致电，我们将竭诚为您服务。夜间休息请关好门窗，做好安全防范，出入小区带好业主卡。。贵阳恒大文化旅游城物业服务中心祝您：生活愉快！[烟花]""。韩老魔(客户):""????家人们，重要提醒来啦！????。。??亲爱的业主朋友们，为了咱们小区的安全与秩序，一定要记得带卡刷卡进入小区哟！。。???♀?别嫌麻烦，这小小的一张卡，可是守护我们温馨家园的重要“钥匙”。。。??每次进出，轻轻一刷，不仅方便快捷，更是给我们满满的安全感。。。??想象一下，如果大家都能自觉带卡刷卡，那些陌生人就没法随便进入小区啦，我们的孩子能在小区里更自由地玩耍，我们也能更安心地享受生活。。。???????????家人们一起行动起来，让带卡刷卡成为我们生活的一部分。""。&&&","[
    {
        ""话题倾向"": """"
    }
]"
群聊负向,"这是要分析的对话:&&&08月26日 10:23分。爱不解释(客户):""#金碧物业·秩序(保安)服务篇。??用心打磨每一个细节，用真诚赢得您的信赖??。??优美的环境，优良的秩序，优质的服务，都藏在细节里??。?从平凡处发现不平凡，感受我们的用心??。??绝不辜负您的信赖，全心全意为您服务??。         ??金碧物业  我们与您同在。               ——贵阳恒大文化旅游城物业服务中心""。爱不解释(客户):""[图片]""。08月26日 12:21分。南锺(客户):""通知：。8月25日是全国第八个残疾预防日，筑安社区居委会于明天8月27日（本周二）上午在辖区内开展“预防疾病致残  共享健康生活”宣传服务活动，希望学校有社会实践活动要求的学生积极参与，请有意参加志愿服务活动的人员于8月27日早上9:30到8组团筑安社区居委会集中开展活动。""。&&&","[
    {
        ""话题倾向"": """"
    }
]"
群聊负向,"这是要分析的对话:&&&08月26日 10:23分。爱不解释(客户):""#金碧物业·秩序(保安)服务篇。??用心打磨每一个细节，用真诚赢得您的信赖??。??优美的环境，优良的秩序，优质的服务，都藏在细节里??。?从平凡处发现不平凡，感受我们的用心??。??绝不辜负您的信赖，全心全意为您服务??。         ??金碧物业  我们与您同在。               ——贵阳恒大文化旅游城物业服务中心""。爱不解释(客户):""[图片]""。08月26日 12:21分。南锺(客户):""通知：。8月25日是全国第八个残疾预防日，筑安社区居委会于明天8月27日（本周二）上午在辖区内开展“预防疾病致残  共享健康生活”宣传服务活动，希望学校有社会实践活动要求的学生积极参与，请有意参加志愿服务活动的人员于8月27日早上9:30到8组团筑安社区居委会集中开展活动。""。08月26日 17:43分。黎??我远点??(客户):""有人知道""。黎??我远点??(客户):""楼下直饮水咋接么""。黎??我远点??(客户):""扫码不了啊""。黎??我远点??(客户):""@陈继业?""。手可摘星陈(客户):""办卡  充钱""。手可摘星陈(客户):""你也可以直接扫码""。08月26日 17:48分。张亚芬(客户):""可以直接微信扫码的""。黎??我远点??(客户):""可以了""。黎??我远点??(客户):""@张亚芬?@手可摘星陈?""。黎??我远点??(客户):""接好了，刚刚扫码不得行，这哈行了""。张亚芬(客户):""这个水很方便哦""。黎??我远点??(客户):""太阳太大了，刚刚扫几次都扫不了[尴尬]""。&&&","[
    {
        ""话题倾向"": """"
    }
]"
群聊负向,"这是要分析的对话:&&&08月26日 07:54分。王帅(员工):""????金碧物业晨跑开跑啦！！！大朋友、…………""。王帅(员工):""[图片]""。王帅(员工):""[图片]""。王帅(员工):""[图片]""。王帅(员工):""[文件超过最大限制]""。08月26日 08:05分。A00(客户):""尊敬的业主，您好：。       为更好、更快的解决业主问题，现将各值班人员、联系电话及值班时间公示在群内，各位业主可直接电话联系或在群内@秩序110。1、日常家用维修工具(螺丝刀、活动扳手、小锤等);。2、小型购物车、平板车、人字梯、打气筒，应急医用品等。。为您爱家保驾护航，如果您有家政保洁、直饮水卡办理、白蚁消杀、有偿维修、房屋租赁的业务需求，随时与我们联系，为您提供专业的服务。。【秩序维护部】。[爱心]1.值班时间段：。????08:00－20:00????。[爱心]2.值班中队长-赵队电话：0531-83131013。[爱心]3.物业服务电话：0531-55615896、55615596。??4.监控室值班24小时电话：0531-55612606。3、【物业-安保服务“小蜜蜂”】。[抱拳]如您家中有需要帮助的请联系我们?。[爱心]24小时为各位家人守候。[合十]贴心服务、真诚相伴。如需便民服务车，请直接联系；。①55612606。②55612808。有事您说话，我们会在第一时间安排人员帮你处理[玫瑰][玫瑰]""。A00(客户):""[图片]""。08月26日 08:29分。JN29岁月静好(客户):""。[庆祝]雨后园林座椅已擦拭[庆祝]。    [烟花]游乐设施已清理?积水清理中[烟花]。恒大绿洲保洁团队为您服务[玫瑰]""。JN29岁月静好(客户):""[图片]""。08月26日 08:42分。王帅(员工):""[玫瑰][玫瑰]早安  绿洲[玫瑰][玫…………""。王帅(员工):""[链接]""。08月26日 18:44分。A大漠(客户):""??物业秩序“小蜜蜂” ??。[庆祝]“小蜜蜂”来了！来了！[庆祝]。[太阳]有事，您说话[太阳]。[庆祝]车辆电瓶亏电启动不了！。[庆祝]家里有沉物品搬不动了！。[庆祝]买了好多东西拿不了！。联系电话：0531-55612606。秩序小“蜜蜂”竭诚为您服务！[耶][耶][耶]。[庆祝]我们的口号：。[庆祝]真心帮助每一位[庆祝]。[庆祝]热心服务每一人[庆祝]。[庆祝]赠人玫瑰[玫瑰]，手有余香[庆祝]""。A大漠(客户):""[图片]""。08月26日 20:03分。你的月亮我的心(客户):""尊敬的业主，您好：。       为更好、更快的解决业主问题，现将各值班人员、联系电话及值班时间公示在群内，各位业主可直接电话联系或在群内@秩序110。1、日常家用维修工具(螺丝刀、活动扳手、小锤等);。2、小型购物车、平板车、人字梯、打气筒，应急医用品等。。为您爱家保驾护航，如果您有家政保洁、直饮水卡办理、白蚁消杀、有偿维修、房屋租赁的业务需求，随时与我们联系，为您提供专业的服务。。【秩序维护部】。[爱心]1.值班时间段：。????20:00－08:00????。[爱心]2.值班中队长-赵队电话：0531-55615881。[爱心]3.物业服务电话：0531-55615896、55615596。??4.监控室值班24小时电话：0531-55612606。3、【物业-安保服务“小蜜蜂”】。[抱拳]如您家中有需要帮助的请联系我们?。[爱心]24小时为各位家人守候。[合十]贴心服务、真诚相伴。如需便民服务车，请直接联系；。①55612606。②55612808。有事您说话，我们会在第一时间安排人员帮你处理[玫瑰][玫瑰]""。你的月亮我的心(客户):""[图片]""。08月26日 23:52分。你的月亮我的心(客户):""尊敬的业主大家好！我是夜间执勤赵队长，金碧物业安保服务8月26号巡查，时刻守护业主们的安全，请安心入睡，如有紧急情况请拨打0531-55612606""。你的月亮我的心(客户):""[图片]""。08月27日 02:59分。你的月亮我的心(客户):""尊敬的业主大家好！我是夜间执勤赵队长，金碧物业安保服务8月27号巡查，时刻守护业主们的安全，请安心入睡，如有紧急情况请拨打0531-55612606""。你的月亮我的心(客户):""[图片]""。&&&","[
    {
        ""话题倾向"": """"
    }
]"
群聊负向,"这是要分析的对话:&&&08月26日 09:21分。。(客户):""[视频号消息]""。。(客户):""【提示】买卖游戏账号、游戏装备等一定要在官方平台进行，不要点击陌生链接，以交保证金、提现失败、账号冻结等理由要求继续充值的都是诈骗！""。08月26日 09:31分。杨姐卖炭(客户):""@徐国飞?楼顶晒被子的绳子掉了，""。时间总会说出再见(客户):""收到m""。时间总会说出再见(客户):""{""pre_msgid"":""12172101880254118531_1724635914399_external""}""。时间总会说出再见(客户):""收到""。08月26日 10:47分。.(客户):""[图片]""。.(客户):""@杨姐卖炭?已恢复 ""。杨姐卖炭(客户):""谢谢""。杨姐卖炭(客户):""[视频]""。杨姐卖炭(客户):""现在才发现厨房门上瓷砖是破的[叹气]""。08月26日 16:48分。刘梅(客户):""??保洁篇—清拖楼层及垃圾桶清洗。服务从来没有一劳永逸??，。只有日复一日的坚持??，。保洁员陆续清拖楼层及清洗垃圾桶??，。以匠心服务铸就美好的生活??。。     ——贵阳恒大文化旅游城第一物业服务中心""。刘梅(客户):""[图片]""。08月26日 20:04分。世界变得更美好(客户):""─???今日值班公告???─。。         2024年8月26日?。 今日夜间值班情况如下?：。?????♂秩序值班人员：于天明。    值班电话：18275089531。维修值班师傅：杨丙云。电话：13984310672。??夜间温馨提示：。??有任何需要帮助请及时拨打值班人员电话或者物业服务中心24小时热线：0851-83862661??。??夜间回家的家人请规范停车??，互相方便出行?。        愿家人们晚安好梦！??。   。      贴心服务[爱心]真诚相伴。           ——贵阳恒大文化旅游城物业服务中心""。&&&","[
    {
        ""话题倾向"": """"
    }
]"
群聊负向,"这是要分析的对话:&&&08月26日 07:40分。木木(客户):""周末一大早就施工，麻烦来看哈咯""。08月26日 07:53分。一帆风顺(客户):""收到""。08月26日 08:14分。云侑(客户):""[图片]""。云侑(客户):""你好   楼层里没装修的   外面在砌墙""。08月26日 08:19分。木木(客户):""哦哦，好的，谢谢??""。08月26日 08:36分。汪海艳(员工):""?????????家人们，早上好~。今天…………""。08月26日 09:41分。メ老頭孜(客户):""[图片]""。08月26日 11:14分。Nevermind(客户):""通知：。8月25日是全国第八个残疾预防日，筑安社区居委会于明天8月27日（本周二）上午在辖区内开展“预防疾病致残  共享健康生活”宣传服务活动，希望学校有社会实践活动要求的学生积极参与，请有意参加志愿服务活动的人员于8月27日早上9:30到8组团筑安社区居委会集中开展活动。""。08月26日 15:43分。Nevermind(客户):""【提示】买卖游戏账号、游戏装备等一定要在官方平台进行，不要点击陌生链接，以交保证金、提现失败、账号冻结等理由要求继续充值的都是诈骗！""。Nevermind(客户):""[视频号消息]""。08月26日 20:01分。悦想(客户):""各位业主：晚上好！[玫瑰]。8月26日秩序部夜间执勤安排：。一、带班队长：陈欢。13984216859。工程值班人员:杨丙云?。13984310672。二、24小时值班电话：。0851-83862661。辖区派出所电话：。0851-83851334。三、带班时间：20:00-08:00。四、我们将12小时坚守岗位，如有需要请致电，我们将竭诚为您服务。夜间休息请关好门窗，做好安全防范，出入小区带好业主卡、谨防尾随。。贵阳恒大文化旅游城物业服务中心祝您：生活愉快！[烟花]""。悦想(客户):""[图片]""。悦想(客户):""[视频]""。&&&","[
    {
        ""话题倾向"": """"
    }
]"
群聊负向,"这是要分析的对话:&&&08月26日 08:39分。杜婷婷(员工):""尊敬的业主：。   早上好！今天小管休息…………""。08月26日 20:35分。.(客户):""[视频]""。.(客户):""各位业主：晚上好！[玫瑰]。8月26日秩序部夜间执勤安排：。一、值班人员:  罗垚19316563414。  监控室电话号码：83873539。  维修值班人员： ?郭文波18111908017?。二、巡查期间未发现流浪狗、猫，值班期间如发现第一时间处理。三、带班时间：20:00-08:00。四、我们将12小时坚守岗位，如有需要请致电，我们将竭诚为您服务。夜间休息请关好门窗，做好安全防范，出入小区带好业主卡、谨防尾随。。贵阳金碧物业服务中心祝您：生活愉快！[烟花]""。&&&","[
    {
        ""话题倾向"": """"
    }
]"
群聊负向,"这是要分析的对话:&&&08月26日 20:16分。?(客户):""各位业主：晚上好！[玫瑰]。8月26日秩序部夜间执勤安排：。一、值班人员，李苓杰13035574097。维修值班人员： 郭文波18111908017。二、巡查期间未发现流浪狗、猫，值班期间如发现第一时间处理。三、带班时间：20:00-08:00。四、我们将12小时坚守岗位，如有需要请致电，我们将竭诚为您服务。夜间休息请关好门窗，做好安全防范，出入小区带好业主卡、谨防尾随。。贵阳金碧物业服务中心祝您：生活愉快！[烟花]""。08月26日 21:23分。郑超超(员工):""停气通知。停气日期：2024年8月26日…………""。&&&","[
    {
        ""话题倾向"": """"
    }
]"
群聊负向,"这是要分析的对话:&&&08月26日 06:06分。心情尚好15367485711(客户):""???♂【防溺水??安全温馨提示】。??亲爱的业主家人们：大家好??。?天气渐热，为了孩子们??的安全，请提高安全防范意识?，时刻监督和管理??好孩子，加强对孩子的防溺水??安全教育，禁止??孩子私自到小溪、水库、江边玩水、捕鱼、捉虾、游泳等。 。??安全无小事 时刻要警惕??。请家长??加强对孩子防溺水的监管力度，提高孩子??防溺水的自觉性?。同时物业工作人员??也会加大对园区的巡逻。为孩子的生命安全构筑坚实的防线??。??如需帮助请拨24小时服务热线。二期?:0731-85066275。一期?:0731-85520610。#长沙恒大雅苑物业服务中心""。心情尚好15367485711(客户):""??长沙恒大雅苑。?2024年8??26日  星期一。?天气: 晴  气温：28－37℃。1、1、广西一景区“飞天魔毯”项目故障致1死60伤 景区提出“买断”赔偿方案；。2、浙江绍兴一医院眼科套取医保资金2000万，手术医生庭审坚称无罪引争议；。3、郑州：相关企业限期撤除全市小区电梯里的“上门按摩”广告；。4、今年三伏，全国平均气温达到23.24℃，为史上最热；。5、日本核污染水排海一年，8轮累计排放将达62500吨；微信搜：每日微语报。6、超80城支持国企等收购存量房：36城已启动征集，“去库存效果最直接”；。7、合肥女子李梅在长沙坐拥87套房，因涉罪被查封，正式被法院挂网待拍卖；。8、安徽发文鼓励探索垂钓实名制，官方回应：还未启动落实；。9、周鸿祎再回应“手表不当回答”：已惩罚产品经理接一个月客服电话；。10、三文鱼刺身隔夜返包销售 胖东来：奖励投诉者10万，补偿购买者1000元；。11、黎真主党宣布第一阶段对以袭击取得成功 发射320余枚火箭弹；。12、世卫组织表示，猴痘疫情存在扩散风险，各国防控措施有待加强；。13、防止播音员“讲真话”，日本广播协会开始预录中文新闻；。14、17名中国公民命丧韩国电池厂 火灾调查：因培训不足错失37秒逃生窗口；。15、美国顶尖纳米科学家打算来华工作，曾因与中国高校合作而被美政府判刑；""。心情尚好15367485711(客户):""[图片]""。08月26日 08:11分。Fighting(客户):""[图片]""。Fighting(客户):""@公区维修–吴鹏?什么时候过来贴上呀""。马长(客户):""收到""。马长(客户):""是那一楼@Fighting?""。Fighting(客户):""1单元10楼""。马长(客户):""好的今天安排""。小吴总(客户):""收到""。08月26日 09:03分。小吴总(客户):""[图片]""。小吴总(客户):""@Fighting?尊敬的44栋10楼业主您好。我是恒大雅苑公区维修小吴，您反馈的入户门口瓷砖问题已处理，感谢您的反馈，祝您生活愉快！""。彪(客户):""【?? 秩序服务?巡逻篇】。我们是白班园区秩序的守护者??。每天园区全覆盖巡视??。希望用我们的行动??。为您营造舒适的居家环境??。如需帮助请拨打24小时服务热线。?:0731一82231519。值班中队长。?:17700582090（二期）。??我们竭诚为您服务??""。彪(客户):""[视频]""。08月26日 09:16分。Fighting(客户):""@公区维修–吴鹏?[抱拳][抱拳]""。08月26日 09:44分。长沙恒大雅苑44-50管家(员工):""关于开展小区四害消杀的通知。    尊敬…………""。长沙恒大雅苑44-50管家(员工):""[图片]""。08月26日 09:56分。知否(客户):""[视频]""。知否(客户):""@京东幸运斌??尊敬的44栋业主您好。我是恒大雅苑公区维修人员，您反馈的风幕机问题已处理，感谢您的反馈，祝您生活愉快！""。08月26日 11:20分。子鱼(客户):""【??遛狗不随便，随手清狗便??】。     。      ??最近存在严重的不文明养犬的现象，绿化带、草坪的狗便??比比皆是，给其他美邻的生活带来了很大的困扰。。      宠物是人类的朋友，为生活增添不少乐趣??，享受权利的同时还请履行义务哦[抱拳]，为了给小区营造一个整洁和谐的环境??，物业中心倡议各位饲养宠物的业主，请您随身携带废纸或垃圾袋，以便随时清理“排泄物”。    ??优美的居住环境需要大家的共同创造和维护，请从文明养狗开始。??""。子鱼(客户):""[文件超过最大限制]""。08月26日 14:31分。长沙恒大雅苑44-50管家(员工):""【??物业工作周报】  。尊敬的业主/住…………""。长沙恒大雅苑44-50管家(员工):""[图片]""。08月26日 17:19分。梨花漫天(客户):""[文件超过最大限制]""。梨花漫天(客户):""请车主移车""。梨花漫天(客户):""@长沙恒大雅苑44-50管家?""。08月26日 17:29分。长沙恒大雅苑44-50管家(员工):""这是一条引用/回复消息：。""梨花漫天。[…………""。梨花漫天(客户):""我的车现在停在我车位的对面的，如车主回来请给我电话""。08月26日 17:44分。梨花漫天(客户):""麻烦再帮着问一下本栋的保洁，下午是否看到一套蓝色的扫地工具。""。梨花漫天(客户):""我不小心拖车上掉下来了""。梨花漫天(客户):""@长沙恒大雅苑44-50管家?""。08月26日 17:56分。梨花漫天(客户):""@长沙恒大雅苑44-50管家?""。梨花漫天(客户):""车子移走了没""。赵林杰(客户):""@梨花漫天?，已移走。""。赵林杰(客户):""[图片]""。08月26日 18:12分。梨花漫天(客户):""好??""。08月26日 18:54分。长沙恒大雅苑44-50管家(员工):""是多大的@梨花漫天""。长沙恒大雅苑44-50管家(员工):""我问一下哈""。08月26日 19:13分。彪(客户):""【?? 秩序服务?巡逻篇】。我们是白班园区秩序的守护者??。每天园区全覆盖巡视??。希望用我们的行动??。为您营造舒适的居家环境??。如需帮助请拨打24小时服务热线。?:0731一82231519。值班中队长。?:17700582090（二期）。??我们竭诚为您服务??""。彪(客户):""[视频]""。08月26日 19:51分。梨花漫天(客户):""@长沙恒大雅苑44-50管家?谢谢我找到了谢谢啦""。小牛牛(客户):""8月26日园林工作日常""。小牛牛(客户):""[文件下载失败]""。08月26日 20:02分。Vampiae(客户):""业主您好??。我是夜班秩序班长（周游：17700582090），也是你的夜间安全守护者??，也许您从来没有见过我，因为我值守在您熟睡的每个晚上。夜间??我们会跟踪可疑人员、巡查车库、巡查园区、巡查楼层。。??清晨06:00我们还会查看每个电梯，确保您上班时电梯正常运行。。??如需帮助请及时拨打24小时服务电话85066275，我会出现在你需要的每个时刻???♂????♂????♂?。祝?您好梦！一醒来又是美美哒的一天哦??????""。08月26日 20:38分。长沙恒大雅苑44-50管家(员工):""[图片]""。长沙恒大雅苑44-50管家(员工):""关于小区内防范蛇类动物的温馨提示。各位业…………""。08月26日 20:49分。Vampiae(客户):""【?? 秩序服务?巡逻篇】。我们是晚班园区秩序的守护者??。每天园区全覆盖巡视??。希望用我们的行动??。为您营造舒适的居家环境??。如需帮助请拨打24小时服务热线。?:0731一82231519。值班中队长： 周游。?:17700582090（二期）。??我们竭诚为您服务??""。Vampiae(客户):""[视频]""。08月27日 03:51分。yh(客户):""【?? 秩序服务?巡逻篇】。我们是晚班园区秩序的守护者??。每天园区全覆盖巡视??。希望用我们的行动??。为您营造舒适的居家环境??。如需帮助请拨打24小时服务热线。?:0731一82231519。值班中队长。?:17700582090（二期）。??我们竭诚为您服务??""。yh(客户):""[图片]""。&&&","{""code"":999,""message"":""原因：数据json解析异常;data:{\""choices\"":[{\""finishReason\"":\""stop\"",\""index\"":0,\""message\"":{\""content\"":\""{\\n  \\\""思考说明\\\"":\\\""经过分析，本次对话中未发现业主负面情绪显著的物业异常事件。所有业主的反馈均属于日常信息交流，没有表现出强烈的负面情绪。物业方面也积极回应了业主的询问和需求。\\\"",\\n  \\\""提取结果\\\"":\\\""false\\\"",\\n  \\\""事件提取\\\"": [\\n    {\\n      \\\""事件详情\\\"": \\\""null\\\"",\\n      \\\""业主情感强度\\\"": \\\""null\\\"",\\n      \\\""事件讨论开始时间\\\"":\\\""null\\\"",\\n      \\\""事件讨论结束时间\\\"":\\\""null\\\""\\n    },\\n  ]\\n}\"",\""role\"":\""assistant\""}}],\""created\"":1724776014,\""id\"":\""20240828002644c4f826d17ce24a08\"",\""model\"":\""glm-4-0520-jbwy-0808\"",\""requestId\"":\""kht-bm-1724776004364-125\"",\""usage\"":{\""completionTokens\"":107,\""promptTokens\"":3071,\""totalTokens\"":3178}}"",""success"":false}"
群聊负向,"这是要分析的对话:&&&08月26日 07:59分。B10-B11-15号楼管家(客户):""????金碧物业晨跑开跑啦！！！大朋友、小朋友们请为我们加油吧[加油]欢迎更多的小朋友加入我们的晨跑队伍，健康快乐的成长[跳跳]""。B10-B11-15号楼管家(客户):""[图片]""。B10-B11-15号楼管家(客户):""[图片]""。B10-B11-15号楼管家(客户):""[图片]""。A名流形象设计【提前一天预约】(客户):""在哪里""。B10-B11-15号楼管家(客户):""您好，是在凤凰路小学东校区@A名流形象设计【提前一天预约】?""。A00(客户):""[图片]""。A00(客户):""尊敬的业主，您好：。       为更好、更快的解决业主问题，现将各值班人员、联系电话及值班时间公示在群内，各位业主可直接电话联系或在群内@秩序110。1、日常家用维修工具(螺丝刀、活动扳手、小锤等);。2、小型购物车、平板车、人字梯、打气筒，应急医用品等。。为您爱家保驾护航，如果您有家政保洁、直饮水卡办理、白蚁消杀、有偿维修、房屋租赁的业务需求，随时与我们联系，为您提供专业的服务。。【秩序维护部】。[爱心]1.值班时间段：。????08:00－20:00????。[爱心]2.值班中队长-赵队电话：0531-83131013。[爱心]3.物业服务电话：0531-55615896、55615596。??4.监控室值班24小时电话：0531-55612606。3、【物业-安保服务“小蜜蜂”】。[抱拳]如您家中有需要帮助的请联系我们?。[爱心]24小时为各位家人守候。[合十]贴心服务、真诚相伴。如需便民服务车，请直接联系；。①55612606。②55612808。有事您说话，我们会在第一时间安排人员帮你处理[玫瑰][玫瑰]""。08月26日 08:18分。宁宁(客户):""??ˋ????ˊ??????????????????.*·做自己生活的舵手 把握梦想前进的方向 不服输 才能成长更好的自己。各位家人们[爱心]早上好！。我是物业保洁领班庄明华，联系电话 15628830750。各位保洁叔叔阿姨已到岗。??倘若您发现任何环境方面的问题或者有宝贵的建议，随时与我联系，我定会全力以赴为您排忧解难！。??感谢各位家人一直以来的信赖与支持！ ?? ??""。宁宁(客户):""[图片]""。08月26日 08:42分。B10-B11-15号楼管家(客户):""[玫瑰][玫瑰]早安  绿洲[玫瑰][玫瑰]今天是2024年8月26日（农历七月二十三）星期一。  【济南天气】。?天       气?:雨。?温       度?:  24-28度。?空气质量?:良。       新的一天，新的开始。余生很贵，请别浪费，用一份云淡风轻的心情，面对生命中的每一天。早安~[爱心]""。B10-B11-15号楼管家(客户):""[链接]""。B10-B11-15号楼管家(客户):""[爱心]温馨提示[爱心]。尊敬的业主家人：。       为了保证电梯正常安全平稳运行，每15天需对电梯进行一次定期保养，于今日对B10号楼1-2单元东西电梯进行例行维护保养！每台电梯保养约40分钟，一楼厅门前放置护栏，给业主家人带来不便敬请谅解[玫瑰][拥抱]""。B10-B11-15号楼管家(客户):""[图片]""。08月26日 09:37分。大海(客户):""[链接]""。08月26日 09:55分。顺其自然(客户):""8.13元，接到[爆竹]“银监会”[爆竹]电话被骗。。3.63万元，大学生??兼职??被骗。。3.5万元，初中生被骗。。3.46万元，妇女?兼职刷单?被骗。。2.31万元，男青年[色]约炮[色]被骗。。。男青年[色][色]约炮[色][色]，妇女??兼职刷单??、????被“异性网友”诱导投资????诈骗高发！。转发提醒好家里的[拥抱]年轻人、妇女[拥抱]！。。【8月25日电诈警情通报】（近三天典型案例）。【平安街道、开发区派出所】。1、乙武村居民（开发区报警），【接到“银监会”电话】被骗8.13万元。。??手段：接到电话，对方自称?【“银监会”工作人员】??，要帮其“降低网贷利率”，还让其??登陆假的银监会网站??。。        过程中，?开启“屏幕共享”?，指导其将钱转走。。。【大学城、大学路派出所】。2、山东师范大学思想政治教育专业大四学生，【兼职】被骗3.63万元。。??手段：网上看到信息，兼职（“垫资”代充话费）。对方称选择[爆竹][爆竹]“企业代付”[爆竹][爆竹]，??钱就不会被转走，但操作后，钱还是被转走??。。       对方称其操作失误，??为退款，按对方要求，继续转账??。。。【马山镇、马山派出所】。3、周庙村初中生，【找人“解封微信”】被骗3.5万元。。??手段：快手找人解封微信，对方让其?提供了家长微信、银行卡的【验证码】?，钱被转走。。。【文昌街道、新城派出所】。4、建发天玺妇女，网上兼职【垫资做任务、刷销量、刷关注、刷点赞】被骗3.46万元。。??手段：??被陌生人拉进群??，推荐足不出户做兼职，[裂开]抖音刷关注[裂开]挣到佣金，后被引诱??“垫资”刷购“抖币”??。。        前期挣到小额返利，后被以【系统设置，需要[苦涩]连续刷任务才能退还垫付金、佣金[苦涩]】，【??操作失误，需要刷补救单??】为由要求转账。。。【崮云湖街道、大学路派出所】。5、河南籍务工男青年（租住乐天），【刷单做任务以?? 免费约炮?? 】被骗2.31万元。。??手段：??网上看到信息??，下载APP，为[吐]解锁约炮资格[吐]，??“约炮”客服引诱其“垫资”刷“会员费”??，前期挣到小额返利。。        后被以【系统设置，需要[裂开]连续刷任务[裂开]才能退还垫付金、佣金】、【??操作失误??（后台都能做手脚），刷补救单】为由要求多次转账。""。08月26日 10:21分。顺其自然(客户):""各位居民朋友好~。社区邻里夜校“AI机器人”招生啦~，详细信息如下：。上课时间：2024年8月28日本周三晚上七点半。活动地点：恒大绿洲第二社区党群服务中心""。顺其自然(客户):""[小程序消息]""。08月26日 12:11分。CC(客户):""各位居民朋友好~。社区邻里夜校“AI机器人”招生啦~，详细信息如下：。上课时间：2024年8月28日本周三晚上七点半。活动地点：恒大绿洲第二社区党群服务中心""。CC(客户):""[小程序消息]""。08月26日 15:37分。宁宁(客户):""[图片]""。宁宁(客户):""[图片]""。宁宁(客户):""[图片]""。宁宁(客户):""[图片]""。08月26日 16:54分。宁宁(客户):""[拳头]环境提升持续进行中[拳头]。[太阳]今天地下室清理[太阳]。恒大绿洲保洁团队为您服务[玫瑰]""。宁宁(客户):""[图片]""。08月26日 18:40分。A大漠(客户):""??物业秩序“小蜜蜂” ??。[庆祝]“小蜜蜂”来了！来了！[庆祝]。[太阳]有事，您说话[太阳]。[庆祝]车辆电瓶亏电启动不了！。[庆祝]家里有沉物品搬不动了！。[庆祝]买了好多东西拿不了！。联系电话：0531-55612606。秩序小“蜜蜂”竭诚为您服务！[耶][耶][耶]。[庆祝]我们的口号：。[庆祝]真心帮助每一位[庆祝]。[庆祝]热心服务每一人[庆祝]。[庆祝]赠人玫瑰[玫瑰]，手有余香[庆祝]""。A大漠(客户):""[图片]""。08月26日 20:04分。你的月亮我的心(客户):""尊敬的业主，您好：。       为更好、更快的解决业主问题，现将各值班人员、联系电话及值班时间公示在群内，各位业主可直接电话联系或在群内@秩序110。1、日常家用维修工具(螺丝刀、活动扳手、小锤等);。2、小型购物车、平板车、人字梯、打气筒，应急医用品等。。为您爱家保驾护航，如果您有家政保洁、直饮水卡办理、白蚁消杀、有偿维修、房屋租赁的业务需求，随时与我们联系，为您提供专业的服务。。【秩序维护部】。[爱心]1.值班时间段：。????20:00－08:00????。[爱心]2.值班中队长-赵队电话：0531-55615881。[爱心]3.物业服务电话：0531-55615896、55615596。??4.监控室值班24小时电话：0531-55612606。3、【物业-安保服务“小蜜蜂”】。[抱拳]如您家中有需要帮助的请联系我们?。[爱心]24小时为各位家人守候。[合十]贴心服务、真诚相伴。如需便民服务车，请直接联系；。①55612606。②55612808。有事您说话，我们会在第一时间安排人员帮你处理[玫瑰][玫瑰]""。你的月亮我的心(客户):""[图片]""。08月26日 23:51分。你的月亮我的心(客户):""尊敬的业主大家好！我是夜间执勤赵队长，金碧物业安保服务8月26号巡查，时刻守护业主们的安全，请安心入睡，如有紧急情况请拨打0531-55612606""。你的月亮我的心(客户):""[图片]""。08月27日 03:01分。你的月亮我的心(客户):""尊敬的业主大家好！我是夜间执勤赵队长，金碧物业安保服务8月27号巡查，时刻守护业主们的安全，请安心入睡，如有紧急情况请拨打0531-55612606""。你的月亮我的心(客户):""[图片]""。&&&","[
    {
        ""话题倾向"": """"
    }
]"
群聊负向,"这是要分析的对话:&&&08月26日 09:01分。恒大社区居委会8731213(客户):""[视频号消息]""。08月26日 10:16分。恒大社区居委会8731213(客户):""[图片]""。恒大社区居委会8731213(客户):""活动通知：恒大社区将于本周三8月28日下午3：00开展社区文明宣传和清扫活动，请需要参与暑假社会实践活动的学生扫下方的腾讯问卷报名参与。。集合地点：恒大社区居委会办公室（恒大城1期1栋内铺）。集合时间：8月28日下午2：50。备注：目前我们发的志愿活动主要是针对学校有要求学生参加暑假社会实践活动要盖章的或者是学校有要求做I志愿的学生，一般是中学生或者大学生，因每次活动人数有限，请没有这方面要求的学生家长暂时不要报名，谢谢！。温馨提示：。1.最近天气多变，请自备雨具遮阳防雨，注意安全。。2.请有需要拍照交学校的同学，自行带手机拍照哈。3.本次活动为24年暑期学生社会实践活动的最后一次活动，后续将不再开展，请有需要的学生积极参与。""。08月26日 17:09分。（休假中）韶关恒大城-管家-彭小芸(员工):""@所有人     关于八月园区消杀通知。…………""。08月26日 17:26分。（休假中）韶关恒大城-管家-彭小芸(员工):""温馨提醒：。        下午好[玫瑰…………""。08月26日 19:07分。韶关恒大城B区监控员(客户):""2024-8-26。【秩序维护部】。1、值班时间段:【19:00-7:00】。2、值班中队长:  李佰全。联系电话：18933707875。【温馨提示】。请各位业主知悉，如需要帮助或遇紧急情况，请电话联系值班室或值班中队长。。物业24小时值班电话：0751-8706100。0751-8706228""。&&&","[
    {
        ""话题倾向"": """"
    }
]"
群聊负向,"这是要分析的对话:&&&08月26日 08:36分。汪海艳(员工):""?????????家人们，早上好~。今天…………""。08月26日 09:39分。メ老頭孜(客户):""[图片]""。08月26日 11:14分。Nevermind(客户):""通知：。8月25日是全国第八个残疾预防日，筑安社区居委会于明天8月27日（本周二）上午在辖区内开展“预防疾病致残  共享健康生活”宣传服务活动，希望学校有社会实践活动要求的学生积极参与，请有意参加志愿服务活动的人员于8月27日早上9:30到8组团筑安社区居委会集中开展活动。""。08月26日 15:43分。Nevermind(客户):""[视频号消息]""。Nevermind(客户):""【提示】买卖游戏账号、游戏装备等一定要在官方平台进行，不要点击陌生链接，以交保证金、提现失败、账号冻结等理由要求继续充值的都是诈骗！""。08月26日 20:01分。悦想(客户):""各位业主：晚上好！[玫瑰]。8月26日秩序部夜间执勤安排：。一、带班队长：陈欢。13984216859。工程值班人员:杨丙云?。13984310672。二、24小时值班电话：。0851-83862661。辖区派出所电话：。0851-83851334。三、带班时间：20:00-08:00。四、我们将12小时坚守岗位，如有需要请致电，我们将竭诚为您服务。夜间休息请关好门窗，做好安全防范，出入小区带好业主卡、谨防尾随。。贵阳恒大文化旅游城物业服务中心祝您：生活愉快！[烟花]""。悦想(客户):""[图片]""。悦想(客户):""[视频]""。&&&","[
    {
        ""话题倾向"": """"
    }
]"
群聊负向,"这是要分析的对话:&&&08月26日 08:44分。徐国飞(员工):""?????????家人们，早上好~。今天…………""。08月26日 20:03分。??普通?市民???(客户):""各位业主：晚上好！[玫瑰]。8月26日秩序部夜间执勤安排：。一、带班队长：段宏。15085960971。工程值班人员：杨丙云 。 13984310672。二、24小时值班电话：。0851-83862661。辖区派出所电话：。0851-83851334。三、带班时间：20:00-08:00。四、我们将12小时坚守岗位，如有需要请致电，我们将竭诚为您服务。夜间休息请关好门窗，做好安全防范，出入小区带好业主卡、谨防尾随。。贵阳恒大文化旅游城物业服务中心祝您：生活愉快！[烟花]""。??普通?市民???(客户):""[视频]""。08月26日 22:09分。李建平(客户):""【物业工作之??电梯维保篇】。。为了确保电梯的安全运行，维保员默默战斗在漆黑的电梯井道中??，这就是我们常听到但又不了解的电梯维保人员?及电梯日常养护??""。李建平(客户):""[图片]""。李建平(客户):""[图片]""。08月26日 23:11分。筑安(客户):""[视频号消息]""。筑安(客户):""通知：。8月25日是全国第八个残疾预防日，筑安社区居委会于明天8月27日（本周二）上午在辖区内开展“预防疾病致残  共享健康生活”宣传服务活动，希望学校有社会实践活动要求的学生积极参与，请有意参加志愿服务活动的人员于8月27日早上9:30到8组团筑安社区居委会集中开展活动。""。筑安(客户):""【提示】买卖游戏账号、游戏装备等一定要在官方平台进行，不要点击陌生链接，以交保证金、提现失败、账号冻结等理由要求继续充值的都是诈骗！""。08月26日 23:22分。??普通?市民???(客户):""[图片]""。&&&","[
    {
        ""话题倾向"": """"
    }
]"
群聊负向,"这是要分析的对话:&&&08月26日 09:16分。恒大城???? 秩序部 三期监控室(客户):""“客服”给你打来电话，说你网购商品出现问题！可以给你申请退款，还给你发来陌生链接！让你注册账号填写信息，再说因“操作失误”导致账户被冻结，让你转账解冻后才能退款？南昌反诈提醒您：退换货请认准官方平台，陌生链接不要点击，不要透露个人信息。敬请各位领导同事转发反诈视频及反诈日历。[抱拳][抱拳][抱拳]""。恒大城???? 秩序部 三期监控室(客户):""[视频号消息]""。恒大城???? 秩序部 三期监控室(客户):""[图片]""。08月26日 18:19分。恒大城???? 秩序部 三期监控室(客户):""重要警示：。    8月23日晚10时，江苏省宿迁市一电动自行车店起火，虽然仅半小时明火就得到控制，但仍造成6人死亡（尤为痛心的是，遇难者中4人系未成年人）。此前，2024年2月23日4时许，江苏南京市雨花台区一小区发生电动自行车火灾，造成15人死亡，44人受伤。今年4月27日，我县一小区也发生了电动自行车火灾亡人事件。在此警示，电动自行车起火，燃烧迅速并会在短时间造成大量有害气体，因灾致死率极高！因此，为了大家的生命财产安全，恳请各位业主对自己负责，也对左右邻里负责，严禁将电动自行车违规入楼、违规充电！也请各位监督，一发现有电动车上楼进单元的，请及时联系物业24小时电话:85130408，物业会第一时间上户整治，保障大家居住安全。""。08月26日 20:02分。恒大城???? 秩序部 三期监控室(客户):""? 2024.8.26日? 。【秩序维护部】 。1.夜班值班时间段：20：00—08：00。2.夜班值班队长:徐霖。3.物业24小时服务电话：0791-85957719/85130408。? 【物业小贴士】?。1、园区道路是大家的，请将爱车停至车位或车库，勿占行车主干道。。2、予人方便，予己方便，整齐有序，文明停车。。3、随身携带门禁卡，刷卡进出，提高安全防止偷盗。。4、请随手关大堂门，轻拉轻推，勿用力拉扯。。5、非机动车请勿进大堂、楼道内充电。。6、请勿让爱宠随地大小便，做文明养宠人。""。&&&","[
    {
        ""话题倾向"": """"
    }
]"
群聊负向,"这是要分析的对话:&&&08月26日 09:16分。恒大城???? 秩序部 三期监控室(客户):""“客服”给你打来电话，说你网购商品出现问题！可以给你申请退款，还给你发来陌生链接！让你注册账号填写信息，再说因“操作失误”导致账户被冻结，让你转账解冻后才能退款？南昌反诈提醒您：退换货请认准官方平台，陌生链接不要点击，不要透露个人信息。敬请各位领导同事转发反诈视频及反诈日历。[抱拳][抱拳][抱拳]""。恒大城???? 秩序部 三期监控室(客户):""[视频号消息]""。恒大城???? 秩序部 三期监控室(客户):""[图片]""。08月26日 18:19分。恒大城???? 秩序部 三期监控室(客户):""重要警示：。    8月23日晚10时，江苏省宿迁市一电动自行车店起火，虽然仅半小时明火就得到控制，但仍造成6人死亡（尤为痛心的是，遇难者中4人系未成年人）。此前，2024年2月23日4时许，江苏南京市雨花台区一小区发生电动自行车火灾，造成15人死亡，44人受伤。今年4月27日，我县一小区也发生了电动自行车火灾亡人事件。在此警示，电动自行车起火，燃烧迅速并会在短时间造成大量有害气体，因灾致死率极高！因此，为了大家的生命财产安全，恳请各位业主对自己负责，也对左右邻里负责，严禁将电动自行车违规入楼、违规充电！也请各位监督，一发现有电动车上楼进单元的，请及时联系物业24小时电话:85130408，物业会第一时间上户整治，保障大家居住安全。""。08月26日 20:02分。恒大城???? 秩序部 三期监控室(客户):""? 2024.8.26日? 。【秩序维护部】 。1.夜班值班时间段：20：00—08：00。2.夜班值班队长:徐霖。3.物业24小时服务电话：0791-85957719/85130408。? 【物业小贴士】?。1、园区道路是大家的，请将爱车停至车位或车库，勿占行车主干道。。2、予人方便，予己方便，整齐有序，文明停车。。3、随身携带门禁卡，刷卡进出，提高安全防止偷盗。。4、请随手关大堂门，轻拉轻推，勿用力拉扯。。5、非机动车请勿进大堂、楼道内充电。。6、请勿让爱宠随地大小便，做文明养宠人。""。&&&","[
    {
        ""话题倾向"": """"
    }
]"
群聊负向,"这是要分析的对话:&&&08月26日 08:00分。济南绿洲1-2-10-11管家寒露(员工):""????金碧物业晨跑开跑啦！！！大朋友、…………""。济南绿洲1-2-10-11管家寒露(员工):""[图片]""。济南绿洲1-2-10-11管家寒露(员工):""[图片]""。济南绿洲1-2-10-11管家寒露(员工):""[图片]""。济南绿洲1-2-10-11管家寒露(员工):""[文件超过最大限制]""。A00(客户):""尊敬的业主，您好：。       为更好、更快的解决业主问题，现将各值班人员、联系电话及值班时间公示在群内，各位业主可直接电话联系或在群内@秩序110。1、日常家用维修工具(螺丝刀、活动扳手、小锤等);。2、小型购物车、平板车、人字梯、打气筒，应急医用品等。。为您爱家保驾护航，如果您有家政保洁、直饮水卡办理、白蚁消杀、有偿维修、房屋租赁的业务需求，随时与我们联系，为您提供专业的服务。。【秩序维护部】。[爱心]1.值班时间段：。????08:00－20:00????。[爱心]2.值班中队长-赵队电话：0531-83131013。[爱心]3.物业服务电话：0531-55615896、55615596。??4.监控室值班24小时电话：0531-55612606。3、【物业-安保服务“小蜜蜂”】。[抱拳]如您家中有需要帮助的请联系我们?。[爱心]24小时为各位家人守候。[合十]贴心服务、真诚相伴。如需便民服务车，请直接联系；。①55612606。②55612808。有事您说话，我们会在第一时间安排人员帮你处理[玫瑰][玫瑰]""。A00(客户):""[图片]""。08月26日 08:18分。宁宁(客户):""??ˋ????ˊ??????????????????.*·做自己生活的舵手 把握梦想前进的方向 不服输 才能成长更好的自己。各位家人们[爱心]早上好！。我是物业保洁领班庄明华，联系电话 15628830750。各位保洁叔叔阿姨已到岗。??倘若您发现任何环境方面的问题或者有宝贵的建议，随时与我联系，我定会全力以赴为您排忧解难！。??感谢各位家人一直以来的信赖与支持！ ?? ??""。宁宁(客户):""[图片]""。08月26日 09:10分。济南绿洲1-2-10-11管家寒露(员工):""[玫瑰][玫瑰]早安  绿洲[玫瑰][玫…………""。济南绿洲1-2-10-11管家寒露(员工):""[链接]""。08月26日 09:53分。派出所反诈宣传员(客户):""8.13元，接到[爆竹]“银监会”[爆竹]电话被骗。。3.63万元，大学生??兼职??被骗。。3.5万元，初中生被骗。。3.46万元，妇女?兼职刷单?被骗。。2.31万元，男青年[色]约炮[色]被骗。。。男青年[色][色]约炮[色][色]，妇女??兼职刷单??、????被“异性网友”诱导投资????诈骗高发！。转发提醒好家里的[拥抱]年轻人、妇女[拥抱]！。。【8月25日电诈警情通报】（近三天典型案例）。【平安街道、开发区派出所】。1、乙武村居民（开发区报警），【接到“银监会”电话】被骗8.13万元。。??手段：接到电话，对方自称?【“银监会”工作人员】??，要帮其“降低网贷利率”，还让其??登陆假的银监会网站??。。        过程中，?开启“屏幕共享”?，指导其将钱转走。。。【大学城、大学路派出所】。2、山东师范大学思想政治教育专业大四学生，【兼职】被骗3.63万元。。??手段：网上看到信息，兼职（“垫资”代充话费）。对方称选择[爆竹][爆竹]“企业代付”[爆竹][爆竹]，??钱就不会被转走，但操作后，钱还是被转走??。。       对方称其操作失误，??为退款，按对方要求，继续转账??。。。【马山镇、马山派出所】。3、周庙村初中生，【找人“解封微信”】被骗3.5万元。。??手段：快手找人解封微信，对方让其?提供了家长微信、银行卡的【验证码】?，钱被转走。。。【文昌街道、新城派出所】。4、建发天玺妇女，网上兼职【垫资做任务、刷销量、刷关注、刷点赞】被骗3.46万元。。??手段：??被陌生人拉进群??，推荐足不出户做兼职，[裂开]抖音刷关注[裂开]挣到佣金，后被引诱??“垫资”刷购“抖币”??。。        前期挣到小额返利，后被以【系统设置，需要[苦涩]连续刷任务才能退还垫付金、佣金[苦涩]】，【??操作失误，需要刷补救单??】为由要求转账。。。【崮云湖街道、大学路派出所】。5、河南籍务工男青年（租住乐天），【刷单做任务以?? 免费约炮?? 】被骗2.31万元。。??手段：??网上看到信息??，下载APP，为[吐]解锁约炮资格[吐]，??“约炮”客服引诱其“垫资”刷“会员费”??，前期挣到小额返利。。        后被以【系统设置，需要[裂开]连续刷任务[裂开]才能退还垫付金、佣金】、【??操作失误??（后台都能做手脚），刷补救单】为由要求多次转账。""。08月26日 11:25分。Mr. Du(客户):""[文件下载失败]""。Mr. Du(客户):""【公区维修8月19日-8月25日工作汇报】。●公区及地下车库排污泵检修7处。●公区及地下车库照明更换6处。●公区直饮水机滤芯更换4处。●公区大堂顶子破损粉刷5处。●公区墙砖破损更换3处。●公区消防故障处理47处。●公区充电桩头安装21处。●园区排污管道疏通8处。●园区路面维修3处。●电梯维保125部。●设备房维护保养。●设备房巡查。工程维修，为您的生活保驾护航。如需帮助请拨打。24小时物业热线:。0531-55615896。济南恒大绿洲物业服务中心""。08月26日 15:32分。派出所反诈宣传员(客户):""[小程序消息]""。宁宁(客户):""[图片]""。宁宁(客户):""[图片]""。宁宁(客户):""[图片]""。宁宁(客户):""[图片]""。08月26日 16:54分。宁宁(客户):""[拳头]环境提升持续进行中[拳头]。[太阳]今天地下室清理[太阳]。恒大绿洲保洁团队为您服务[玫瑰]""。宁宁(客户):""[图片]""。08月26日 18:40分。A大漠(客户):""??物业秩序“小蜜蜂” ??。[庆祝]“小蜜蜂”来了！来了！[庆祝]。[太阳]有事，您说话[太阳]。[庆祝]车辆电瓶亏电启动不了！。[庆祝]家里有沉物品搬不动了！。[庆祝]买了好多东西拿不了！。联系电话：0531-55612606。秩序小“蜜蜂”竭诚为您服务！[耶][耶][耶]。[庆祝]我们的口号：。[庆祝]真心帮助每一位[庆祝]。[庆祝]热心服务每一人[庆祝]。[庆祝]赠人玫瑰[玫瑰]，手有余香[庆祝]""。A大漠(客户):""[图片]""。08月26日 20:04分。你的月亮我的心(客户):""尊敬的业主，您好：。       为更好、更快的解决业主问题，现将各值班人员、联系电话及值班时间公示在群内，各位业主可直接电话联系或在群内@秩序110。1、日常家用维修工具(螺丝刀、活动扳手、小锤等);。2、小型购物车、平板车、人字梯、打气筒，应急医用品等。。为您爱家保驾护航，如果您有家政保洁、直饮水卡办理、白蚁消杀、有偿维修、房屋租赁的业务需求，随时与我们联系，为您提供专业的服务。。【秩序维护部】。[爱心]1.值班时间段：。????20:00－08:00????。[爱心]2.值班中队长-赵队电话：0531-55615881。[爱心]3.物业服务电话：0531-55615896、55615596。??4.监控室值班24小时电话：0531-55612606。3、【物业-安保服务“小蜜蜂”】。[抱拳]如您家中有需要帮助的请联系我们?。[爱心]24小时为各位家人守候。[合十]贴心服务、真诚相伴。如需便民服务车，请直接联系；。①55612606。②55612808。有事您说话，我们会在第一时间安排人员帮你处理[玫瑰][玫瑰]""。你的月亮我的心(客户):""[图片]""。08月26日 23:51分。你的月亮我的心(客户):""尊敬的业主大家好！我是夜间执勤赵队长，金碧物业安保服务8月26号巡查，时刻守护业主们的安全，请安心入睡，如有紧急情况请拨打0531-55612606""。你的月亮我的心(客户):""[图片]""。08月27日 03:00分。你的月亮我的心(客户):""尊敬的业主大家好！我是夜间执勤赵队长，金碧物业安保服务8月27号巡查，时刻守护业主们的安全，请安心入睡，如有紧急情况请拨打0531-55612606""。你的月亮我的心(客户):""[图片]""。&&&","[
    {
        ""话题倾向"": """"
    }
]"
群聊负向,"这是要分析的对话:&&&08月26日 08:03分。姜(客户):""尊敬的各位业主：早上好[玫瑰]。8月26日秩序部白班已接班，执勤安排如下：。一、值班:姜小朋 18786658735。二、24小时值班电：0851-83873003。辖区派出所电话：0851-83851334。三、带班时间：08:00-20:00。四、我们将12小时坚守岗位，如有需要请致电，我们将竭诚为您服务。外出请关好门窗、水电及燃气、出入小区带好业主卡、做好个人防护。。贵阳恒大文化旅游城物业服务中心祝您：生活愉快！[烟花]""。姜(客户):""[图片]""。08月26日 11:01分。姜(客户):""#金碧物业·秩序(保安)服务篇。??用心打磨每一个细节，用真诚赢得您的信赖??。??优美的环境，优良的秩序，优质的服务，都藏在细节里??。?从平凡处发现不平凡，感受我们的用心??。??绝不辜负您的信赖，全心全意为您服务??。         ??金碧物业  我们与您同在。               ——贵阳恒大文化旅游城物业服务中心""。姜(客户):""[图片]""。08月26日 12:25分。心之恋(客户):""[视频号消息]""。心之恋(客户):""【提示】买卖游戏账号、游戏装备等一定要在官方平台进行，不要点击陌生链接，以交保证金、提现失败、账号冻结等理由要求继续充值的都是诈骗！""。心之恋(客户):""通知：。8月25日是全国第八个残疾预防日，筑安社区居委会于明天8月27日（本周二）上午在辖区内开展“预防疾病致残  共享健康生活”宣传服务活动，希望学校有社会实践活动要求的学生积极参与，请有意参加志愿服务活动的人员于8月27日早上9:30到8组团筑安社区居委会集中开展活动。""。08月26日 20:23分。        (客户):""?各位业主：晚上好！[玫瑰]。8月26日秩序部夜间执勤安排：。值班：罗锋18285024210 。维修部：何彬18984855091?。辖区派出所电话：0851-83851334。三、带班时间：20:00-08:00。四、我们将12小时坚守岗位，如有需要请致电，我们将竭诚为您服务。夜间休息请关好门窗，做好安全防范，出入小区带好业主卡、谨防尾随。。贵阳恒大文化旅游城物业服务中心祝您：生活愉快！[烟花]""。08月26日 20:29分。        (客户):""[图片]""。        (客户):""[视频]""。08月26日 20:38分。        (客户):""[图片]""。&&&","[
    {
        ""话题倾向"": """"
    }
]"
群聊负向,"这是要分析的对话:&&&08月26日 20:48分。矿泉水(客户):""各位业主：晚上好！[玫瑰]。8月26日秩序部夜间执勤安排：。一、值班人员:  韦飞龙18798007817。  监控室电话号码：83873539。  维修值班人员： ?郭文波18111908017?。二、巡查期间未发现流浪狗、猫，值班期间如发现第一时间处理。三、带班时间：20:00-08:00。四、我们将12小时坚守岗位，如有需要请致电，我们将竭诚为您服务。夜间休息请关好门窗，做好安全防范，出入小区带好业主卡、谨防尾随。。贵阳金碧物业服务中心祝您：生活愉快！[烟花]""。矿泉水(客户):""[视频]""。08月26日 22:23分。杨俊兴(员工):""各位业主大家晚上好，园区设备房巡查正常，…………""。杨俊兴(员工):""[图片]""。&&&","[
    {
        ""话题倾向"": """"
    }
]"
群聊负向,"这是要分析的对话:&&&08月26日 08:27分。恒大城-管家-小冷(员工):""@姚灵您好 知道几单元吗 有群的  游泳…………""。姚灵(客户):""@恒大城-管家-小冷?不知道几单元""。姚灵(客户):""图片有""。恒大城-管家-小冷(员工):""好 照片你发我 我都发下""。姚灵(客户):""好的，谢谢""。08月26日 08:34分。姚灵(客户):""[图片]""。恒大城-管家-小冷(员工):""好""。姚灵(客户):""@恒大城-管家-小冷?是粉色的""。姚灵(客户):""我小孩只记得他是47栋的""。08月26日 08:40分。姚灵(客户):""昨天晚上在昌南体育广场游乐中心玩的时候借的""。姚灵(客户):""@恒大城-管家-小冷?""。恒大城-管家-小冷(员工):""好""。08月26日 09:10分。恒大城???? 秩序部 三期监控室(客户):""[视频号消息]""。恒大城???? 秩序部 三期监控室(客户):""[图片]""。恒大城???? 秩序部 三期监控室(客户):""“客服”给你打来电话，说你网购商品出现问题！可以给你申请退款，还给你发来陌生链接！让你注册账号填写信息，再说因“操作失误”导致账户被冻结，让你转账解冻后才能退款？南昌反诈提醒您：退换货请认准官方平台，陌生链接不要点击，不要透露个人信息。敬请各位领导同事转发反诈视频及反诈日历。[抱拳][抱拳][抱拳]""。08月26日 11:32分。恒大城-管家-小冷(员工):""【关于四害消杀的温馨提示】。      …………""。恒大城-管家-小冷(员工):""[图片]""。08月26日 15:49分。恒大城-管家-小冷(员工):""【南昌恒大城—周报】。?? 一周美好，与…………""。恒大城-管家-小冷(员工):""[图片]""。08月26日 16:23分。恒大城-管家-小冷(员工):""【44栋地库口维修封闭通知】。    各…………""。恒大城-管家-小冷(员工):""[图片]""。08月26日 18:16分。恒大城???? 秩序部 三期监控室(客户):""重要警示：。    8月23日晚10时，江苏省宿迁市一电动自行车店起火，虽然仅半小时明火就得到控制，但仍造成6人死亡（尤为痛心的是，遇难者中4人系未成年人）。此前，2024年2月23日4时许，江苏南京市雨花台区一小区发生电动自行车火灾，造成15人死亡，44人受伤。今年4月27日，我县一小区也发生了电动自行车火灾亡人事件。在此警示，电动自行车起火，燃烧迅速并会在短时间造成大量有害气体，因灾致死率极高！因此，为了大家的生命财产安全，恳请各位业主对自己负责，也对左右邻里负责，严禁将电动自行车违规入楼、违规充电！也请各位监督，一发现有电动车上楼进单元的，请及时联系物业24小时电话:85130408，物业会第一时间上户整治，保障大家居住安全。""。08月26日 20:04分。恒大城???? 秩序部 三期监控室(客户):""? 2024.8.26日? 。【秩序维护部】 。1.夜班值班时间段：20：00—08：00。2.夜班值班队长:徐霖。3.物业24小时服务电话：0791-85957719/85130408。? 【物业小贴士】?。1、园区道路是大家的，请将爱车停至车位或车库，勿占行车主干道。。2、予人方便，予己方便，整齐有序，文明停车。。3、随身携带门禁卡，刷卡进出，提高安全防止偷盗。。4、请随手关大堂门，轻拉轻推，勿用力拉扯。。5、非机动车请勿进大堂、楼道内充电。。6、请勿让爱宠随地大小便，做文明养宠人。""。&&&","[
    {
        ""话题倾向"": """"
    }
]"
群聊负向,"这是要分析的对话:&&&08月26日 09:20分。。(客户):""[视频号消息]""。。(客户):""【提示】买卖游戏账号、游戏装备等一定要在官方平台进行，不要点击陌生链接，以交保证金、提现失败、账号冻结等理由要求继续充值的都是诈骗！""。女人当自强(客户):""@徐国飞?修水管的什么时候过来？""。08月26日 10:00分。李彬(员工):""已经去了""。女人当自强(客户):""好的""。女人当自强(客户):""到了""。08月26日 16:48分。刘梅(客户):""??保洁篇—清拖楼层及垃圾桶清洗。服务从来没有一劳永逸??，。只有日复一日的坚持??，。保洁员陆续清拖楼层及清洗垃圾桶??，。以匠心服务铸就美好的生活??。。     ——贵阳恒大文化旅游城第一物业服务中心""。刘梅(客户):""[图片]""。08月26日 16:55分。『钱程似锦』(客户):""@徐国飞?车今天可以开进停车场了吗？""。李彬(员工):""漆做好的车位号喷好的可以临时停@51-8…………""。『钱程似锦』(客户):""好的""。08月26日 20:03分。世界变得更美好(客户):""─???今日值班公告???─。。         2024年8月26日?。 今日夜间值班情况如下?：。?????♂秩序值班人员：于天明。    值班电话：18275089531。维修值班师傅：杨丙云。电话：13984310672。??夜间温馨提示：。??有任何需要帮助请及时拨打值班人员电话或者物业服务中心24小时热线：0851-83862661??。??夜间回家的家人请规范停车??，互相方便出行?。        愿家人们晚安好梦！??。   。      贴心服务[爱心]真诚相伴。           ——贵阳恒大文化旅游城物业服务中心""。&&&","[
    {
        ""话题倾向"": """"
    }
]"
群聊负向,"这是要分析的对话:&&&08月26日 08:38分。杜婷婷(员工):""尊敬的业主：。   早上好！今天小管休息…………""。08月26日 20:35分。.(客户):""各位业主：晚上好！[玫瑰]。8月26日秩序部夜间执勤安排：。一、值班人员:  罗垚19316563414。  监控室电话号码：83873539。  维修值班人员： ?郭文波18111908017?。二、巡查期间未发现流浪狗、猫，值班期间如发现第一时间处理。三、带班时间：20:00-08:00。四、我们将12小时坚守岗位，如有需要请致电，我们将竭诚为您服务。夜间休息请关好门窗，做好安全防范，出入小区带好业主卡、谨防尾随。。贵阳金碧物业服务中心祝您：生活愉快！[烟花]""。.(客户):""[视频]""。&&&","[
    {
        ""话题倾向"": """"
    }
]"
群聊负向,"这是要分析的对话:&&&08月26日 04:06分。一期中队长(客户):""[文件下载失败]""。一期中队长(客户):""【?? 秩序服务?巡逻篇】。我们是晚班园区秩序的守护者??。每天园区全覆盖巡视??。希望用我们的行动??。为您营造舒适的居家环境??。如需帮助请拨打24小时服务热线。?:0731一85520610。值班中队长。?:17700582951（一期）。??我们竭诚为您服务??""。08月26日 06:32分。一期中队长(客户):""[图片]""。一期中队长(客户):""??长沙恒大雅苑。?2024年8??26日  星期一。?天气: 晴  气温：28－37℃。1、广西一景区“飞天魔毯”项目故障致1死60伤 景区提出“买断”赔偿方案；。2、浙江绍兴一医院眼科套取医保资金2000万，手术医生庭审坚称无罪引争议；。3、郑州：相关企业限期撤除全市小区电梯里的“上门按摩”广告；。4、今年三伏，全国平均气温达到23.24℃，为史上最热；。5、日本核污染水排海一年，8轮累计排放将达62500吨；微信搜：每日微语报。6、超80城支持国企等收购存量房：36城已启动征集，“去库存效果最直接”；。7、合肥女子李梅在长沙坐拥87套房，因涉罪被查封，正式被法院挂网待拍卖；。8、安徽发文鼓励探索垂钓实名制，官方回应：还未启动落实；。9、周鸿祎再回应“手表不当回答”：已惩罚产品经理接一个月客服电话；。10、三文鱼刺身隔夜返包销售 胖东来：奖励投诉者10万，补偿购买者1000元；。11、黎真主党宣布第一阶段对以袭击取得成功 发射320余枚火箭弹；。12、世卫组织表示，猴痘疫情存在扩散风险，各国防控措施有待加强；。13、防止播音员“讲真话”，日本广播协会开始预录中文新闻；。14、17名中国公民命丧韩国电池厂 火灾调查：因培训不足错失37秒逃生窗口；。15、美国顶尖纳米科学家打算来华工作，曾因与中国高校合作而被美政府判刑；""。一期中队长(客户):""???♂【防溺水??安全温馨提示】。??亲爱的业主家人们：大家好??。?天气渐热，为了孩子们??的安全，请提高安全防范意识?，时刻监督和管理??好孩子，加强对孩子的防溺水??安全教育，禁止??孩子私自到小溪、水库、江边玩水、捕鱼、捉虾、游泳等。 。??安全无小事 时刻要警惕??。请家长??加强对孩子防溺水的监管力度，提高孩子??防溺水的自觉性?。同时物业工作人员??也会加大对园区的巡逻。为孩子的生命安全构筑坚实的防线??。??如需帮助请拨24小时服务热线。二期?:0731-85066275。一期?:0731-85520610。#长沙恒大雅苑物业服务中心""。08月26日 09:35分。长沙恒大雅苑19栋.30-32栋管家(员工):""关于开展小区四害消杀的通知。    尊敬…………""。长沙恒大雅苑19栋.30-32栋管家(员工):""[图片]""。08月26日 11:21分。子鱼(客户):""【??遛狗不随便，随手清狗便??】。     。      ??最近存在严重的不文明养犬的现象，绿化带、草坪的狗便??比比皆是，给其他美邻的生活带来了很大的困扰。。      宠物是人类的朋友，为生活增添不少乐趣??，享受权利的同时还请履行义务哦[抱拳]，为了给小区营造一个整洁和谐的环境??，物业中心倡议各位饲养宠物的业主，请您随身携带废纸或垃圾袋，以便随时清理“排泄物”。    ??优美的居住环境需要大家的共同创造和维护，请从文明养狗开始。??""。子鱼(客户):""[文件超过最大限制]""。08月26日 19:16分。一期中队长(客户):""【?? 秩序服务?巡逻篇】。我们是白班园区秩序的守护者??。每天园区全覆盖巡视??。希望用我们的行动??。为您营造舒适的居家环境??。如需帮助请拨打24小时服务热线。?:0731一85520610。值班中队长。?:17700582951（一期）。??我们竭诚为您服务??""。一期中队长(客户):""[视频]""。一期中队长(客户):""[视频]""。08月26日 19:53分。小牛牛(客户):""8月26日园林工作日常""。小牛牛(客户):""[文件下载失败]""。08月26日 19:59分。长沙恒大雅苑19栋.30-32栋管家(员工):""[图片]""。长沙恒大雅苑19栋.30-32栋管家(员工):""关于小区内防范蛇类动物的温馨提示。各位业…………""。08月26日 20:04分。一期中队长(客户):""业主您好??。我是夜班秩序班长（苏静普17700582951），也是你的夜间安全守护者??，也许您从来没有见过我，因为我值守在您熟睡的每个晚上。夜间??我们会跟踪可疑人员、巡查车库、巡查园区、巡查楼层。。??清晨06:00我们还会查看每个电梯，确保您上班时电梯正常运行。。??如需帮助请及时拨打24小时服务电话85520610，我会出现在你需要的每个时刻???♂???♂???♂。祝您好梦！一醒来又是美美哒的一天哦???""。08月26日 20:22分。周勇13787181826(客户):""管家，麻烦查看一下，一楼大厅是那些小孩在哪里玩耍，大厅的门禁生拉硬扯的弄开，看着都不安全。""。一期中队长(客户):""@周勇13787181826?收到，马上处理""。08月26日 20:49分。一期中队长(客户):""【?? 秩序服务?巡逻篇】。我们是晚班园区秩序的守护者??。每天园区全覆盖巡视??。希望用我们的行动??。为您营造舒适的居家环境??。如需帮助请拨打24小时服务热线。?:0731一85520610。值班中队长。?:17700582951（一期）。??我们竭诚为您服务??""。一期中队长(客户):""[视频]""。08月27日 03:44分。一期中队长(客户):""【?? 秩序服务?巡逻篇】。我们是晚班园区秩序的守护者??。每天园区全覆盖巡视??。希望用我们的行动??。为您营造舒适的居家环境??。如需帮助请拨打24小时服务热线。?:0731一85520610。值班中队长。?:17700582951（一期）。??我们竭诚为您服务??""。一期中队长(客户):""[图片]""。&&&","[
    {
        ""话题倾向"": """"
    }
]"
群聊负向,"这是要分析的对话:&&&08月26日 09:02分。恒大社区居委会8731213(客户):""[视频号消息]""。08月26日 10:16分。恒大社区居委会8731213(客户):""活动通知：恒大社区将于本周三8月28日下午3：00开展社区文明宣传和清扫活动，请需要参与暑假社会实践活动的学生扫下方的腾讯问卷报名参与。。集合地点：恒大社区居委会办公室（恒大城1期1栋内铺）。集合时间：8月28日下午2：50。备注：目前我们发的志愿活动主要是针对学校有要求学生参加暑假社会实践活动要盖章的或者是学校有要求做I志愿的学生，一般是中学生或者大学生，因每次活动人数有限，请没有这方面要求的学生家长暂时不要报名，谢谢！。温馨提示：。1.最近天气多变，请自备雨具遮阳防雨，注意安全。。2.请有需要拍照交学校的同学，自行带手机拍照哈。3.本次活动为24年暑期学生社会实践活动的最后一次活动，后续将不再开展，请有需要的学生积极参与。""。恒大社区居委会8731213(客户):""[图片]""。08月26日 17:44分。韶关恒大城-管家张世辉(员工):""@所有人 关于八月园区消杀通知。尊敬的业…………""。08月26日 19:07分。韶关恒大城B区监控员(客户):""2024-8-26。【秩序维护部】。1、值班时间段:【19:00-7:00】。2、值班中队长:  李佰全。联系电话：18933707875。【温馨提示】。请各位业主知悉，如需要帮助或遇紧急情况，请电话联系值班室或值班中队长。。物业24小时值班电话：0751-8706100。0751-8706228""。&&&","[
    {
        ""话题倾向"": """"
    }
]"
群聊负向,"这是要分析的对话:&&&08月26日 08:48分。雷松(员工):""?????????家人们，早上好~。今天…………""。08月26日 16:03分。漫步云端(客户):""[链接]""。08月26日 17:29分。物业-吴子兵15585131702(客户):""物业＃（秩序服务）装修管控。??文明施工，共创温馨家园。装修巡查及提醒装修时间为早上8:30-12:00下午14:00-18:00。#周末节假日全天禁止装修。——贵阳恒大文化旅游城物业服务中心祝各位业主生活愉快[玫瑰][玫瑰]""。08月26日 18:02分。雷松(员工):""【物业在行动-日常清洁】。?? 烈日当空…………""。雷松(员工):""[图片]""。雷松(员工):""[图片]""。雷松(员工):""[图片]""。08月26日 19:47分。?(客户):""各位业主：晚上好！[玫瑰]。8 月 26日秩序部夜间执勤安排：。一、值班队长：董煜轩。电话: 17855557716。二、24小时值班电话：0851-83873635。辖区派出所电话：0851-83851334。三、带班时间：。20:00-08:00。四、我们将12小时坚守岗位，如有需要请致电，我们将竭诚为您服务。夜间休息请关好门窗，做好安全防范，出入小区带好业主卡。。贵阳恒大文化旅游城物业服务中心祝您：生活愉快！[烟花]""。&&&","[
    {
        ""话题倾向"": """"
    }
]"
群聊负向,"这是要分析的对话:&&&08月26日 07:53分。济南绿洲8-9号楼管家立夏(员工):""????金碧物业晨跑开跑啦！！！大朋友、…………""。济南绿洲8-9号楼管家立夏(员工):""[图片]""。济南绿洲8-9号楼管家立夏(员工):""[图片]""。济南绿洲8-9号楼管家立夏(员工):""[图片]""。济南绿洲8-9号楼管家立夏(员工):""[文件超过最大限制]""。08月26日 08:05分。A00(客户):""尊敬的业主，您好：。       为更好、更快的解决业主问题，现将各值班人员、联系电话及值班时间公示在群内，各位业主可直接电话联系或在群内@秩序110。1、日常家用维修工具(螺丝刀、活动扳手、小锤等);。2、小型购物车、平板车、人字梯、打气筒，应急医用品等。。为您爱家保驾护航，如果您有家政保洁、直饮水卡办理、白蚁消杀、有偿维修、房屋租赁的业务需求，随时与我们联系，为您提供专业的服务。。【秩序维护部】。[爱心]1.值班时间段：。????08:00－20:00????。[爱心]2.值班中队长-赵队电话：0531-83131013。[爱心]3.物业服务电话：0531-55615896、55615596。??4.监控室值班24小时电话：0531-55612606。3、【物业-安保服务“小蜜蜂”】。[抱拳]如您家中有需要帮助的请联系我们?。[爱心]24小时为各位家人守候。[合十]贴心服务、真诚相伴。如需便民服务车，请直接联系；。①55612606。②55612808。有事您说话，我们会在第一时间安排人员帮你处理[玫瑰][玫瑰]""。A00(客户):""[图片]""。08月26日 08:17分。宁宁(客户):""??ˋ????ˊ??????????????????.*·做自己生活的舵手 把握梦想前进的方向 不服输 才能成长更好的自己。各位家人们[爱心]早上好！。我是物业保洁领班庄明华，联系电话 15628830750。各位保洁叔叔阿姨已到岗。??倘若您发现任何环境方面的问题或者有宝贵的建议，随时与我联系，我定会全力以赴为您排忧解难！。??感谢各位家人一直以来的信赖与支持！ ?? ??""。宁宁(客户):""[图片]""。08月26日 08:42分。济南绿洲8-9号楼管家立夏(员工):""[玫瑰][玫瑰]早安  绿洲[玫瑰][玫…………""。济南绿洲8-9号楼管家立夏(员工):""[链接]""。08月26日 09:54分。派出所反诈宣传员(客户):""8.13元，接到[爆竹]“银监会”[爆竹]电话被骗。。3.63万元，大学生??兼职??被骗。。3.5万元，初中生被骗。。3.46万元，妇女?兼职刷单?被骗。。2.31万元，男青年[色]约炮[色]被骗。。。男青年[色][色]约炮[色][色]，妇女??兼职刷单??、????被“异性网友”诱导投资????诈骗高发！。转发提醒好家里的[拥抱]年轻人、妇女[拥抱]！。。【8月25日电诈警情通报】（近三天典型案例）。【平安街道、开发区派出所】。1、乙武村居民（开发区报警），【接到“银监会”电话】被骗8.13万元。。??手段：接到电话，对方自称?【“银监会”工作人员】??，要帮其“降低网贷利率”，还让其??登陆假的银监会网站??。。        过程中，?开启“屏幕共享”?，指导其将钱转走。。。【大学城、大学路派出所】。2、山东师范大学思想政治教育专业大四学生，【兼职】被骗3.63万元。。??手段：网上看到信息，兼职（“垫资”代充话费）。对方称选择[爆竹][爆竹]“企业代付”[爆竹][爆竹]，??钱就不会被转走，但操作后，钱还是被转走??。。       对方称其操作失误，??为退款，按对方要求，继续转账??。。。【马山镇、马山派出所】。3、周庙村初中生，【找人“解封微信”】被骗3.5万元。。??手段：快手找人解封微信，对方让其?提供了家长微信、银行卡的【验证码】?，钱被转走。。。【文昌街道、新城派出所】。4、建发天玺妇女，网上兼职【垫资做任务、刷销量、刷关注、刷点赞】被骗3.46万元。。??手段：??被陌生人拉进群??，推荐足不出户做兼职，[裂开]抖音刷关注[裂开]挣到佣金，后被引诱??“垫资”刷购“抖币”??。。        前期挣到小额返利，后被以【系统设置，需要[苦涩]连续刷任务才能退还垫付金、佣金[苦涩]】，【??操作失误，需要刷补救单??】为由要求转账。。。【崮云湖街道、大学路派出所】。5、河南籍务工男青年（租住乐天），【刷单做任务以?? 免费约炮?? 】被骗2.31万元。。??手段：??网上看到信息??，下载APP，为[吐]解锁约炮资格[吐]，??“约炮”客服引诱其“垫资”刷“会员费”??，前期挣到小额返利。。        后被以【系统设置，需要[裂开]连续刷任务[裂开]才能退还垫付金、佣金】、【??操作失误??（后台都能做手脚），刷补救单】为由要求多次转账。""。08月26日 15:33分。派出所反诈宣传员(客户):""[小程序消息]""。宁宁(客户):""[图片]""。宁宁(客户):""[图片]""。宁宁(客户):""[图片]""。宁宁(客户):""[图片]""。08月26日 16:54分。宁宁(客户):""[拳头]环境提升持续进行中[拳头]。[太阳]今天地下室清理[太阳]。恒大绿洲保洁团队为您服务[玫瑰]""。宁宁(客户):""[图片]""。08月26日 18:39分。A大漠(客户):""??物业秩序“小蜜蜂” ??。[庆祝]“小蜜蜂”来了！来了！[庆祝]。[太阳]有事，您说话[太阳]。[庆祝]车辆电瓶亏电启动不了！。[庆祝]家里有沉物品搬不动了！。[庆祝]买了好多东西拿不了！。联系电话：0531-55612606。秩序小“蜜蜂”竭诚为您服务！[耶][耶][耶]。[庆祝]我们的口号：。[庆祝]真心帮助每一位[庆祝]。[庆祝]热心服务每一人[庆祝]。[庆祝]赠人玫瑰[玫瑰]，手有余香[庆祝]""。A大漠(客户):""[图片]""。08月26日 20:05分。你的月亮我的心(客户):""尊敬的业主，您好：。       为更好、更快的解决业主问题，现将各值班人员、联系电话及值班时间公示在群内，各位业主可直接电话联系或在群内@秩序110。1、日常家用维修工具(螺丝刀、活动扳手、小锤等);。2、小型购物车、平板车、人字梯、打气筒，应急医用品等。。为您爱家保驾护航，如果您有家政保洁、直饮水卡办理、白蚁消杀、有偿维修、房屋租赁的业务需求，随时与我们联系，为您提供专业的服务。。【秩序维护部】。[爱心]1.值班时间段：。????20:00－08:00????。[爱心]2.值班中队长-赵队电话：0531-55615881。[爱心]3.物业服务电话：0531-55615896、55615596。??4.监控室值班24小时电话：0531-55612606。3、【物业-安保服务“小蜜蜂”】。[抱拳]如您家中有需要帮助的请联系我们?。[爱心]24小时为各位家人守候。[合十]贴心服务、真诚相伴。如需便民服务车，请直接联系；。①55612606。②55612808。有事您说话，我们会在第一时间安排人员帮你处理[玫瑰][玫瑰]""。你的月亮我的心(客户):""[图片]""。08月26日 23:51分。你的月亮我的心(客户):""尊敬的业主大家好！我是夜间执勤赵队长，金碧物业安保服务8月26号巡查，时刻守护业主们的安全，请安心入睡，如有紧急情况请拨打0531-55612606""。你的月亮我的心(客户):""[图片]""。08月27日 03:01分。你的月亮我的心(客户):""尊敬的业主大家好！我是夜间执勤赵队长，金碧物业安保服务8月27号巡查，时刻守护业主们的安全，请安心入睡，如有紧急情况请拨打0531-55612606""。你的月亮我的心(客户):""[图片]""。&&&","[
    {
        ""话题倾向"": """"
    }
]"
群聊负向,"这是要分析的对话:&&&08月26日 09:02分。恒大社区居委会8731213(客户):""[视频号消息]""。08月26日 10:16分。恒大社区居委会8731213(客户):""活动通知：恒大社区将于本周三8月28日下午3：00开展社区文明宣传和清扫活动，请需要参与暑假社会实践活动的学生扫下方的腾讯问卷报名参与。。集合地点：恒大社区居委会办公室（恒大城1期1栋内铺）。集合时间：8月28日下午2：50。备注：目前我们发的志愿活动主要是针对学校有要求学生参加暑假社会实践活动要盖章的或者是学校有要求做I志愿的学生，一般是中学生或者大学生，因每次活动人数有限，请没有这方面要求的学生家长暂时不要报名，谢谢！。温馨提示：。1.最近天气多变，请自备雨具遮阳防雨，注意安全。。2.请有需要拍照交学校的同学，自行带手机拍照哈。3.本次活动为24年暑期学生社会实践活动的最后一次活动，后续将不再开展，请有需要的学生积极参与。""。恒大社区居委会8731213(客户):""[图片]""。08月26日 17:25分。（请假中）韶关恒大城-管家-张志良(员工):""@所有人关于八月园区消杀通知。尊敬的业户…………""。（休假中）韶关恒大城-管家-彭小芸(员工):""温馨提醒：。        早上好[玫瑰…………""。08月26日 19:07分。韶关恒大城B区监控员(客户):""2024-8-26。【秩序维护部】。1、值班时间段:【19:00-7:00】。2、值班中队长:  李佰全。联系电话：18933707875。【温馨提示】。请各位业主知悉，如需要帮助或遇紧急情况，请电话联系值班室或值班中队长。。物业24小时值班电话：0751-8706100。0751-8706228""。&&&","[
    {
        ""话题倾向"": """"
    }
]"
群聊负向,"这是要分析的对话:&&&08月26日 09:16分。恒大城???? 秩序部 三期监控室(客户):""[视频号消息]""。恒大城???? 秩序部 三期监控室(客户):""“客服”给你打来电话，说你网购商品出现问题！可以给你申请退款，还给你发来陌生链接！让你注册账号填写信息，再说因“操作失误”导致账户被冻结，让你转账解冻后才能退款？南昌反诈提醒您：退换货请认准官方平台，陌生链接不要点击，不要透露个人信息。敬请各位领导同事转发反诈视频及反诈日历。[抱拳][抱拳][抱拳]""。恒大城???? 秩序部 三期监控室(客户):""[图片]""。08月26日 18:19分。恒大城???? 秩序部 三期监控室(客户):""重要警示：。    8月23日晚10时，江苏省宿迁市一电动自行车店起火，虽然仅半小时明火就得到控制，但仍造成6人死亡（尤为痛心的是，遇难者中4人系未成年人）。此前，2024年2月23日4时许，江苏南京市雨花台区一小区发生电动自行车火灾，造成15人死亡，44人受伤。今年4月27日，我县一小区也发生了电动自行车火灾亡人事件。在此警示，电动自行车起火，燃烧迅速并会在短时间造成大量有害气体，因灾致死率极高！因此，为了大家的生命财产安全，恳请各位业主对自己负责，也对左右邻里负责，严禁将电动自行车违规入楼、违规充电！也请各位监督，一发现有电动车上楼进单元的，请及时联系物业24小时电话:85130408，物业会第一时间上户整治，保障大家居住安全。""。08月26日 20:02分。恒大城???? 秩序部 三期监控室(客户):""? 2024.8.26日? 。【秩序维护部】 。1.夜班值班时间段：20：00—08：00。2.夜班值班队长:徐霖。3.物业24小时服务电话：0791-85957719/85130408。? 【物业小贴士】?。1、园区道路是大家的，请将爱车停至车位或车库，勿占行车主干道。。2、予人方便，予己方便，整齐有序，文明停车。。3、随身携带门禁卡，刷卡进出，提高安全防止偷盗。。4、请随手关大堂门，轻拉轻推，勿用力拉扯。。5、非机动车请勿进大堂、楼道内充电。。6、请勿让爱宠随地大小便，做文明养宠人。""。&&&","[
    {
        ""话题倾向"": """"
    }
]"
群聊负向,"这是要分析的对话:&&&08月26日 08:44分。徐国飞(员工):""?????????家人们，早上好~。今天…………""。08月26日 20:03分。??普通?市民???(客户):""各位业主：晚上好！[玫瑰]。8月26日秩序部夜间执勤安排：。一、带班队长：段宏。15085960971。工程值班人员：杨丙云 。 13984310672。二、24小时值班电话：。0851-83862661。辖区派出所电话：。0851-83851334。三、带班时间：20:00-08:00。四、我们将12小时坚守岗位，如有需要请致电，我们将竭诚为您服务。夜间休息请关好门窗，做好安全防范，出入小区带好业主卡、谨防尾随。。贵阳恒大文化旅游城物业服务中心祝您：生活愉快！[烟花]""。??普通?市民???(客户):""[视频]""。08月26日 22:09分。李建平(客户):""【物业工作之??电梯维保篇】。。为了确保电梯的安全运行，维保员默默战斗在漆黑的电梯井道中??，这就是我们常听到但又不了解的电梯维保人员?及电梯日常养护??""。李建平(客户):""[图片]""。李建平(客户):""[图片]""。08月26日 23:11分。筑安(客户):""[视频号消息]""。筑安(客户):""通知：。8月25日是全国第八个残疾预防日，筑安社区居委会于明天8月27日（本周二）上午在辖区内开展“预防疾病致残  共享健康生活”宣传服务活动，希望学校有社会实践活动要求的学生积极参与，请有意参加志愿服务活动的人员于8月27日早上9:30到8组团筑安社区居委会集中开展活动。""。筑安(客户):""【提示】买卖游戏账号、游戏装备等一定要在官方平台进行，不要点击陌生链接，以交保证金、提现失败、账号冻结等理由要求继续充值的都是诈骗！""。08月26日 23:22分。??普通?市民???(客户):""[图片]""。&&&","[
    {
        ""话题倾向"": """"
    }
]"
群聊负向,"这是要分析的对话:&&&08月26日 14:46分。悠然(客户):""请问那个有贴地砖的师傅号码没，介绍一个哈！""。覃燕(客户):""17785122809这个@悠然?""。悠然(客户):""@覃燕9栋21楼1号?谢谢！""。覃燕(客户):""@悠然?不客气哦""。08月26日 20:16分。?(客户):""各位业主：晚上好！[玫瑰]。8月26日秩序部夜间执勤安排：。一、值班人员，李苓杰13035574097。维修值班人员： 郭文波18111908017。二、巡查期间未发现流浪狗、猫，值班期间如发现第一时间处理。三、带班时间：20:00-08:00。四、我们将12小时坚守岗位，如有需要请致电，我们将竭诚为您服务。夜间休息请关好门窗，做好安全防范，出入小区带好业主卡、谨防尾随。。贵阳金碧物业服务中心祝您：生活愉快！[烟花]""。08月26日 21:24分。郑超超(员工):""停气通知。停气日期：2024年8月26日…………""。&&&","[
    {
        ""话题倾向"": """"
    }
]"
群聊负向,"这是要分析的对话:&&&08月26日 08:01分。姜(客户):""尊敬的各位业主：早上好[玫瑰]。8月26日秩序部白班已接班，执勤安排如下：。一、值班:姜小朋 18786658735。二、24小时值班电：0851-83873003。辖区派出所电话：0851-83851334。三、带班时间：08:00-20:00。四、我们将12小时坚守岗位，如有需要请致电，我们将竭诚为您服务。外出请关好门窗、水电及燃气、出入小区带好业主卡、做好个人防护。。贵阳恒大文化旅游城物业服务中心祝您：生活愉快！[烟花]""。姜(客户):""[图片]""。08月26日 08:58分。晏春英(员工):""【?? 管家休假知会】。尊敬的业主，您好…………""。08月26日 11:01分。姜(客户):""#金碧物业·秩序(保安)服务篇。??用心打磨每一个细节，用真诚赢得您的信赖??。??优美的环境，优良的秩序，优质的服务，都藏在细节里??。?从平凡处发现不平凡，感受我们的用心??。??绝不辜负您的信赖，全心全意为您服务??。         ??金碧物业  我们与您同在。               ——贵阳恒大文化旅游城物业服务中心""。姜(客户):""[图片]""。08月26日 12:25分。心之恋(客户):""[视频号消息]""。心之恋(客户):""通知：。8月25日是全国第八个残疾预防日，筑安社区居委会于明天8月27日（本周二）上午在辖区内开展“预防疾病致残  共享健康生活”宣传服务活动，希望学校有社会实践活动要求的学生积极参与，请有意参加志愿服务活动的人员于8月27日早上9:30到8组团筑安社区居委会集中开展活动。""。心之恋(客户):""【提示】买卖游戏账号、游戏装备等一定要在官方平台进行，不要点击陌生链接，以交保证金、提现失败、账号冻结等理由要求继续充值的都是诈骗！""。08月26日 20:25分。        (客户):""?各位业主：晚上好！[玫瑰]。8月26日秩序部夜间执勤安排：。值班：罗锋18285024210 。维修部：何彬18984855091?。辖区派出所电话：0851-83851334。三、带班时间：20:00-08:00。四、我们将12小时坚守岗位，如有需要请致电，我们将竭诚为您服务。夜间休息请关好门窗，做好安全防范，出入小区带好业主卡、谨防尾随。。贵阳恒大文化旅游城物业服务中心祝您：生活愉快！[烟花]""。08月26日 20:32分。        (客户):""[视频]""。        (客户):""[图片]""。&&&","[
    {
        ""话题倾向"": """"
    }
]"
群聊负向,"这是要分析的对话:&&&08月26日 08:47分。雷松(员工):""?????????家人们，早上好~。今天…………""。08月26日 16:03分。漫步云端(客户):""[链接]""。08月26日 16:12分。小幸运(客户):""有没有拍摄房子的业主啊[调皮]，""。08月26日 17:29分。物业-吴子兵15585131702(客户):""物业＃（秩序服务）装修管控。??文明施工，共创温馨家园。装修巡查及提醒装修时间为早上8:30-12:00下午14:00-18:00。#周末节假日全天禁止装修。——贵阳恒大文化旅游城物业服务中心祝各位业主生活愉快[玫瑰][玫瑰]""。08月26日 18:02分。雷松(员工):""【物业在行动-日常清洁】。?? 烈日当空…………""。雷松(员工):""[图片]""。雷松(员工):""[图片]""。雷松(员工):""[图片]""。08月26日 19:47分。?(客户):""各位业主：晚上好！[玫瑰]。8 月 26日秩序部夜间执勤安排：。一、值班队长：董煜轩。电话: 17855557716。二、24小时值班电话：0851-83873635。辖区派出所电话：0851-83851334。三、带班时间：。20:00-08:00。四、我们将12小时坚守岗位，如有需要请致电，我们将竭诚为您服务。夜间休息请关好门窗，做好安全防范，出入小区带好业主卡。。贵阳恒大文化旅游城物业服务中心祝您：生活愉快！[烟花]""。&&&","[
    {
        ""话题倾向"": """"
    }
]"
群聊负向,"这是要分析的对话:&&&08月26日 09:15分。恒大城???? 秩序部 三期监控室(客户):""“客服”给你打来电话，说你网购商品出现问题！可以给你申请退款，还给你发来陌生链接！让你注册账号填写信息，再说因“操作失误”导致账户被冻结，让你转账解冻后才能退款？南昌反诈提醒您：退换货请认准官方平台，陌生链接不要点击，不要透露个人信息。敬请各位领导同事转发反诈视频及反诈日历。[抱拳][抱拳][抱拳]""。恒大城???? 秩序部 三期监控室(客户):""[视频号消息]""。恒大城???? 秩序部 三期监控室(客户):""[图片]""。08月26日 10:12分。忘忧草(客户):""[视频]""。08月26日 10:36分。杨杨(客户):""问一下美邻们这边的初中怎么样？""。08月26日 18:19分。恒大城???? 秩序部 三期监控室(客户):""重要警示：。    8月23日晚10时，江苏省宿迁市一电动自行车店起火，虽然仅半小时明火就得到控制，但仍造成6人死亡（尤为痛心的是，遇难者中4人系未成年人）。此前，2024年2月23日4时许，江苏南京市雨花台区一小区发生电动自行车火灾，造成15人死亡，44人受伤。今年4月27日，我县一小区也发生了电动自行车火灾亡人事件。在此警示，电动自行车起火，燃烧迅速并会在短时间造成大量有害气体，因灾致死率极高！因此，为了大家的生命财产安全，恳请各位业主对自己负责，也对左右邻里负责，严禁将电动自行车违规入楼、违规充电！也请各位监督，一发现有电动车上楼进单元的，请及时联系物业24小时电话:85130408，物业会第一时间上户整治，保障大家居住安全。""。08月26日 19:21分。涂丽君(客户):""[文件下载失败]""。涂丽君(客户):""@恒大城-管家-小良?垃圾一大堆喔""。恒大城???? 秩序部 三期监控室(客户):""@星星??好的，马上过去处理""。08月26日 19:35分。李佑文(客户):""[文件下载失败]""。李佑文(客户):""[文件下载失败]""。李佑文(客户):""本来位置就紧张，不要光想着自己""。李佑文(客户):""@恒大城???? 秩序部 三期监控室?""。恒大城???? 秩序部 三期监控室(客户):""@李佑文?好的""。08月26日 20:00分。恒大城???? 秩序部 三期监控室(客户):""? 2024.8.26日? 。【秩序维护部】 。1.夜班值班时间段：20：00—08：00。2.夜班值班队长:徐霖。3.物业24小时服务电话：0791-85957719/85130408。? 【物业小贴士】?。1、园区道路是大家的，请将爱车停至车位或车库，勿占行车主干道。。2、予人方便，予己方便，整齐有序，文明停车。。3、随身携带门禁卡，刷卡进出，提高安全防止偷盗。。4、请随手关大堂门，轻拉轻推，勿用力拉扯。。5、非机动车请勿进大堂、楼道内充电。。6、请勿让爱宠随地大小便，做文明养宠人。""。&&&","[
    {
        ""业主情感"": ""一般负面""，
         ""事件开始时间""：""08月26日 19:35分""，
          ""事件结束时间""：""08月26日 19:35分""，
          ""事件详情"":""业主李佑文表达了对某些业主自私做法的指责。""
    }
]"
群聊负向,"这是要分析的对话:&&&08月26日 08:00分。济南绿洲1-2-10-11管家寒露(员工):""????金碧物业晨跑开跑啦！！！大朋友、…………""。济南绿洲1-2-10-11管家寒露(员工):""[图片]""。济南绿洲1-2-10-11管家寒露(员工):""[图片]""。济南绿洲1-2-10-11管家寒露(员工):""[图片]""。济南绿洲1-2-10-11管家寒露(员工):""[文件超过最大限制]""。A00(客户):""尊敬的业主，您好：。       为更好、更快的解决业主问题，现将各值班人员、联系电话及值班时间公示在群内，各位业主可直接电话联系或在群内@秩序110。1、日常家用维修工具(螺丝刀、活动扳手、小锤等);。2、小型购物车、平板车、人字梯、打气筒，应急医用品等。。为您爱家保驾护航，如果您有家政保洁、直饮水卡办理、白蚁消杀、有偿维修、房屋租赁的业务需求，随时与我们联系，为您提供专业的服务。。【秩序维护部】。[爱心]1.值班时间段：。????08:00－20:00????。[爱心]2.值班中队长-赵队电话：0531-83131013。[爱心]3.物业服务电话：0531-55615896、55615596。??4.监控室值班24小时电话：0531-55612606。3、【物业-安保服务“小蜜蜂”】。[抱拳]如您家中有需要帮助的请联系我们?。[爱心]24小时为各位家人守候。[合十]贴心服务、真诚相伴。如需便民服务车，请直接联系；。①55612606。②55612808。有事您说话，我们会在第一时间安排人员帮你处理[玫瑰][玫瑰]""。A00(客户):""[图片]""。08月26日 08:18分。宁宁(客户):""??ˋ????ˊ??????????????????.*·做自己生活的舵手 把握梦想前进的方向 不服输 才能成长更好的自己。各位家人们[爱心]早上好！。我是物业保洁领班庄明华，联系电话 15628830750。各位保洁叔叔阿姨已到岗。??倘若您发现任何环境方面的问题或者有宝贵的建议，随时与我联系，我定会全力以赴为您排忧解难！。??感谢各位家人一直以来的信赖与支持！ ?? ??""。宁宁(客户):""[图片]""。08月26日 09:10分。济南绿洲1-2-10-11管家寒露(员工):""[玫瑰][玫瑰]早安  绿洲[玫瑰][玫…………""。济南绿洲1-2-10-11管家寒露(员工):""[链接]""。08月26日 09:53分。派出所反诈宣传员(客户):""8.13元，接到[爆竹]“银监会”[爆竹]电话被骗。。3.63万元，大学生??兼职??被骗。。3.5万元，初中生被骗。。3.46万元，妇女?兼职刷单?被骗。。2.31万元，男青年[色]约炮[色]被骗。。。男青年[色][色]约炮[色][色]，妇女??兼职刷单??、????被“异性网友”诱导投资????诈骗高发！。转发提醒好家里的[拥抱]年轻人、妇女[拥抱]！。。【8月25日电诈警情通报】（近三天典型案例）。【平安街道、开发区派出所】。1、乙武村居民（开发区报警），【接到“银监会”电话】被骗8.13万元。。??手段：接到电话，对方自称?【“银监会”工作人员】??，要帮其“降低网贷利率”，还让其??登陆假的银监会网站??。。        过程中，?开启“屏幕共享”?，指导其将钱转走。。。【大学城、大学路派出所】。2、山东师范大学思想政治教育专业大四学生，【兼职】被骗3.63万元。。??手段：网上看到信息，兼职（“垫资”代充话费）。对方称选择[爆竹][爆竹]“企业代付”[爆竹][爆竹]，??钱就不会被转走，但操作后，钱还是被转走??。。       对方称其操作失误，??为退款，按对方要求，继续转账??。。。【马山镇、马山派出所】。3、周庙村初中生，【找人“解封微信”】被骗3.5万元。。??手段：快手找人解封微信，对方让其?提供了家长微信、银行卡的【验证码】?，钱被转走。。。【文昌街道、新城派出所】。4、建发天玺妇女，网上兼职【垫资做任务、刷销量、刷关注、刷点赞】被骗3.46万元。。??手段：??被陌生人拉进群??，推荐足不出户做兼职，[裂开]抖音刷关注[裂开]挣到佣金，后被引诱??“垫资”刷购“抖币”??。。        前期挣到小额返利，后被以【系统设置，需要[苦涩]连续刷任务才能退还垫付金、佣金[苦涩]】，【??操作失误，需要刷补救单??】为由要求转账。。。【崮云湖街道、大学路派出所】。5、河南籍务工男青年（租住乐天），【刷单做任务以?? 免费约炮?? 】被骗2.31万元。。??手段：??网上看到信息??，下载APP，为[吐]解锁约炮资格[吐]，??“约炮”客服引诱其“垫资”刷“会员费”??，前期挣到小额返利。。        后被以【系统设置，需要[裂开]连续刷任务[裂开]才能退还垫付金、佣金】、【??操作失误??（后台都能做手脚），刷补救单】为由要求多次转账。""。08月26日 11:25分。Mr. Du(客户):""[图片]""。Mr. Du(客户):""【公区维修8月19日-8月25日工作汇报】。●公区及地下车库排污泵检修7处。●公区及地下车库照明更换6处。●公区直饮水机滤芯更换4处。●公区大堂顶子破损粉刷5处。●公区墙砖破损更换3处。●公区消防故障处理47处。●公区充电桩头安装21处。●园区排污管道疏通8处。●园区路面维修3处。●电梯维保125部。●设备房维护保养。●设备房巡查。工程维修，为您的生活保驾护航。如需帮助请拨打。24小时物业热线:。0531-55615896。济南恒大绿洲物业服务中心""。08月26日 15:32分。派出所反诈宣传员(客户):""[小程序消息]""。宁宁(客户):""[图片]""。宁宁(客户):""[图片]""。宁宁(客户):""[图片]""。宁宁(客户):""[图片]""。08月26日 16:54分。宁宁(客户):""[拳头]环境提升持续进行中[拳头]。[太阳]今天地下室清理[太阳]。恒大绿洲保洁团队为您服务[玫瑰]""。宁宁(客户):""[图片]""。08月26日 18:40分。A大漠(客户):""??物业秩序“小蜜蜂” ??。[庆祝]“小蜜蜂”来了！来了！[庆祝]。[太阳]有事，您说话[太阳]。[庆祝]车辆电瓶亏电启动不了！。[庆祝]家里有沉物品搬不动了！。[庆祝]买了好多东西拿不了！。联系电话：0531-55612606。秩序小“蜜蜂”竭诚为您服务！[耶][耶][耶]。[庆祝]我们的口号：。[庆祝]真心帮助每一位[庆祝]。[庆祝]热心服务每一人[庆祝]。[庆祝]赠人玫瑰[玫瑰]，手有余香[庆祝]""。A大漠(客户):""[图片]""。08月26日 20:05分。你的月亮我的心(客户):""尊敬的业主，您好：。       为更好、更快的解决业主问题，现将各值班人员、联系电话及值班时间公示在群内，各位业主可直接电话联系或在群内@秩序110。1、日常家用维修工具(螺丝刀、活动扳手、小锤等);。2、小型购物车、平板车、人字梯、打气筒，应急医用品等。。为您爱家保驾护航，如果您有家政保洁、直饮水卡办理、白蚁消杀、有偿维修、房屋租赁的业务需求，随时与我们联系，为您提供专业的服务。。【秩序维护部】。[爱心]1.值班时间段：。????20:00－08:00????。[爱心]2.值班中队长-赵队电话：0531-55615881。[爱心]3.物业服务电话：0531-55615896、55615596。??4.监控室值班24小时电话：0531-55612606。3、【物业-安保服务“小蜜蜂”】。[抱拳]如您家中有需要帮助的请联系我们?。[爱心]24小时为各位家人守候。[合十]贴心服务、真诚相伴。如需便民服务车，请直接联系；。①55612606。②55612808。有事您说话，我们会在第一时间安排人员帮你处理[玫瑰][玫瑰]""。你的月亮我的心(客户):""[图片]""。08月26日 23:51分。你的月亮我的心(客户):""尊敬的业主大家好！我是夜间执勤赵队长，金碧物业安保服务8月26号巡查，时刻守护业主们的安全，请安心入睡，如有紧急情况请拨打0531-55612606""。你的月亮我的心(客户):""[图片]""。08月27日 03:01分。你的月亮我的心(客户):""尊敬的业主大家好！我是夜间执勤赵队长，金碧物业安保服务8月27号巡查，时刻守护业主们的安全，请安心入睡，如有紧急情况请拨打0531-55612606""。你的月亮我的心(客户):""[图片]""。&&&","[
    {
        ""话题倾向"": """"
    }
]"
群聊负向,"这是要分析的对话:&&&08月26日 09:13分。恒大城???? 秩序部 三期监控室(客户):""[视频号消息]""。恒大城???? 秩序部 三期监控室(客户):""“客服”给你打来电话，说你网购商品出现问题！可以给你申请退款，还给你发来陌生链接！让你注册账号填写信息，再说因“操作失误”导致账户被冻结，让你转账解冻后才能退款？南昌反诈提醒您：退换货请认准官方平台，陌生链接不要点击，不要透露个人信息。敬请各位领导同事转发反诈视频及反诈日历。[抱拳][抱拳][抱拳]""。恒大城???? 秩序部 三期监控室(客户):""[图片]""。08月26日 11:32分。恒大城-管家-小冷(员工):""【关于四害消杀的温馨提示】。      …………""。恒大城-管家-小冷(员工):""[图片]""。08月26日 15:49分。恒大城-管家-小冷(员工):""【南昌恒大城—周报】。?? 一周美好，与…………""。恒大城-管家-小冷(员工):""[图片]""。08月26日 16:23分。恒大城-管家-小冷(员工):""【44栋地库口维修封闭通知】。    各…………""。恒大城-管家-小冷(员工):""[图片]""。08月26日 18:16分。恒大城???? 秩序部 三期监控室(客户):""重要警示：。    8月23日晚10时，江苏省宿迁市一电动自行车店起火，虽然仅半小时明火就得到控制，但仍造成6人死亡（尤为痛心的是，遇难者中4人系未成年人）。此前，2024年2月23日4时许，江苏南京市雨花台区一小区发生电动自行车火灾，造成15人死亡，44人受伤。今年4月27日，我县一小区也发生了电动自行车火灾亡人事件。在此警示，电动自行车起火，燃烧迅速并会在短时间造成大量有害气体，因灾致死率极高！因此，为了大家的生命财产安全，恳请各位业主对自己负责，也对左右邻里负责，严禁将电动自行车违规入楼、违规充电！也请各位监督，一发现有电动车上楼进单元的，请及时联系物业24小时电话:85130408，物业会第一时间上户整治，保障大家居住安全。""。08月26日 20:04分。恒大城???? 秩序部 三期监控室(客户):""? 2024.8.26日? 。【秩序维护部】 。1.夜班值班时间段：20：00—08：00。2.夜班值班队长:徐霖。3.物业24小时服务电话：0791-85957719/85130408。? 【物业小贴士】?。1、园区道路是大家的，请将爱车停至车位或车库，勿占行车主干道。。2、予人方便，予己方便，整齐有序，文明停车。。3、随身携带门禁卡，刷卡进出，提高安全防止偷盗。。4、请随手关大堂门，轻拉轻推，勿用力拉扯。。5、非机动车请勿进大堂、楼道内充电。。6、请勿让爱宠随地大小便，做文明养宠人。""。08月26日 23:51分。黄武庆(客户):""[视频]""。黄武庆(客户):""[图片]""。黄武庆(客户):""怎么弄的啊""。恒大城???? 秩序部 三期监控室(客户):""水管脱了？""。08月26日 23:58分。黄武庆(客户):""上面冒水下来""。黄武庆(客户):""@恒大城???? 秩序部 三期监控室?""。恒大城???? 秩序部 三期监控室(客户):""报一下房号，明天让工程师傅检修一下""。&&&","[
    {
        ""话题倾向"": """"
    }
]"
群聊负向,"这是要分析的对话:&&&08月26日 08:47分。雷松(员工):""?????????家人们，早上好~。今天…………""。08月26日 09:06分。雷松(员工):""@所有人 今天可视对讲的来维修可视对讲，…………""。08月26日 10:10分。玲珑(客户):""@雷松?请问一下我家的可视对讲因装修拆下来了，可以请师傅安装吗？""。小朱佩琪(客户):""「玲珑：。@雷松?请问一下我家的可视对讲因装修拆下来了，可以请师傅安装吗？」。- - - - - - - - - - - - - - -。@玲珑?我一会去看看""。玲珑(客户):""好的谢谢""。08月26日 16:04分。漫步云端(客户):""[链接]""。08月26日 17:45分。雷松(员工):""【物业在行动-日常清洁】。?? 烈日当空…………""。雷松(员工):""[图片]""。雷松(员工):""[图片]""。雷松(员工):""[图片]""。08月26日 19:47分。?(客户):""各位业主：晚上好！[玫瑰]。8 月 26日秩序部夜间执勤安排：。一、值班队长：董煜轩。电话: 17855557716。二、24小时值班电话：0851-83873635。辖区派出所电话：0851-83851334。三、带班时间：。20:00-08:00。四、我们将12小时坚守岗位，如有需要请致电，我们将竭诚为您服务。夜间休息请关好门窗，做好安全防范，出入小区带好业主卡。。贵阳恒大文化旅游城物业服务中心祝您：生活愉快！[烟花]""。&&&","[
    {
        ""话题倾向"": """"
    }
]"
群聊负向,"这是要分析的对话:&&&08月26日 09:01分。恒大社区居委会8731213(客户):""[视频号消息]""。08月26日 10:16分。恒大社区居委会8731213(客户):""活动通知：恒大社区将于本周三8月28日下午3：00开展社区文明宣传和清扫活动，请需要参与暑假社会实践活动的学生扫下方的腾讯问卷报名参与。。集合地点：恒大社区居委会办公室（恒大城1期1栋内铺）。集合时间：8月28日下午2：50。备注：目前我们发的志愿活动主要是针对学校有要求学生参加暑假社会实践活动要盖章的或者是学校有要求做I志愿的学生，一般是中学生或者大学生，因每次活动人数有限，请没有这方面要求的学生家长暂时不要报名，谢谢！。温馨提示：。1.最近天气多变，请自备雨具遮阳防雨，注意安全。。2.请有需要拍照交学校的同学，自行带手机拍照哈。3.本次活动为24年暑期学生社会实践活动的最后一次活动，后续将不再开展，请有需要的学生积极参与。""。恒大社区居委会8731213(客户):""[图片]""。08月26日 16:11分。Nana（美缝，封窗，防盗网艺术墙(客户):""有没有人要去考摩托车牌的呀，想找个伴一齐去。@所有人""。08月26日 17:08分。韶关恒大城-管家-李海通(员工):""     关于八月园区消杀通知。尊敬的业…………""。韶关恒大城-管家-李海通(员工):""[图片]""。08月26日 19:03分。韶关恒大城A区监控员(客户):""2024-08-26。【秩序维护部】。1、值班时间段: 19:00-07:00。2、值班中队长: 祝金才。联系:13509859250。【温馨提示】。请各位业主知悉，如需要帮助或遇紧急情况，请电话联系值班室或值班中队长。。物业24小时值班电话：。0751-8709633。0751-8709600""。&&&","[
    {
        ""话题倾向"": """"
    }
]"
群聊负向,"这是要分析的对话:&&&08月26日 08:05分。济南绿洲35-36号楼管家小满(员工):""????金碧物业晨跑开跑啦！！！大朋友、…………""。济南绿洲35-36号楼管家小满(员工):""[图片]""。济南绿洲35-36号楼管家小满(员工):""[图片]""。济南绿洲35-36号楼管家小满(员工):""[图片]""。济南绿洲35-36号楼管家小满(员工):""[文件超过最大限制]""。08月26日 08:43分。济南绿洲35-36号楼管家小满(员工):""[玫瑰][玫瑰]早安  绿洲[玫瑰][玫…………""。济南绿洲35-36号楼管家小满(员工):""[链接]""。08月26日 09:45分。恒大四社区@蒋(客户):""8.13元，接到[爆竹]“银监会”[爆竹]电话被骗。。3.63万元，大学生??兼职??被骗。。3.5万元，初中生被骗。。3.46万元，妇女?兼职刷单?被骗。。2.31万元，男青年[色]约炮[色]被骗。。。男青年[色][色]约炮[色][色]，妇女??兼职刷单??、????被“异性网友”诱导投资????诈骗高发！。转发提醒好家里的[拥抱]年轻人、妇女[拥抱]！。。【8月25日电诈警情通报】（近三天典型案例）。【平安街道、开发区派出所】。1、乙武村居民（开发区报警），【接到“银监会”电话】被骗8.13万元。。??手段：接到电话，对方自称?【“银监会”工作人员】??，要帮其“降低网贷利率”，还让其??登陆假的银监会网站??。。        过程中，?开启“屏幕共享”?，指导其将钱转走。。。【大学城、大学路派出所】。2、山东师范大学思想政治教育专业大四学生，【兼职】被骗3.63万元。。??手段：网上看到信息，兼职（“垫资”代充话费）。对方称选择[爆竹][爆竹]“企业代付”[爆竹][爆竹]，??钱就不会被转走，但操作后，钱还是被转走??。。       对方称其操作失误，??为退款，按对方要求，继续转账??。。。【马山镇、马山派出所】。3、周庙村初中生，【找人“解封微信”】被骗3.5万元。。??手段：快手找人解封微信，对方让其?提供了家长微信、银行卡的【验证码】?，钱被转走。。。【文昌街道、新城派出所】。4、建发天玺妇女，网上兼职【垫资做任务、刷销量、刷关注、刷点赞】被骗3.46万元。。??手段：??被陌生人拉进群??，推荐足不出户做兼职，[裂开]抖音刷关注[裂开]挣到佣金，后被引诱??“垫资”刷购“抖币”??。。        前期挣到小额返利，后被以【系统设置，需要[苦涩]连续刷任务才能退还垫付金、佣金[苦涩]】，【??操作失误，需要刷补救单??】为由要求转账。。。【崮云湖街道、大学路派出所】。5、河南籍务工男青年（租住乐天），【刷单做任务以?? 免费约炮?? 】被骗2.31万元。。??手段：??网上看到信息??，下载APP，为[吐]解锁约炮资格[吐]，??“约炮”客服引诱其“垫资”刷“会员费”??，前期挣到小额返利。。        后被以【系统设置，需要[裂开]连续刷任务[裂开]才能退还垫付金、佣金】、【??操作失误??（后台都能做手脚），刷补救单】为由要求多次转账。""。08月26日 15:26分。曾经喝汽水的新青年(客户):""    【社区儿童跳绳比赛通知】。亲爱的居民们：。为了丰富我们社区儿童的课余生活，增强孩子们的体质，培养团队合作精神与竞争意识，我们社区将于周四（8月29日）下午2:30，在恒大第四社区（37号楼）举办一场别开生面的“快乐童年，绳彩飞扬”儿童跳绳比赛。现面向全体社区儿童发出诚挚邀请，快来加入我们，一起跳动健康，跳出欢乐吧！。?? 比赛时间：8月29日（周四）下午2:30。?? 比赛地点：恒大绿洲37号党群服务中心。?? 参与对象：社区内所有5-12岁的儿童（欢迎家长陪同观看）。?? 比赛项目：。单人速度跳（计时赛）。花样跳绳展示（创意加分）。?? 报名方式：请家长或监护人于本周四前，填报跳绳报名表或通过电话/微信（87219936/13156193896）进行报名。报名时请提供孩子的姓名、年龄及联系方式。。?? 准备事项：。自备跳绳：每位参赛小朋友需自备一根跳绳，确保比赛顺利进行。。着装舒适：请穿着适合运动的服装和鞋子，以最佳状态迎接比赛。。安全第一：比赛过程中请遵守规则，注意安全，友谊第一，比赛第二。。?? 奖项设置：我们将为各项目组别的优胜者颁发精美奖品，更有参与奖等待每一位勇敢参与的小朋友！。让我们在这个充满活力的季节里，以绳为媒，共赴一场健康与快乐的盛宴。期待每一位小朋友的精彩表现，不见不散！。                        。     ??恒大绿洲第四社区居委会""。曾经喝汽水的新青年(客户):""[链接]""。&&&","[
    {
        ""话题倾向"": """"
    }
]"
群聊负向,"这是要分析的对话:&&&08月26日 08:36分。汪海艳(员工):""?????????家人们，早上好~。今天…………""。08月26日 09:38分。メ老頭孜(客户):""[图片]""。08月26日 11:14分。Nevermind(客户):""通知：。8月25日是全国第八个残疾预防日，筑安社区居委会于明天8月27日（本周二）上午在辖区内开展“预防疾病致残  共享健康生活”宣传服务活动，希望学校有社会实践活动要求的学生积极参与，请有意参加志愿服务活动的人员于8月27日早上9:30到8组团筑安社区居委会集中开展活动。""。08月26日 15:43分。Nevermind(客户):""【提示】买卖游戏账号、游戏装备等一定要在官方平台进行，不要点击陌生链接，以交保证金、提现失败、账号冻结等理由要求继续充值的都是诈骗！""。Nevermind(客户):""[视频号消息]""。08月26日 20:01分。悦想(客户):""各位业主：晚上好！[玫瑰]。8月26日秩序部夜间执勤安排：。一、带班队长：陈欢。13984216859。工程值班人员:杨丙云?。13984310672。二、24小时值班电话：。0851-83862661。辖区派出所电话：。0851-83851334。三、带班时间：20:00-08:00。四、我们将12小时坚守岗位，如有需要请致电，我们将竭诚为您服务。夜间休息请关好门窗，做好安全防范，出入小区带好业主卡、谨防尾随。。贵阳恒大文化旅游城物业服务中心祝您：生活愉快！[烟花]""。悦想(客户):""[图片]""。悦想(客户):""[视频]""。&&&","[
    {
        ""话题倾向"": """"
    }
]"
群聊负向,"这是要分析的对话:&&&08月26日 08:07分。A00(客户):""尊敬的业主，您好：。       为更好、更快的解决业主问题，现将各值班人员、联系电话及值班时间公示在群内，各位业主可直接电话联系或在群内@秩序110。1、日常家用维修工具(螺丝刀、活动扳手、小锤等);。2、小型购物车、平板车、人字梯、打气筒，应急医用品等。。为您爱家保驾护航，如果您有家政保洁、直饮水卡办理、白蚁消杀、有偿维修、房屋租赁的业务需求，随时与我们联系，为您提供专业的服务。。【秩序维护部】。[爱心]1.值班时间段：。????08:00－20:00????。[爱心]2.值班中队长-赵队电话：0531-83131013。[爱心]3.物业服务电话：0531-55615896、55615596。??4.监控室值班24小时电话：0531-55612606。3、【物业-安保服务“小蜜蜂”】。[抱拳]如您家中有需要帮助的请联系我们?。[爱心]24小时为各位家人守候。[合十]贴心服务、真诚相伴。如需便民服务车，请直接联系；。①55612606。②55612808。有事您说话，我们会在第一时间安排人员帮你处理[玫瑰][玫瑰]""。A00(客户):""[图片]""。08月26日 08:16分。宁宁(客户):""??ˋ????ˊ??????????????????.*·做自己生活的舵手 把握梦想前进的方向 不服输 才能成长更好的自己。各位家人们[爱心]早上好！。我是物业保洁领班庄明华，联系电话 15628830750。各位保洁叔叔阿姨已到岗。??倘若您发现任何环境方面的问题或者有宝贵的建议，随时与我联系，我定会全力以赴为您排忧解难！。??感谢各位家人一直以来的信赖与支持！ ?? ??""。宁宁(客户):""[图片]""。08月26日 08:42分。济南绿洲16-18-19管家晴天(员工):""[玫瑰][玫瑰]早安  绿洲[玫瑰][玫…………""。济南绿洲16-18-19管家晴天(员工):""[链接]""。08月26日 09:55分。顺其自然(客户):""8.13元，接到[爆竹]“银监会”[爆竹]电话被骗。。3.63万元，大学生??兼职??被骗。。3.5万元，初中生被骗。。3.46万元，妇女?兼职刷单?被骗。。2.31万元，男青年[色]约炮[色]被骗。。。男青年[色][色]约炮[色][色]，妇女??兼职刷单??、????被“异性网友”诱导投资????诈骗高发！。转发提醒好家里的[拥抱]年轻人、妇女[拥抱]！。。【8月25日电诈警情通报】（近三天典型案例）。【平安街道、开发区派出所】。1、乙武村居民（开发区报警），【接到“银监会”电话】被骗8.13万元。。??手段：接到电话，对方自称?【“银监会”工作人员】??，要帮其“降低网贷利率”，还让其??登陆假的银监会网站??。。        过程中，?开启“屏幕共享”?，指导其将钱转走。。。【大学城、大学路派出所】。2、山东师范大学思想政治教育专业大四学生，【兼职】被骗3.63万元。。??手段：网上看到信息，兼职（“垫资”代充话费）。对方称选择[爆竹][爆竹]“企业代付”[爆竹][爆竹]，??钱就不会被转走，但操作后，钱还是被转走??。。       对方称其操作失误，??为退款，按对方要求，继续转账??。。。【马山镇、马山派出所】。3、周庙村初中生，【找人“解封微信”】被骗3.5万元。。??手段：快手找人解封微信，对方让其?提供了家长微信、银行卡的【验证码】?，钱被转走。。。【文昌街道、新城派出所】。4、建发天玺妇女，网上兼职【垫资做任务、刷销量、刷关注、刷点赞】被骗3.46万元。。??手段：??被陌生人拉进群??，推荐足不出户做兼职，[裂开]抖音刷关注[裂开]挣到佣金，后被引诱??“垫资”刷购“抖币”??。。        前期挣到小额返利，后被以【系统设置，需要[苦涩]连续刷任务才能退还垫付金、佣金[苦涩]】，【??操作失误，需要刷补救单??】为由要求转账。。。【崮云湖街道、大学路派出所】。5、河南籍务工男青年（租住乐天），【刷单做任务以?? 免费约炮?? 】被骗2.31万元。。??手段：??网上看到信息??，下载APP，为[吐]解锁约炮资格[吐]，??“约炮”客服引诱其“垫资”刷“会员费”??，前期挣到小额返利。。        后被以【系统设置，需要[裂开]连续刷任务[裂开]才能退还垫付金、佣金】、【??操作失误??（后台都能做手脚），刷补救单】为由要求多次转账。""。08月26日 10:20分。顺其自然(客户):""各位居民朋友好~。社区邻里夜校“AI机器人”招生啦~，详细信息如下：。上课时间：2024年8月28日本周三晚上七点半。活动地点：恒大绿洲第二社区党群服务中心""。顺其自然(客户):""[小程序消息]""。08月26日 11:25分。济南绿洲16-18-19管家晴天(员工):""????金碧物业晨跑开跑啦！！！打卡第一…………""。济南绿洲16-18-19管家晴天(员工):""[文件超过最大限制]""。08月26日 11:38分。宁宁(客户):""各位家人们，由于热力的维修管道，导致楼层管道弄出来不少垃圾，保洁也正在逐层清理着，有打扫不及时的地方还请家人们多多关照[抱拳][抱拳]""。08月26日 15:38分。宁宁(客户):""[图片]""。宁宁(客户):""[图片]""。宁宁(客户):""[图片]""。宁宁(客户):""[图片]""。08月26日 16:54分。宁宁(客户):""[拳头]环境提升持续进行中[拳头]。[太阳]今天地下室清理[太阳]。恒大绿洲保洁团队为您服务[玫瑰]""。宁宁(客户):""[图片]""。08月26日 18:38分。A大漠(客户):""??物业秩序“小蜜蜂” ??。[庆祝]“小蜜蜂”来了！来了！[庆祝]。[太阳]有事，您说话[太阳]。[庆祝]车辆电瓶亏电启动不了！。[庆祝]家里有沉物品搬不动了！。[庆祝]买了好多东西拿不了！。联系电话：0531-55612606。秩序小“蜜蜂”竭诚为您服务！[耶][耶][耶]。[庆祝]我们的口号：。[庆祝]真心帮助每一位[庆祝]。[庆祝]热心服务每一人[庆祝]。[庆祝]赠人玫瑰[玫瑰]，手有余香[庆祝]""。A大漠(客户):""[图片]""。08月26日 18:44分。cv0(客户):""请问有人有没有专业电工的电话能给我一个吗，我家跳闸了找不到原因所在""。08月26日 20:03分。你的月亮我的心(客户):""尊敬的业主，您好：。       为更好、更快的解决业主问题，现将各值班人员、联系电话及值班时间公示在群内，各位业主可直接电话联系或在群内@秩序110。1、日常家用维修工具(螺丝刀、活动扳手、小锤等);。2、小型购物车、平板车、人字梯、打气筒，应急医用品等。。为您爱家保驾护航，如果您有家政保洁、直饮水卡办理、白蚁消杀、有偿维修、房屋租赁的业务需求，随时与我们联系，为您提供专业的服务。。【秩序维护部】。[爱心]1.值班时间段：。????20:00－08:00????。[爱心]2.值班中队长-赵队电话：0531-55615881。[爱心]3.物业服务电话：0531-55615896、55615596。??4.监控室值班24小时电话：0531-55612606。3、【物业-安保服务“小蜜蜂”】。[抱拳]如您家中有需要帮助的请联系我们?。[爱心]24小时为各位家人守候。[合十]贴心服务、真诚相伴。如需便民服务车，请直接联系；。①55612606。②55612808。有事您说话，我们会在第一时间安排人员帮你处理[玫瑰][玫瑰]""。你的月亮我的心(客户):""[图片]""。08月26日 23:52分。你的月亮我的心(客户):""尊敬的业主大家好！我是夜间执勤赵队长，金碧物业安保服务8月26号巡查，时刻守护业主们的安全，请安心入睡，如有紧急情况请拨打0531-55612606""。你的月亮我的心(客户):""[图片]""。08月27日 02:59分。你的月亮我的心(客户):""尊敬的业主大家好！我是夜间执勤赵队长，金碧物业安保服务8月27号巡查，时刻守护业主们的安全，请安心入睡，如有紧急情况请拨打0531-55612606""。你的月亮我的心(客户):""[图片]""。&&&","[
    {
        ""话题倾向"": """"
    }
]"
群聊负向,"这是要分析的对话:&&&08月26日 09:17分。恒大城???? 秩序部 三期监控室(客户):""[视频号消息]""。恒大城???? 秩序部 三期监控室(客户):""“客服”给你打来电话，说你网购商品出现问题！可以给你申请退款，还给你发来陌生链接！让你注册账号填写信息，再说因“操作失误”导致账户被冻结，让你转账解冻后才能退款？南昌反诈提醒您：退换货请认准官方平台，陌生链接不要点击，不要透露个人信息。敬请各位领导同事转发反诈视频及反诈日历。[抱拳][抱拳][抱拳]""。恒大城???? 秩序部 三期监控室(客户):""[图片]""。08月26日 09:38分。恒大城-管家-小范(员工):""?尊敬的各位业主/住户：。您好！。为了保…………""。08月26日 14:10分。恒大城-管家-小范(员工):""【关于四害消杀的温馨提示】。      …………""。恒大城-管家-小范(员工):""[图片]""。08月26日 16:20分。布兰德(客户):""[强]辛苦啦[玫瑰]""。恒大城-管家-小范(员工):""[握手]""。08月26日 18:17分。恒大城???? 秩序部 三期监控室(客户):""重要警示：。    8月23日晚10时，江苏省宿迁市一电动自行车店起火，虽然仅半小时明火就得到控制，但仍造成6人死亡（尤为痛心的是，遇难者中4人系未成年人）。此前，2024年2月23日4时许，江苏南京市雨花台区一小区发生电动自行车火灾，造成15人死亡，44人受伤。今年4月27日，我县一小区也发生了电动自行车火灾亡人事件。在此警示，电动自行车起火，燃烧迅速并会在短时间造成大量有害气体，因灾致死率极高！因此，为了大家的生命财产安全，恳请各位业主对自己负责，也对左右邻里负责，严禁将电动自行车违规入楼、违规充电！也请各位监督，一发现有电动车上楼进单元的，请及时联系物业24小时电话:85130408，物业会第一时间上户整治，保障大家居住安全。""。08月26日 18:51分。恒大城-管家-小范(员工):""【休息知会】。尊敬的各位小主:。    …………""。08月26日 20:00分。恒大城???? 秩序部 三期监控室(客户):""? 2024.8.26日? 。【秩序维护部】 。1.夜班值班时间段：20：00—08：00。2.夜班值班队长:徐霖。3.物业24小时服务电话：0791-85957719/85130408。? 【物业小贴士】?。1、园区道路是大家的，请将爱车停至车位或车库，勿占行车主干道。。2、予人方便，予己方便，整齐有序，文明停车。。3、随身携带门禁卡，刷卡进出，提高安全防止偷盗。。4、请随手关大堂门，轻拉轻推，勿用力拉扯。。5、非机动车请勿进大堂、楼道内充电。。6、请勿让爱宠随地大小便，做文明养宠人。""。&&&","[
    {
        ""话题倾向"": """"
    }
]"
群聊负向,"这是要分析的对话:&&&08月26日 08:26分。恒大城???? 秩序部 三期监控室(客户):"" @所有人。请问这些是哪位业主的？请赶紧清理，3天没人认领，会当无主垃圾处理掉""。恒大城???? 秩序部 三期监控室(客户):""[图片]""。恒大城???? 秩序部 三期监控室(客户):""[图片]""。恒大城-管家-小潘(员工):""这是一条引用/回复消息：。""恒大城???…………""。08月26日 09:12分。恒大城???? 秩序部 三期监控室(客户):""“客服”给你打来电话，说你网购商品出现问题！可以给你申请退款，还给你发来陌生链接！让你注册账号填写信息，再说因“操作失误”导致账户被冻结，让你转账解冻后才能退款？南昌反诈提醒您：退换货请认准官方平台，陌生链接不要点击，不要透露个人信息。敬请各位领导同事转发反诈视频及反诈日历。[抱拳][抱拳][抱拳]""。恒大城???? 秩序部 三期监控室(客户):""[视频号消息]""。恒大城???? 秩序部 三期监控室(客户):""[图片]""。08月26日 11:33分。恒大城-管家-小潘(员工):""【关于四害消杀的温馨提示】。      …………""。恒大城-管家-小潘(员工):""[图片]""。08月26日 11:58分。麦兜儿(客户):""[图片]""。麦兜儿(客户):""{""pre_msgid"":""17999248862089447593_1724644712369_external""}""。08月26日 15:23分。梦想家(客户):""各位居民朋友们:。 为了提高辖区孕、产妇及宝妈的健康指数，彭家坊社区将开展“幸福来敲门，健康暖人心”活动，特邀请一附医院妇产专家亲临指导，对孕妈营养咨询、护士进行胎心监护，女性妇科健康义诊等活动，让妈妈们在家门口就可以享受专业的妇产服务。。1、活动时间：2024年8月31日。2、活动地点:彭家坊社区。3、现场有价值200元的产检券、两癌筛查体检券由爱佳妇产医院免费提供，还有精美礼品相赠。。请大家踊跃报名，名额有限，先报先得！""。08月26日 15:36分。恒大城-管家-小廖(员工):""6栋地库有车位出租，有需要的可以联系我""。08月26日 16:06分。恒大城-管家-小潘(员工):""【南昌恒大城—周报】。?? 一周美好，与…………""。恒大城-管家-小潘(员工):""[图片]""。08月26日 18:17分。恒大城???? 秩序部 三期监控室(客户):""重要警示：。    8月23日晚10时，江苏省宿迁市一电动自行车店起火，虽然仅半小时明火就得到控制，但仍造成6人死亡（尤为痛心的是，遇难者中4人系未成年人）。此前，2024年2月23日4时许，江苏南京市雨花台区一小区发生电动自行车火灾，造成15人死亡，44人受伤。今年4月27日，我县一小区也发生了电动自行车火灾亡人事件。在此警示，电动自行车起火，燃烧迅速并会在短时间造成大量有害气体，因灾致死率极高！因此，为了大家的生命财产安全，恳请各位业主对自己负责，也对左右邻里负责，严禁将电动自行车违规入楼、违规充电！也请各位监督，一发现有电动车上楼进单元的，请及时联系物业24小时电话:85130408，物业会第一时间上户整治，保障大家居住安全。""。08月26日 20:03分。恒大城???? 秩序部 三期监控室(客户):""? 2024.8.26日? 。【秩序维护部】 。1.夜班值班时间段：20：00—08：00。2.夜班值班队长:徐霖。3.物业24小时服务电话：0791-85957719/85130408。? 【物业小贴士】?。1、园区道路是大家的，请将爱车停至车位或车库，勿占行车主干道。。2、予人方便，予己方便，整齐有序，文明停车。。3、随身携带门禁卡，刷卡进出，提高安全防止偷盗。。4、请随手关大堂门，轻拉轻推，勿用力拉扯。。5、非机动车请勿进大堂、楼道内充电。。6、请勿让爱宠随地大小便，做文明养宠人。""。&&&","[
    {
        ""话题倾向"": """"
    }
]"
群聊负向,"这是要分析的对话:&&&08月26日 04:07分。一期中队长(客户):""【?? 秩序服务?巡逻篇】。我们是晚班园区秩序的守护者??。每天园区全覆盖巡视??。希望用我们的行动??。为您营造舒适的居家环境??。如需帮助请拨打24小时服务热线。?:0731一85520610。值班中队长。?:17700582951（一期）。??我们竭诚为您服务??""。一期中队长(客户):""[图片]""。08月26日 06:32分。一期中队长(客户):""??长沙恒大雅苑。?2024年8??26日  星期一。?天气: 晴  气温：28－37℃。1、广西一景区“飞天魔毯”项目故障致1死60伤 景区提出“买断”赔偿方案；。2、浙江绍兴一医院眼科套取医保资金2000万，手术医生庭审坚称无罪引争议；。3、郑州：相关企业限期撤除全市小区电梯里的“上门按摩”广告；。4、今年三伏，全国平均气温达到23.24℃，为史上最热；。5、日本核污染水排海一年，8轮累计排放将达62500吨；微信搜：每日微语报。6、超80城支持国企等收购存量房：36城已启动征集，“去库存效果最直接”；。7、合肥女子李梅在长沙坐拥87套房，因涉罪被查封，正式被法院挂网待拍卖；。8、安徽发文鼓励探索垂钓实名制，官方回应：还未启动落实；。9、周鸿祎再回应“手表不当回答”：已惩罚产品经理接一个月客服电话；。10、三文鱼刺身隔夜返包销售 胖东来：奖励投诉者10万，补偿购买者1000元；。11、黎真主党宣布第一阶段对以袭击取得成功 发射320余枚火箭弹；。12、世卫组织表示，猴痘疫情存在扩散风险，各国防控措施有待加强；。13、防止播音员“讲真话”，日本广播协会开始预录中文新闻；。14、17名中国公民命丧韩国电池厂 火灾调查：因培训不足错失37秒逃生窗口；。15、美国顶尖纳米科学家打算来华工作，曾因与中国高校合作而被美政府判刑；""。一期中队长(客户):""[图片]""。一期中队长(客户):""???♂【防溺水??安全温馨提示】。??亲爱的业主家人们：大家好??。?天气渐热，为了孩子们??的安全，请提高安全防范意识?，时刻监督和管理??好孩子，加强对孩子的防溺水??安全教育，禁止??孩子私自到小溪、水库、江边玩水、捕鱼、捉虾、游泳等。 。??安全无小事 时刻要警惕??。请家长??加强对孩子防溺水的监管力度，提高孩子??防溺水的自觉性?。同时物业工作人员??也会加大对园区的巡逻。为孩子的生命安全构筑坚实的防线??。??如需帮助请拨24小时服务热线。二期?:0731-85066275。一期?:0731-85520610。#长沙恒大雅苑物业服务中心""。08月26日 11:22分。子鱼(客户):""【??遛狗不随便，随手清狗便??】。     。      ??最近存在严重的不文明养犬的现象，绿化带、草坪的狗便??比比皆是，给其他美邻的生活带来了很大的困扰。。      宠物是人类的朋友，为生活增添不少乐趣??，享受权利的同时还请履行义务哦[抱拳]，为了给小区营造一个整洁和谐的环境??，物业中心倡议各位饲养宠物的业主，请您随身携带废纸或垃圾袋，以便随时清理“排泄物”。    ??优美的居住环境需要大家的共同创造和维护，请从文明养狗开始。??""。子鱼(客户):""[文件超过最大限制]""。08月26日 11:30分。每天都要活得开心(客户):""[文件下载失败]""。每天都要活得开心(客户):""每天都这样，谁干的""。08月26日 11:55分。长沙恒大雅苑6.18.28-29栋管家(客户):""就安排处理""。08月26日 19:16分。一期中队长(客户):""【?? 秩序服务?巡逻篇】。我们是白班园区秩序的守护者??。每天园区全覆盖巡视??。希望用我们的行动??。为您营造舒适的居家环境??。如需帮助请拨打24小时服务热线。?:0731一85520610。值班中队长。?:17700582951（一期）。??我们竭诚为您服务??""。一期中队长(客户):""[视频]""。一期中队长(客户):""[视频]""。08月26日 19:54分。小牛牛(客户):""8月26日园林工作日常""。小牛牛(客户):""[文件下载失败]""。08月26日 20:05分。一期中队长(客户):""业主您好??。我是夜班秩序班长（苏静普17700582951），也是你的夜间安全守护者??，也许您从来没有见过我，因为我值守在您熟睡的每个晚上。夜间??我们会跟踪可疑人员、巡查车库、巡查园区、巡查楼层。。??清晨06:00我们还会查看每个电梯，确保您上班时电梯正常运行。。??如需帮助请及时拨打24小时服务电话85520610，我会出现在你需要的每个时刻???♂???♂???♂。祝您好梦！一醒来又是美美哒的一天哦???""。08月26日 20:49分。一期中队长(客户):""【?? 秩序服务?巡逻篇】。我们是晚班园区秩序的守护者??。每天园区全覆盖巡视??。希望用我们的行动??。为您营造舒适的居家环境??。如需帮助请拨打24小时服务热线。?:0731一85520610。值班中队长。?:17700582951（一期）。??我们竭诚为您服务??""。一期中队长(客户):""[视频]""。08月26日 22:09分。一期中队长(客户):""??秩序小哥无处不在??，晚间环境卫生有我在，舒适环境携手大家一起共同营造[握手]。      ??文明呼吁【垃圾有个家，那是垃圾桶，请送它回家】 如您需要帮助请拨打物业中心24小时服务热线：?0731-85520610""。一期中队长(客户):""[图片]""。08月27日 03:44分。一期中队长(客户):""【?? 秩序服务?巡逻篇】。我们是晚班园区秩序的守护者??。每天园区全覆盖巡视??。希望用我们的行动??。为您营造舒适的居家环境??。如需帮助请拨打24小时服务热线。?:0731一85520610。值班中队长。?:17700582951（一期）。??我们竭诚为您服务??""。一期中队长(客户):""[图片]""。&&&","[
    {
        ""话题倾向"": """"
    }
]"
群聊负向,"这是要分析的对话:&&&08月26日 08:50分。休息中)韶关恒大城-管家-徐文珠(员工):""[图片]""。休息中)韶关恒大城-管家-徐文珠(员工):""张霞的车位应该是12栋2305的业主，请…………""。休息中)韶关恒大城-管家-徐文珠(员工):""很久以前我就和管家说过解绑这个车位，不知…………""。休息中)韶关恒大城-管家-徐文珠(员工):""这个车位一直不是我的""。休息中)韶关恒大城-管家-徐文珠(员工):""0464车位 不是22-1203业主的车…………""。08月26日 09:13分。韶关恒大城-管家-李海通(员工):""14栋1203车位把我的车牌录进去，9月…………""。韶关恒大城-管家-李海通(员工):""云D87L10""。胡初娣(员工):""这是一条引用/回复消息：。""徐文珠：。0…………""。08月26日 11:00分。蔡玉莹(员工):""[图片]""。蔡玉莹(员工):""08-2101临停已转""。蔡玉莹(员工):""@雪容融?? @休息中)韶关恒大城-管家…………""。08月26日 17:05分。婷(客户):""「韶关恒大城-管家-李海通：14栋1203车位把我的车牌录进去，9月份开始就我来交了」。- - - - - - - - - - - - - - -。异性""。婷(客户):""{""pre_msgid"":""507087951439245697_1724663143338_external""}""。婷(客户):""「韶关恒大城-管家-李海通：14栋1203车位把我的车牌录进去，9月份开始就我来交了」。- - - - - - - - - - - - - - -。已新增""。&&&","[
    {
        ""话题倾向"": """"
    }
]"
群聊负向,"这是要分析的对话:&&&08月26日 04:07分。一期中队长(客户):""[图片]""。一期中队长(客户):""【?? 秩序服务?巡逻篇】。我们是晚班园区秩序的守护者??。每天园区全覆盖巡视??。希望用我们的行动??。为您营造舒适的居家环境??。如需帮助请拨打24小时服务热线。?:0731一85520610。值班中队长。?:17700582951（一期）。??我们竭诚为您服务??""。08月26日 06:32分。一期中队长(客户):""??长沙恒大雅苑。?2024年8??26日  星期一。?天气: 晴  气温：28－37℃。1、广西一景区“飞天魔毯”项目故障致1死60伤 景区提出“买断”赔偿方案；。2、浙江绍兴一医院眼科套取医保资金2000万，手术医生庭审坚称无罪引争议；。3、郑州：相关企业限期撤除全市小区电梯里的“上门按摩”广告；。4、今年三伏，全国平均气温达到23.24℃，为史上最热；。5、日本核污染水排海一年，8轮累计排放将达62500吨；微信搜：每日微语报。6、超80城支持国企等收购存量房：36城已启动征集，“去库存效果最直接”；。7、合肥女子李梅在长沙坐拥87套房，因涉罪被查封，正式被法院挂网待拍卖；。8、安徽发文鼓励探索垂钓实名制，官方回应：还未启动落实；。9、周鸿祎再回应“手表不当回答”：已惩罚产品经理接一个月客服电话；。10、三文鱼刺身隔夜返包销售 胖东来：奖励投诉者10万，补偿购买者1000元；。11、黎真主党宣布第一阶段对以袭击取得成功 发射320余枚火箭弹；。12、世卫组织表示，猴痘疫情存在扩散风险，各国防控措施有待加强；。13、防止播音员“讲真话”，日本广播协会开始预录中文新闻；。14、17名中国公民命丧韩国电池厂 火灾调查：因培训不足错失37秒逃生窗口；。15、美国顶尖纳米科学家打算来华工作，曾因与中国高校合作而被美政府判刑；""。一期中队长(客户):""[图片]""。一期中队长(客户):""???♂【防溺水??安全温馨提示】。??亲爱的业主家人们：大家好??。?天气渐热，为了孩子们??的安全，请提高安全防范意识?，时刻监督和管理??好孩子，加强对孩子的防溺水??安全教育，禁止??孩子私自到小溪、水库、江边玩水、捕鱼、捉虾、游泳等。 。??安全无小事 时刻要警惕??。请家长??加强对孩子防溺水的监管力度，提高孩子??防溺水的自觉性?。同时物业工作人员??也会加大对园区的巡逻。为孩子的生命安全构筑坚实的防线??。??如需帮助请拨24小时服务热线。二期?:0731-85066275。一期?:0731-85520610。#长沙恒大雅苑物业服务中心""。08月26日 09:13分。谭贤泽(客户):""温馨提示：。亲爱的业主家人们，8月26日 （今天）将对2栋电梯进行例行保养，保养采取两台电梯轮流停梯作业的方式，无特殊情况，每台电梯保养时间大概为1小时左右，请各位家人提前做好出行准备哦，给您造成不便敬请谅解。保养时间如下：。。。2栋一梯9:20-10:20。2栋2号梯 10:20-11:20""。长沙恒大雅苑管家-刘孟婷(客户):""关于开展小区四害消杀的通知。    尊敬的各位业主/住户：。    您好！ 夏天来临，蚊虫较多，为营造一个优美、舒适的生活环境，控制“四害”侵蚀，物业服务中心计划对小区公共区域进行全面的消杀工作，具体消杀计划及注意事项如下:。    消杀时间：2024年8月27日8:00-17:30（明天）。    物业服务中心在此特别提示您：。1、进行喷洒消杀作业时请勿靠近消杀现场，请看护好家里的小孩、老人及宠物，尽量不要在喷药区域滞留或玩耍，以免发生意外；。2、不要随意碰触灭鼠药物，不小心碰到鼠药应及时洗手，不要因为好奇接触死伤老鼠；。3、搞好清洁卫生，保持家居的干净清洁，清理积水。。    请各位业主家人们照看好自家儿童、宠物、不要在消杀区域玩耍，以免发生意外，感谢理解和配合，如需帮助，欢迎拨打物业服务中心24小时服务热线：0731-85066275/85520610，我们将竭诚为您服务！""。长沙恒大雅苑管家-刘孟婷(客户):""[图片]""。08月26日 11:13分。长沙恒大雅苑管家-刘孟婷(客户):""【??物业工作周报】  。尊敬的业主/住户：。你好！??。我们一直在努力提升物业服务和小区的品质，以下是我们本周的工作汇报：。?? 丰富多彩文化活动。?? 公共卫生细致清洁  。?? 绿化维护杂草清理 。 ?? 公共设施检查维护  。??  室内特约维修服务  。??  家园安全守护服务  。??  每周覆盖四害消杀  。???  园区现场品质提升 。#长沙恒大雅苑物业服务中心""。长沙恒大雅苑管家-刘孟婷(客户):""[图片]""。08月26日 11:19分。子鱼(客户):""【??遛狗不随便，随手清狗便??】。     。      ??最近存在严重的不文明养犬的现象，绿化带、草坪的狗便??比比皆是，给其他美邻的生活带来了很大的困扰。。      宠物是人类的朋友，为生活增添不少乐趣??，享受权利的同时还请履行义务哦[抱拳]，为了给小区营造一个整洁和谐的环境??，物业中心倡议各位饲养宠物的业主，请您随身携带废纸或垃圾袋，以便随时清理“排泄物”。    ??优美的居住环境需要大家的共同创造和维护，请从文明养狗开始。??""。子鱼(客户):""[文件超过最大限制]""。08月26日 14:24分。恒大雅苑管家-刘孟婷(员工):""   ??【直饮水机巡查周报】??。  …………""。恒大雅苑管家-刘孟婷(员工):""[图片]""。08月26日 18:03分。长沙恒大雅苑管家-刘孟婷(客户):""关于小区内防范蛇类动物的温馨提示。各位业主家人们：。       您们好！因小区及周边生态环境较好，天气炎热蛇类喜欢在傍晚和清晨出没。在此，物业中心提醒广大业主家人们：。1、请照看好小孩及宠物，尽量不要进入蛇类容易躲藏的花草茂盛区域；。2、夜间在靠近外围墙、小路散步时，请多留意脚下路面情况；。3、请关好阳台门窗、纱窗等，特别是近绿化、草丛等低楼层区域；。       如您在小区内发现有蛇出没，请保持冷静，千万不要惊扰它，也不要去靠近辨别是否有毒，更不要自作主张去抓蛇，如需帮助，请拨打我中心24小时服务热线：(一期：0731-85520610、二期0731-85066295)，我们会第一时间赶到现场处理。""。长沙恒大雅苑管家-刘孟婷(客户):""[图片]""。08月26日 19:15分。一期中队长(客户):""【?? 秩序服务?巡逻篇】。我们是白班园区秩序的守护者??。每天园区全覆盖巡视??。希望用我们的行动??。为您营造舒适的居家环境??。如需帮助请拨打24小时服务热线。?:0731一85520610。值班中队长。?:17700582951（一期）。??我们竭诚为您服务??""。一期中队长(客户):""[视频]""。一期中队长(客户):""[视频]""。08月26日 19:54分。小牛牛(客户):""8月26日园林工作日常""。小牛牛(客户):""[图片]""。08月26日 20:05分。一期中队长(客户):""业主您好??。我是夜班秩序班长（苏静普17700582951），也是你的夜间安全守护者??，也许您从来没有见过我，因为我值守在您熟睡的每个晚上。夜间??我们会跟踪可疑人员、巡查车库、巡查园区、巡查楼层。。??清晨06:00我们还会查看每个电梯，确保您上班时电梯正常运行。。??如需帮助请及时拨打24小时服务电话85520610，我会出现在你需要的每个时刻???♂???♂???♂。祝您好梦！一醒来又是美美哒的一天哦???""。08月26日 20:49分。一期中队长(客户):""【?? 秩序服务?巡逻篇】。我们是晚班园区秩序的守护者??。每天园区全覆盖巡视??。希望用我们的行动??。为您营造舒适的居家环境??。如需帮助请拨打24小时服务热线。?:0731一85520610。值班中队长。?:17700582951（一期）。??我们竭诚为您服务??""。一期中队长(客户):""[视频]""。08月27日 00:08分。七秒记忆??(客户):""@一期中队长?大门坏了，没法关上""。一期中队长(客户):""@七秒记忆???收到，感谢您的反馈""。08月27日 03:44分。一期中队长(客户):""[图片]""。一期中队长(客户):""【?? 秩序服务?巡逻篇】。我们是晚班园区秩序的守护者??。每天园区全覆盖巡视??。希望用我们的行动??。为您营造舒适的居家环境??。如需帮助请拨打24小时服务热线。?:0731一85520610。值班中队长。?:17700582951（一期）。??我们竭诚为您服务??""。&&&","[
    {
        ""话题倾向"": """"
    }
]"
群聊负向,"这是要分析的对话:&&&08月26日 09:21分。。(客户):""【提示】买卖游戏账号、游戏装备等一定要在官方平台进行，不要点击陌生链接，以交保证金、提现失败、账号冻结等理由要求继续充值的都是诈骗！""。。(客户):""[视频号消息]""。08月26日 16:48分。刘梅(客户):""??保洁篇—清拖楼层及垃圾桶清洗。服务从来没有一劳永逸??，。只有日复一日的坚持??，。保洁员陆续清拖楼层及清洗垃圾桶??，。以匠心服务铸就美好的生活??。。     ——贵阳恒大文化旅游城第一物业服务中心""。刘梅(客户):""[图片]""。08月26日 20:04分。世界变得更美好(客户):""─???今日值班公告???─。。         2024年8月26日?。 今日夜间值班情况如下?：。?????♂秩序值班人员：于天明。    值班电话：18275089531。维修值班师傅：杨丙云。电话：13984310672。??夜间温馨提示：。??有任何需要帮助请及时拨打值班人员电话或者物业服务中心24小时热线：0851-83862661??。??夜间回家的家人请规范停车??，互相方便出行?。        愿家人们晚安好梦！??。   。      贴心服务[爱心]真诚相伴。           ——贵阳恒大文化旅游城物业服务中心""。&&&","[
    {
        ""话题倾向"": """"
    }
]"
群聊负向,"这是要分析的对话:&&&08月26日 08:47分。雷松(员工):""?????????家人们，早上好~。今天…………""。08月26日 16:04分。漫步云端(客户):""[链接]""。08月26日 17:45分。雷松(员工):""【物业在行动-日常清洁】。?? 烈日当空…………""。雷松(员工):""[图片]""。雷松(员工):""[图片]""。雷松(员工):""[图片]""。08月26日 19:47分。?(客户):""各位业主：晚上好！[玫瑰]。8 月 26日秩序部夜间执勤安排：。一、值班队长：董煜轩。电话: 17855557716。二、24小时值班电话：0851-83873635。辖区派出所电话：0851-83851334。三、带班时间：。20:00-08:00。四、我们将12小时坚守岗位，如有需要请致电，我们将竭诚为您服务。夜间休息请关好门窗，做好安全防范，出入小区带好业主卡。。贵阳恒大文化旅游城物业服务中心祝您：生活愉快！[烟花]""。&&&","[
    {
        ""话题倾向"": """"
    }
]"
群聊负向,"这是要分析的对话:&&&08月26日 08:01分。姜(客户):""尊敬的各位业主：早上好[玫瑰]。8月26日秩序部白班已接班，执勤安排如下：。一、值班:姜小朋 18786658735。二、24小时值班电：0851-83873003。辖区派出所电话：0851-83851334。三、带班时间：08:00-20:00。四、我们将12小时坚守岗位，如有需要请致电，我们将竭诚为您服务。外出请关好门窗、水电及燃气、出入小区带好业主卡、做好个人防护。。贵阳恒大文化旅游城物业服务中心祝您：生活愉快！[烟花]""。姜(客户):""[图片]""。08月26日 08:58分。晏春英(员工):""【?? 管家休假知会】。尊敬的业主，您好…………""。08月26日 11:01分。姜(客户):""#金碧物业·秩序(保安)服务篇。??用心打磨每一个细节，用真诚赢得您的信赖??。??优美的环境，优良的秩序，优质的服务，都藏在细节里??。?从平凡处发现不平凡，感受我们的用心??。??绝不辜负您的信赖，全心全意为您服务??。         ??金碧物业  我们与您同在。               ——贵阳恒大文化旅游城物业服务中心""。姜(客户):""[图片]""。08月26日 12:25分。心之恋(客户):""[视频号消息]""。心之恋(客户):""【提示】买卖游戏账号、游戏装备等一定要在官方平台进行，不要点击陌生链接，以交保证金、提现失败、账号冻结等理由要求继续充值的都是诈骗！""。心之恋(客户):""通知：。8月25日是全国第八个残疾预防日，筑安社区居委会于明天8月27日（本周二）上午在辖区内开展“预防疾病致残  共享健康生活”宣传服务活动，希望学校有社会实践活动要求的学生积极参与，请有意参加志愿服务活动的人员于8月27日早上9:30到8组团筑安社区居委会集中开展活动。""。08月26日 20:25分。        (客户):""?各位业主：晚上好！[玫瑰]。8月26日秩序部夜间执勤安排：。值班：罗锋18285024210 。维修部：何彬18984855091?。辖区派出所电话：0851-83851334。三、带班时间：20:00-08:00。四、我们将12小时坚守岗位，如有需要请致电，我们将竭诚为您服务。夜间休息请关好门窗，做好安全防范，出入小区带好业主卡、谨防尾随。。贵阳恒大文化旅游城物业服务中心祝您：生活愉快！[烟花]""。08月26日 20:32分。        (客户):""[视频]""。        (客户):""[图片]""。&&&","[
    {
        ""话题倾向"": """"
    }
]"
群聊负向,"这是要分析的对话:&&&08月26日 04:06分。一期中队长(客户):""[图片]""。一期中队长(客户):""【?? 秩序服务?巡逻篇】。我们是晚班园区秩序的守护者??。每天园区全覆盖巡视??。希望用我们的行动??。为您营造舒适的居家环境??。如需帮助请拨打24小时服务热线。?:0731一85520610。值班中队长。?:17700582951（一期）。??我们竭诚为您服务??""。08月26日 06:32分。一期中队长(客户):""??长沙恒大雅苑。?2024年8??26日  星期一。?天气: 晴  气温：28－37℃。1、广西一景区“飞天魔毯”项目故障致1死60伤 景区提出“买断”赔偿方案；。2、浙江绍兴一医院眼科套取医保资金2000万，手术医生庭审坚称无罪引争议；。3、郑州：相关企业限期撤除全市小区电梯里的“上门按摩”广告；。4、今年三伏，全国平均气温达到23.24℃，为史上最热；。5、日本核污染水排海一年，8轮累计排放将达62500吨；微信搜：每日微语报。6、超80城支持国企等收购存量房：36城已启动征集，“去库存效果最直接”；。7、合肥女子李梅在长沙坐拥87套房，因涉罪被查封，正式被法院挂网待拍卖；。8、安徽发文鼓励探索垂钓实名制，官方回应：还未启动落实；。9、周鸿祎再回应“手表不当回答”：已惩罚产品经理接一个月客服电话；。10、三文鱼刺身隔夜返包销售 胖东来：奖励投诉者10万，补偿购买者1000元；。11、黎真主党宣布第一阶段对以袭击取得成功 发射320余枚火箭弹；。12、世卫组织表示，猴痘疫情存在扩散风险，各国防控措施有待加强；。13、防止播音员“讲真话”，日本广播协会开始预录中文新闻；。14、17名中国公民命丧韩国电池厂 火灾调查：因培训不足错失37秒逃生窗口；。15、美国顶尖纳米科学家打算来华工作，曾因与中国高校合作而被美政府判刑；""。一期中队长(客户):""[图片]""。一期中队长(客户):""???♂【防溺水??安全温馨提示】。??亲爱的业主家人们：大家好??。?天气渐热，为了孩子们??的安全，请提高安全防范意识?，时刻监督和管理??好孩子，加强对孩子的防溺水??安全教育，禁止??孩子私自到小溪、水库、江边玩水、捕鱼、捉虾、游泳等。 。??安全无小事 时刻要警惕??。请家长??加强对孩子防溺水的监管力度，提高孩子??防溺水的自觉性?。同时物业工作人员??也会加大对园区的巡逻。为孩子的生命安全构筑坚实的防线??。??如需帮助请拨24小时服务热线。二期?:0731-85066275。一期?:0731-85520610。#长沙恒大雅苑物业服务中心""。08月26日 09:48分。长沙恒大雅苑5、7-9、23栋管家(员工):""关于开展小区四害消杀的通知。    尊敬…………""。长沙恒大雅苑5、7-9、23栋管家(员工):""[图片]""。08月26日 11:20分。子鱼(客户):""【??遛狗不随便，随手清狗便??】。     。      ??最近存在严重的不文明养犬的现象，绿化带、草坪的狗便??比比皆是，给其他美邻的生活带来了很大的困扰。。      宠物是人类的朋友，为生活增添不少乐趣??，享受权利的同时还请履行义务哦[抱拳]，为了给小区营造一个整洁和谐的环境??，物业中心倡议各位饲养宠物的业主，请您随身携带废纸或垃圾袋，以便随时清理“排泄物”。    ??优美的居住环境需要大家的共同创造和维护，请从文明养狗开始。??""。子鱼(客户):""[文件超过最大限制]""。08月26日 14:24分。长沙恒大雅苑5、7-9、23栋管家(员工):""【??物业工作周报】  。尊敬的业主/住…………""。长沙恒大雅苑5、7-9、23栋管家(员工):""[图片]""。08月26日 19:16分。一期中队长(客户):""【?? 秩序服务?巡逻篇】。我们是白班园区秩序的守护者??。每天园区全覆盖巡视??。希望用我们的行动??。为您营造舒适的居家环境??。如需帮助请拨打24小时服务热线。?:0731一85520610。值班中队长。?:17700582951（一期）。??我们竭诚为您服务??""。一期中队长(客户):""[视频]""。一期中队长(客户):""[视频]""。08月26日 19:54分。小牛牛(客户):""8月26日园林工作日常""。小牛牛(客户):""[文件下载失败]""。08月26日 20:05分。一期中队长(客户):""业主您好??。我是夜班秩序班长（苏静普17700582951），也是你的夜间安全守护者??，也许您从来没有见过我，因为我值守在您熟睡的每个晚上。夜间??我们会跟踪可疑人员、巡查车库、巡查园区、巡查楼层。。??清晨06:00我们还会查看每个电梯，确保您上班时电梯正常运行。。??如需帮助请及时拨打24小时服务电话85520610，我会出现在你需要的每个时刻???♂???♂???♂。祝您好梦！一醒来又是美美哒的一天哦???""。08月26日 20:49分。一期中队长(客户):""【?? 秩序服务?巡逻篇】。我们是晚班园区秩序的守护者??。每天园区全覆盖巡视??。希望用我们的行动??。为您营造舒适的居家环境??。如需帮助请拨打24小时服务热线。?:0731一85520610。值班中队长。?:17700582951（一期）。??我们竭诚为您服务??""。一期中队长(客户):""[视频]""。08月27日 03:44分。一期中队长(客户):""【?? 秩序服务?巡逻篇】。我们是晚班园区秩序的守护者??。每天园区全覆盖巡视??。希望用我们的行动??。为您营造舒适的居家环境??。如需帮助请拨打24小时服务热线。?:0731一85520610。值班中队长。?:17700582951（一期）。??我们竭诚为您服务??""。一期中队长(客户):""[图片]""。&&&","[
    {
        ""话题倾向"": """"
    }
]"
群聊负向,"这是要分析的对话:&&&08月26日 09:10分。恒大城???? 秩序部 三期监控室(客户):""[视频号消息]""。恒大城???? 秩序部 三期监控室(客户):""“客服”给你打来电话，说你网购商品出现问题！可以给你申请退款，还给你发来陌生链接！让你注册账号填写信息，再说因“操作失误”导致账户被冻结，让你转账解冻后才能退款？南昌反诈提醒您：退换货请认准官方平台，陌生链接不要点击，不要透露个人信息。敬请各位领导同事转发反诈视频及反诈日历。[抱拳][抱拳][抱拳]""。恒大城???? 秩序部 三期监控室(客户):""[图片]""。08月26日 14:10分。恒大城-管家-小范(员工):""【关于四害消杀的温馨提示】。      …………""。恒大城-管家-小范(员工):""[图片]""。08月26日 18:19分。恒大城???? 秩序部 三期监控室(客户):""重要警示：。    8月23日晚10时，江苏省宿迁市一电动自行车店起火，虽然仅半小时明火就得到控制，但仍造成6人死亡（尤为痛心的是，遇难者中4人系未成年人）。此前，2024年2月23日4时许，江苏南京市雨花台区一小区发生电动自行车火灾，造成15人死亡，44人受伤。今年4月27日，我县一小区也发生了电动自行车火灾亡人事件。在此警示，电动自行车起火，燃烧迅速并会在短时间造成大量有害气体，因灾致死率极高！因此，为了大家的生命财产安全，恳请各位业主对自己负责，也对左右邻里负责，严禁将电动自行车违规入楼、违规充电！也请各位监督，一发现有电动车上楼进单元的，请及时联系物业24小时电话:85130408，物业会第一时间上户整治，保障大家居住安全。""。08月26日 18:50分。恒大城-管家-小范(员工):""【休息知会】。尊敬的各位小主:。    …………""。08月26日 20:01分。恒大城???? 秩序部 三期监控室(客户):""? 2024.8.26日? 。【秩序维护部】 。1.夜班值班时间段：20：00—08：00。2.夜班值班队长:徐霖。3.物业24小时服务电话：0791-85957719/85130408。? 【物业小贴士】?。1、园区道路是大家的，请将爱车停至车位或车库，勿占行车主干道。。2、予人方便，予己方便，整齐有序，文明停车。。3、随身携带门禁卡，刷卡进出，提高安全防止偷盗。。4、请随手关大堂门，轻拉轻推，勿用力拉扯。。5、非机动车请勿进大堂、楼道内充电。。6、请勿让爱宠随地大小便，做文明养宠人。""。&&&","[
    {
        ""话题倾向"": """"
    }
]"
群聊负向,"这是要分析的对话:&&&08月26日 05:24分。文荣坤(员工):""[视频]""。文荣坤(员工):""秩序部#夜间园区巡查 #??。24小时坚…………""。08月26日 08:15分。H(客户):""[图片]""。H(客户):""??朝夕相见，经年守候??。??服务不止，用心不缀??。    ————————————。           ?早送晚迎?。   ????让幸福变的简单????""。08月26日 09:38分。小米(员工):""?????????家人们，早上好~。今天…………""。08月26日 12:08分。开心一族(客户):""咨询一下，我们门禁卡，怎么刷不到9.8之间的小门进出？？？？""。08月26日 12:17分。Devin????????????(客户):""您把卡拿去2栋一楼监控中心重新激活试试@开心一族?""。08月26日 12:45分。开心一族(客户):""算了，我看到有些人进出那门进，我是偶尔去买东西，觉得方便一些偶尔""。Devin????????????(客户):""[好的][好的]""。08月26日 18:30分。小米(员工):""【物业在行动-日常清洁】。? 烈日当空，…………""。小米(员工):""[图片]""。小米(员工):""[图片]""。08月26日 18:35分。A岁月静好，未来可期(客户):""通知：。8月25日是全国第八个残疾预防日，筑安社区居委会于明天8月27日（本周二）上午在辖区内开展“预防疾病致残  共享健康生活”宣传服务活动，希望学校有社会实践活动要求的学生积极参与，请有意参加志愿服务活动的人员于8月27日早上9:30到8组团筑安社区居委会集中开展活动。""。A岁月静好，未来可期(客户):""【提示】买卖游戏账号、游戏装备等一定要在官方平台进行，不要点击陌生链接，以交保证金、提现失败、账号冻结等理由要求继续充值的都是诈骗！""。A岁月静好，未来可期(客户):""[视频号消息]""。08月26日 20:04分。韩老魔(客户):""[视频]""。韩老魔(客户):""????家人们，重要提醒来啦！????。。??亲爱的业主朋友们，为了咱们小区的安全与秩序，一定要记得带卡刷卡进入小区哟！。。???♀?别嫌麻烦，这小小的一张卡，可是守护我们温馨家园的重要“钥匙”。。。??每次进出，轻轻一刷，不仅方便快捷，更是给我们满满的安全感。。。??想象一下，如果大家都能自觉带卡刷卡，那些陌生人就没法随便进入小区啦，我们的孩子能在小区里更自由地玩耍，我们也能更安心地享受生活。。。???????????家人们一起行动起来，让带卡刷卡成为我们生活的一部分。""。韩老魔(客户):""巡逻园区，商铺，车库，无异常。维护安全秩序，我们时刻警备，我们会保持高度的警惕性，及时发现并处理任何可能存在的安全隐患。同时，也请大家注意自身安全，如有异常情况请及时与我们联系。。祝大家生活愉快！[玫瑰][玫瑰][玫瑰]""。韩老魔(客户):""各位业主：晚上好！[玫瑰]。8月26日秩序部夜间执勤安排：。一：值班队长：汤江平。电话:18785183203。二：带班时间。20:00-08:00。三：24小时值班电：0851-83862661。辖区派出所电话：0851-83851334。四、我们将12小时坚守岗位，如有需要请致电，我们将竭诚为您服务。夜间休息请关好门窗，做好安全防范，出入小区带好业主卡。。贵阳恒大文化旅游城物业服务中心祝您：生活愉快！[烟花]""。&&&","[
    {
        ""话题倾向"": """"
    }
]"
群聊负向,"这是要分析的对话:&&&08月26日 10:23分。爱不解释(客户):""#金碧物业·秩序(保安)服务篇。??用心打磨每一个细节，用真诚赢得您的信赖??。??优美的环境，优良的秩序，优质的服务，都藏在细节里??。?从平凡处发现不平凡，感受我们的用心??。??绝不辜负您的信赖，全心全意为您服务??。         ??金碧物业  我们与您同在。               ——贵阳恒大文化旅游城物业服务中心""。爱不解释(客户):""[图片]""。08月26日 12:21分。南锺(客户):""通知：。8月25日是全国第八个残疾预防日，筑安社区居委会于明天8月27日（本周二）上午在辖区内开展“预防疾病致残  共享健康生活”宣传服务活动，希望学校有社会实践活动要求的学生积极参与，请有意参加志愿服务活动的人员于8月27日早上9:30到8组团筑安社区居委会集中开展活动。""。&&&","[
    {
        ""话题倾向"": """"
    }
]"
群聊负向,"这是要分析的对话:&&&08月26日 10:24分。爱不解释(客户):""#金碧物业·秩序(保安)服务篇。??用心打磨每一个细节，用真诚赢得您的信赖??。??优美的环境，优良的秩序，优质的服务，都藏在细节里??。?从平凡处发现不平凡，感受我们的用心??。??绝不辜负您的信赖，全心全意为您服务??。         ??金碧物业  我们与您同在。               ——贵阳恒大文化旅游城物业服务中心""。爱不解释(客户):""[图片]""。08月26日 12:21分。南锺(客户):""通知：。8月25日是全国第八个残疾预防日，筑安社区居委会于明天8月27日（本周二）上午在辖区内开展“预防疾病致残  共享健康生活”宣传服务活动，希望学校有社会实践活动要求的学生积极参与，请有意参加志愿服务活动的人员于8月27日早上9:30到8组团筑安社区居委会集中开展活动。""。&&&","[
    {
        ""话题倾向"": """"
    }
]"
群聊负向,"这是要分析的对话:&&&08月26日 08:39分。杜婷婷(员工):""尊敬的业主：。   早上好！今天小管休息…………""。08月26日 20:35分。.(客户):""[视频]""。.(客户):""各位业主：晚上好！[玫瑰]。8月26日秩序部夜间执勤安排：。一、值班人员:  罗垚19316563414。  监控室电话号码：83873539。  维修值班人员： ?郭文波18111908017?。二、巡查期间未发现流浪狗、猫，值班期间如发现第一时间处理。三、带班时间：20:00-08:00。四、我们将12小时坚守岗位，如有需要请致电，我们将竭诚为您服务。夜间休息请关好门窗，做好安全防范，出入小区带好业主卡、谨防尾随。。贵阳金碧物业服务中心祝您：生活愉快！[烟花]""。&&&","[
    {
        ""话题倾向"": """"
    }
]"
群聊负向,"这是要分析的对话:&&&08月26日 10:25分。爱不解释(客户):""#金碧物业·秩序(保安)服务篇。??用心打磨每一个细节，用真诚赢得您的信赖??。??优美的环境，优良的秩序，优质的服务，都藏在细节里??。?从平凡处发现不平凡，感受我们的用心??。??绝不辜负您的信赖，全心全意为您服务??。         ??金碧物业  我们与您同在。               ——贵阳恒大文化旅游城物业服务中心""。爱不解释(客户):""[图片]""。08月26日 12:21分。南锺(客户):""通知：。8月25日是全国第八个残疾预防日，筑安社区居委会于明天8月27日（本周二）上午在辖区内开展“预防疾病致残  共享健康生活”宣传服务活动，希望学校有社会实践活动要求的学生积极参与，请有意参加志愿服务活动的人员于8月27日早上9:30到8组团筑安社区居委会集中开展活动。""。&&&","[
    {
        ""话题倾向"": """"
    }
]"
群聊负向,"这是要分析的对话:&&&08月26日 08:04分。济南绿洲12-13-17号楼管家大寒(员工):""????金碧物业晨跑开跑啦！！！大朋友、…………""。济南绿洲12-13-17号楼管家大寒(员工):""[图片]""。济南绿洲12-13-17号楼管家大寒(员工):""[图片]""。济南绿洲12-13-17号楼管家大寒(员工):""[图片]""。08月26日 08:16分。三木(客户):""你明天也去""。三木(客户):""{""pre_msgid"":""3645564493464934403_1724631394388_external""}""。08月26日 09:00分。12.13.17已停用 请添加企业微信(客户):""[爱心]温馨提示[爱心]。尊敬的业主家人：。       为了保证电梯正常安全平稳运行，每15天需对电梯进行一次定期保养，于今日对12号楼1单元东西电梯进行例行维护保养！每台电梯保养约40分钟，一楼厅门前放置护栏，给业主家人带来不便敬请谅解[玫瑰][拥抱]""。12.13.17已停用 请添加企业微信(客户):""[图片]""。08月26日 09:17分。爱妞妞(客户):""@济南绿洲12-13-17号楼管家大寒?我加你了你同意一下""。08月26日 09:55分。顺其自然(客户):""8.13元，接到[爆竹]“银监会”[爆竹]电话被骗。。3.63万元，大学生??兼职??被骗。。3.5万元，初中生被骗。。3.46万元，妇女?兼职刷单?被骗。。2.31万元，男青年[色]约炮[色]被骗。。。男青年[色][色]约炮[色][色]，妇女??兼职刷单??、????被“异性网友”诱导投资????诈骗高发！。转发提醒好家里的[拥抱]年轻人、妇女[拥抱]！。。【8月25日电诈警情通报】（近三天典型案例）。【平安街道、开发区派出所】。1、乙武村居民（开发区报警），【接到“银监会”电话】被骗8.13万元。。??手段：接到电话，对方自称?【“银监会”工作人员】??，要帮其“降低网贷利率”，还让其??登陆假的银监会网站??。。        过程中，?开启“屏幕共享”?，指导其将钱转走。。。【大学城、大学路派出所】。2、山东师范大学思想政治教育专业大四学生，【兼职】被骗3.63万元。。??手段：网上看到信息，兼职（“垫资”代充话费）。对方称选择[爆竹][爆竹]“企业代付”[爆竹][爆竹]，??钱就不会被转走，但操作后，钱还是被转走??。。       对方称其操作失误，??为退款，按对方要求，继续转账??。。。【马山镇、马山派出所】。3、周庙村初中生，【找人“解封微信”】被骗3.5万元。。??手段：快手找人解封微信，对方让其?提供了家长微信、银行卡的【验证码】?，钱被转走。。。【文昌街道、新城派出所】。4、建发天玺妇女，网上兼职【垫资做任务、刷销量、刷关注、刷点赞】被骗3.46万元。。??手段：??被陌生人拉进群??，推荐足不出户做兼职，[裂开]抖音刷关注[裂开]挣到佣金，后被引诱??“垫资”刷购“抖币”??。。        前期挣到小额返利，后被以【系统设置，需要[苦涩]连续刷任务才能退还垫付金、佣金[苦涩]】，【??操作失误，需要刷补救单??】为由要求转账。。。【崮云湖街道、大学路派出所】。5、河南籍务工男青年（租住乐天），【刷单做任务以?? 免费约炮?? 】被骗2.31万元。。??手段：??网上看到信息??，下载APP，为[吐]解锁约炮资格[吐]，??“约炮”客服引诱其“垫资”刷“会员费”??，前期挣到小额返利。。        后被以【系统设置，需要[裂开]连续刷任务[裂开]才能退还垫付金、佣金】、【??操作失误??（后台都能做手脚），刷补救单】为由要求多次转账。""。08月26日 10:21分。顺其自然(客户):""各位居民朋友好~。社区邻里夜校“AI机器人”招生啦~，详细信息如下：。上课时间：2024年8月28日本周三晚上七点半。活动地点：恒大绿洲第二社区党群服务中心""。顺其自然(客户):""[小程序消息]""。08月26日 11:35分。风雨中站立   现(客户):""【公区维修8月19日-8月25日工作汇报】。●公区及地下车库排污泵检修7处。●公区及地下车库照明更换6处。●公区直饮水机滤芯更换4处。●公区大堂顶子破损粉刷5处。●公区墙砖破损更换3处。●公区消防故障处理47处。●公区充电桩头安装21处。●园区排污管道疏通8处。●园区路面维修3处。●电梯维保125部。●设备房维护保养。●设备房巡查。工程维修，为您的生活保驾护航。如需帮助请拨打。24小时物业热线:。0531-55615896。济南恒大绿洲物业服务中心""。风雨中站立   现(客户):""[图片]""。08月26日 15:38分。宁宁(客户):""[图片]""。宁宁(客户):""[图片]""。宁宁(客户):""[图片]""。宁宁(客户):""[图片]""。08月26日 16:54分。宁宁(客户):""[拳头]环境提升持续进行中[拳头]。[太阳]今天地下室清理[太阳]。恒大绿洲保洁团队为您服务[玫瑰]""。宁宁(客户):""[图片]""。08月26日 18:40分。A大漠(客户):""??物业秩序“小蜜蜂” ??。[庆祝]“小蜜蜂”来了！来了！[庆祝]。[太阳]有事，您说话[太阳]。[庆祝]车辆电瓶亏电启动不了！。[庆祝]家里有沉物品搬不动了！。[庆祝]买了好多东西拿不了！。联系电话：0531-55612606。秩序小“蜜蜂”竭诚为您服务！[耶][耶][耶]。[庆祝]我们的口号：。[庆祝]真心帮助每一位[庆祝]。[庆祝]热心服务每一人[庆祝]。[庆祝]赠人玫瑰[玫瑰]，手有余香[庆祝]""。A大漠(客户):""[图片]""。08月26日 20:04分。你的月亮我的心(客户):""尊敬的业主，您好：。       为更好、更快的解决业主问题，现将各值班人员、联系电话及值班时间公示在群内，各位业主可直接电话联系或在群内@秩序110。1、日常家用维修工具(螺丝刀、活动扳手、小锤等);。2、小型购物车、平板车、人字梯、打气筒，应急医用品等。。为您爱家保驾护航，如果您有家政保洁、直饮水卡办理、白蚁消杀、有偿维修、房屋租赁的业务需求，随时与我们联系，为您提供专业的服务。。【秩序维护部】。[爱心]1.值班时间段：。????20:00－08:00????。[爱心]2.值班中队长-赵队电话：0531-55615881。[爱心]3.物业服务电话：0531-55615896、55615596。??4.监控室值班24小时电话：0531-55612606。3、【物业-安保服务“小蜜蜂”】。[抱拳]如您家中有需要帮助的请联系我们?。[爱心]24小时为各位家人守候。[合十]贴心服务、真诚相伴。如需便民服务车，请直接联系；。①55612606。②55612808。有事您说话，我们会在第一时间安排人员帮你处理[玫瑰][玫瑰]""。你的月亮我的心(客户):""[图片]""。08月26日 23:51分。你的月亮我的心(客户):""尊敬的业主大家好！我是夜间执勤赵队长，金碧物业安保服务8月26号巡查，时刻守护业主们的安全，请安心入睡，如有紧急情况请拨打0531-55612606""。你的月亮我的心(客户):""[图片]""。08月27日 03:00分。你的月亮我的心(客户):""尊敬的业主大家好！我是夜间执勤赵队长，金碧物业安保服务8月27号巡查，时刻守护业主们的安全，请安心入睡，如有紧急情况请拨打0531-55612606""。你的月亮我的心(客户):""[图片]""。&&&","[
    {
        ""话题倾向"": """"
    }
]"
群聊负向,"这是要分析的对话:&&&08月26日 09:17分。恒大城???? 秩序部 三期监控室(客户):""[图片]""。恒大城???? 秩序部 三期监控室(客户):""[视频号消息]""。恒大城???? 秩序部 三期监控室(客户):""“客服”给你打来电话，说你网购商品出现问题！可以给你申请退款，还给你发来陌生链接！让你注册账号填写信息，再说因“操作失误”导致账户被冻结，让你转账解冻后才能退款？南昌反诈提醒您：退换货请认准官方平台，陌生链接不要点击，不要透露个人信息。敬请各位领导同事转发反诈视频及反诈日历。[抱拳][抱拳][抱拳]""。08月26日 11:02分。恒大城-管家-小刘(员工):""管家温馨提示：。今天28、29、41…电…………""。恒大城-管家-小刘(员工):""[图片]""。08月26日 16:45分。恒大城-管家-小刘(员工):""【关于四害消杀的温馨提示】。      …………""。恒大城-管家-小刘(员工):""[图片]""。08月26日 16:52分。恒大城-管家-小刘(员工):""【44栋地库口维修封闭通知】。    各…………""。恒大城-管家-小刘(员工):""[图片]""。08月26日 18:15分。恒大城???? 秩序部 三期监控室(客户):""重要警示：。    8月23日晚10时，江苏省宿迁市一电动自行车店起火，虽然仅半小时明火就得到控制，但仍造成6人死亡（尤为痛心的是，遇难者中4人系未成年人）。此前，2024年2月23日4时许，江苏南京市雨花台区一小区发生电动自行车火灾，造成15人死亡，44人受伤。今年4月27日，我县一小区也发生了电动自行车火灾亡人事件。在此警示，电动自行车起火，燃烧迅速并会在短时间造成大量有害气体，因灾致死率极高！因此，为了大家的生命财产安全，恳请各位业主对自己负责，也对左右邻里负责，严禁将电动自行车违规入楼、违规充电！也请各位监督，一发现有电动车上楼进单元的，请及时联系物业24小时电话:85130408，物业会第一时间上户整治，保障大家居住安全。""。08月26日 20:05分。恒大城???? 秩序部 三期监控室(客户):""? 2024.8.26日? 。【秩序维护部】 。1.夜班值班时间段：20：00—08：00。2.夜班值班队长:徐霖。3.物业24小时服务电话：0791-85957719/85130408。? 【物业小贴士】?。1、园区道路是大家的，请将爱车停至车位或车库，勿占行车主干道。。2、予人方便，予己方便，整齐有序，文明停车。。3、随身携带门禁卡，刷卡进出，提高安全防止偷盗。。4、请随手关大堂门，轻拉轻推，勿用力拉扯。。5、非机动车请勿进大堂、楼道内充电。。6、请勿让爱宠随地大小便，做文明养宠人。""。&&&","[
    {
        ""话题倾向"": """"
    }
]"
群聊负向,"这是要分析的对话:&&&08月26日 08:03分。姜(客户):""尊敬的各位业主：早上好[玫瑰]。8月26日秩序部白班已接班，执勤安排如下：。一、值班:姜小朋 18786658735。二、24小时值班电：0851-83873003。辖区派出所电话：0851-83851334。三、带班时间：08:00-20:00。四、我们将12小时坚守岗位，如有需要请致电，我们将竭诚为您服务。外出请关好门窗、水电及燃气、出入小区带好业主卡、做好个人防护。。贵阳恒大文化旅游城物业服务中心祝您：生活愉快！[烟花]""。姜(客户):""[图片]""。08月26日 09:22分。冉长春(客户):""[视频号消息]""。冉长春(客户):""【提示】买卖游戏账号、游戏装备等一定要在官方平台进行，不要点击陌生链接，以交保证金、提现失败、账号冻结等理由要求继续充值的都是诈骗！""。08月26日 11:02分。姜(客户):""#金碧物业·秩序(保安)服务篇。??用心打磨每一个细节，用真诚赢得您的信赖??。??优美的环境，优良的秩序，优质的服务，都藏在细节里??。?从平凡处发现不平凡，感受我们的用心??。??绝不辜负您的信赖，全心全意为您服务??。         ??金碧物业  我们与您同在。               ——贵阳恒大文化旅游城物业服务中心""。姜(客户):""[图片]""。08月26日 20:23分。        (客户):""?各位业主：晚上好！[玫瑰]。8月26日秩序部夜间执勤安排：。值班：罗锋18285024210 。维修部：何彬18984855091?。辖区派出所电话：0851-83851334。三、带班时间：20:00-08:00。四、我们将12小时坚守岗位，如有需要请致电，我们将竭诚为您服务。夜间休息请关好门窗，做好安全防范，出入小区带好业主卡、谨防尾随。。贵阳恒大文化旅游城物业服务中心祝您：生活愉快！[烟花]""。08月26日 20:29分。        (客户):""[图片]""。        (客户):""[视频]""。08月26日 20:38分。        (客户):""[图片]""。&&&","[
    {
        ""话题倾向"": """"
    }
]"
群聊负向,"这是要分析的对话:&&&08月26日 07:58分。天道酬勤(客户):"" 尊敬的各位业主：早上好  。8月26日执勤安排如下：。一、值班队长：张小书18302656806。二、24小时值班电：0851-83873003。辖区派出所电话：0851-83851334。三、带班时间：08:00-20:00。四、我们将12小时坚守岗位，如有需要请致电，我们将竭诚为您服务。外出请关好门窗、水电及燃气、出入小区带好业主卡、做好个人防护。。五、检查道路通行情况正常。。贵阳恒大文化旅游城物业服务中心祝您：生活愉快[烟花]""。08月26日 09:20分。。(客户):""【提示】买卖游戏账号、游戏装备等一定要在官方平台进行，不要点击陌生链接，以交保证金、提现失败、账号冻结等理由要求继续充值的都是诈骗！""。。(客户):""[视频号消息]""。08月26日 10:57分。天道酬勤(客户):""#金碧物业·秩序(保安)服务篇。??用心打磨每一个细节，用真诚赢得您的信赖??。??优美的环境，优良的秩序，优质的服务，都藏在细节里??。?从平凡处发现不平凡，感受我们的用心??。??绝不辜负您的信赖，全心全意为您服务??。         ??金碧物业  我们与您同在。               ——贵阳恒大文化旅游城物业服务中心""。天道酬勤(客户):""[图片]""。08月26日 18:14分。古松(员工):""关于小区园林绿化养护的温馨提示??。尊敬…………""。08月26日 21:06分。。(客户):""通知：。8月25日是全国第八个残疾预防日，筑安社区居委会于明天8月27日（本周二）上午在辖区内开展“预防疾病致残  共享健康生活”宣传服务活动，希望学校有社会实践活动要求的学生积极参与，请有意参加志愿服务活动的人员于8月27日早上9:30到8组团筑安社区居委会集中开展活动。""。@????川川??(客户):""今日秩序巡查园区，通报情况如下：。1、巡查地库，发现未关闭单元门禁，已全部进行了关闭处理；。2、园区运行一切正常，无可疑人员逗留；。4、各位业主如遇紧急情况可拨打值班人员电话：。秩序部:舒川13668509505。维修部:何彬18984855091。辖区派出所电话085183851334。[抱拳]秩序小哥在此呼吁大家：?区的安全、和谐离不开我们共同的努?，请各位小主进出随手关闭单元门，做好安全防范。如遇问题或需帮助欢迎致电。""。@????川川??(客户):""[图片]""。&&&","[
    {
        ""话题倾向"": """"
    }
]"
群聊负向,"这是要分析的对话:&&&08月26日 04:06分。一期中队长(客户):""[文件下载失败]""。一期中队长(客户):""【?? 秩序服务?巡逻篇】。我们是晚班园区秩序的守护者??。每天园区全覆盖巡视??。希望用我们的行动??。为您营造舒适的居家环境??。如需帮助请拨打24小时服务热线。?:0731一85520610。值班中队长。?:17700582951（一期）。??我们竭诚为您服务??""。08月26日 06:32分。一期中队长(客户):""[图片]""。一期中队长(客户):""??长沙恒大雅苑。?2024年8??26日  星期一。?天气: 晴  气温：28－37℃。1、广西一景区“飞天魔毯”项目故障致1死60伤 景区提出“买断”赔偿方案；。2、浙江绍兴一医院眼科套取医保资金2000万，手术医生庭审坚称无罪引争议；。3、郑州：相关企业限期撤除全市小区电梯里的“上门按摩”广告；。4、今年三伏，全国平均气温达到23.24℃，为史上最热；。5、日本核污染水排海一年，8轮累计排放将达62500吨；微信搜：每日微语报。6、超80城支持国企等收购存量房：36城已启动征集，“去库存效果最直接”；。7、合肥女子李梅在长沙坐拥87套房，因涉罪被查封，正式被法院挂网待拍卖；。8、安徽发文鼓励探索垂钓实名制，官方回应：还未启动落实；。9、周鸿祎再回应“手表不当回答”：已惩罚产品经理接一个月客服电话；。10、三文鱼刺身隔夜返包销售 胖东来：奖励投诉者10万，补偿购买者1000元；。11、黎真主党宣布第一阶段对以袭击取得成功 发射320余枚火箭弹；。12、世卫组织表示，猴痘疫情存在扩散风险，各国防控措施有待加强；。13、防止播音员“讲真话”，日本广播协会开始预录中文新闻；。14、17名中国公民命丧韩国电池厂 火灾调查：因培训不足错失37秒逃生窗口；。15、美国顶尖纳米科学家打算来华工作，曾因与中国高校合作而被美政府判刑；""。一期中队长(客户):""???♂【防溺水??安全温馨提示】。??亲爱的业主家人们：大家好??。?天气渐热，为了孩子们??的安全，请提高安全防范意识?，时刻监督和管理??好孩子，加强对孩子的防溺水??安全教育，禁止??孩子私自到小溪、水库、江边玩水、捕鱼、捉虾、游泳等。 。??安全无小事 时刻要警惕??。请家长??加强对孩子防溺水的监管力度，提高孩子??防溺水的自觉性?。同时物业工作人员??也会加大对园区的巡逻。为孩子的生命安全构筑坚实的防线??。??如需帮助请拨24小时服务热线。二期?:0731-85066275。一期?:0731-85520610。#长沙恒大雅苑物业服务中心""。08月26日 09:35分。长沙恒大雅苑19栋.30-32栋管家(员工):""关于开展小区四害消杀的通知。    尊敬…………""。长沙恒大雅苑19栋.30-32栋管家(员工):""[图片]""。08月26日 11:21分。子鱼(客户):""【??遛狗不随便，随手清狗便??】。     。      ??最近存在严重的不文明养犬的现象，绿化带、草坪的狗便??比比皆是，给其他美邻的生活带来了很大的困扰。。      宠物是人类的朋友，为生活增添不少乐趣??，享受权利的同时还请履行义务哦[抱拳]，为了给小区营造一个整洁和谐的环境??，物业中心倡议各位饲养宠物的业主，请您随身携带废纸或垃圾袋，以便随时清理“排泄物”。    ??优美的居住环境需要大家的共同创造和维护，请从文明养狗开始。??""。子鱼(客户):""[文件超过最大限制]""。08月26日 19:16分。一期中队长(客户):""【?? 秩序服务?巡逻篇】。我们是白班园区秩序的守护者??。每天园区全覆盖巡视??。希望用我们的行动??。为您营造舒适的居家环境??。如需帮助请拨打24小时服务热线。?:0731一85520610。值班中队长。?:17700582951（一期）。??我们竭诚为您服务??""。一期中队长(客户):""[视频]""。一期中队长(客户):""[视频]""。08月26日 19:53分。小牛牛(客户):""8月26日园林工作日常""。小牛牛(客户):""[文件下载失败]""。08月26日 19:59分。长沙恒大雅苑19栋.30-32栋管家(员工):""[图片]""。长沙恒大雅苑19栋.30-32栋管家(员工):""关于小区内防范蛇类动物的温馨提示。各位业…………""。08月26日 20:04分。一期中队长(客户):""业主您好??。我是夜班秩序班长（苏静普17700582951），也是你的夜间安全守护者??，也许您从来没有见过我，因为我值守在您熟睡的每个晚上。夜间??我们会跟踪可疑人员、巡查车库、巡查园区、巡查楼层。。??清晨06:00我们还会查看每个电梯，确保您上班时电梯正常运行。。??如需帮助请及时拨打24小时服务电话85520610，我会出现在你需要的每个时刻???♂???♂???♂。祝您好梦！一醒来又是美美哒的一天哦???""。08月26日 20:49分。一期中队长(客户):""【?? 秩序服务?巡逻篇】。我们是晚班园区秩序的守护者??。每天园区全覆盖巡视??。希望用我们的行动??。为您营造舒适的居家环境??。如需帮助请拨打24小时服务热线。?:0731一85520610。值班中队长。?:17700582951（一期）。??我们竭诚为您服务??""。一期中队长(客户):""[视频]""。08月27日 00:09分。睿之黄(客户):""麻烦楼上2002邻居脚步轻一点，谢谢""。08月27日 03:44分。一期中队长(客户):""【?? 秩序服务?巡逻篇】。我们是晚班园区秩序的守护者??。每天园区全覆盖巡视??。希望用我们的行动??。为您营造舒适的居家环境??。如需帮助请拨打24小时服务热线。?:0731一85520610。值班中队长。?:17700582951（一期）。??我们竭诚为您服务??""。一期中队长(客户):""[图片]""。&&&","[
    {
        ""话题倾向"": """"
    }
]"
群聊负向,"这是要分析的对话:&&&08月26日 16:07分。龚近年(客户):""关于没有业委会，房屋维修基金的使用、小区公共收益的使用情况公示、楼顶漏水的解决办法等几个问题，于上周打12345进行咨询，今天收到了社区回复，特将回复内容转各位友邻知悉。1.房屋维修基金的使用以栋为单位，三分之二的业主参与表决，参与表决的二分之一以上同意才可动用，表决的方式需用房屋产权证在住建注册后方可参与投票，已使用情况可以通过住建某小程序查询或到社区协助查询（具体操作方法还没尝试）。2.公共收益的使用情况，物业每半年公示一次，一般三月份公示上年度下半年的，九月公示上半年的，用A4纸打印张贴在每栋的大堂（我刚来小区不久，暂未见过）。3.楼顶漏水问题，掀开屋顶防水层重做防水或加装雨棚都需要动用维修基金，需要表决（楼层漏水类似）。重做防水层工程量大费用高，且再次漏水的可能性大，过几年又需维修；加装雨棚费用小维修方便但涉及规划报批流程。具体怎么弄，需本栋业主共同表决，物业落实，社区可以提供帮助。以上是拨打12345得到的回复内容，各位友邻如果有什么其他方面消息，可以互通有无，我们从五湖四海相聚于恒大雅苑，共同住在41-43栋，这是难得的缘分，一定能齐心解决所在栋面临的问题。""。08月26日 17:30分。五年级的开大炮(客户):""[强][强]""。08月26日 18:03分。长沙恒大雅苑-管家-龙海斌(员工):""关于小区内防范蛇类动物的温馨提示。各位业…………""。长沙恒大雅苑-管家-龙海斌(员工):""[图片]""。08月26日 20:56分。Vampiae(客户):""业主您好??。我是夜班秩序班长（周游：17700582090），也是你的夜间安全守护者??，也许您从来没有见过我，因为我值守在您熟睡的每个晚上。夜间??我们会跟踪可疑人员、巡查车库、巡查园区、巡查楼层。。??清晨06:00我们还会查看每个电梯，确保您上班时电梯正常运行。。??如需帮助请及时拨打24小时服务电话85066275，我会出现在你需要的每个时刻???♂????♂????♂?。祝?您好梦！一醒来又是美美哒的一天哦??????""。&&&","[
    {
        ""话题倾向"": """"
    }
]"
群聊负向,"这是要分析的对话:&&&08月26日 09:15分。恒大城???? 秩序部 三期监控室(客户):""[视频号消息]""。恒大城???? 秩序部 三期监控室(客户):""“客服”给你打来电话，说你网购商品出现问题！可以给你申请退款，还给你发来陌生链接！让你注册账号填写信息，再说因“操作失误”导致账户被冻结，让你转账解冻后才能退款？南昌反诈提醒您：退换货请认准官方平台，陌生链接不要点击，不要透露个人信息。敬请各位领导同事转发反诈视频及反诈日历。[抱拳][抱拳][抱拳]""。恒大城???? 秩序部 三期监控室(客户):""[图片]""。08月26日 11:31分。恒大城-32.33.34.35管家小舒(客户):""【关于四害消杀的温馨提示】。       物业服务中心将于2024年8月29日-2024年8月30日对小区公共区域进行消杀工作，请各位业主注意安全防护。[玫瑰]""。恒大城-32.33.34.35管家小舒(客户):""[图片]""。08月26日 15:54分。恒大城-管家-小舒(员工):""【南昌恒大城—周报】。?? 一周美好，与…………""。恒大城-管家-小舒(员工):""[图片]""。08月26日 16:23分。恒大城-32.33.34.35管家小舒(客户):""【44栋地库口维修封闭通知】。    各位业主，因44栋地库口需临时进行维修，将于8月27日上午09:00封闭，预计恢复时间9月2日（下周一）。维修期间进出口都受影响，请各位业主绕行至其他入口进出。维修完成后会通知大家，给您带来不便，敬请谅解[抱拳]""。恒大城-32.33.34.35管家小舒(客户):""[图片]""。08月26日 18:17分。恒大城???? 秩序部 三期监控室(客户):""重要警示：。    8月23日晚10时，江苏省宿迁市一电动自行车店起火，虽然仅半小时明火就得到控制，但仍造成6人死亡（尤为痛心的是，遇难者中4人系未成年人）。此前，2024年2月23日4时许，江苏南京市雨花台区一小区发生电动自行车火灾，造成15人死亡，44人受伤。今年4月27日，我县一小区也发生了电动自行车火灾亡人事件。在此警示，电动自行车起火，燃烧迅速并会在短时间造成大量有害气体，因灾致死率极高！因此，为了大家的生命财产安全，恳请各位业主对自己负责，也对左右邻里负责，严禁将电动自行车违规入楼、违规充电！也请各位监督，一发现有电动车上楼进单元的，请及时联系物业24小时电话:85130408，物业会第一时间上户整治，保障大家居住安全。""。08月26日 18:29分。A晏小姐特色小吃(客户):""要吃凉菜的下单免费配送哈[奸笑][奸笑][奸笑]""。A晏小姐特色小吃(客户):""[文件超过最大限制]""。08月26日 20:01分。恒大城???? 秩序部 三期监控室(客户):""? 2024.8.26日? 。【秩序维护部】 。1.夜班值班时间段：20：00—08：00。2.夜班值班队长:徐霖。3.物业24小时服务电话：0791-85957719/85130408。? 【物业小贴士】?。1、园区道路是大家的，请将爱车停至车位或车库，勿占行车主干道。。2、予人方便，予己方便，整齐有序，文明停车。。3、随身携带门禁卡，刷卡进出，提高安全防止偷盗。。4、请随手关大堂门，轻拉轻推，勿用力拉扯。。5、非机动车请勿进大堂、楼道内充电。。6、请勿让爱宠随地大小便，做文明养宠人。""。&&&","[
    {
        ""话题倾向"": """"
    }
]"
群聊负向,"这是要分析的对话:&&&08月26日 06:06分。心情尚好15367485711(客户):""[图片]""。心情尚好15367485711(客户):""??长沙恒大雅苑。?2024年8??26日  星期一。?天气: 晴  气温：28－37℃。1、1、广西一景区“飞天魔毯”项目故障致1死60伤 景区提出“买断”赔偿方案；。2、浙江绍兴一医院眼科套取医保资金2000万，手术医生庭审坚称无罪引争议；。3、郑州：相关企业限期撤除全市小区电梯里的“上门按摩”广告；。4、今年三伏，全国平均气温达到23.24℃，为史上最热；。5、日本核污染水排海一年，8轮累计排放将达62500吨；微信搜：每日微语报。6、超80城支持国企等收购存量房：36城已启动征集，“去库存效果最直接”；。7、合肥女子李梅在长沙坐拥87套房，因涉罪被查封，正式被法院挂网待拍卖；。8、安徽发文鼓励探索垂钓实名制，官方回应：还未启动落实；。9、周鸿祎再回应“手表不当回答”：已惩罚产品经理接一个月客服电话；。10、三文鱼刺身隔夜返包销售 胖东来：奖励投诉者10万，补偿购买者1000元；。11、黎真主党宣布第一阶段对以袭击取得成功 发射320余枚火箭弹；。12、世卫组织表示，猴痘疫情存在扩散风险，各国防控措施有待加强；。13、防止播音员“讲真话”，日本广播协会开始预录中文新闻；。14、17名中国公民命丧韩国电池厂 火灾调查：因培训不足错失37秒逃生窗口；。15、美国顶尖纳米科学家打算来华工作，曾因与中国高校合作而被美政府判刑；""。心情尚好15367485711(客户):""???♂【防溺水??安全温馨提示】。??亲爱的业主家人们：大家好??。?天气渐热，为了孩子们??的安全，请提高安全防范意识?，时刻监督和管理??好孩子，加强对孩子的防溺水??安全教育，禁止??孩子私自到小溪、水库、江边玩水、捕鱼、捉虾、游泳等。 。??安全无小事 时刻要警惕??。请家长??加强对孩子防溺水的监管力度，提高孩子??防溺水的自觉性?。同时物业工作人员??也会加大对园区的巡逻。为孩子的生命安全构筑坚实的防线??。??如需帮助请拨24小时服务热线。二期?:0731-85066275。一期?:0731-85520610。#长沙恒大雅苑物业服务中心""。08月26日 06:30分。陈继辉～誉丹脊柱健康(客户):""[链接]""。08月26日 09:07分。彪(客户):""【?? 秩序服务?巡逻篇】。我们是白班园区秩序的守护者??。每天园区全覆盖巡视??。希望用我们的行动??。为您营造舒适的居家环境??。如需帮助请拨打24小时服务热线。?:0731一82231519。值班中队长。?:17700582090（二期）。??我们竭诚为您服务??""。彪(客户):""[视频]""。otis陈献文18522972841(客户):""温馨提示：。亲爱的业主家人们，8月26日 （今天）将对54栋电梯进行例行保养，保养采取两台电梯轮流停梯作业的方式，无特殊情况，每台电梯保养时间大概为1小时左右，请各位家人提前做好出行准备哦，给您造成不便敬请谅解。保养时间如下：。54栋1号梯：15:10-16:10。54栋2号梯：16:10-17:10""。08月26日 09:24分。长沙恒大雅苑-管家侯雨昕(员工):""关于开展小区四害消杀的通知。    尊敬…………""。长沙恒大雅苑-管家侯雨昕(员工):""[图片]""。08月26日 10:24分。陈继辉～誉丹脊柱健康(客户):""[视频号消息]""。08月26日 11:19分。长沙恒大雅苑-管家侯雨昕(员工):""【??物业工作周报】  。尊敬的业主/住…………""。长沙恒大雅苑-管家侯雨昕(员工):""[图片]""。08月26日 14:10分。娜娜(客户):""门面招租。各位邻居，打扰了，恒大雅苑55栋106门面招合租。联系电话：13973146189（微信同号）[抱拳][玫瑰]""。08月26日 15:25分。刘灿(客户):""温馨提示：。亲爱的业主家人们，8月26日 （今天）将对55栋电梯进行例行保养，保养采取两台电梯轮流停梯作业的方式，无特殊情况，每台电梯保养时间大概为1小时左右，请各位家人提前做好出行准备哦，给您造成不便敬请谅解。保养时间如下：。55栋1号梯：15:35-16:35。55栋2号梯：16:40-17:40""。08月26日 15:34分。凶猛小老虎(客户):""55-1保养时发现一楼按钮脱皮，现在更换""。凶猛小老虎(客户):""[图片]""。凶猛小老虎(客户):""[图片]""。08月26日 16:55分。凶猛小老虎(客户):""55-2保养发现油杯破损，现在更换""。凶猛小老虎(客户):""[图片]""。龚朝刚(客户):""[强][强][强]""。陈继辉～誉丹脊柱健康(客户):""各位雅苑的邻居们，大家好！家里如有近视、远视、弱视、散光等视力小降的小朋友，可带过来我店里体验纯手法调理(68元即可体验一次手法点穴推拿加道家能量疗愈）！。近年来，据中国中医科学院眼科医院大道临床数据证实～通过手法在相应的穴位进行推拿按摩确能有效地改善青少年近视等相关问题而提升视力！！！""。08月26日 17:36分。凶猛小老虎(客户):""[图片]""。凶猛小老虎(客户):""亲爱的业主家人们，今天对455电梯进行了例行保养，重点对破损按钮，油杯进行更换，厅门轿门触点、光幕进行了紧固调整，机械部件运转良好，请您放心出行，您的肯定是我们前进的动力,祝您生活愉快。""。凶猛小老虎(客户):""{""pre_msgid"":""13549512255839225841_1724664984361_external""}""。凶猛小老虎(客户):""亲爱的业主家人们，今天对55电梯进行了例行保养，重点对破损按钮，油杯进行更换，厅门轿门触点、光幕进行了紧固调整，机械部件运转良好，请您放心出行，您的肯定是我们前进的动力,祝您生活愉快。""。08月26日 18:03分。长沙恒大雅苑-管家侯雨昕(员工):""关于小区内防范蛇类动物的温馨提示。各位业…………""。长沙恒大雅苑-管家侯雨昕(员工):""[图片]""。08月26日 19:13分。彪(客户):""【?? 秩序服务?巡逻篇】。我们是白班园区秩序的守护者??。每天园区全覆盖巡视??。希望用我们的行动??。为您营造舒适的居家环境??。如需帮助请拨打24小时服务热线。?:0731一82231519。值班中队长。?:17700582090（二期）。??我们竭诚为您服务??""。彪(客户):""[视频]""。08月26日 19:54分。小牛牛(客户):""8月26日园林工作日常""。小牛牛(客户):""[图片]""。08月26日 20:02分。Vampiae(客户):""业主您好??。我是夜班秩序班长（周游：17700582090），也是你的夜间安全守护者??，也许您从来没有见过我，因为我值守在您熟睡的每个晚上。夜间??我们会跟踪可疑人员、巡查车库、巡查园区、巡查楼层。。??清晨06:00我们还会查看每个电梯，确保您上班时电梯正常运行。。??如需帮助请及时拨打24小时服务电话85066275，我会出现在你需要的每个时刻???♂????♂????♂?。祝?您好梦！一醒来又是美美哒的一天哦??????""。08月26日 20:27分。王艺林(客户):""看着就温暖??""。张(客户):""[强]""。Vampiae(客户):""[表情]""。Vampiae(客户):""@王老吉?感谢业主的认可""。08月26日 20:38分。王艺林(客户):""??""。王艺林(客户):""工作很辛苦，文案很感人""。猫叽～(客户):""[强][强][强]""。08月26日 20:45分。心情尚好15367485711(客户):""[强][强][强][强]""。08月26日 20:51分。秋佳(客户):""@中队长周游?[强][强][强][强]""。Vampiae(客户):""【?? 秩序服务?巡逻篇】。我们是晚班园区秩序的守护者??。每天园区全覆盖巡视??。希望用我们的行动??。为您营造舒适的居家环境??。如需帮助请拨打24小时服务热线。?:0731一82231519。值班中队长： 周游。?:17700582090（二期）。??我们竭诚为您服务??""。Vampiae(客户):""[视频]""。08月26日 21:12分。大圣(客户):""@中队长周游?[强][强]""。08月26日 22:26分。小游??(客户):""55栋的某位住户这么晚了能不使用电钻了吗？已经钻了很久了[苦涩]@中队长周游?""。yh(客户):""收到，马上排查""。08月26日 22:44分。Vampiae(客户):""@???非常抱歉业主 这么晚了打扰您了。巡逻人员已在排查""。yh(客户):""已排查，未听见电钻声""。yh(客户):""[图片]""。08月27日 03:50分。yh(客户):""【?? 秩序服务?巡逻篇】。我们是晚班园区秩序的守护者??。每天园区全覆盖巡视??。希望用我们的行动??。为您营造舒适的居家环境??。如需帮助请拨打24小时服务热线。?:0731一82231519。值班中队长。?:17700582090（二期）。??我们竭诚为您服务??""。yh(客户):""[图片]""。&&&","[
    {
        ""业主情感强度"": {
            ""小游??"": ""强烈负面""
        },
        ""事件讨论开始时间"": ""08月26日 22:26分"",
        ""事件讨论结束时间"": ""08月26日 22:44分"",
        ""事件详情"": ""业主小游对55栋某业主深夜还在用电钻发出噪音感到不满’。"",
        ""话题倾向"": """"
    }
]"
群聊负向,"这是要分析的对话:&&&08月26日 08:43分。滕's(客户):""39-0203反馈有人高空抛物砸坏了他的东西，需要现场跟进""。滕's(客户):""@管家-杨洪财(请加企微)?""。管家-杨洪财(请加企微)(客户):""收到，等下过去""。08月26日 08:58分。（停用）韶关恒大城-管家-侯稼杰(客户):""[图片]""。（停用）韶关恒大城-管家-侯稼杰(客户):""[图片]""。（停用）韶关恒大城-管家-侯稼杰(客户):""楼上空调漏水，上门查看中""。雪容融??(客户):""[图片]""。雪容融??(客户):""[图片]""。雪容融??(客户):""@滕's?让管家找一下这个房号，是不是月租车要改车牌""。雪容融??(客户):""是不是这个房号的""。雪容融??(客户):""25@2302""。08月26日 09:04分。韶关恒大城-管家-黄曲力(员工):""@包子56-1-2801开2022年8月…………""。雪容融??(客户):""@韶关恒大城-管家-彭小芸?""。管家-杨洪财(请加企微)(客户):""39-203反馈楼上高空抛物，砸坏了他二楼平台的玻璃，业主要物品赔偿，已建议业主报警，秩序部同事已从33楼往下排查""。雪容融??(客户):""她自己搭建雨棚玻璃别人都没有追究她呐""。韶关恒大城-管家-彭小芸(客户):""杨管家在现场。""。雪容融??(客户):""你要告诉他，这个本来就是违规建筑，她的行为本来就不合法，楼上也不合法""。「 楊」、(客户):""[图片]""。「 楊」、(客户):""[文件超过最大限制]""。「 楊」、(客户):""[文件超过最大限制]""。08月26日 09:11分。朱向峰(员工):""这不是被起诉那个吗""。朱向峰(员工):""本来就是违建的""。雪容融??(客户):""「「 楊」、：[图片]」。- - - - - - - - - - - - - - -。@滕's?这个图片保存好。起诉业主违约搭建""。雪容融??(客户):""@「 楊」、?拍个水印""。管家-杨洪财(请加企微)(客户):""[文件超过最大限制]""。管家-杨洪财(请加企微)(客户):""[文件超过最大限制]""。管家-杨洪财(请加企微)(客户):""[图片]""。雪容融??(客户):""存好图片""。管家-杨洪财(请加企微)(客户):""[图片]""。08月26日 09:18分。（请假中）韶关恒大城-管家-张志良(员工):""[图片]""。（请假中）韶关恒大城-管家-张志良(员工):""25-1701给了钱了""。「 楊」、(客户):""[图片]""。Princess芸??(客户):""「（请假中）韶关恒大城-管家-张志良：25-1701给了钱了」。- - - - - - - - - - - - - - -。起诉那户""。雪容融??(客户):""「（请假中）韶关恒大城-管家-张志良：25-1701给了钱了」。- - - - - - - - - - - - - - -。GOOD""。Princess芸??(客户):""@朱向峰?""。朱向峰(客户):""我知道""。Princess芸??(客户):""ok""。（停用）韶关恒大城-管家-侯稼杰(客户):""如需开发票以后请按以下格式发群里。1、房号：34-0602。2、公司名：徐华。3、纳税人识别号：。4、开票内容：（物业费521.4元、公摊电50.6元、室内租金XX元、车位服务费XX元等）。5、备注：。（公摊电费6-8月）""。「 楊」、(客户):""[图片]""。08月26日 09:24分。「 楊」、(客户):""[图片]""。朱向峰(客户):""他怎么好意思浪费警力的""。雪容融??(客户):""@「 楊」、?要私下和警察说他是违规搭建。""。婷(客户):""[文件]""。婷(客户):""未完成单，请各管家自行核对""。管家-杨洪财(请加企微)(客户):""「雪容融??：。@「 楊」、?要私下和警察说他是违规搭建。」。- - - - - - - - - - - - - - -。警察说了""。雪容融??(客户):""@婷?看看这之前出的园区通知。结合现在的口径出个温馨提示公告给管家去粘贴楼栋。一期园区采取措施""。08月26日 09:30分。婷(客户):""好的""。雪容融??(客户):""关于韶关恒大城一期车辆入园通知。尊敬的业主：。您好！8-9栋大门岗已完成升级改造，于2023年12月28日早上9:00正式启用，登记的车辆可以自动识别入场和出场。详情如下：。1、登记的车辆可自动识别入场。否则，将按照临停车辆来访询问登记，为避免引起误会，请有需要开车入园的业主，将车辆信息及时告知管家登记处理。。2、所有进入一期园区的车辆，请从8-9栋正门进出，运动中心门岗仅限人员出入，及消防车、救护车、校车等应急车辆出入。。3、运动中心两旁入口将启动人面识别系统进入园区，还未认证业主相关信息或者未授权门禁卡的，请及时认证。不使用人面识别系统的，可以下载小程序用远程开门或拿门禁卡到13栋物业中心前台办理。。4、入园车辆为临时应急，放置和安置完请及时离场，车辆设定为1个小时内临时停放，如果出现两次超时停放，系统将设置黑名单处理。。5、进出园区车辆请低速行驶，礼让行人。如有地下停车场区域楼栋的车辆，请从车库出入，降低园区车流量。。感谢您对物业中心工作的支持和配合，如有疑问可及时联系我们，物业服务中心24小时服务热线：0751-8709633   。。 韶关恒大城物业服务中心。                                二〇二三年十二月二十七日""。雪容融??(客户):""这个，大概修改一下""。雪容融??(客户):""@婷?简短一些。""。雪容融??(客户):""用现在的口径。""。雪容融??(客户):""[图片]""。雪容融??(客户):""@韶关恒大城-管家-华明康?""。雪容融??(客户):""有生意""。雪容融??(客户):""华帝的""。雪容融??(客户):""赶紧联系一下""。韶关恒大城-管家-华明康(客户):""在私聊中""。雪容融??(客户):""说这周有现场展示和活动""。雪容融??(客户):""厂家过来直销的""。雪容融??(客户):""具体可以问问黄经理给机型""。韶关恒大城-管家-华明康(客户):""[OK]""。08月26日 09:39分。朱向峰(客户):""@侯稼傑?@管家李海通（此号已停用请加企微）?你们开电动车去1期大门岗黄经理办公室搬几箱水各自回1,2期物业中心前台展示""。朱向峰(客户):""我们要帮经营部卖水""。朱向峰(客户):""在物业中心展示""。雪容融??(客户):""@海的季节?，今天记得发催费短信""。雪容融??(客户):""「（请假中）韶关恒大城-管家-张志良：[图片]」。- - - - - - - - - - - - - - -。这个是昨天给的吗？不是今天的是吧""。朱向峰(客户):""今天吧""。朱向峰(客户):""应该是扫码""。雪容融??(客户):""不是哦""。朱向峰(客户):""我看像扫码""。雪容融??(客户):""系统里面没有这个金额哦""。雪容融??(客户):""不是扫码的。账单的。。""。朱向峰(客户):""昨晚20.18""。朱向峰(客户):""昨晚给的""。朱向峰(客户):""回不到昨天5.8万""。08月26日 09:49分。雪容融??(客户):""@韶关恒大城-管家-华明康?昨天晚上业主群里问维修进度都回复业主内""。雪容融??(客户):""没""。08月26日 09:56分。滕's(客户):""「雪容融??：@滕's?让管家找一下这个房号，是不是月租车要改车牌」。- - - - - - - - - - - - - - -。租别人产权车位的，产权车位业主需要核实@雪容融???""。雪容融??(客户):""那怎么缴费信息是月租车位的""。韶关恒大城-管家-华明康(客户):""「雪容融??：@韶关恒大城-管家-华明康?昨天晚上业主群里问维修进度都回复业主内」。- - - - - - - - - - - - - - -。在和业主约时间，约好时间让祁工过去处理""。雪容融??(客户):""那么奇怪的""。滕's(客户):""我看不到她给你的什么缴费信息""。雪容融??(客户):""[图片]""。雪容融??(客户):""@滕's?我发了啊""。雪容融??(客户):""大姐""。滕's(客户):""她说粤FUB200，粤FUB200就是产权车位啊""。滕's(客户):""取消粤FUB200""。雪容融??(客户):""这个车位是月租车吧""。滕's(客户):""她月租不是这个车牌""。雪容融??(客户):""[图片]""。雪容融??(客户):""我都没有发这个车牌啊""。滕's(客户):""「滕's：取消粤FUB200」。- - - - - - - - - - - - - - -。她说取消这个，增加你说的那个车牌""。雪容融??(客户):""我发你这个缴费记录租的是哪个车位""。滕's(客户):""我肯定要电话跟她说咯""。雪容融??(客户):""然后变更车牌信息，要核实一下""。滕's(客户):""[图片]""。雪容融??(客户):""她不是租车位本人啊。。要去核实""。侯稼傑(客户):""「朱向峰：@侯稼傑?@管家李海通（此号已停用请加企微）?你们开电动车去1期大门岗黄经理办公室搬几箱水各自回1,2期物业中心前台展示」。- - - - - - - - - - - - - - -。1""。滕's(客户):""「滕's：租别人产权车位的，产权车位业主需要核实@雪容融???」。- - - - - - - - - - - - - - -。她取消的车牌是产权，要增加产权上面，所以我跟业主确定""。雪容融??(客户):""「雪容融??：[图片]」。- - - - - - - - - - - - - - -。这个缴费信息是不对对应这个房号""。雪容融??(客户):""还是哪个""。滕's(客户):""25-2302""。雪容融??(客户):""你接我语音啊""。滕's(客户):""刚刚在接待业主呀""。雪容融??(客户):""这个缴费信息是月租车位吧""。滕's(客户):""忙完才回复你的""。雪容融??(客户):""不是产权车位啊""。08月26日 10:01分。滕's(客户):""她自己懵逼的""。雪容融??(客户):""所以我不相信她""。雪容融??(客户):""必须核实真是的信息以后才能修改""。滕's(客户):""她跟我说取消粤FUB200，增加粤A的""。雪容融??(客户):""那她到底是月租车位还是产权车位""。滕's(客户):""我不知道她""。08月26日 10:12分。张海红(员工):""[文件]""。张海红(员工):""催费明细表已更新""。08月26日 10:29分。韶关恒大城-管家-李海通(员工):""[图片]""。韶关恒大城-管家-李海通(员工):""12-406扫码支付""。08月26日 10:42分。朱向峰(客户):""[图片]""。朱向峰(客户):""@韶关恒大城-管家-侯稼杰?东方有才，五期商铺""。朱向峰(客户):""知道哪一户吧""。朱向峰(客户):""30号还没结清记得提醒他交完""。朱向峰(客户):""30号还没结清，就告诉我，我去要""。韶关恒大城-管家-侯稼杰(员工):""收到""。韶关恒大城-管家-侯稼杰(员工):""[图片]""。韶关恒大城-管家-侯稼杰(员工):""[图片]""。韶关恒大城-管家-侯稼杰(员工):""6月底交过一次""。08月26日 10:50分。朱向峰(客户):""这次结清""。（停用）韶关恒大城-管家-侯稼杰(客户):""收到""。08月26日 11:02分。滕's(客户):""29-0104今天报修了玻璃爆裂、飘窗渗漏水、门未开洞导致无法锁的问题，师傅上门查看了告知过保了，业主也电话前台说了对于我们的处理不满意，并表示会向相关部门反馈，看看要怎么跟进@管家-杨洪财(请加企微)?@（请假中）-管家张志良-请加企微号?@韶关恒大城-管家-彭小芸?""。滕's(客户):""@朱向峰?""。08月26日 11:16分。雪容融??(客户):""[文件超过最大限制]""。韶关恒大城-管家-华明康(员工):""收到，已发业主群""。08月26日 11:43分。韶关恒大城-管家-彭小芸(客户):""@包子?""。韶关恒大城-管家-彭小芸(客户):""79-1901来张收据谢谢""。包子(客户):""[文件下载失败]""。08月26日 11:48分。韶关恒大城-管家-华明康(客户):""[文件下载失败]""。韶关恒大城-管家-邱光明(员工):""[文件下载失败]""。韶关恒大城-管家-邱光明(员工):""[文件下载失败]""。08月26日 11:55分。韶关恒大城-管家-华明康(客户):""如需开发票以后请按以下格式发群里。1、房号：50-1301。2、公司名：冯慧娣。3、纳税人识别号：。4、开票内容：（物业费1313元、公摊电96.6元、室内租金XX元、车位服务费XX元等）。5、备注：。（如需备注缴费周期请填写周期时间）""。08月26日 12:07分。Princess芸??(客户):""如需开发票以后请按以下格式发群里。1、房号：79-1901。2、公司名：莫玲燕。3、纳税人识别号：。4、开票内容：（物业费221.9元、公摊电18.6元、车位服务费43等）。5、备注：。""。08月26日 12:16分。朱向峰(客户):""[文件]""。朱向峰(客户):""[文件]""。朱向峰(客户):""[文件]""。朱向峰(客户):""[文件]""。朱向峰(客户):""[文件]""。朱向峰(客户):""[文件]""。朱向峰(客户):""[文件]""。朱向峰(员工):""@所有人联系对应的起诉对象，让他们付款""。朱向峰(员工):""@管家-杨洪财(请加企微)让39栋早上那…………""。韶关恒大城-管家-彭小芸(客户):""需开发票以后请按以下格式发群里。1、房号：77-1901。2、公司/业主名称：蔡丁。3、纳税人识别号：。4、开票内容：室内租金217元、车位服务费43元等）。5、备注：。（如需备注缴费周期请填写周期时间）""。08月26日 14:05分。郭文锋(客户):""[图片]""。郭文锋(客户):""[图片]""。郭文锋(客户):""[图片]""。郭文锋(客户):""下午五期对业主入户门擦拭  已发放新毛巾 ""。郭文锋(客户):""要兼顾楼层卫生 一天预计擦拭十层左右  后面每天进行擦拭""。郭文锋(客户):""@雪容融???""。08月26日 14:20分。雪容融??(客户):""@韶关恒大城-管家张世辉?@韶关恒大城-管家-彭小芸?@韶关恒大城-管家-侯稼杰?联系保洁领班，什么时候开始做，然后去现场，擦一户就私信发一户给业主，可以作为上门拜访或者满意度提升""。雪容融??(客户):""你们可以这样子，阿姨搞完差不多，就过去，然后问清楚阿姨是从哪里开始弄得，然后就每一层下来逐一发，不用等太长时间，看着同步做。""。&&&","[
    {
        ""话题倾向"": """"
    }
]"
群聊负向,"这是要分析的对话:&&&08月26日 09:15分。恒大城???? 秩序部 三期监控室(客户):""“客服”给你打来电话，说你网购商品出现问题！可以给你申请退款，还给你发来陌生链接！让你注册账号填写信息，再说因“操作失误”导致账户被冻结，让你转账解冻后才能退款？南昌反诈提醒您：退换货请认准官方平台，陌生链接不要点击，不要透露个人信息。敬请各位领导同事转发反诈视频及反诈日历。[抱拳][抱拳][抱拳]""。恒大城???? 秩序部 三期监控室(客户):""[图片]""。恒大城???? 秩序部 三期监控室(客户):""[视频号消息]""。08月26日 14:43分。李建勋15717090491(客户):""各位居民朋友们:。 为了提高辖区孕、产妇及宝妈的健康指数，彭家坊社区将开展“幸福来敲门，健康暖人心”活动，特邀请一附医院妇产专家亲临指导，对孕妈营养咨询、护士进行胎心监护，女性妇科健康义诊等活动，让妈妈们在家门口就可以享受专业的妇产服务。。1、活动时间：2024年8月31日。2、活动地点:彭家坊社区。3、现场有价值200元的产检券、两癌筛查体检券由爱佳妇产医院免费提供，还有精美礼品相赠。。请大家踊跃报名，名额有限，先报先得！""。08月26日 18:19分。恒大城???? 秩序部 三期监控室(客户):""重要警示：。    8月23日晚10时，江苏省宿迁市一电动自行车店起火，虽然仅半小时明火就得到控制，但仍造成6人死亡（尤为痛心的是，遇难者中4人系未成年人）。此前，2024年2月23日4时许，江苏南京市雨花台区一小区发生电动自行车火灾，造成15人死亡，44人受伤。今年4月27日，我县一小区也发生了电动自行车火灾亡人事件。在此警示，电动自行车起火，燃烧迅速并会在短时间造成大量有害气体，因灾致死率极高！因此，为了大家的生命财产安全，恳请各位业主对自己负责，也对左右邻里负责，严禁将电动自行车违规入楼、违规充电！也请各位监督，一发现有电动车上楼进单元的，请及时联系物业24小时电话:85130408，物业会第一时间上户整治，保障大家居住安全。""。08月26日 19:48分。恒大城-管家-小郑(员工):""[图片]""。08月26日 20:00分。恒大城???? 秩序部 三期监控室(客户):""? 2024.8.26日? 。【秩序维护部】 。1.夜班值班时间段：20：00—08：00。2.夜班值班队长:徐霖。3.物业24小时服务电话：0791-85957719/85130408。? 【物业小贴士】?。1、园区道路是大家的，请将爱车停至车位或车库，勿占行车主干道。。2、予人方便，予己方便，整齐有序，文明停车。。3、随身携带门禁卡，刷卡进出，提高安全防止偷盗。。4、请随手关大堂门，轻拉轻推，勿用力拉扯。。5、非机动车请勿进大堂、楼道内充电。。6、请勿让爱宠随地大小便，做文明养宠人。""。&&&","[
    {
        ""话题倾向"": """"
    }
]"
群聊负向,"这是要分析的对话:&&&08月26日 14:21分。雪容融??(客户):""这样子是最省时间和无缝对接的""。雪容融??(客户):""留下阿姨的电话""。郭文锋(客户):""现在都是从顶楼下来""。08月26日 14:31分。雪容融??(客户):""@滕's?截止到昨天认证和拜访数据发出来""。08月26日 14:48分。滕's(客户):""[图片]""。滕's(客户):""[图片]""。张海红(员工):""欠费100元以上的催费短信已发送，请大家…………""。雪容融??(客户):""[图片]""。08月26日 14:53分。雪容融??(客户):""@管家张世辉-请加企微?@韶关恒大城-管家-侯稼杰?@韶关恒大城-管家-彭小芸?信息看到了吗""。管家张世辉-请加企微(客户):""收到""。08月26日 15:02分。（请假中）-管家张志良-请加企微号(客户):""看到了。都在接电话""。韶关恒大城-管家-李海通(员工):""[图片]""。08月26日 15:11分。韶关恒大城-管家-侯稼杰(员工):""这是一条引用/回复消息：。""雪容融??。…………""。雪容融??(客户):""好的""。雪容融??(客户):""每天大家落实好""。韶关恒大城-管家-彭小芸(客户):""如需开发票以后请按以下格式发群里。1、房号：71-2801。2、公司名称：公司抬头普通发票，之前开过之前房号是71-2601（2姐妹的）。3、纳税人识别号：。4、开票内容：（物业费266.1元、公摊电25. 8'元、室内租金XX元、车位服务费XX元等）。5、备注：。（如需备注缴费周期请填写周期时间）""。08月26日 15:38分。韶关恒大城-管家-华明康(客户):""[图片]""。雪容融??(客户):""@张海红?发一下数据""。张海红(员工):""好的""。08月26日 15:45分。张海红(员工):""[图片]""。08月26日 16:03分。Princess芸??(客户):""如需开发票以后请按以下格式发群里。1、房号：71-2601。2、公司名称：公司抬头普通发票，之前开过。3、纳税人识别号：。4、开票内容：（物业费266.1元、公摊电25. 8'元、室内租金XX元、车位服务费XX元等）。5、备注：。（如需备注缴费周期请填写周期时间）""。08月26日 16:32分。韶关恒大城-管家-彭小芸(客户):""@张海红?""。韶关恒大城-管家-彭小芸(客户):""67栋1502来张收据，谢谢""。张海红(员工):""67-1-1502""。张海红(员工):""[图片]""。08月26日 16:45分。韶关恒大城-管家-华明康(客户):""[图片]""。08月26日 17:05分。滕's(客户):""回访@（停用）韶关恒大城-管家-侯稼杰?@韶关恒大城-管家-彭小芸?@邱光明?@休息中)韶关恒大城-管家-徐文珠?@管家-杨洪财(请加企微)?@管家张世辉-请加企微?""。（请假中）-管家张志良-请加企微号(客户):""[图片]""。郭文锋(客户):""     关于八月园区消杀通知。尊敬的业户：。       为了给广大业主（住户）提供一个舒适、卫生的生活环境，保障小区居民的身体健康，韶关恒大城物业服务中心定于8月27～28日对园区、园林绿化带进行消杀，现将具体计划通告如下：。1. 消杀时间：                               。。8月27日：2、5期。8月28日：1、3、4、6、7期。。上午9：00-11：00。下午14：30-17：00。。                   。韶关恒大城物业服务中心。二〇二四年八月二十六日""。郭文锋(客户):""推送""。08月26日 17:31分。（停用）韶关恒大城-管家-侯稼杰(客户):""今天下午入户门清洁，收获业主好评""。（停用）韶关恒大城-管家-侯稼杰(客户):""[图片]""。（停用）韶关恒大城-管家-侯稼杰(客户):""[图片]""。（停用）韶关恒大城-管家-侯稼杰(客户):""[图片]""。雪容融??(客户):""[表情]""。雪容融??(客户):""@（停用）韶关恒大城-管家-侯稼杰?这些都是拜访""。08月26日 18:19分。李雪容(员工):""[图片]""。李雪容(员工):""东莞滨江左岸买这种静音垫也蛮不错，楼上楼…………""。李雪容(员工):""我们也买一些回来""。李雪容(员工):""@包子""。&&&","[
    {
        ""话题倾向"": """"
    }
]"
群聊负向,"这是要分析的对话:&&&08月26日 09:14分。恒大城???? 秩序部 三期监控室(客户):""“客服”给你打来电话，说你网购商品出现问题！可以给你申请退款，还给你发来陌生链接！让你注册账号填写信息，再说因“操作失误”导致账户被冻结，让你转账解冻后才能退款？南昌反诈提醒您：退换货请认准官方平台，陌生链接不要点击，不要透露个人信息。敬请各位领导同事转发反诈视频及反诈日历。[抱拳][抱拳][抱拳]""。恒大城???? 秩序部 三期监控室(客户):""[视频号消息]""。恒大城???? 秩序部 三期监控室(客户):""[图片]""。08月26日 14:43分。子叶(客户):""各位居民朋友们:。 为了提高辖区孕、产妇及宝妈的健康指数，彭家坊社区将开展“幸福来敲门，健康暖人心”活动，特邀请一附医院妇产专家亲临指导，对孕妈营养咨询、护士进行胎心监护，女性妇科健康义诊等活动，让妈妈们在家门口就可以享受专业的妇产服务。。1、活动时间：2024年8月31日。2、活动地点:彭家坊社区。3、现场有价值200元的产检券、两癌筛查体检券由爱佳妇产医院免费提供，还有精美礼品相赠。。请大家踊跃报名，名额有限，先报先得！""。08月26日 16:06分。恒大城-管家-小涂(员工):""【南昌恒大城—周报】。?? 一周美好，与…………""。恒大城-管家-小涂(员工):""[图片]""。08月26日 16:25分。恒大城-管家-小涂(员工):""【关于四害消杀的温馨提示】。      …………""。恒大城-管家-小涂(员工):""[图片]""。08月26日 18:16分。恒大城???? 秩序部 三期监控室(客户):""重要警示：。    8月23日晚10时，江苏省宿迁市一电动自行车店起火，虽然仅半小时明火就得到控制，但仍造成6人死亡（尤为痛心的是，遇难者中4人系未成年人）。此前，2024年2月23日4时许，江苏南京市雨花台区一小区发生电动自行车火灾，造成15人死亡，44人受伤。今年4月27日，我县一小区也发生了电动自行车火灾亡人事件。在此警示，电动自行车起火，燃烧迅速并会在短时间造成大量有害气体，因灾致死率极高！因此，为了大家的生命财产安全，恳请各位业主对自己负责，也对左右邻里负责，严禁将电动自行车违规入楼、违规充电！也请各位监督，一发现有电动车上楼进单元的，请及时联系物业24小时电话:85130408，物业会第一时间上户整治，保障大家居住安全。""。08月26日 18:24分。佘强15170222298(客户):""@恒大城???? 秩序部 三期监控室? 10栋2单元有几户电动车在家充电的，监控看不到吗？""。恒大城???? 秩序部 三期监控室(客户):""@佘强15170222298?好的，我联系人去看一下""。佘强15170222298(客户):""@恒大城???? 秩序部 三期监控室? 谢谢，为了大家的安全，辛苦了[抱拳][抱拳][抱拳]""。08月26日 20:01分。恒大城???? 秩序部 三期监控室(客户):""? 2024.8.26日? 。【秩序维护部】 。1.夜班值班时间段：20：00—08：00。2.夜班值班队长:徐霖。3.物业24小时服务电话：0791-85957719/85130408。? 【物业小贴士】?。1、园区道路是大家的，请将爱车停至车位或车库，勿占行车主干道。。2、予人方便，予己方便，整齐有序，文明停车。。3、随身携带门禁卡，刷卡进出，提高安全防止偷盗。。4、请随手关大堂门，轻拉轻推，勿用力拉扯。。5、非机动车请勿进大堂、楼道内充电。。6、请勿让爱宠随地大小便，做文明养宠人。""。&&&","[
    {
        ""话题倾向"": """"
    }
]"
群聊负向,"这是要分析的对话:&&&08月26日 10:25分。爱不解释(客户):""#金碧物业·秩序(保安)服务篇。??用心打磨每一个细节，用真诚赢得您的信赖??。??优美的环境，优良的秩序，优质的服务，都藏在细节里??。?从平凡处发现不平凡，感受我们的用心??。??绝不辜负您的信赖，全心全意为您服务??。         ??金碧物业  我们与您同在。               ——贵阳恒大文化旅游城物业服务中心""。爱不解释(客户):""[图片]""。08月26日 12:20分。南锺(客户):""通知：。8月25日是全国第八个残疾预防日，筑安社区居委会于明天8月27日（本周二）上午在辖区内开展“预防疾病致残  共享健康生活”宣传服务活动，希望学校有社会实践活动要求的学生积极参与，请有意参加志愿服务活动的人员于8月27日早上9:30到8组团筑安社区居委会集中开展活动。""。&&&","[
    {
        ""话题倾向"": """"
    }
]"
群聊负向,"这是要分析的对话:&&&08月26日 07:40分。济南绿洲44-45-49楼管家立春(员工):""????金碧物业晨跑开跑啦！！！大朋友、…………""。济南绿洲44-45-49楼管家立春(员工):""[图片]""。济南绿洲44-45-49楼管家立春(员工):""[图片]""。08月26日 08:05分。A00(客户):""尊敬的业主，您好：。       为更好、更快的解决业主问题，现将各值班人员、联系电话及值班时间公示在群内，各位业主可直接电话联系或在群内@秩序110。1、日常家用维修工具(螺丝刀、活动扳手、小锤等);。2、小型购物车、平板车、人字梯、打气筒，应急医用品等。。为您爱家保驾护航，如果您有家政保洁、直饮水卡办理、白蚁消杀、有偿维修、房屋租赁的业务需求，随时与我们联系，为您提供专业的服务。。【秩序维护部】。[爱心]1.值班时间段：。????08:00－20:00????。[爱心]2.值班中队长-赵队电话：0531-83131013。[爱心]3.物业服务电话：0531-55615896、55615596。??4.监控室值班24小时电话：0531-55612606。3、【物业-安保服务“小蜜蜂”】。[抱拳]如您家中有需要帮助的请联系我们?。[爱心]24小时为各位家人守候。[合十]贴心服务、真诚相伴。如需便民服务车，请直接联系；。①55612606。②55612808。有事您说话，我们会在第一时间安排人员帮你处理[玫瑰][玫瑰]""。A00(客户):""[图片]""。08月26日 08:29分。JN29岁月静好(客户):""。[庆祝]雨后园林座椅已擦拭[庆祝]。    [烟花]游乐设施已清理?积水清理中[烟花]。恒大绿洲保洁团队为您服务[玫瑰]""。JN29岁月静好(客户):""[图片]""。08月26日 11:46分。Gm(客户):""【公区维修8月19日-8月25日工作汇报】。●公区及地下车库排污泵检修7处。●公区及地下车库照明更换6处。●公区直饮水机滤芯更换4处。●公区大堂顶子破损粉刷5处。●公区墙砖破损更换3处。●公区消防故障处理47处。●公区充电桩头安装21处。●园区排污管道疏通8处。●园区路面维修3处。●电梯维保125部。●设备房维护保养。●设备房巡查。工程维修，为您的生活保驾护航。如需帮助请拨打。24小时物业热线:。0531-55615896。济南恒大绿洲物业服务中心""。Gm(客户):""[图片]""。08月26日 18:44分。A大漠(客户):""??物业秩序“小蜜蜂” ??。[庆祝]“小蜜蜂”来了！来了！[庆祝]。[太阳]有事，您说话[太阳]。[庆祝]车辆电瓶亏电启动不了！。[庆祝]家里有沉物品搬不动了！。[庆祝]买了好多东西拿不了！。联系电话：0531-55612606。秩序小“蜜蜂”竭诚为您服务！[耶][耶][耶]。[庆祝]我们的口号：。[庆祝]真心帮助每一位[庆祝]。[庆祝]热心服务每一人[庆祝]。[庆祝]赠人玫瑰[玫瑰]，手有余香[庆祝]""。A大漠(客户):""[图片]""。08月26日 20:03分。你的月亮我的心(客户):""尊敬的业主，您好：。       为更好、更快的解决业主问题，现将各值班人员、联系电话及值班时间公示在群内，各位业主可直接电话联系或在群内@秩序110。1、日常家用维修工具(螺丝刀、活动扳手、小锤等);。2、小型购物车、平板车、人字梯、打气筒，应急医用品等。。为您爱家保驾护航，如果您有家政保洁、直饮水卡办理、白蚁消杀、有偿维修、房屋租赁的业务需求，随时与我们联系，为您提供专业的服务。。【秩序维护部】。[爱心]1.值班时间段：。????20:00－08:00????。[爱心]2.值班中队长-赵队电话：0531-55615881。[爱心]3.物业服务电话：0531-55615896、55615596。??4.监控室值班24小时电话：0531-55612606。3、【物业-安保服务“小蜜蜂”】。[抱拳]如您家中有需要帮助的请联系我们?。[爱心]24小时为各位家人守候。[合十]贴心服务、真诚相伴。如需便民服务车，请直接联系；。①55612606。②55612808。有事您说话，我们会在第一时间安排人员帮你处理[玫瑰][玫瑰]""。你的月亮我的心(客户):""[图片]""。08月26日 23:52分。你的月亮我的心(客户):""尊敬的业主大家好！我是夜间执勤赵队长，金碧物业安保服务8月26号巡查，时刻守护业主们的安全，请安心入睡，如有紧急情况请拨打0531-55612606""。你的月亮我的心(客户):""[图片]""。08月27日 02:59分。你的月亮我的心(客户):""尊敬的业主大家好！我是夜间执勤赵队长，金碧物业安保服务8月27号巡查，时刻守护业主们的安全，请安心入睡，如有紧急情况请拨打0531-55612606""。你的月亮我的心(客户):""[图片]""。&&&","[
    {
        ""话题倾向"": """"
    }
]"
群聊负向,"这是要分析的对话:&&&08月26日 08:36分。汪海艳(员工):""?????????家人们，早上好~。今天…………""。08月26日 09:40分。メ老頭孜(客户):""[图片]""。08月26日 11:14分。Nevermind(客户):""通知：。8月25日是全国第八个残疾预防日，筑安社区居委会于明天8月27日（本周二）上午在辖区内开展“预防疾病致残  共享健康生活”宣传服务活动，希望学校有社会实践活动要求的学生积极参与，请有意参加志愿服务活动的人员于8月27日早上9:30到8组团筑安社区居委会集中开展活动。""。08月26日 15:43分。Nevermind(客户):""[视频号消息]""。Nevermind(客户):""【提示】买卖游戏账号、游戏装备等一定要在官方平台进行，不要点击陌生链接，以交保证金、提现失败、账号冻结等理由要求继续充值的都是诈骗！""。08月26日 20:01分。悦想(客户):""各位业主：晚上好！[玫瑰]。8月26日秩序部夜间执勤安排：。一、带班队长：陈欢。13984216859。工程值班人员:杨丙云?。13984310672。二、24小时值班电话：。0851-83862661。辖区派出所电话：。0851-83851334。三、带班时间：20:00-08:00。四、我们将12小时坚守岗位，如有需要请致电，我们将竭诚为您服务。夜间休息请关好门窗，做好安全防范，出入小区带好业主卡、谨防尾随。。贵阳恒大文化旅游城物业服务中心祝您：生活愉快！[烟花]""。悦想(客户):""[图片]""。悦想(客户):""[视频]""。&&&","[
    {
        ""话题倾向"": """"
    }
]"
群聊负向,"这是要分析的对话:&&&08月26日 08:07分。A00(客户):""尊敬的业主，您好：。       为更好、更快的解决业主问题，现将各值班人员、联系电话及值班时间公示在群内，各位业主可直接电话联系或在群内@秩序110。1、日常家用维修工具(螺丝刀、活动扳手、小锤等);。2、小型购物车、平板车、人字梯、打气筒，应急医用品等。。为您爱家保驾护航，如果您有家政保洁、直饮水卡办理、白蚁消杀、有偿维修、房屋租赁的业务需求，随时与我们联系，为您提供专业的服务。。【秩序维护部】。[爱心]1.值班时间段：。????08:00－20:00????。[爱心]2.值班中队长-赵队电话：0531-83131013。[爱心]3.物业服务电话：0531-55615896、55615596。??4.监控室值班24小时电话：0531-55612606。3、【物业-安保服务“小蜜蜂”】。[抱拳]如您家中有需要帮助的请联系我们?。[爱心]24小时为各位家人守候。[合十]贴心服务、真诚相伴。如需便民服务车，请直接联系；。①55612606。②55612808。有事您说话，我们会在第一时间安排人员帮你处理[玫瑰][玫瑰]""。A00(客户):""[图片]""。08月26日 08:28分。JN29岁月静好(客户):""。[庆祝]雨后园林座椅已擦拭[庆祝]。    [烟花]游乐设施已清理?积水清理中[烟花]。恒大绿洲保洁团队为您服务[玫瑰]""。JN29岁月静好(客户):""[图片]""。08月26日 08:45分。恒大绿洲22-23-24-25管家谷雨(员工):""????金碧物业晨跑开跑啦！！！大朋友、…………""。恒大绿洲22-23-24-25管家谷雨(员工):""[图片]""。恒大绿洲22-23-24-25管家谷雨(员工):""[图片]""。恒大绿洲22-23-24-25管家谷雨(员工):""[图片]""。08月26日 08:53分。七七(客户):""[强][强][强]""。08月26日 12:09分。恒大绿洲22-23-24-25管家谷雨(员工):""????金碧物业晨跑开跑啦！！！打卡第一…………""。恒大绿洲22-23-24-25管家谷雨(员工):""[文件超过最大限制]""。08月26日 12:30分。恒大绿洲22-23-24-25管家谷雨(员工):""[图片]""。恒大绿洲22-23-24-25管家谷雨(员工):""{""pre_msgid"":""465998…………""。08月26日 18:42分。A大漠(客户):""??物业秩序“小蜜蜂” ??。[庆祝]“小蜜蜂”来了！来了！[庆祝]。[太阳]有事，您说话[太阳]。[庆祝]车辆电瓶亏电启动不了！。[庆祝]家里有沉物品搬不动了！。[庆祝]买了好多东西拿不了！。联系电话：0531-55612606。秩序小“蜜蜂”竭诚为您服务！[耶][耶][耶]。[庆祝]我们的口号：。[庆祝]真心帮助每一位[庆祝]。[庆祝]热心服务每一人[庆祝]。[庆祝]赠人玫瑰[玫瑰]，手有余香[庆祝]""。A大漠(客户):""[图片]""。08月26日 20:03分。你的月亮我的心(客户):""尊敬的业主，您好：。       为更好、更快的解决业主问题，现将各值班人员、联系电话及值班时间公示在群内，各位业主可直接电话联系或在群内@秩序110。1、日常家用维修工具(螺丝刀、活动扳手、小锤等);。2、小型购物车、平板车、人字梯、打气筒，应急医用品等。。为您爱家保驾护航，如果您有家政保洁、直饮水卡办理、白蚁消杀、有偿维修、房屋租赁的业务需求，随时与我们联系，为您提供专业的服务。。【秩序维护部】。[爱心]1.值班时间段：。????20:00－08:00????。[爱心]2.值班中队长-赵队电话：0531-55615881。[爱心]3.物业服务电话：0531-55615896、55615596。??4.监控室值班24小时电话：0531-55612606。3、【物业-安保服务“小蜜蜂”】。[抱拳]如您家中有需要帮助的请联系我们?。[爱心]24小时为各位家人守候。[合十]贴心服务、真诚相伴。如需便民服务车，请直接联系；。①55612606。②55612808。有事您说话，我们会在第一时间安排人员帮你处理[玫瑰][玫瑰]""。你的月亮我的心(客户):""[图片]""。08月26日 23:52分。你的月亮我的心(客户):""尊敬的业主大家好！我是夜间执勤赵队长，金碧物业安保服务8月26号巡查，时刻守护业主们的安全，请安心入睡，如有紧急情况请拨打0531-55612606""。你的月亮我的心(客户):""[图片]""。08月27日 02:59分。你的月亮我的心(客户):""尊敬的业主大家好！我是夜间执勤赵队长，金碧物业安保服务8月27号巡查，时刻守护业主们的安全，请安心入睡，如有紧急情况请拨打0531-55612606""。你的月亮我的心(客户):""[图片]""。&&&","[
    {
        ""话题倾向"": """"
    }
]"
群聊负向,"这是要分析的对话:&&&08月26日 07:53分。济南绿洲8-9号楼管家立夏(员工):""????金碧物业晨跑开跑啦！！！大朋友、…………""。济南绿洲8-9号楼管家立夏(员工):""[图片]""。济南绿洲8-9号楼管家立夏(员工):""[图片]""。济南绿洲8-9号楼管家立夏(员工):""[图片]""。济南绿洲8-9号楼管家立夏(员工):""[文件超过最大限制]""。08月26日 08:05分。A00(客户):""尊敬的业主，您好：。       为更好、更快的解决业主问题，现将各值班人员、联系电话及值班时间公示在群内，各位业主可直接电话联系或在群内@秩序110。1、日常家用维修工具(螺丝刀、活动扳手、小锤等);。2、小型购物车、平板车、人字梯、打气筒，应急医用品等。。为您爱家保驾护航，如果您有家政保洁、直饮水卡办理、白蚁消杀、有偿维修、房屋租赁的业务需求，随时与我们联系，为您提供专业的服务。。【秩序维护部】。[爱心]1.值班时间段：。????08:00－20:00????。[爱心]2.值班中队长-赵队电话：0531-83131013。[爱心]3.物业服务电话：0531-55615896、55615596。??4.监控室值班24小时电话：0531-55612606。3、【物业-安保服务“小蜜蜂”】。[抱拳]如您家中有需要帮助的请联系我们?。[爱心]24小时为各位家人守候。[合十]贴心服务、真诚相伴。如需便民服务车，请直接联系；。①55612606。②55612808。有事您说话，我们会在第一时间安排人员帮你处理[玫瑰][玫瑰]""。A00(客户):""[图片]""。08月26日 08:17分。宁宁(客户):""??ˋ????ˊ??????????????????.*·做自己生活的舵手 把握梦想前进的方向 不服输 才能成长更好的自己。各位家人们[爱心]早上好！。我是物业保洁领班庄明华，联系电话 15628830750。各位保洁叔叔阿姨已到岗。??倘若您发现任何环境方面的问题或者有宝贵的建议，随时与我联系，我定会全力以赴为您排忧解难！。??感谢各位家人一直以来的信赖与支持！ ?? ??""。宁宁(客户):""[图片]""。08月26日 08:42分。济南绿洲8-9号楼管家立夏(员工):""[玫瑰][玫瑰]早安  绿洲[玫瑰][玫…………""。济南绿洲8-9号楼管家立夏(员工):""[链接]""。08月26日 09:54分。派出所反诈宣传员(客户):""8.13元，接到[爆竹]“银监会”[爆竹]电话被骗。。3.63万元，大学生??兼职??被骗。。3.5万元，初中生被骗。。3.46万元，妇女?兼职刷单?被骗。。2.31万元，男青年[色]约炮[色]被骗。。。男青年[色][色]约炮[色][色]，妇女??兼职刷单??、????被“异性网友”诱导投资????诈骗高发！。转发提醒好家里的[拥抱]年轻人、妇女[拥抱]！。。【8月25日电诈警情通报】（近三天典型案例）。【平安街道、开发区派出所】。1、乙武村居民（开发区报警），【接到“银监会”电话】被骗8.13万元。。??手段：接到电话，对方自称?【“银监会”工作人员】??，要帮其“降低网贷利率”，还让其??登陆假的银监会网站??。。        过程中，?开启“屏幕共享”?，指导其将钱转走。。。【大学城、大学路派出所】。2、山东师范大学思想政治教育专业大四学生，【兼职】被骗3.63万元。。??手段：网上看到信息，兼职（“垫资”代充话费）。对方称选择[爆竹][爆竹]“企业代付”[爆竹][爆竹]，??钱就不会被转走，但操作后，钱还是被转走??。。       对方称其操作失误，??为退款，按对方要求，继续转账??。。。【马山镇、马山派出所】。3、周庙村初中生，【找人“解封微信”】被骗3.5万元。。??手段：快手找人解封微信，对方让其?提供了家长微信、银行卡的【验证码】?，钱被转走。。。【文昌街道、新城派出所】。4、建发天玺妇女，网上兼职【垫资做任务、刷销量、刷关注、刷点赞】被骗3.46万元。。??手段：??被陌生人拉进群??，推荐足不出户做兼职，[裂开]抖音刷关注[裂开]挣到佣金，后被引诱??“垫资”刷购“抖币”??。。        前期挣到小额返利，后被以【系统设置，需要[苦涩]连续刷任务才能退还垫付金、佣金[苦涩]】，【??操作失误，需要刷补救单??】为由要求转账。。。【崮云湖街道、大学路派出所】。5、河南籍务工男青年（租住乐天），【刷单做任务以?? 免费约炮?? 】被骗2.31万元。。??手段：??网上看到信息??，下载APP，为[吐]解锁约炮资格[吐]，??“约炮”客服引诱其“垫资”刷“会员费”??，前期挣到小额返利。。        后被以【系统设置，需要[裂开]连续刷任务[裂开]才能退还垫付金、佣金】、【??操作失误??（后台都能做手脚），刷补救单】为由要求多次转账。""。08月26日 15:33分。派出所反诈宣传员(客户):""[小程序消息]""。宁宁(客户):""[图片]""。宁宁(客户):""[图片]""。宁宁(客户):""[图片]""。宁宁(客户):""[图片]""。08月26日 16:54分。宁宁(客户):""[拳头]环境提升持续进行中[拳头]。[太阳]今天地下室清理[太阳]。恒大绿洲保洁团队为您服务[玫瑰]""。宁宁(客户):""[图片]""。08月26日 18:39分。A大漠(客户):""??物业秩序“小蜜蜂” ??。[庆祝]“小蜜蜂”来了！来了！[庆祝]。[太阳]有事，您说话[太阳]。[庆祝]车辆电瓶亏电启动不了！。[庆祝]家里有沉物品搬不动了！。[庆祝]买了好多东西拿不了！。联系电话：0531-55612606。秩序小“蜜蜂”竭诚为您服务！[耶][耶][耶]。[庆祝]我们的口号：。[庆祝]真心帮助每一位[庆祝]。[庆祝]热心服务每一人[庆祝]。[庆祝]赠人玫瑰[玫瑰]，手有余香[庆祝]""。A大漠(客户):""[图片]""。08月26日 20:05分。你的月亮我的心(客户):""尊敬的业主，您好：。       为更好、更快的解决业主问题，现将各值班人员、联系电话及值班时间公示在群内，各位业主可直接电话联系或在群内@秩序110。1、日常家用维修工具(螺丝刀、活动扳手、小锤等);。2、小型购物车、平板车、人字梯、打气筒，应急医用品等。。为您爱家保驾护航，如果您有家政保洁、直饮水卡办理、白蚁消杀、有偿维修、房屋租赁的业务需求，随时与我们联系，为您提供专业的服务。。【秩序维护部】。[爱心]1.值班时间段：。????20:00－08:00????。[爱心]2.值班中队长-赵队电话：0531-55615881。[爱心]3.物业服务电话：0531-55615896、55615596。??4.监控室值班24小时电话：0531-55612606。3、【物业-安保服务“小蜜蜂”】。[抱拳]如您家中有需要帮助的请联系我们?。[爱心]24小时为各位家人守候。[合十]贴心服务、真诚相伴。如需便民服务车，请直接联系；。①55612606。②55612808。有事您说话，我们会在第一时间安排人员帮你处理[玫瑰][玫瑰]""。你的月亮我的心(客户):""[图片]""。08月26日 23:51分。你的月亮我的心(客户):""尊敬的业主大家好！我是夜间执勤赵队长，金碧物业安保服务8月26号巡查，时刻守护业主们的安全，请安心入睡，如有紧急情况请拨打0531-55612606""。你的月亮我的心(客户):""[图片]""。08月27日 03:01分。你的月亮我的心(客户):""尊敬的业主大家好！我是夜间执勤赵队长，金碧物业安保服务8月27号巡查，时刻守护业主们的安全，请安心入睡，如有紧急情况请拨打0531-55612606""。你的月亮我的心(客户):""[图片]""。&&&","[
    {
        ""话题倾向"": """"
    }
]"
群聊负向,"这是要分析的对话:&&&08月26日 08:58分。13.15管家李彬(员工):""?????????家人们，早上好~。今天…………""。08月26日 17:18分。13.15管家李彬(员工):""【物业在行动-日常清洁】。?? 烈日当空…………""。13.15管家李彬(员工):""[图片]""。13.15管家李彬(员工):""[图片]""。13.15管家李彬(员工):""[图片]""。CoCo(客户):""这是15地块吗妹子@李彬?""。CoCo(客户):""看着不太像啊，15安装健身器材了？""。Devin????????????(客户):""15组团本身就有的啊，就是正门口楼梯上去[偷笑]""。08月26日 17:23分。13.15管家李彬(员工):""@CoCo1是15组团的""。CoCo(客户):""好的""。CoCo(客户):""15后面那几栋有消息没啊？""。CoCo(客户):""还在停起的是不？""。08月26日 17:29分。物业-吴子兵15585131702(客户):""物业＃（秩序服务）装修管控。??文明施工，共创温馨家园。装修巡查及提醒装修时间为早上8:30-12:00下午14:00-18:00。#周末节假日全天禁止装修。——贵阳恒大文化旅游城物业服务中心祝各位业主生活愉快[玫瑰][玫瑰]""。静心(客户):""@李彬?小区有那个地方可以充电瓶车的电""。08月26日 17:36分。13.15管家李彬(员工):""@静心目前14组团商铺可以充电""。&&&","[
    {
        ""话题倾向"": """"
    }
]"
群聊负向,"这是要分析的对话:&&&08月26日 09:13分。(客户):""停车费交不了？""。08月26日 09:22分。恒大城-管家-小尧(员工):""我发给你""。08月26日 16:48分。恒大城-管家-小尧(员工):""【44栋地库口维修封闭通知】。    各…………""。恒大城-管家-小尧(员工):""[图片]""。08月26日 18:15分。恒大城???? 秩序部 三期监控室(客户):""重要警示：。    8月23日晚10时，江苏省宿迁市一电动自行车店起火，虽然仅半小时明火就得到控制，但仍造成6人死亡（尤为痛心的是，遇难者中4人系未成年人）。此前，2024年2月23日4时许，江苏南京市雨花台区一小区发生电动自行车火灾，造成15人死亡，44人受伤。今年4月27日，我县一小区也发生了电动自行车火灾亡人事件。在此警示，电动自行车起火，燃烧迅速并会在短时间造成大量有害气体，因灾致死率极高！因此，为了大家的生命财产安全，恳请各位业主对自己负责，也对左右邻里负责，严禁将电动自行车违规入楼、违规充电！也请各位监督，一发现有电动车上楼进单元的，请及时联系物业24小时电话:85130408，物业会第一时间上户整治，保障大家居住安全。""。08月26日 20:05分。恒大城???? 秩序部 三期监控室(客户):""? 2024.8.26日? 。【秩序维护部】 。1.夜班值班时间段：20：00—08：00。2.夜班值班队长:徐霖。3.物业24小时服务电话：0791-85957719/85130408。? 【物业小贴士】?。1、园区道路是大家的，请将爱车停至车位或车库，勿占行车主干道。。2、予人方便，予己方便，整齐有序，文明停车。。3、随身携带门禁卡，刷卡进出，提高安全防止偷盗。。4、请随手关大堂门，轻拉轻推，勿用力拉扯。。5、非机动车请勿进大堂、楼道内充电。。6、请勿让爱宠随地大小便，做文明养宠人。""。08月26日 20:57分。占小强(客户):""小区有人回收旧空调码""。08月26日 21:03分。lt's my Life(客户):""4栋有个美的""。小雪(客户):""我家的卖了300，上门回收的[汗]""。08月26日 21:56分。占小强(客户):""有联系方式吗""。&&&","[
    {
        ""话题倾向"": """"
    }
]"
群聊负向,"这是要分析的对话:&&&08月26日 08:44分。徐国飞(员工):""?????????家人们，早上好~。今天…………""。08月26日 20:03分。??普通?市民???(客户):""各位业主：晚上好！[玫瑰]。8月26日秩序部夜间执勤安排：。一、带班队长：段宏。15085960971。工程值班人员：杨丙云 。 13984310672。二、24小时值班电话：。0851-83862661。辖区派出所电话：。0851-83851334。三、带班时间：20:00-08:00。四、我们将12小时坚守岗位，如有需要请致电，我们将竭诚为您服务。夜间休息请关好门窗，做好安全防范，出入小区带好业主卡、谨防尾随。。贵阳恒大文化旅游城物业服务中心祝您：生活愉快！[烟花]""。??普通?市民???(客户):""[视频]""。08月26日 22:09分。李建平(客户):""【物业工作之??电梯维保篇】。。为了确保电梯的安全运行，维保员默默战斗在漆黑的电梯井道中??，这就是我们常听到但又不了解的电梯维保人员?及电梯日常养护??""。李建平(客户):""[图片]""。李建平(客户):""[图片]""。08月26日 23:11分。筑安(客户):""[视频号消息]""。筑安(客户):""【提示】买卖游戏账号、游戏装备等一定要在官方平台进行，不要点击陌生链接，以交保证金、提现失败、账号冻结等理由要求继续充值的都是诈骗！""。筑安(客户):""通知：。8月25日是全国第八个残疾预防日，筑安社区居委会于明天8月27日（本周二）上午在辖区内开展“预防疾病致残  共享健康生活”宣传服务活动，希望学校有社会实践活动要求的学生积极参与，请有意参加志愿服务活动的人员于8月27日早上9:30到8组团筑安社区居委会集中开展活动。""。08月26日 23:22分。??普通?市民???(客户):""[图片]""。&&&","[
    {
        ""话题倾向"": """"
    }
]"
群聊负向,"这是要分析的对话:&&&08月26日 08:03分。姜(客户):""尊敬的各位业主：早上好[玫瑰]。8月26日秩序部白班已接班，执勤安排如下：。一、值班:姜小朋 18786658735。二、24小时值班电：0851-83873003。辖区派出所电话：0851-83851334。三、带班时间：08:00-20:00。四、我们将12小时坚守岗位，如有需要请致电，我们将竭诚为您服务。外出请关好门窗、水电及燃气、出入小区带好业主卡、做好个人防护。。贵阳恒大文化旅游城物业服务中心祝您：生活愉快！[烟花]""。姜(客户):""[图片]""。08月26日 09:22分。冉长春(客户):""【提示】买卖游戏账号、游戏装备等一定要在官方平台进行，不要点击陌生链接，以交保证金、提现失败、账号冻结等理由要求继续充值的都是诈骗！""。冉长春(客户):""[视频号消息]""。08月26日 11:02分。姜(客户):""#金碧物业·秩序(保安)服务篇。??用心打磨每一个细节，用真诚赢得您的信赖??。??优美的环境，优良的秩序，优质的服务，都藏在细节里??。?从平凡处发现不平凡，感受我们的用心??。??绝不辜负您的信赖，全心全意为您服务??。         ??金碧物业  我们与您同在。               ——贵阳恒大文化旅游城物业服务中心""。姜(客户):""[图片]""。08月26日 20:24分。        (客户):""?各位业主：晚上好！[玫瑰]。8月26日秩序部夜间执勤安排：。值班：罗锋18285024210 。维修部：何彬18984855091?。辖区派出所电话：0851-83851334。三、带班时间：20:00-08:00。四、我们将12小时坚守岗位，如有需要请致电，我们将竭诚为您服务。夜间休息请关好门窗，做好安全防范，出入小区带好业主卡、谨防尾随。。贵阳恒大文化旅游城物业服务中心祝您：生活愉快！[烟花]""。        (客户):""[图片]""。08月26日 20:31分。        (客户):""[视频]""。08月26日 20:37分。        (客户):""[图片]""。&&&","[
    {
        ""话题倾向"": """"
    }
]"
群聊负向,"这是要分析的对话:&&&08月26日 07:24分。济南绿洲39-42-43管家小雪(员工):""????金碧物业晨跑开跑啦！！！大朋友、…………""。济南绿洲39-42-43管家小雪(员工):""[图片]""。济南绿洲39-42-43管家小雪(员工):""[图片]""。济南绿洲39-42-43管家小雪(员工):""[图片]""。济南绿洲39-42-43管家小雪(员工):""[文件超过最大限制]""。08月26日 08:06分。A00(客户):""尊敬的业主，您好：。       为更好、更快的解决业主问题，现将各值班人员、联系电话及值班时间公示在群内，各位业主可直接电话联系或在群内@秩序110。1、日常家用维修工具(螺丝刀、活动扳手、小锤等);。2、小型购物车、平板车、人字梯、打气筒，应急医用品等。。为您爱家保驾护航，如果您有家政保洁、直饮水卡办理、白蚁消杀、有偿维修、房屋租赁的业务需求，随时与我们联系，为您提供专业的服务。。【秩序维护部】。[爱心]1.值班时间段：。????08:00－20:00????。[爱心]2.值班中队长-赵队电话：0531-83131013。[爱心]3.物业服务电话：0531-55615896、55615596。??4.监控室值班24小时电话：0531-55612606。3、【物业-安保服务“小蜜蜂”】。[抱拳]如您家中有需要帮助的请联系我们?。[爱心]24小时为各位家人守候。[合十]贴心服务、真诚相伴。如需便民服务车，请直接联系；。①55612606。②55612808。有事您说话，我们会在第一时间安排人员帮你处理[玫瑰][玫瑰]""。A00(客户):""[图片]""。08月26日 08:44分。济南绿洲39-42-43管家小雪(员工):""[玫瑰][玫瑰]早安  绿洲[玫瑰][玫…………""。济南绿洲39-42-43管家小雪(员工):""[链接]""。08月26日 09:43分。恒大四社区@蒋(客户):""8.13元，接到[爆竹]“银监会”[爆竹]电话被骗。。3.63万元，大学生??兼职??被骗。。3.5万元，初中生被骗。。3.46万元，妇女?兼职刷单?被骗。。2.31万元，男青年[色]约炮[色]被骗。。。男青年[色][色]约炮[色][色]，妇女??兼职刷单??、????被“异性网友”诱导投资????诈骗高发！。转发提醒好家里的[拥抱]年轻人、妇女[拥抱]！。。【8月25日电诈警情通报】（近三天典型案例）。【平安街道、开发区派出所】。1、乙武村居民（开发区报警），【接到“银监会”电话】被骗8.13万元。。??手段：接到电话，对方自称?【“银监会”工作人员】??，要帮其“降低网贷利率”，还让其??登陆假的银监会网站??。。        过程中，?开启“屏幕共享”?，指导其将钱转走。。。【大学城、大学路派出所】。2、山东师范大学思想政治教育专业大四学生，【兼职】被骗3.63万元。。??手段：网上看到信息，兼职（“垫资”代充话费）。对方称选择[爆竹][爆竹]“企业代付”[爆竹][爆竹]，??钱就不会被转走，但操作后，钱还是被转走??。。       对方称其操作失误，??为退款，按对方要求，继续转账??。。。【马山镇、马山派出所】。3、周庙村初中生，【找人“解封微信”】被骗3.5万元。。??手段：快手找人解封微信，对方让其?提供了家长微信、银行卡的【验证码】?，钱被转走。。。【文昌街道、新城派出所】。4、建发天玺妇女，网上兼职【垫资做任务、刷销量、刷关注、刷点赞】被骗3.46万元。。??手段：??被陌生人拉进群??，推荐足不出户做兼职，[裂开]抖音刷关注[裂开]挣到佣金，后被引诱??“垫资”刷购“抖币”??。。        前期挣到小额返利，后被以【系统设置，需要[苦涩]连续刷任务才能退还垫付金、佣金[苦涩]】，【??操作失误，需要刷补救单??】为由要求转账。。。【崮云湖街道、大学路派出所】。5、河南籍务工男青年（租住乐天），【刷单做任务以?? 免费约炮?? 】被骗2.31万元。。??手段：??网上看到信息??，下载APP，为[吐]解锁约炮资格[吐]，??“约炮”客服引诱其“垫资”刷“会员费”??，前期挣到小额返利。。        后被以【系统设置，需要[裂开]连续刷任务[裂开]才能退还垫付金、佣金】、【??操作失误??（后台都能做手脚），刷补救单】为由要求多次转账。""。08月26日 11:27分。李强(客户):""【公区维修8月19日-8月25日工作汇报】。●公区及地下车库排污泵检修7处。●公区及地下车库照明更换6处。●公区直饮水机滤芯更换4处。●公区大堂顶子破损粉刷5处。●公区墙砖破损更换3处。●公区消防故障处理47处。●公区充电桩头安装21处。●园区排污管道疏通8处。●园区路面维修3处。●电梯维保125部。●设备房维护保养。●设备房巡查。工程维修，为您的生活保驾护航。如需帮助请拨打。24小时物业热线:。0531-55615896。济南恒大绿洲物业服务中心""。李强(客户):""[图片]""。08月26日 11:33分。保持李智(客户):""@李强?15层公区墙砖有坏的换了吗""。08月26日 11:40分。李强(客户):""@保持李智?什么位置成张的当时没材料，正在申购，""。08月26日 13:37分。保持李智(客户):""连廊门口，五分之一砖就够了""。08月26日 15:32分。丽丽  ??(客户):""[链接]""。丽丽  ??(客户):""    【社区儿童跳绳比赛通知】。亲爱的居民们：。为了丰富我们社区儿童的课余生活，增强孩子们的体质，培养团队合作精神与竞争意识，我们社区将于周四（8月29日）下午2:30，在恒大第四社区（37号楼）举办一场别开生面的“快乐童年，绳彩飞扬”儿童跳绳比赛。现面向全体社区儿童发出诚挚邀请，快来加入我们，一起跳动健康，跳出欢乐吧！。?? 比赛时间：8月29日（周四）下午2:30。?? 比赛地点：恒大绿洲37号党群服务中心。?? 参与对象：社区内所有5-12岁的儿童（欢迎家长陪同观看）。?? 比赛项目：。单人速度跳（计时赛）。花样跳绳展示（创意加分）。?? 报名方式：请家长或监护人于本周四前，填报跳绳报名表或通过电话/微信（87219936/13156193896）进行报名。报名时请提供孩子的姓名、年龄及联系方式。。?? 准备事项：。自备跳绳：每位参赛小朋友需自备一根跳绳，确保比赛顺利进行。。着装舒适：请穿着适合运动的服装和鞋子，以最佳状态迎接比赛。。安全第一：比赛过程中请遵守规则，注意安全，友谊第一，比赛第二。。?? 奖项设置：我们将为各项目组别的优胜者颁发精美奖品，更有参与奖等待每一位勇敢参与的小朋友！。让我们在这个充满活力的季节里，以绳为媒，共赴一场健康与快乐的盛宴。期待每一位小朋友的精彩表现，不见不散！。                        。     ??恒大绿洲第四社区居委会""。08月26日 18:41分。A大漠(客户):""??物业秩序“小蜜蜂” ??。[庆祝]“小蜜蜂”来了！来了！[庆祝]。[太阳]有事，您说话[太阳]。[庆祝]车辆电瓶亏电启动不了！。[庆祝]家里有沉物品搬不动了！。[庆祝]买了好多东西拿不了！。联系电话：0531-55612606。秩序小“蜜蜂”竭诚为您服务！[耶][耶][耶]。[庆祝]我们的口号：。[庆祝]真心帮助每一位[庆祝]。[庆祝]热心服务每一人[庆祝]。[庆祝]赠人玫瑰[玫瑰]，手有余香[庆祝]""。A大漠(客户):""[图片]""。08月26日 20:04分。你的月亮我的心(客户):""尊敬的业主，您好：。       为更好、更快的解决业主问题，现将各值班人员、联系电话及值班时间公示在群内，各位业主可直接电话联系或在群内@秩序110。1、日常家用维修工具(螺丝刀、活动扳手、小锤等);。2、小型购物车、平板车、人字梯、打气筒，应急医用品等。。为您爱家保驾护航，如果您有家政保洁、直饮水卡办理、白蚁消杀、有偿维修、房屋租赁的业务需求，随时与我们联系，为您提供专业的服务。。【秩序维护部】。[爱心]1.值班时间段：。????20:00－08:00????。[爱心]2.值班中队长-赵队电话：0531-55615881。[爱心]3.物业服务电话：0531-55615896、55615596。??4.监控室值班24小时电话：0531-55612606。3、【物业-安保服务“小蜜蜂”】。[抱拳]如您家中有需要帮助的请联系我们?。[爱心]24小时为各位家人守候。[合十]贴心服务、真诚相伴。如需便民服务车，请直接联系；。①55612606。②55612808。有事您说话，我们会在第一时间安排人员帮你处理[玫瑰][玫瑰]""。你的月亮我的心(客户):""[图片]""。08月26日 23:51分。你的月亮我的心(客户):""尊敬的业主大家好！我是夜间执勤赵队长，金碧物业安保服务8月26号巡查，时刻守护业主们的安全，请安心入睡，如有紧急情况请拨打0531-55612606""。你的月亮我的心(客户):""[图片]""。08月27日 03:00分。你的月亮我的心(客户):""尊敬的业主大家好！我是夜间执勤赵队长，金碧物业安保服务8月27号巡查，时刻守护业主们的安全，请安心入睡，如有紧急情况请拨打0531-55612606""。你的月亮我的心(客户):""[图片]""。&&&","[
    {
        ""话题倾向"": """"
    }
]"
群聊负向,"这是要分析的对话:&&&08月26日 08:26分。恒大城???? 秩序部 三期监控室(客户):""[图片]""。恒大城???? 秩序部 三期监控室(客户):"" @所有人。请问这些是哪位业主的？请赶紧清理，3天没人认领，会当无主垃圾处理掉""。恒大城???? 秩序部 三期监控室(客户):""[图片]""。恒大城-管家-小潘(员工):""这是一条引用/回复消息：。""恒大城???…………""。08月26日 09:12分。恒大城???? 秩序部 三期监控室(客户):""[视频号消息]""。恒大城???? 秩序部 三期监控室(客户):""“客服”给你打来电话，说你网购商品出现问题！可以给你申请退款，还给你发来陌生链接！让你注册账号填写信息，再说因“操作失误”导致账户被冻结，让你转账解冻后才能退款？南昌反诈提醒您：退换货请认准官方平台，陌生链接不要点击，不要透露个人信息。敬请各位领导同事转发反诈视频及反诈日历。[抱拳][抱拳][抱拳]""。恒大城???? 秩序部 三期监控室(客户):""[图片]""。08月26日 11:33分。恒大城-管家-小潘(员工):""【关于四害消杀的温馨提示】。      …………""。恒大城-管家-小潘(员工):""[图片]""。08月26日 15:12分。四九(客户):""[图片]""。四九(客户):""@恒大城-管家-小潘?叫人打扫一下""。恒大城-管家-小潘(员工):""好嘞，马上安排""。08月26日 15:21分。恒大城-管家-小潘(员工):""[图片]""。恒大城-管家-小潘(员工):""已打扫""。梦想家(客户):""各位居民朋友们:。 为了提高辖区孕、产妇及宝妈的健康指数，彭家坊社区将开展“幸福来敲门，健康暖人心”活动，特邀请一附医院妇产专家亲临指导，对孕妈营养咨询、护士进行胎心监护，女性妇科健康义诊等活动，让妈妈们在家门口就可以享受专业的妇产服务。。1、活动时间：2024年8月31日。2、活动地点:彭家坊社区。3、现场有价值200元的产检券、两癌筛查体检券由爱佳妇产医院免费提供，还有精美礼品相赠。。请大家踊跃报名，名额有限，先报先得！""。08月26日 16:06分。恒大城-管家-小潘(员工):""【南昌恒大城—周报】。?? 一周美好，与…………""。恒大城-管家-小潘(员工):""[图片]""。08月26日 17:24分。珍??(客户):""各位美邻，请问谁知道我们小区幼儿园一年学费是多少？""。婷婷(客户):""有1万左右""。婷婷(客户):""也有2万左右一年""。珍??(客户):""谢谢[玫瑰]""。08月26日 18:15分。恒大城???? 秩序部 三期监控室(客户):""重要警示：。    8月23日晚10时，江苏省宿迁市一电动自行车店起火，虽然仅半小时明火就得到控制，但仍造成6人死亡（尤为痛心的是，遇难者中4人系未成年人）。此前，2024年2月23日4时许，江苏南京市雨花台区一小区发生电动自行车火灾，造成15人死亡，44人受伤。今年4月27日，我县一小区也发生了电动自行车火灾亡人事件。在此警示，电动自行车起火，燃烧迅速并会在短时间造成大量有害气体，因灾致死率极高！因此，为了大家的生命财产安全，恳请各位业主对自己负责，也对左右邻里负责，严禁将电动自行车违规入楼、违规充电！也请各位监督，一发现有电动车上楼进单元的，请及时联系物业24小时电话:85130408，物业会第一时间上户整治，保障大家居住安全。""。08月26日 20:05分。恒大城???? 秩序部 三期监控室(客户):""? 2024.8.26日? 。【秩序维护部】 。1.夜班值班时间段：20：00—08：00。2.夜班值班队长:徐霖。3.物业24小时服务电话：0791-85957719/85130408。? 【物业小贴士】?。1、园区道路是大家的，请将爱车停至车位或车库，勿占行车主干道。。2、予人方便，予己方便，整齐有序，文明停车。。3、随身携带门禁卡，刷卡进出，提高安全防止偷盗。。4、请随手关大堂门，轻拉轻推，勿用力拉扯。。5、非机动车请勿进大堂、楼道内充电。。6、请勿让爱宠随地大小便，做文明养宠人。""。&&&","[
    {
        ""话题倾向"": """"
    }
]"
群聊负向,"这是要分析的对话:&&&08月26日 08:39分。杜婷婷(员工):""尊敬的业主：。   早上好！今天小管休息…………""。08月26日 20:35分。.(客户):""各位业主：晚上好！[玫瑰]。8月26日秩序部夜间执勤安排：。一、值班人员:  罗垚19316563414。  监控室电话号码：83873539。  维修值班人员： ?郭文波18111908017?。二、巡查期间未发现流浪狗、猫，值班期间如发现第一时间处理。三、带班时间：20:00-08:00。四、我们将12小时坚守岗位，如有需要请致电，我们将竭诚为您服务。夜间休息请关好门窗，做好安全防范，出入小区带好业主卡、谨防尾随。。贵阳金碧物业服务中心祝您：生活愉快！[烟花]""。.(客户):""[视频]""。&&&","[
    {
        ""话题倾向"": """"
    }
]"
群聊负向,"这是要分析的对话:&&&08月26日 04:06分。一期中队长(客户):""【?? 秩序服务?巡逻篇】。我们是晚班园区秩序的守护者??。每天园区全覆盖巡视??。希望用我们的行动??。为您营造舒适的居家环境??。如需帮助请拨打24小时服务热线。?:0731一85520610。值班中队长。?:17700582951（一期）。??我们竭诚为您服务??""。一期中队长(客户):""[图片]""。08月26日 06:33分。一期中队长(客户):""[图片]""。一期中队长(客户):""??长沙恒大雅苑。?2024年8??26日  星期一。?天气: 晴  气温：28－37℃。1、广西一景区“飞天魔毯”项目故障致1死60伤 景区提出“买断”赔偿方案；。2、浙江绍兴一医院眼科套取医保资金2000万，手术医生庭审坚称无罪引争议；。3、郑州：相关企业限期撤除全市小区电梯里的“上门按摩”广告；。4、今年三伏，全国平均气温达到23.24℃，为史上最热；。5、日本核污染水排海一年，8轮累计排放将达62500吨；微信搜：每日微语报。6、超80城支持国企等收购存量房：36城已启动征集，“去库存效果最直接”；。7、合肥女子李梅在长沙坐拥87套房，因涉罪被查封，正式被法院挂网待拍卖；。8、安徽发文鼓励探索垂钓实名制，官方回应：还未启动落实；。9、周鸿祎再回应“手表不当回答”：已惩罚产品经理接一个月客服电话；。10、三文鱼刺身隔夜返包销售 胖东来：奖励投诉者10万，补偿购买者1000元；。11、黎真主党宣布第一阶段对以袭击取得成功 发射320余枚火箭弹；。12、世卫组织表示，猴痘疫情存在扩散风险，各国防控措施有待加强；。13、防止播音员“讲真话”，日本广播协会开始预录中文新闻；。14、17名中国公民命丧韩国电池厂 火灾调查：因培训不足错失37秒逃生窗口；。15、美国顶尖纳米科学家打算来华工作，曾因与中国高校合作而被美政府判刑；""。一期中队长(客户):""???♂【防溺水??安全温馨提示】。??亲爱的业主家人们：大家好??。?天气渐热，为了孩子们??的安全，请提高安全防范意识?，时刻监督和管理??好孩子，加强对孩子的防溺水??安全教育，禁止??孩子私自到小溪、水库、江边玩水、捕鱼、捉虾、游泳等。 。??安全无小事 时刻要警惕??。请家长??加强对孩子防溺水的监管力度，提高孩子??防溺水的自觉性?。同时物业工作人员??也会加大对园区的巡逻。为孩子的生命安全构筑坚实的防线??。??如需帮助请拨24小时服务热线。二期?:0731-85066275。一期?:0731-85520610。#长沙恒大雅苑物业服务中心""。08月26日 09:31分。长沙恒大雅苑20、25－27栋管家(员工):""关于开展小区四害消杀的通知。    尊敬…………""。长沙恒大雅苑20、25－27栋管家(员工):""[图片]""。08月26日 09:58分。马长(客户):""@政委911?业主您好，您的反馈的问题已维修已完成，感谢您的反馈祝您生活愉快谢谢！""。马长(客户):""[图片]""。马长(客户):""[图片]""。08月26日 10:05分。政委911(客户):""[抱拳][抱拳][抱拳]，辛苦""。08月26日 11:13分。长沙恒大雅苑20、25－27栋管家(员工):""【??物业工作周报】  。尊敬的业主/住…………""。长沙恒大雅苑20、25－27栋管家(员工):""[图片]""。08月26日 11:20分。子鱼(客户):""【??遛狗不随便，随手清狗便??】。     。      ??最近存在严重的不文明养犬的现象，绿化带、草坪的狗便??比比皆是，给其他美邻的生活带来了很大的困扰。。      宠物是人类的朋友，为生活增添不少乐趣??，享受权利的同时还请履行义务哦[抱拳]，为了给小区营造一个整洁和谐的环境??，物业中心倡议各位饲养宠物的业主，请您随身携带废纸或垃圾袋，以便随时清理“排泄物”。    ??优美的居住环境需要大家的共同创造和维护，请从文明养狗开始。??""。子鱼(客户):""[文件超过最大限制]""。08月26日 19:16分。一期中队长(客户):""【?? 秩序服务?巡逻篇】。我们是白班园区秩序的守护者??。每天园区全覆盖巡视??。希望用我们的行动??。为您营造舒适的居家环境??。如需帮助请拨打24小时服务热线。?:0731一85520610。值班中队长。?:17700582951（一期）。??我们竭诚为您服务??""。一期中队长(客户):""[视频]""。一期中队长(客户):""[视频]""。08月26日 19:53分。小牛牛(客户):""8月26日园林工作日常""。小牛牛(客户):""[文件下载失败]""。08月26日 20:05分。一期中队长(客户):""业主您好??。我是夜班秩序班长（苏静普17700582951），也是你的夜间安全守护者??，也许您从来没有见过我，因为我值守在您熟睡的每个晚上。夜间??我们会跟踪可疑人员、巡查车库、巡查园区、巡查楼层。。??清晨06:00我们还会查看每个电梯，确保您上班时电梯正常运行。。??如需帮助请及时拨打24小时服务电话85520610，我会出现在你需要的每个时刻???♂???♂???♂。祝您好梦！一醒来又是美美哒的一天哦???""。08月26日 20:49分。一期中队长(客户):""【?? 秩序服务?巡逻篇】。我们是晚班园区秩序的守护者??。每天园区全覆盖巡视??。希望用我们的行动??。为您营造舒适的居家环境??。如需帮助请拨打24小时服务热线。?:0731一85520610。值班中队长。?:17700582951（一期）。??我们竭诚为您服务??""。一期中队长(客户):""[视频]""。08月27日 03:44分。一期中队长(客户):""【?? 秩序服务?巡逻篇】。我们是晚班园区秩序的守护者??。每天园区全覆盖巡视??。希望用我们的行动??。为您营造舒适的居家环境??。如需帮助请拨打24小时服务热线。?:0731一85520610。值班中队长。?:17700582951（一期）。??我们竭诚为您服务??""。一期中队长(客户):""[图片]""。&&&","[
    {
        ""话题倾向"": """"
    }
]"
群聊负向,"这是要分析的对话:&&&08月26日 08:07分。A00(客户):""尊敬的业主，您好：。       为更好、更快的解决业主问题，现将各值班人员、联系电话及值班时间公示在群内，各位业主可直接电话联系或在群内@秩序110。1、日常家用维修工具(螺丝刀、活动扳手、小锤等);。2、小型购物车、平板车、人字梯、打气筒，应急医用品等。。为您爱家保驾护航，如果您有家政保洁、直饮水卡办理、白蚁消杀、有偿维修、房屋租赁的业务需求，随时与我们联系，为您提供专业的服务。。【秩序维护部】。[爱心]1.值班时间段：。????08:00－20:00????。[爱心]2.值班中队长-赵队电话：0531-83131013。[爱心]3.物业服务电话：0531-55615896、55615596。??4.监控室值班24小时电话：0531-55612606。3、【物业-安保服务“小蜜蜂”】。[抱拳]如您家中有需要帮助的请联系我们?。[爱心]24小时为各位家人守候。[合十]贴心服务、真诚相伴。如需便民服务车，请直接联系；。①55612606。②55612808。有事您说话，我们会在第一时间安排人员帮你处理[玫瑰][玫瑰]""。A00(客户):""[图片]""。08月26日 08:28分。JN29岁月静好(客户):""。[庆祝]雨后园林座椅已擦拭[庆祝]。    [烟花]游乐设施已清理?积水清理中[烟花]。恒大绿洲保洁团队为您服务[玫瑰]""。JN29岁月静好(客户):""[图片]""。08月26日 08:47分。济南绿洲29-30-34号楼管家 夏天(员工):""????金碧物业晨跑开跑啦！！！大朋友、…………""。济南绿洲29-30-34号楼管家 夏天(员工):""[图片]""。济南绿洲29-30-34号楼管家 夏天(员工):""[图片]""。济南绿洲29-30-34号楼管家 夏天(员工):""[图片]""。ZYL(客户):"" 各位居民:。       为提高社区火灾预警和防控能力，保障居民的居家安全。由政府联合联通公司为居民免费上门安装独立式烟感报警器。安装以后若家中有火灾隐患，可通过网络直接推送给业主本人及消防大队。目前先进行报名，后期会有联通公司工作人员与业主联系，上门进行安装。本期独立式烟感报警器数量80个，先报先得 ，报满为止。。              恒大绿洲第三社区。                   2024.8.22""。ZYL(客户):""              [庆祝][庆祝]通知[庆祝][庆祝]。        为切实提高妇女健康水平，提升自我保健意识。恒大绿洲第三社区联合济南市人民医院将在恒大三社区开展甲状腺、乳腺癌免费检查。。时间：2024年8月26日（周一）。上午9:00——11：30下午14:00——16:00。地点：恒大三期31号楼内铺党群服务中心。                  。                 恒大绿洲第三社区。                   2024年8月23日""。ZYL(客户):""[小程序消息]""。ZYL(客户):""[链接]""。08月26日 10:21分。ZYL(客户):""8.13元，接到[爆竹]“银监会”[爆竹]电话被骗。。3.63万元，大学生??兼职??被骗。。3.5万元，初中生被骗。。3.46万元，妇女?兼职刷单?被骗。。2.31万元，男青年[色]约炮[色]被骗。。。男青年[色][色]约炮[色][色]，妇女??兼职刷单??、????被“异性网友”诱导投资????诈骗高发！。转发提醒好家里的[拥抱]年轻人、妇女[拥抱]！。。【8月25日电诈警情通报】（近三天典型案例）。【平安街道、开发区派出所】。1、乙武村居民（开发区报警），【接到“银监会”电话】被骗8.13万元。。??手段：接到电话，对方自称?【“银监会”工作人员】??，要帮其“降低网贷利率”，还让其??登陆假的银监会网站??。。        过程中，?开启“屏幕共享”?，指导其将钱转走。。。【大学城、大学路派出所】。2、山东师范大学思想政治教育专业大四学生，【兼职】被骗3.63万元。。??手段：网上看到信息，兼职（“垫资”代充话费）。对方称选择[爆竹][爆竹]“企业代付”[爆竹][爆竹]，??钱就不会被转走，但操作后，钱还是被转走??。。       对方称其操作失误，??为退款，按对方要求，继续转账??。。。【马山镇、马山派出所】。3、周庙村初中生，【找人“解封微信”】被骗3.5万元。。??手段：快手找人解封微信，对方让其?提供了家长微信、银行卡的【验证码】?，钱被转走。。。【文昌街道、新城派出所】。4、建发天玺妇女，网上兼职【垫资做任务、刷销量、刷关注、刷点赞】被骗3.46万元。。??手段：??被陌生人拉进群??，推荐足不出户做兼职，[裂开]抖音刷关注[裂开]挣到佣金，后被引诱??“垫资”刷购“抖币”??。。        前期挣到小额返利，后被以【系统设置，需要[苦涩]连续刷任务才能退还垫付金、佣金[苦涩]】，【??操作失误，需要刷补救单??】为由要求转账。。。【崮云湖街道、大学路派出所】。5、河南籍务工男青年（租住乐天），【刷单做任务以?? 免费约炮?? 】被骗2.31万元。。??手段：??网上看到信息??，下载APP，为[吐]解锁约炮资格[吐]，??“约炮”客服引诱其“垫资”刷“会员费”??，前期挣到小额返利。。        后被以【系统设置，需要[裂开]连续刷任务[裂开]才能退还垫付金、佣金】、【??操作失误??（后台都能做手脚），刷补救单】为由要求多次转账。""。08月26日 12:34分。济南绿洲29-30-34号楼管家 夏天(员工):""????金碧物业晨跑开跑啦！！！打卡第一…………""。济南绿洲29-30-34号楼管家 夏天(员工):""[文件超过最大限制]""。08月26日 18:42分。A大漠(客户):""??物业秩序“小蜜蜂” ??。[庆祝]“小蜜蜂”来了！来了！[庆祝]。[太阳]有事，您说话[太阳]。[庆祝]车辆电瓶亏电启动不了！。[庆祝]家里有沉物品搬不动了！。[庆祝]买了好多东西拿不了！。联系电话：0531-55612606。秩序小“蜜蜂”竭诚为您服务！[耶][耶][耶]。[庆祝]我们的口号：。[庆祝]真心帮助每一位[庆祝]。[庆祝]热心服务每一人[庆祝]。[庆祝]赠人玫瑰[玫瑰]，手有余香[庆祝]""。A大漠(客户):""[图片]""。&&&","[
    {
        ""话题倾向"": """"
    }
]"
群聊负向,"这是要分析的对话:&&&08月26日 09:18分。恒大城???? 秩序部 三期监控室(客户):""[视频号消息]""。恒大城???? 秩序部 三期监控室(客户):""“客服”给你打来电话，说你网购商品出现问题！可以给你申请退款，还给你发来陌生链接！让你注册账号填写信息，再说因“操作失误”导致账户被冻结，让你转账解冻后才能退款？南昌反诈提醒您：退换货请认准官方平台，陌生链接不要点击，不要透露个人信息。敬请各位领导同事转发反诈视频及反诈日历。[抱拳][抱拳][抱拳]""。恒大城???? 秩序部 三期监控室(客户):""[图片]""。08月26日 14:11分。恒大城-管家-小冯(员工):""【关于四害消杀的温馨提示】。      …………""。恒大城-管家-小冯(员工):""[图片]""。08月26日 14:45分。樂可樂(客户):""各位居民朋友们:。 为了提高辖区孕、产妇及宝妈的健康指数，彭家坊社区将开展“幸福来敲门，健康暖人心”活动，特邀请一附医院妇产专家亲临指导，对孕妈营养咨询、护士进行胎心监护，女性妇科健康义诊等活动，让妈妈们在家门口就可以享受专业的妇产服务。。1、活动时间：2024年8月31日。2、活动地点:彭家坊社区。3、现场有价值200元的产检券、两癌筛查体检券由爱佳妇产医院免费提供，还有精美礼品相赠。。请大家踊跃报名，名额有限，先报先得！""。08月26日 18:19分。恒大城???? 秩序部 三期监控室(客户):""重要警示：。    8月23日晚10时，江苏省宿迁市一电动自行车店起火，虽然仅半小时明火就得到控制，但仍造成6人死亡（尤为痛心的是，遇难者中4人系未成年人）。此前，2024年2月23日4时许，江苏南京市雨花台区一小区发生电动自行车火灾，造成15人死亡，44人受伤。今年4月27日，我县一小区也发生了电动自行车火灾亡人事件。在此警示，电动自行车起火，燃烧迅速并会在短时间造成大量有害气体，因灾致死率极高！因此，为了大家的生命财产安全，恳请各位业主对自己负责，也对左右邻里负责，严禁将电动自行车违规入楼、违规充电！也请各位监督，一发现有电动车上楼进单元的，请及时联系物业24小时电话:85130408，物业会第一时间上户整治，保障大家居住安全。""。08月26日 20:02分。恒大城???? 秩序部 三期监控室(客户):""? 2024.8.26日? 。【秩序维护部】 。1.夜班值班时间段：20：00—08：00。2.夜班值班队长:徐霖。3.物业24小时服务电话：0791-85957719/85130408。? 【物业小贴士】?。1、园区道路是大家的，请将爱车停至车位或车库，勿占行车主干道。。2、予人方便，予己方便，整齐有序，文明停车。。3、随身携带门禁卡，刷卡进出，提高安全防止偷盗。。4、请随手关大堂门，轻拉轻推，勿用力拉扯。。5、非机动车请勿进大堂、楼道内充电。。6、请勿让爱宠随地大小便，做文明养宠人。""。&&&","[
    {
        ""话题倾向"": """"
    }
]"
群聊负向,"这是要分析的对话:&&&08月26日 08:34分。（休假中）韶关恒大城-管家-彭小芸(员工):""温馨提醒[玫瑰]：。今日电梯保养楼栋：7…………""。08月26日 09:01分。恒大社区居委会8731213(客户):""[视频号消息]""。08月26日 10:17分。恒大社区居委会8731213(客户):""活动通知：恒大社区将于本周三8月28日下午3：00开展社区文明宣传和清扫活动，请需要参与暑假社会实践活动的学生扫下方的腾讯问卷报名参与。。集合地点：恒大社区居委会办公室（恒大城1期1栋内铺）。集合时间：8月28日下午2：50。备注：目前我们发的志愿活动主要是针对学校有要求学生参加暑假社会实践活动要盖章的或者是学校有要求做I志愿的学生，一般是中学生或者大学生，因每次活动人数有限，请没有这方面要求的学生家长暂时不要报名，谢谢！。温馨提示：。1.最近天气多变，请自备雨具遮阳防雨，注意安全。。2.请有需要拍照交学校的同学，自行带手机拍照哈。3.本次活动为24年暑期学生社会实践活动的最后一次活动，后续将不再开展，请有需要的学生积极参与。""。恒大社区居委会8731213(客户):""[图片]""。08月26日 12:12分。王旺小小酥(客户):""哪里可以给小孩子打疫苗""。韶关恒大城-管家-杨洪财(员工):""@王旺小小酥碧桂园太阳城（芙蓉湾10街）…………""。王旺小小酥(客户):""谢谢""。08月26日 17:09分。（休假中）韶关恒大城-管家-彭小芸(员工):""@所有人     关于八月园区消杀通知。…………""。08月26日 17:26分。（休假中）韶关恒大城-管家-彭小芸(员工):""温馨提醒：。        下午好[玫瑰…………""。08月26日 19:07分。韶关恒大城B区监控员(客户):""2024-8-26。【秩序维护部】。1、值班时间段:【19:00-7:00】。2、值班中队长:  李佰全。联系电话：18933707875。【温馨提示】。请各位业主知悉，如需要帮助或遇紧急情况，请电话联系值班室或值班中队长。。物业24小时值班电话：0751-8706100。0751-8706228""。&&&","[
    {
        ""话题倾向"": """"
    }
]"
群聊负向,"这是要分析的对话:&&&08月26日 07:54分。王帅(员工):""????金碧物业晨跑开跑啦！！！大朋友、…………""。王帅(员工):""[图片]""。王帅(员工):""[图片]""。王帅(员工):""[图片]""。王帅(员工):""[文件超过最大限制]""。爱恋哎小籁(客户):""哈哈，报名了，孩子没起来[捂脸]""。爱恋哎小籁(客户):""早上在哪集合呀王经理""。王帅(员工):""直接去操场 明天早点起[呲牙]""。爱恋哎小籁(客户):""是披萨先生东边那个小学操场吗？""。爱恋哎小籁(客户):""四期对着的那里？""。08月26日 08:04分。A00(客户):""尊敬的业主，您好：。       为更好、更快的解决业主问题，现将各值班人员、联系电话及值班时间公示在群内，各位业主可直接电话联系或在群内@秩序110。1、日常家用维修工具(螺丝刀、活动扳手、小锤等);。2、小型购物车、平板车、人字梯、打气筒，应急医用品等。。为您爱家保驾护航，如果您有家政保洁、直饮水卡办理、白蚁消杀、有偿维修、房屋租赁的业务需求，随时与我们联系，为您提供专业的服务。。【秩序维护部】。[爱心]1.值班时间段：。????08:00－20:00????。[爱心]2.值班中队长-赵队电话：0531-83131013。[爱心]3.物业服务电话：0531-55615896、55615596。??4.监控室值班24小时电话：0531-55612606。3、【物业-安保服务“小蜜蜂”】。[抱拳]如您家中有需要帮助的请联系我们?。[爱心]24小时为各位家人守候。[合十]贴心服务、真诚相伴。如需便民服务车，请直接联系；。①55612606。②55612808。有事您说话，我们会在第一时间安排人员帮你处理[玫瑰][玫瑰]""。A00(客户):""[图片]""。08月26日 08:30分。JN29岁月静好(客户):""。[庆祝]雨后园林座椅已擦拭[庆祝]。    [烟花]游乐设施已清理?积水清理中[烟花]。恒大绿洲保洁团队为您服务[玫瑰]""。JN29岁月静好(客户):""[图片]""。08月26日 08:42分。王帅(员工):""[玫瑰][玫瑰]早安  绿洲[玫瑰][玫…………""。王帅(员工):""[链接]""。08月26日 18:44分。A大漠(客户):""??物业秩序“小蜜蜂” ??。[庆祝]“小蜜蜂”来了！来了！[庆祝]。[太阳]有事，您说话[太阳]。[庆祝]车辆电瓶亏电启动不了！。[庆祝]家里有沉物品搬不动了！。[庆祝]买了好多东西拿不了！。联系电话：0531-55612606。秩序小“蜜蜂”竭诚为您服务！[耶][耶][耶]。[庆祝]我们的口号：。[庆祝]真心帮助每一位[庆祝]。[庆祝]热心服务每一人[庆祝]。[庆祝]赠人玫瑰[玫瑰]，手有余香[庆祝]""。A大漠(客户):""[图片]""。08月26日 19:57分。諾采臣(客户):""[图片]""。諾采臣(客户):""地下一，这家储藏室的灯好像亮了两三年了[捂脸]""。08月26日 20:03分。你的月亮我的心(客户):""尊敬的业主，您好：。       为更好、更快的解决业主问题，现将各值班人员、联系电话及值班时间公示在群内，各位业主可直接电话联系或在群内@秩序110。1、日常家用维修工具(螺丝刀、活动扳手、小锤等);。2、小型购物车、平板车、人字梯、打气筒，应急医用品等。。为您爱家保驾护航，如果您有家政保洁、直饮水卡办理、白蚁消杀、有偿维修、房屋租赁的业务需求，随时与我们联系，为您提供专业的服务。。【秩序维护部】。[爱心]1.值班时间段：。????20:00－08:00????。[爱心]2.值班中队长-赵队电话：0531-55615881。[爱心]3.物业服务电话：0531-55615896、55615596。??4.监控室值班24小时电话：0531-55612606。3、【物业-安保服务“小蜜蜂”】。[抱拳]如您家中有需要帮助的请联系我们?。[爱心]24小时为各位家人守候。[合十]贴心服务、真诚相伴。如需便民服务车，请直接联系；。①55612606。②55612808。有事您说话，我们会在第一时间安排人员帮你处理[玫瑰][玫瑰]""。你的月亮我的心(客户):""[图片]""。08月26日 20:48分。??安ζ稳?(客户):""[图片]""。??安ζ稳?(客户):""谁的电动车钥匙没拔""。??安ζ稳?(客户):""@所有人""。08月26日 22:40分。????向阳花开(客户):""什么动静，刚睡着吓死了""。????向阳花开(客户):""@秩序110?""。08月26日 22:49分。你的月亮我的心(客户):""收到，马上安排巡逻岗排查""。08月26日 23:50分。你的月亮我的心(客户):""尊敬的业主大家好！我是夜间执勤赵队长，金碧物业安保服务8月26号巡查，时刻守护业主们的安全，请安心入睡，如有紧急情况请拨打0531-55612606""。你的月亮我的心(客户):""[图片]""。08月27日 03:01分。你的月亮我的心(客户):""尊敬的业主大家好！我是夜间执勤赵队长，金碧物业安保服务8月27号巡查，时刻守护业主们的安全，请安心入睡，如有紧急情况请拨打0531-55612606""。你的月亮我的心(客户):""[图片]""。&&&","[
    {
        ""业主情感强度"": {
            ""????向阳花开"": ""强烈负面""
        },
        ""事件讨论开始时间"": ""08月26日 22:26分"",
        ""事件讨论结束时间"": ""08月26日 22:44分"",
        ""事件详情"": ""业主小游对55栋某业主深夜还在用电钻发出噪音感到不满’。"",
        ""话题倾向"": """"
    }
]"
群聊负向,"这是要分析的对话:&&&08月26日 09:17分。恒大城???? 秩序部 三期监控室(客户):""[图片]""。恒大城???? 秩序部 三期监控室(客户):""[视频号消息]""。恒大城???? 秩序部 三期监控室(客户):""“客服”给你打来电话，说你网购商品出现问题！可以给你申请退款，还给你发来陌生链接！让你注册账号填写信息，再说因“操作失误”导致账户被冻结，让你转账解冻后才能退款？南昌反诈提醒您：退换货请认准官方平台，陌生链接不要点击，不要透露个人信息。敬请各位领导同事转发反诈视频及反诈日历。[抱拳][抱拳][抱拳]""。08月26日 11:31分。恒大城-管家-罗欢(员工):""【关于四害消杀的温馨提示】。      …………""。恒大城-管家-罗欢(员工):""[文件下载失败]""。08月26日 14:55分。澈丶丶(客户):""各位居民朋友们:。 为了提高辖区孕、产妇及宝妈的健康指数，彭家坊社区将开展“幸福来敲门，健康暖人心”活动，特邀请一附医院妇产专家亲临指导，对孕妈营养咨询、护士进行胎心监护，女性妇科健康义诊等活动，让妈妈们在家门口就可以享受专业的妇产服务。。1、活动时间：2024年8月31日。2、活动地点:彭家坊社区。3、现场有价值200元的产检券、两癌筛查体检券由爱佳妇产医院免费提供，还有精美礼品相赠。。请大家踊跃报名，名额有限，先报先得！""。08月26日 15:51分。恒大城-管家-罗欢(员工):""【南昌恒大城—周报】。?? 一周美好，与…………""。恒大城-管家-罗欢(员工):""[图片]""。08月26日 16:25分。恒大城-管家-罗欢(员工):""【44栋地库口维修封闭通知】。    各…………""。恒大城-管家-罗欢(员工):""[图片]""。08月26日 18:16分。恒大城???? 秩序部 三期监控室(客户):""重要警示：。    8月23日晚10时，江苏省宿迁市一电动自行车店起火，虽然仅半小时明火就得到控制，但仍造成6人死亡（尤为痛心的是，遇难者中4人系未成年人）。此前，2024年2月23日4时许，江苏南京市雨花台区一小区发生电动自行车火灾，造成15人死亡，44人受伤。今年4月27日，我县一小区也发生了电动自行车火灾亡人事件。在此警示，电动自行车起火，燃烧迅速并会在短时间造成大量有害气体，因灾致死率极高！因此，为了大家的生命财产安全，恳请各位业主对自己负责，也对左右邻里负责，严禁将电动自行车违规入楼、违规充电！也请各位监督，一发现有电动车上楼进单元的，请及时联系物业24小时电话:85130408，物业会第一时间上户整治，保障大家居住安全。""。08月26日 19:11分。海风(客户):""几点开路灯的@恒大城-管家-罗欢?""。海风(客户):""马古漆黑的""。恒大城???? 秩序部 三期监控室(客户):""@海风?7:15就会自动开灯，现在天黑的早，明天时间会提前""。海风(客户):""[视频]""。海风(客户):""嗯""。08月26日 20:00分。恒大城???? 秩序部 三期监控室(客户):""? 2024.8.26日? 。【秩序维护部】 。1.夜班值班时间段：20：00—08：00。2.夜班值班队长:徐霖。3.物业24小时服务电话：0791-85957719/85130408。? 【物业小贴士】?。1、园区道路是大家的，请将爱车停至车位或车库，勿占行车主干道。。2、予人方便，予己方便，整齐有序，文明停车。。3、随身携带门禁卡，刷卡进出，提高安全防止偷盗。。4、请随手关大堂门，轻拉轻推，勿用力拉扯。。5、非机动车请勿进大堂、楼道内充电。。6、请勿让爱宠随地大小便，做文明养宠人。""。&&&","[
    {
        ""话题倾向"": """"
    }
]"
群聊负向,"这是要分析的对话:&&&08月26日 08:34分。恒大城–管家–丹丹(员工):""【休息知会】。各位亲爱的业主朋友:。  …………""。08月26日 09:11分。恒大城???? 秩序部 三期监控室(客户):""“客服”给你打来电话，说你网购商品出现问题！可以给你申请退款，还给你发来陌生链接！让你注册账号填写信息，再说因“操作失误”导致账户被冻结，让你转账解冻后才能退款？南昌反诈提醒您：退换货请认准官方平台，陌生链接不要点击，不要透露个人信息。敬请各位领导同事转发反诈视频及反诈日历。[抱拳][抱拳][抱拳]""。恒大城???? 秩序部 三期监控室(客户):""[视频号消息]""。恒大城???? 秩序部 三期监控室(客户):""[图片]""。08月26日 11:45分。恒大城–管家–丹丹(员工):""【关于四害消杀的温馨提示】。      …………""。恒大城–管家–丹丹(员工):""[图片]""。08月26日 18:19分。恒大城???? 秩序部 三期监控室(客户):""重要警示：。    8月23日晚10时，江苏省宿迁市一电动自行车店起火，虽然仅半小时明火就得到控制，但仍造成6人死亡（尤为痛心的是，遇难者中4人系未成年人）。此前，2024年2月23日4时许，江苏南京市雨花台区一小区发生电动自行车火灾，造成15人死亡，44人受伤。今年4月27日，我县一小区也发生了电动自行车火灾亡人事件。在此警示，电动自行车起火，燃烧迅速并会在短时间造成大量有害气体，因灾致死率极高！因此，为了大家的生命财产安全，恳请各位业主对自己负责，也对左右邻里负责，严禁将电动自行车违规入楼、违规充电！也请各位监督，一发现有电动车上楼进单元的，请及时联系物业24小时电话:85130408，物业会第一时间上户整治，保障大家居住安全。""。08月26日 20:02分。恒大城???? 秩序部 三期监控室(客户):""? 2024.8.26日? 。【秩序维护部】 。1.夜班值班时间段：20：00—08：00。2.夜班值班队长:徐霖。3.物业24小时服务电话：0791-85957719/85130408。? 【物业小贴士】?。1、园区道路是大家的，请将爱车停至车位或车库，勿占行车主干道。。2、予人方便，予己方便，整齐有序，文明停车。。3、随身携带门禁卡，刷卡进出，提高安全防止偷盗。。4、请随手关大堂门，轻拉轻推，勿用力拉扯。。5、非机动车请勿进大堂、楼道内充电。。6、请勿让爱宠随地大小便，做文明养宠人。""。&&&","[
    {
        ""话题倾向"": """"
    }
]"
群聊负向,"这是要分析的对话:&&&08月26日 10:25分。爱不解释(客户):""#金碧物业·秩序(保安)服务篇。??用心打磨每一个细节，用真诚赢得您的信赖??。??优美的环境，优良的秩序，优质的服务，都藏在细节里??。?从平凡处发现不平凡，感受我们的用心??。??绝不辜负您的信赖，全心全意为您服务??。         ??金碧物业  我们与您同在。               ——贵阳恒大文化旅游城物业服务中心""。爱不解释(客户):""[图片]""。08月26日 12:20分。南锺(客户):""通知：。8月25日是全国第八个残疾预防日，筑安社区居委会于明天8月27日（本周二）上午在辖区内开展“预防疾病致残  共享健康生活”宣传服务活动，希望学校有社会实践活动要求的学生积极参与，请有意参加志愿服务活动的人员于8月27日早上9:30到8组团筑安社区居委会集中开展活动。""。&&&","[
    {
        ""话题倾向"": """"
    }
]"
群聊负向,"这是要分析的对话:&&&08月26日 08:02分。姜(客户):""尊敬的各位业主：早上好[玫瑰]。8月26日秩序部白班已接班，执勤安排如下：。一、值班:姜小朋 18786658735。二、24小时值班电：0851-83873003。辖区派出所电话：0851-83851334。三、带班时间：08:00-20:00。四、我们将12小时坚守岗位，如有需要请致电，我们将竭诚为您服务。外出请关好门窗、水电及燃气、出入小区带好业主卡、做好个人防护。。贵阳恒大文化旅游城物业服务中心祝您：生活愉快！[烟花]""。姜(客户):""[图片]""。08月26日 08:58分。晏春英(员工):""【?? 管家休假知会】。尊敬的业主，您好…………""。08月26日 11:01分。姜(客户):""#金碧物业·秩序(保安)服务篇。??用心打磨每一个细节，用真诚赢得您的信赖??。??优美的环境，优良的秩序，优质的服务，都藏在细节里??。?从平凡处发现不平凡，感受我们的用心??。??绝不辜负您的信赖，全心全意为您服务??。         ??金碧物业  我们与您同在。               ——贵阳恒大文化旅游城物业服务中心""。姜(客户):""[图片]""。08月26日 12:25分。心之恋(客户):""[视频号消息]""。心之恋(客户):""通知：。8月25日是全国第八个残疾预防日，筑安社区居委会于明天8月27日（本周二）上午在辖区内开展“预防疾病致残  共享健康生活”宣传服务活动，希望学校有社会实践活动要求的学生积极参与，请有意参加志愿服务活动的人员于8月27日早上9:30到8组团筑安社区居委会集中开展活动。""。心之恋(客户):""【提示】买卖游戏账号、游戏装备等一定要在官方平台进行，不要点击陌生链接，以交保证金、提现失败、账号冻结等理由要求继续充值的都是诈骗！""。08月26日 20:25分。        (客户):""?各位业主：晚上好！[玫瑰]。8月26日秩序部夜间执勤安排：。值班：罗锋18285024210 。维修部：何彬18984855091?。辖区派出所电话：0851-83851334。三、带班时间：20:00-08:00。四、我们将12小时坚守岗位，如有需要请致电，我们将竭诚为您服务。夜间休息请关好门窗，做好安全防范，出入小区带好业主卡、谨防尾随。。贵阳恒大文化旅游城物业服务中心祝您：生活愉快！[烟花]""。        (客户):""[文件超过最大限制]""。&&&","[
    {
        ""话题倾向"": """"
    }
]"
群聊负向,"这是要分析的对话:&&&08月26日 10:25分。爱不解释(客户):""#金碧物业·秩序(保安)服务篇。??用心打磨每一个细节，用真诚赢得您的信赖??。??优美的环境，优良的秩序，优质的服务，都藏在细节里??。?从平凡处发现不平凡，感受我们的用心??。??绝不辜负您的信赖，全心全意为您服务??。         ??金碧物业  我们与您同在。               ——贵阳恒大文化旅游城物业服务中心""。爱不解释(客户):""[图片]""。08月26日 12:21分。南锺(客户):""通知：。8月25日是全国第八个残疾预防日，筑安社区居委会于明天8月27日（本周二）上午在辖区内开展“预防疾病致残  共享健康生活”宣传服务活动，希望学校有社会实践活动要求的学生积极参与，请有意参加志愿服务活动的人员于8月27日早上9:30到8组团筑安社区居委会集中开展活动。""。&&&","[
    {
        ""话题倾向"": """"
    }
]"
群聊负向,"这是要分析的对话:&&&08月26日 09:18分。恒大城???? 秩序部 三期监控室(客户):""[视频号消息]""。恒大城???? 秩序部 三期监控室(客户):""“客服”给你打来电话，说你网购商品出现问题！可以给你申请退款，还给你发来陌生链接！让你注册账号填写信息，再说因“操作失误”导致账户被冻结，让你转账解冻后才能退款？南昌反诈提醒您：退换货请认准官方平台，陌生链接不要点击，不要透露个人信息。敬请各位领导同事转发反诈视频及反诈日历。[抱拳][抱拳][抱拳]""。恒大城???? 秩序部 三期监控室(客户):""[图片]""。08月26日 14:43分。子叶(客户):""各位居民朋友们:。 为了提高辖区孕、产妇及宝妈的健康指数，彭家坊社区将开展“幸福来敲门，健康暖人心”活动，特邀请一附医院妇产专家亲临指导，对孕妈营养咨询、护士进行胎心监护，女性妇科健康义诊等活动，让妈妈们在家门口就可以享受专业的妇产服务。。1、活动时间：2024年8月31日。2、活动地点:彭家坊社区。3、现场有价值200元的产检券、两癌筛查体检券由爱佳妇产医院免费提供，还有精美礼品相赠。。请大家踊跃报名，名额有限，先报先得！""。08月26日 16:06分。恒大城-管家-小涂(员工):""【南昌恒大城—周报】。?? 一周美好，与…………""。恒大城-管家-小涂(员工):""[图片]""。08月26日 16:25分。恒大城-管家-小涂(员工):""【关于四害消杀的温馨提示】。      …………""。恒大城-管家-小涂(员工):""[图片]""。08月26日 18:16分。恒大城???? 秩序部 三期监控室(客户):""重要警示：。    8月23日晚10时，江苏省宿迁市一电动自行车店起火，虽然仅半小时明火就得到控制，但仍造成6人死亡（尤为痛心的是，遇难者中4人系未成年人）。此前，2024年2月23日4时许，江苏南京市雨花台区一小区发生电动自行车火灾，造成15人死亡，44人受伤。今年4月27日，我县一小区也发生了电动自行车火灾亡人事件。在此警示，电动自行车起火，燃烧迅速并会在短时间造成大量有害气体，因灾致死率极高！因此，为了大家的生命财产安全，恳请各位业主对自己负责，也对左右邻里负责，严禁将电动自行车违规入楼、违规充电！也请各位监督，一发现有电动车上楼进单元的，请及时联系物业24小时电话:85130408，物业会第一时间上户整治，保障大家居住安全。""。08月26日 20:04分。恒大城???? 秩序部 三期监控室(客户):""? 2024.8.26日? 。【秩序维护部】 。1.夜班值班时间段：20：00—08：00。2.夜班值班队长:徐霖。3.物业24小时服务电话：0791-85957719/85130408。? 【物业小贴士】?。1、园区道路是大家的，请将爱车停至车位或车库，勿占行车主干道。。2、予人方便，予己方便，整齐有序，文明停车。。3、随身携带门禁卡，刷卡进出，提高安全防止偷盗。。4、请随手关大堂门，轻拉轻推，勿用力拉扯。。5、非机动车请勿进大堂、楼道内充电。。6、请勿让爱宠随地大小便，做文明养宠人。""。&&&","[
    {
        ""话题倾向"": """"
    }
]"
群聊负向,"这是要分析的对话:&&&08月26日 09:01分。恒大社区居委会8731213(客户):""[视频号消息]""。08月26日 10:16分。恒大社区居委会8731213(客户):""活动通知：恒大社区将于本周三8月28日下午3：00开展社区文明宣传和清扫活动，请需要参与暑假社会实践活动的学生扫下方的腾讯问卷报名参与。。集合地点：恒大社区居委会办公室（恒大城1期1栋内铺）。集合时间：8月28日下午2：50。备注：目前我们发的志愿活动主要是针对学校有要求学生参加暑假社会实践活动要盖章的或者是学校有要求做I志愿的学生，一般是中学生或者大学生，因每次活动人数有限，请没有这方面要求的学生家长暂时不要报名，谢谢！。温馨提示：。1.最近天气多变，请自备雨具遮阳防雨，注意安全。。2.请有需要拍照交学校的同学，自行带手机拍照哈。3.本次活动为24年暑期学生社会实践活动的最后一次活动，后续将不再开展，请有需要的学生积极参与。""。恒大社区居委会8731213(客户):""[图片]""。08月26日 17:11分。韶关恒大城-管家-李海通(员工):""    关于八月园区消杀通知。尊敬的业户…………""。韶关恒大城-管家-李海通(员工):""[图片]""。休息中)韶关恒大城-管家-徐文珠(员工):""    关于八月园区消杀通知。尊敬的业户…………""。休息中)韶关恒大城-管家-徐文珠(员工):""[图片]""。08月26日 19:03分。韶关恒大城A区监控员(客户):""2024-08-26。【秩序维护部】。1、值班时间段: 19:00-07:00。2、值班中队长: 祝金才。联系:13509859250。【温馨提示】。请各位业主知悉，如需要帮助或遇紧急情况，请电话联系值班室或值班中队长。。物业24小时值班电话：。0751-8709633。0751-8709600""。&&&","[
    {
        ""话题倾向"": """"
    }
]"
群聊负向,"这是要分析的对话:&&&08月26日 07:55分。刘诗雨(员工):""????金碧物业晨跑开跑啦！！！大朋友、…………""。刘诗雨(员工):""[图片]""。刘诗雨(员工):""[图片]""。刘诗雨(员工):""[图片]""。08月26日 08:05分。A00(客户):""尊敬的业主，您好：。       为更好、更快的解决业主问题，现将各值班人员、联系电话及值班时间公示在群内，各位业主可直接电话联系或在群内@秩序110。1、日常家用维修工具(螺丝刀、活动扳手、小锤等);。2、小型购物车、平板车、人字梯、打气筒，应急医用品等。。为您爱家保驾护航，如果您有家政保洁、直饮水卡办理、白蚁消杀、有偿维修、房屋租赁的业务需求，随时与我们联系，为您提供专业的服务。。【秩序维护部】。[爱心]1.值班时间段：。????08:00－20:00????。[爱心]2.值班中队长-赵队电话：0531-83131013。[爱心]3.物业服务电话：0531-55615896、55615596。??4.监控室值班24小时电话：0531-55612606。3、【物业-安保服务“小蜜蜂”】。[抱拳]如您家中有需要帮助的请联系我们?。[爱心]24小时为各位家人守候。[合十]贴心服务、真诚相伴。如需便民服务车，请直接联系；。①55612606。②55612808。有事您说话，我们会在第一时间安排人员帮你处理[玫瑰][玫瑰]""。A00(客户):""[图片]""。08月26日 08:29分。JN29岁月静好(客户):""。[庆祝]雨后园林座椅已擦拭[庆祝]。    [烟花]游乐设施已清理?积水清理中[烟花]。恒大绿洲保洁团队为您服务[玫瑰]""。JN29岁月静好(客户):""[图片]""。08月26日 08:47分。刘诗雨(员工):""[玫瑰][玫瑰]早安  绿洲[玫瑰][玫…………""。刘诗雨(员工):""[链接]""。08月26日 09:18分。懒洋洋(客户):""[链接]""。懒洋洋(客户):""              [庆祝][庆祝]通知[庆祝][庆祝]。        为切实提高妇女健康水平，提升自我保健意识。恒大绿洲第三社区联合济南市人民医院将在恒大三社区开展甲状腺、乳腺癌免费检查。。时间：2024年8月26日（周一）。上午9:00——11：30下午14:00——16:00。地点：恒大三期31号楼内铺党群服务中心。                  。                 恒大绿洲第三社区。                   2024年8月23日""。懒洋洋(客户):""[小程序消息]""。懒洋洋(客户):"" 各位居民:。       为提高社区火灾预警和防控能力，保障居民的居家安全。由政府联合联通公司为居民免费上门安装独立式烟感报警器。安装以后若家中有火灾隐患，可通过网络直接推送给业主本人及消防大队。目前先进行报名，后期会有联通公司工作人员与业主联系，上门进行安装。本期独立式烟感报警器数量80个，先报先得 ，报满为止。。              恒大绿洲第三社区。                   2024.8.22""。08月26日 10:38分。懒洋洋(客户):""8.13元，接到[爆竹]“银监会”[爆竹]电话被骗。。3.63万元，大学生??兼职??被骗。。3.5万元，初中生被骗。。3.46万元，妇女?兼职刷单?被骗。。2.31万元，男青年[色]约炮[色]被骗。。。男青年[色][色]约炮[色][色]，妇女??兼职刷单??、????被“异性网友”诱导投资????诈骗高发！。转发提醒好家里的[拥抱]年轻人、妇女[拥抱]！。。【8月25日电诈警情通报】（近三天典型案例）。【平安街道、开发区派出所】。1、乙武村居民（开发区报警），【接到“银监会”电话】被骗8.13万元。。??手段：接到电话，对方自称?【“银监会”工作人员】??，要帮其“降低网贷利率”，还让其??登陆假的银监会网站??。。        过程中，?开启“屏幕共享”?，指导其将钱转走。。。【大学城、大学路派出所】。2、山东师范大学思想政治教育专业大四学生，【兼职】被骗3.63万元。。??手段：网上看到信息，兼职（“垫资”代充话费）。对方称选择[爆竹][爆竹]“企业代付”[爆竹][爆竹]，??钱就不会被转走，但操作后，钱还是被转走??。。       对方称其操作失误，??为退款，按对方要求，继续转账??。。。【马山镇、马山派出所】。3、周庙村初中生，【找人“解封微信”】被骗3.5万元。。??手段：快手找人解封微信，对方让其?提供了家长微信、银行卡的【验证码】?，钱被转走。。。【文昌街道、新城派出所】。4、建发天玺妇女，网上兼职【垫资做任务、刷销量、刷关注、刷点赞】被骗3.46万元。。??手段：??被陌生人拉进群??，推荐足不出户做兼职，[裂开]抖音刷关注[裂开]挣到佣金，后被引诱??“垫资”刷购“抖币”??。。        前期挣到小额返利，后被以【系统设置，需要[苦涩]连续刷任务才能退还垫付金、佣金[苦涩]】，【??操作失误，需要刷补救单??】为由要求转账。。。【崮云湖街道、大学路派出所】。5、河南籍务工男青年（租住乐天），【刷单做任务以?? 免费约炮?? 】被骗2.31万元。。??手段：??网上看到信息??，下载APP，为[吐]解锁约炮资格[吐]，??“约炮”客服引诱其“垫资”刷“会员费”??，前期挣到小额返利。。        后被以【系统设置，需要[裂开]连续刷任务[裂开]才能退还垫付金、佣金】、【??操作失误??（后台都能做手脚），刷补救单】为由要求多次转账。""。懒洋洋(客户):""各位居民朋友:。       为保障济南市居民健康权益，逐步健全完善居民特殊疾病风险体系，区妇联与中国人寿保险股份有限公司济南分公司启动了“男性女性安康保障工程”面向18周岁至60周岁以下身体健康者推出团体安康保险，社区居民可根据个人情况自愿购买。。详情请咨询恒大三社区居委会。。地址:恒大22号楼内铺。。电话：87207026""。懒洋洋(客户):""[图片]""。08月26日 11:48分。Gm(客户):""【公区维修8月19日-8月25日工作汇报】。●公区及地下车库排污泵检修7处。●公区及地下车库照明更换6处。●公区直饮水机滤芯更换4处。●公区大堂顶子破损粉刷5处。●公区墙砖破损更换3处。●公区消防故障处理47处。●公区充电桩头安装21处。●园区排污管道疏通8处。●园区路面维修3处。●电梯维保125部。●设备房维护保养。●设备房巡查。工程维修，为您的生活保驾护航。如需帮助请拨打。24小时物业热线:。0531-55615896。济南恒大绿洲物业服务中心""。Gm(客户):""[图片]""。08月26日 18:43分。A大漠(客户):""??物业秩序“小蜜蜂” ??。[庆祝]“小蜜蜂”来了！来了！[庆祝]。[太阳]有事，您说话[太阳]。[庆祝]车辆电瓶亏电启动不了！。[庆祝]家里有沉物品搬不动了！。[庆祝]买了好多东西拿不了！。联系电话：0531-55612606。秩序小“蜜蜂”竭诚为您服务！[耶][耶][耶]。[庆祝]我们的口号：。[庆祝]真心帮助每一位[庆祝]。[庆祝]热心服务每一人[庆祝]。[庆祝]赠人玫瑰[玫瑰]，手有余香[庆祝]""。A大漠(客户):""[图片]""。08月26日 20:03分。你的月亮我的心(客户):""尊敬的业主，您好：。       为更好、更快的解决业主问题，现将各值班人员、联系电话及值班时间公示在群内，各位业主可直接电话联系或在群内@秩序110。1、日常家用维修工具(螺丝刀、活动扳手、小锤等);。2、小型购物车、平板车、人字梯、打气筒，应急医用品等。。为您爱家保驾护航，如果您有家政保洁、直饮水卡办理、白蚁消杀、有偿维修、房屋租赁的业务需求，随时与我们联系，为您提供专业的服务。。【秩序维护部】。[爱心]1.值班时间段：。????20:00－08:00????。[爱心]2.值班中队长-赵队电话：0531-55615881。[爱心]3.物业服务电话：0531-55615896、55615596。??4.监控室值班24小时电话：0531-55612606。3、【物业-安保服务“小蜜蜂”】。[抱拳]如您家中有需要帮助的请联系我们?。[爱心]24小时为各位家人守候。[合十]贴心服务、真诚相伴。如需便民服务车，请直接联系；。①55612606。②55612808。有事您说话，我们会在第一时间安排人员帮你处理[玫瑰][玫瑰]""。你的月亮我的心(客户):""[图片]""。08月26日 23:52分。你的月亮我的心(客户):""尊敬的业主大家好！我是夜间执勤赵队长，金碧物业安保服务8月26号巡查，时刻守护业主们的安全，请安心入睡，如有紧急情况请拨打0531-55612606""。你的月亮我的心(客户):""[图片]""。08月27日 02:59分。你的月亮我的心(客户):""尊敬的业主大家好！我是夜间执勤赵队长，金碧物业安保服务8月27号巡查，时刻守护业主们的安全，请安心入睡，如有紧急情况请拨打0531-55612606""。你的月亮我的心(客户):""[图片]""。&&&","[
    {
        ""话题倾向"": """"
    }
]"
群聊负向,"这是要分析的对话:&&&08月26日 07:54分。王帅(员工):""????金碧物业晨跑开跑啦！！！大朋友、…………""。王帅(员工):""[图片]""。王帅(员工):""[图片]""。王帅(员工):""[图片]""。王帅(员工):""[文件超过最大限制]""。08月26日 08:05分。A00(客户):""尊敬的业主，您好：。       为更好、更快的解决业主问题，现将各值班人员、联系电话及值班时间公示在群内，各位业主可直接电话联系或在群内@秩序110。1、日常家用维修工具(螺丝刀、活动扳手、小锤等);。2、小型购物车、平板车、人字梯、打气筒，应急医用品等。。为您爱家保驾护航，如果您有家政保洁、直饮水卡办理、白蚁消杀、有偿维修、房屋租赁的业务需求，随时与我们联系，为您提供专业的服务。。【秩序维护部】。[爱心]1.值班时间段：。????08:00－20:00????。[爱心]2.值班中队长-赵队电话：0531-83131013。[爱心]3.物业服务电话：0531-55615896、55615596。??4.监控室值班24小时电话：0531-55612606。3、【物业-安保服务“小蜜蜂”】。[抱拳]如您家中有需要帮助的请联系我们?。[爱心]24小时为各位家人守候。[合十]贴心服务、真诚相伴。如需便民服务车，请直接联系；。①55612606。②55612808。有事您说话，我们会在第一时间安排人员帮你处理[玫瑰][玫瑰]""。A00(客户):""[图片]""。08月26日 08:29分。JN29岁月静好(客户):""。[庆祝]雨后园林座椅已擦拭[庆祝]。    [烟花]游乐设施已清理?积水清理中[烟花]。恒大绿洲保洁团队为您服务[玫瑰]""。JN29岁月静好(客户):""[图片]""。08月26日 08:42分。王帅(员工):""[玫瑰][玫瑰]早安  绿洲[玫瑰][玫…………""。王帅(员工):""[链接]""。08月26日 18:44分。A大漠(客户):""??物业秩序“小蜜蜂” ??。[庆祝]“小蜜蜂”来了！来了！[庆祝]。[太阳]有事，您说话[太阳]。[庆祝]车辆电瓶亏电启动不了！。[庆祝]家里有沉物品搬不动了！。[庆祝]买了好多东西拿不了！。联系电话：0531-55612606。秩序小“蜜蜂”竭诚为您服务！[耶][耶][耶]。[庆祝]我们的口号：。[庆祝]真心帮助每一位[庆祝]。[庆祝]热心服务每一人[庆祝]。[庆祝]赠人玫瑰[玫瑰]，手有余香[庆祝]""。A大漠(客户):""[图片]""。08月26日 20:03分。你的月亮我的心(客户):""尊敬的业主，您好：。       为更好、更快的解决业主问题，现将各值班人员、联系电话及值班时间公示在群内，各位业主可直接电话联系或在群内@秩序110。1、日常家用维修工具(螺丝刀、活动扳手、小锤等);。2、小型购物车、平板车、人字梯、打气筒，应急医用品等。。为您爱家保驾护航，如果您有家政保洁、直饮水卡办理、白蚁消杀、有偿维修、房屋租赁的业务需求，随时与我们联系，为您提供专业的服务。。【秩序维护部】。[爱心]1.值班时间段：。????20:00－08:00????。[爱心]2.值班中队长-赵队电话：0531-55615881。[爱心]3.物业服务电话：0531-55615896、55615596。??4.监控室值班24小时电话：0531-55612606。3、【物业-安保服务“小蜜蜂”】。[抱拳]如您家中有需要帮助的请联系我们?。[爱心]24小时为各位家人守候。[合十]贴心服务、真诚相伴。如需便民服务车，请直接联系；。①55612606。②55612808。有事您说话，我们会在第一时间安排人员帮你处理[玫瑰][玫瑰]""。你的月亮我的心(客户):""[图片]""。08月26日 23:52分。你的月亮我的心(客户):""尊敬的业主大家好！我是夜间执勤赵队长，金碧物业安保服务8月26号巡查，时刻守护业主们的安全，请安心入睡，如有紧急情况请拨打0531-55612606""。你的月亮我的心(客户):""[图片]""。08月27日 02:59分。你的月亮我的心(客户):""尊敬的业主大家好！我是夜间执勤赵队长，金碧物业安保服务8月27号巡查，时刻守护业主们的安全，请安心入睡，如有紧急情况请拨打0531-55612606""。你的月亮我的心(客户):""[图片]""。&&&","[
    {
        ""话题倾向"": """"
    }
]"
群聊负向,"这是要分析的对话:&&&08月26日 08:04分。济南绿洲12-13-17号楼管家大寒(员工):""????金碧物业晨跑开跑啦！！！大朋友、…………""。济南绿洲12-13-17号楼管家大寒(员工):""[图片]""。济南绿洲12-13-17号楼管家大寒(员工):""[图片]""。济南绿洲12-13-17号楼管家大寒(员工):""[图片]""。08月26日 08:18分。宁宁(客户):""??ˋ????ˊ??????????????????.*·做自己生活的舵手 把握梦想前进的方向 不服输 才能成长更好的自己。各位家人们[爱心]早上好！。我是物业保洁领班庄明华，联系电话 15628830750。各位保洁叔叔阿姨已到岗。??倘若您发现任何环境方面的问题或者有宝贵的建议，随时与我联系，我定会全力以赴为您排忧解难！。??感谢各位家人一直以来的信赖与支持！ ?? ??""。宁宁(客户):""[图片]""。08月26日 09:55分。顺其自然(客户):""8.13元，接到[爆竹]“银监会”[爆竹]电话被骗。。3.63万元，大学生??兼职??被骗。。3.5万元，初中生被骗。。3.46万元，妇女?兼职刷单?被骗。。2.31万元，男青年[色]约炮[色]被骗。。。男青年[色][色]约炮[色][色]，妇女??兼职刷单??、????被“异性网友”诱导投资????诈骗高发！。转发提醒好家里的[拥抱]年轻人、妇女[拥抱]！。。【8月25日电诈警情通报】（近三天典型案例）。【平安街道、开发区派出所】。1、乙武村居民（开发区报警），【接到“银监会”电话】被骗8.13万元。。??手段：接到电话，对方自称?【“银监会”工作人员】??，要帮其“降低网贷利率”，还让其??登陆假的银监会网站??。。        过程中，?开启“屏幕共享”?，指导其将钱转走。。。【大学城、大学路派出所】。2、山东师范大学思想政治教育专业大四学生，【兼职】被骗3.63万元。。??手段：网上看到信息，兼职（“垫资”代充话费）。对方称选择[爆竹][爆竹]“企业代付”[爆竹][爆竹]，??钱就不会被转走，但操作后，钱还是被转走??。。       对方称其操作失误，??为退款，按对方要求，继续转账??。。。【马山镇、马山派出所】。3、周庙村初中生，【找人“解封微信”】被骗3.5万元。。??手段：快手找人解封微信，对方让其?提供了家长微信、银行卡的【验证码】?，钱被转走。。。【文昌街道、新城派出所】。4、建发天玺妇女，网上兼职【垫资做任务、刷销量、刷关注、刷点赞】被骗3.46万元。。??手段：??被陌生人拉进群??，推荐足不出户做兼职，[裂开]抖音刷关注[裂开]挣到佣金，后被引诱??“垫资”刷购“抖币”??。。        前期挣到小额返利，后被以【系统设置，需要[苦涩]连续刷任务才能退还垫付金、佣金[苦涩]】，【??操作失误，需要刷补救单??】为由要求转账。。。【崮云湖街道、大学路派出所】。5、河南籍务工男青年（租住乐天），【刷单做任务以?? 免费约炮?? 】被骗2.31万元。。??手段：??网上看到信息??，下载APP，为[吐]解锁约炮资格[吐]，??“约炮”客服引诱其“垫资”刷“会员费”??，前期挣到小额返利。。        后被以【系统设置，需要[裂开]连续刷任务[裂开]才能退还垫付金、佣金】、【??操作失误??（后台都能做手脚），刷补救单】为由要求多次转账。""。08月26日 10:21分。顺其自然(客户):""各位居民朋友好~。社区邻里夜校“AI机器人”招生啦~，详细信息如下：。上课时间：2024年8月28日本周三晚上七点半。活动地点：恒大绿洲第二社区党群服务中心""。顺其自然(客户):""[小程序消息]""。08月26日 11:35分。风雨中站立   现(客户):""【公区维修8月19日-8月25日工作汇报】。●公区及地下车库排污泵检修7处。●公区及地下车库照明更换6处。●公区直饮水机滤芯更换4处。●公区大堂顶子破损粉刷5处。●公区墙砖破损更换3处。●公区消防故障处理47处。●公区充电桩头安装21处。●园区排污管道疏通8处。●园区路面维修3处。●电梯维保125部。●设备房维护保养。●设备房巡查。工程维修，为您的生活保驾护航。如需帮助请拨打。24小时物业热线:。0531-55615896。济南恒大绿洲物业服务中心""。风雨中站立   现(客户):""[图片]""。08月26日 15:38分。宁宁(客户):""[图片]""。宁宁(客户):""[图片]""。宁宁(客户):""[图片]""。宁宁(客户):""[图片]""。08月26日 16:15分。。(客户):""[视频]""。。(客户):""亲们这是谁家的小猫啊？跟着孩子来家里了""。08月26日 16:23分。 朵and?? 宸??(客户):""这应该是个野猫  看到好多次了""。 朵and?? 宸??(客户):""昨天看到了  孩子也给猫买吃的了""。。(客户):""哦哦""。08月26日 16:53分。宁宁(客户):""[拳头]环境提升持续进行中[拳头]。[太阳]今天地下室清理[太阳]。恒大绿洲保洁团队为您服务[玫瑰]""。宁宁(客户):""[图片]""。08月26日 18:41分。A大漠(客户):""??物业秩序“小蜜蜂” ??。[庆祝]“小蜜蜂”来了！来了！[庆祝]。[太阳]有事，您说话[太阳]。[庆祝]车辆电瓶亏电启动不了！。[庆祝]家里有沉物品搬不动了！。[庆祝]买了好多东西拿不了！。联系电话：0531-55612606。秩序小“蜜蜂”竭诚为您服务！[耶][耶][耶]。[庆祝]我们的口号：。[庆祝]真心帮助每一位[庆祝]。[庆祝]热心服务每一人[庆祝]。[庆祝]赠人玫瑰[玫瑰]，手有余香[庆祝]""。A大漠(客户):""[图片]""。08月26日 20:04分。你的月亮我的心(客户):""尊敬的业主，您好：。       为更好、更快的解决业主问题，现将各值班人员、联系电话及值班时间公示在群内，各位业主可直接电话联系或在群内@秩序110。1、日常家用维修工具(螺丝刀、活动扳手、小锤等);。2、小型购物车、平板车、人字梯、打气筒，应急医用品等。。为您爱家保驾护航，如果您有家政保洁、直饮水卡办理、白蚁消杀、有偿维修、房屋租赁的业务需求，随时与我们联系，为您提供专业的服务。。【秩序维护部】。[爱心]1.值班时间段：。????20:00－08:00????。[爱心]2.值班中队长-赵队电话：0531-55615881。[爱心]3.物业服务电话：0531-55615896、55615596。??4.监控室值班24小时电话：0531-55612606。3、【物业-安保服务“小蜜蜂”】。[抱拳]如您家中有需要帮助的请联系我们?。[爱心]24小时为各位家人守候。[合十]贴心服务、真诚相伴。如需便民服务车，请直接联系；。①55612606。②55612808。有事您说话，我们会在第一时间安排人员帮你处理[玫瑰][玫瑰]""。你的月亮我的心(客户):""[图片]""。08月26日 23:51分。你的月亮我的心(客户):""尊敬的业主大家好！我是夜间执勤赵队长，金碧物业安保服务8月26号巡查，时刻守护业主们的安全，请安心入睡，如有紧急情况请拨打0531-55612606""。你的月亮我的心(客户):""[图片]""。08月27日 03:00分。你的月亮我的心(客户):""尊敬的业主大家好！我是夜间执勤赵队长，金碧物业安保服务8月27号巡查，时刻守护业主们的安全，请安心入睡，如有紧急情况请拨打0531-55612606""。你的月亮我的心(客户):""[图片]""。&&&","[
    {
        ""话题倾向"": """"
    }
]"
群聊负向,"这是要分析的对话:&&&08月26日 09:01分。恒大社区居委会8731213(客户):""[视频号消息]""。08月26日 10:16分。恒大社区居委会8731213(客户):""[图片]""。恒大社区居委会8731213(客户):""活动通知：恒大社区将于本周三8月28日下午3：00开展社区文明宣传和清扫活动，请需要参与暑假社会实践活动的学生扫下方的腾讯问卷报名参与。。集合地点：恒大社区居委会办公室（恒大城1期1栋内铺）。集合时间：8月28日下午2：50。备注：目前我们发的志愿活动主要是针对学校有要求学生参加暑假社会实践活动要盖章的或者是学校有要求做I志愿的学生，一般是中学生或者大学生，因每次活动人数有限，请没有这方面要求的学生家长暂时不要报名，谢谢！。温馨提示：。1.最近天气多变，请自备雨具遮阳防雨，注意安全。。2.请有需要拍照交学校的同学，自行带手机拍照哈。3.本次活动为24年暑期学生社会实践活动的最后一次活动，后续将不再开展，请有需要的学生积极参与。""。08月26日 17:10分。（休假中）韶关恒大城-管家-彭小芸(员工):""@所有人     关于八月园区消杀通知。…………""。08月26日 17:26分。（休假中）韶关恒大城-管家-彭小芸(员工):""温馨提醒：。        下午好[玫瑰…………""。08月26日 19:07分。韶关恒大城B区监控员(客户):""2024-8-26。【秩序维护部】。1、值班时间段:【19:00-7:00】。2、值班中队长:  李佰全。联系电话：18933707875。【温馨提示】。请各位业主知悉，如需要帮助或遇紧急情况，请电话联系值班室或值班中队长。。物业24小时值班电话：0751-8706100。0751-8706228""。&&&","[
    {
        ""话题倾向"": """"
    }
]"
群聊负向,"这是要分析的对话:&&&08月26日 08:36分。汪海艳(员工):""?????????家人们，早上好~。今天…………""。08月26日 09:40分。メ老頭孜(客户):""[图片]""。08月26日 11:14分。Nevermind(客户):""通知：。8月25日是全国第八个残疾预防日，筑安社区居委会于明天8月27日（本周二）上午在辖区内开展“预防疾病致残  共享健康生活”宣传服务活动，希望学校有社会实践活动要求的学生积极参与，请有意参加志愿服务活动的人员于8月27日早上9:30到8组团筑安社区居委会集中开展活动。""。08月26日 15:43分。Nevermind(客户):""【提示】买卖游戏账号、游戏装备等一定要在官方平台进行，不要点击陌生链接，以交保证金、提现失败、账号冻结等理由要求继续充值的都是诈骗！""。Nevermind(客户):""[视频号消息]""。08月26日 20:01分。悦想(客户):""各位业主：晚上好！[玫瑰]。8月26日秩序部夜间执勤安排：。一、带班队长：陈欢。13984216859。工程值班人员:杨丙云?。13984310672。二、24小时值班电话：。0851-83862661。辖区派出所电话：。0851-83851334。三、带班时间：20:00-08:00。四、我们将12小时坚守岗位，如有需要请致电，我们将竭诚为您服务。夜间休息请关好门窗，做好安全防范，出入小区带好业主卡、谨防尾随。。贵阳恒大文化旅游城物业服务中心祝您：生活愉快！[烟花]""。悦想(客户):""[图片]""。悦想(客户):""[视频]""。&&&","[
    {
        ""话题倾向"": """"
    }
]"
群聊负向,"这是要分析的对话:&&&08月26日 08:01分。姜(客户):""尊敬的各位业主：早上好[玫瑰]。8月26日秩序部白班已接班，执勤安排如下：。一、值班:姜小朋 18786658735。二、24小时值班电：0851-83873003。辖区派出所电话：0851-83851334。三、带班时间：08:00-20:00。四、我们将12小时坚守岗位，如有需要请致电，我们将竭诚为您服务。外出请关好门窗、水电及燃气、出入小区带好业主卡、做好个人防护。。贵阳恒大文化旅游城物业服务中心祝您：生活愉快！[烟花]""。姜(客户):""[图片]""。08月26日 08:58分。晏春英(员工):""【?? 管家休假知会】。尊敬的业主，您好…………""。08月26日 11:01分。姜(客户):""#金碧物业·秩序(保安)服务篇。??用心打磨每一个细节，用真诚赢得您的信赖??。??优美的环境，优良的秩序，优质的服务，都藏在细节里??。?从平凡处发现不平凡，感受我们的用心??。??绝不辜负您的信赖，全心全意为您服务??。         ??金碧物业  我们与您同在。               ——贵阳恒大文化旅游城物业服务中心""。姜(客户):""[图片]""。08月26日 12:25分。心之恋(客户):""[视频号消息]""。心之恋(客户):""【提示】买卖游戏账号、游戏装备等一定要在官方平台进行，不要点击陌生链接，以交保证金、提现失败、账号冻结等理由要求继续充值的都是诈骗！""。心之恋(客户):""通知：。8月25日是全国第八个残疾预防日，筑安社区居委会于明天8月27日（本周二）上午在辖区内开展“预防疾病致残  共享健康生活”宣传服务活动，希望学校有社会实践活动要求的学生积极参与，请有意参加志愿服务活动的人员于8月27日早上9:30到8组团筑安社区居委会集中开展活动。""。08月26日 20:25分。        (客户):""?各位业主：晚上好！[玫瑰]。8月26日秩序部夜间执勤安排：。值班：罗锋18285024210 。维修部：何彬18984855091?。辖区派出所电话：0851-83851334。三、带班时间：20:00-08:00。四、我们将12小时坚守岗位，如有需要请致电，我们将竭诚为您服务。夜间休息请关好门窗，做好安全防范，出入小区带好业主卡、谨防尾随。。贵阳恒大文化旅游城物业服务中心祝您：生活愉快！[烟花]""。08月26日 20:32分。        (客户):""[视频]""。        (客户):""[图片]""。&&&","[
    {
        ""话题倾向"": """"
    }
]"
群聊负向,"这是要分析的对话:&&&08月26日 08:07分。A00(客户):""尊敬的业主，您好：。       为更好、更快的解决业主问题，现将各值班人员、联系电话及值班时间公示在群内，各位业主可直接电话联系或在群内@秩序110。1、日常家用维修工具(螺丝刀、活动扳手、小锤等);。2、小型购物车、平板车、人字梯、打气筒，应急医用品等。。为您爱家保驾护航，如果您有家政保洁、直饮水卡办理、白蚁消杀、有偿维修、房屋租赁的业务需求，随时与我们联系，为您提供专业的服务。。【秩序维护部】。[爱心]1.值班时间段：。????08:00－20:00????。[爱心]2.值班中队长-赵队电话：0531-83131013。[爱心]3.物业服务电话：0531-55615896、55615596。??4.监控室值班24小时电话：0531-55612606。3、【物业-安保服务“小蜜蜂”】。[抱拳]如您家中有需要帮助的请联系我们?。[爱心]24小时为各位家人守候。[合十]贴心服务、真诚相伴。如需便民服务车，请直接联系；。①55612606。②55612808。有事您说话，我们会在第一时间安排人员帮你处理[玫瑰][玫瑰]""。A00(客户):""[图片]""。08月26日 08:17分。宁宁(客户):""??ˋ????ˊ??????????????????.*·做自己生活的舵手 把握梦想前进的方向 不服输 才能成长更好的自己。各位家人们[爱心]早上好！。我是物业保洁领班庄明华，联系电话 15628830750。各位保洁叔叔阿姨已到岗。??倘若您发现任何环境方面的问题或者有宝贵的建议，随时与我联系，我定会全力以赴为您排忧解难！。??感谢各位家人一直以来的信赖与支持！ ?? ??""。宁宁(客户):""[图片]""。08月26日 08:42分。济南绿洲20－21号楼管家惊蛰(员工):""????金碧物业晨跑开跑啦！！！大朋友、…………""。济南绿洲20－21号楼管家惊蛰(员工):""[图片]""。济南绿洲20－21号楼管家惊蛰(员工):""[图片]""。济南绿洲20－21号楼管家惊蛰(员工):""[图片]""。济南绿洲20－21号楼管家惊蛰(员工):""[文件超过最大限制]""。济南绿洲20－21号楼管家惊蛰(员工):""[玫瑰][玫瑰]早安  绿洲[玫瑰][玫…………""。济南绿洲20－21号楼管家惊蛰(员工):""[链接]""。08月26日 09:55分。顺其自然(客户):""8.13元，接到[爆竹]“银监会”[爆竹]电话被骗。。3.63万元，大学生??兼职??被骗。。3.5万元，初中生被骗。。3.46万元，妇女?兼职刷单?被骗。。2.31万元，男青年[色]约炮[色]被骗。。。男青年[色][色]约炮[色][色]，妇女??兼职刷单??、????被“异性网友”诱导投资????诈骗高发！。转发提醒好家里的[拥抱]年轻人、妇女[拥抱]！。。【8月25日电诈警情通报】（近三天典型案例）。【平安街道、开发区派出所】。1、乙武村居民（开发区报警），【接到“银监会”电话】被骗8.13万元。。??手段：接到电话，对方自称?【“银监会”工作人员】??，要帮其“降低网贷利率”，还让其??登陆假的银监会网站??。。        过程中，?开启“屏幕共享”?，指导其将钱转走。。。【大学城、大学路派出所】。2、山东师范大学思想政治教育专业大四学生，【兼职】被骗3.63万元。。??手段：网上看到信息，兼职（“垫资”代充话费）。对方称选择[爆竹][爆竹]“企业代付”[爆竹][爆竹]，??钱就不会被转走，但操作后，钱还是被转走??。。       对方称其操作失误，??为退款，按对方要求，继续转账??。。。【马山镇、马山派出所】。3、周庙村初中生，【找人“解封微信”】被骗3.5万元。。??手段：快手找人解封微信，对方让其?提供了家长微信、银行卡的【验证码】?，钱被转走。。。【文昌街道、新城派出所】。4、建发天玺妇女，网上兼职【垫资做任务、刷销量、刷关注、刷点赞】被骗3.46万元。。??手段：??被陌生人拉进群??，推荐足不出户做兼职，[裂开]抖音刷关注[裂开]挣到佣金，后被引诱??“垫资”刷购“抖币”??。。        前期挣到小额返利，后被以【系统设置，需要[苦涩]连续刷任务才能退还垫付金、佣金[苦涩]】，【??操作失误，需要刷补救单??】为由要求转账。。。【崮云湖街道、大学路派出所】。5、河南籍务工男青年（租住乐天），【刷单做任务以?? 免费约炮?? 】被骗2.31万元。。??手段：??网上看到信息??，下载APP，为[吐]解锁约炮资格[吐]，??“约炮”客服引诱其“垫资”刷“会员费”??，前期挣到小额返利。。        后被以【系统设置，需要[裂开]连续刷任务[裂开]才能退还垫付金、佣金】、【??操作失误??（后台都能做手脚），刷补救单】为由要求多次转账。""。08月26日 10:21分。顺其自然(客户):""各位居民朋友好~。社区邻里夜校“AI机器人”招生啦~，详细信息如下：。上课时间：2024年8月28日本周三晚上七点半。活动地点：恒大绿洲第二社区党群服务中心""。顺其自然(客户):""[小程序消息]""。08月26日 15:38分。宁宁(客户):""[图片]""。宁宁(客户):""[图片]""。宁宁(客户):""[图片]""。宁宁(客户):""[图片]""。和和美美(客户):""[强][强][强][强][强][强]""。08月26日 16:53分。宁宁(客户):""[拳头]环境提升持续进行中[拳头]。[太阳]今天地下室清理[太阳]。恒大绿洲保洁团队为您服务[玫瑰]""。宁宁(客户):""[图片]""。08月26日 18:41分。A大漠(客户):""??物业秩序“小蜜蜂” ??。[庆祝]“小蜜蜂”来了！来了！[庆祝]。[太阳]有事，您说话[太阳]。[庆祝]车辆电瓶亏电启动不了！。[庆祝]家里有沉物品搬不动了！。[庆祝]买了好多东西拿不了！。联系电话：0531-55612606。秩序小“蜜蜂”竭诚为您服务！[耶][耶][耶]。[庆祝]我们的口号：。[庆祝]真心帮助每一位[庆祝]。[庆祝]热心服务每一人[庆祝]。[庆祝]赠人玫瑰[玫瑰]，手有余香[庆祝]""。A大漠(客户):""[图片]""。08月26日 20:04分。你的月亮我的心(客户):""尊敬的业主，您好：。       为更好、更快的解决业主问题，现将各值班人员、联系电话及值班时间公示在群内，各位业主可直接电话联系或在群内@秩序110。1、日常家用维修工具(螺丝刀、活动扳手、小锤等);。2、小型购物车、平板车、人字梯、打气筒，应急医用品等。。为您爱家保驾护航，如果您有家政保洁、直饮水卡办理、白蚁消杀、有偿维修、房屋租赁的业务需求，随时与我们联系，为您提供专业的服务。。【秩序维护部】。[爱心]1.值班时间段：。????20:00－08:00????。[爱心]2.值班中队长-赵队电话：0531-55615881。[爱心]3.物业服务电话：0531-55615896、55615596。??4.监控室值班24小时电话：0531-55612606。3、【物业-安保服务“小蜜蜂”】。[抱拳]如您家中有需要帮助的请联系我们?。[爱心]24小时为各位家人守候。[合十]贴心服务、真诚相伴。如需便民服务车，请直接联系；。①55612606。②55612808。有事您说话，我们会在第一时间安排人员帮你处理[玫瑰][玫瑰]""。你的月亮我的心(客户):""[图片]""。08月26日 20:46分。大海(客户):""【公区维修8月19日-8月25日工作汇报】。●公区及地下车库排污泵检修7处。●公区及地下车库照明更换6处。●公区直饮水机滤芯更换4处。●公区大堂顶子破损粉刷5处。●公区墙砖破损更换3处。●公区消防故障处理47处。●公区充电桩头安装21处。●园区排污管道疏通8处。●园区路面维修3处。●电梯维保125部。●设备房维护保养。●设备房巡查。工程维修，为您的生活保驾护航。如需帮助请拨打。24小时物业热线:。0531-55615896。济南恒大绿洲物业服务中心""。大海(客户):""[图片]""。08月26日 23:50分。你的月亮我的心(客户):""尊敬的业主大家好！我是夜间执勤赵队长，金碧物业安保服务8月26号巡查，时刻守护业主们的安全，请安心入睡，如有紧急情况请拨打0531-55612606""。你的月亮我的心(客户):""[图片]""。08月27日 03:01分。你的月亮我的心(客户):""尊敬的业主大家好！我是夜间执勤赵队长，金碧物业安保服务8月27号巡查，时刻守护业主们的安全，请安心入睡，如有紧急情况请拨打0531-55612606""。你的月亮我的心(客户):""[图片]""。&&&","[
    {
        ""话题倾向"": """"
    }
]"
群聊负向,"这是要分析的对话:&&&08月26日 06:07分。心情尚好15367485711(客户):""[图片]""。心情尚好15367485711(客户):""???♂【防溺水??安全温馨提示】。??亲爱的业主家人们：大家好??。?天气渐热，为了孩子们??的安全，请提高安全防范意识?，时刻监督和管理??好孩子，加强对孩子的防溺水??安全教育，禁止??孩子私自到小溪、水库、江边玩水、捕鱼、捉虾、游泳等。 。??安全无小事 时刻要警惕??。请家长??加强对孩子防溺水的监管力度，提高孩子??防溺水的自觉性?。同时物业工作人员??也会加大对园区的巡逻。为孩子的生命安全构筑坚实的防线??。??如需帮助请拨24小时服务热线。二期?:0731-85066275。一期?:0731-85520610。#长沙恒大雅苑物业服务中心""。心情尚好15367485711(客户):""??长沙恒大雅苑。?2024年8??26日  星期一。?天气: 晴  气温：28－37℃。1、1、广西一景区“飞天魔毯”项目故障致1死60伤 景区提出“买断”赔偿方案；。2、浙江绍兴一医院眼科套取医保资金2000万，手术医生庭审坚称无罪引争议；。3、郑州：相关企业限期撤除全市小区电梯里的“上门按摩”广告；。4、今年三伏，全国平均气温达到23.24℃，为史上最热；。5、日本核污染水排海一年，8轮累计排放将达62500吨；微信搜：每日微语报。6、超80城支持国企等收购存量房：36城已启动征集，“去库存效果最直接”；。7、合肥女子李梅在长沙坐拥87套房，因涉罪被查封，正式被法院挂网待拍卖；。8、安徽发文鼓励探索垂钓实名制，官方回应：还未启动落实；。9、周鸿祎再回应“手表不当回答”：已惩罚产品经理接一个月客服电话；。10、三文鱼刺身隔夜返包销售 胖东来：奖励投诉者10万，补偿购买者1000元；。11、黎真主党宣布第一阶段对以袭击取得成功 发射320余枚火箭弹；。12、世卫组织表示，猴痘疫情存在扩散风险，各国防控措施有待加强；。13、防止播音员“讲真话”，日本广播协会开始预录中文新闻；。14、17名中国公民命丧韩国电池厂 火灾调查：因培训不足错失37秒逃生窗口；。15、美国顶尖纳米科学家打算来华工作，曾因与中国高校合作而被美政府判刑；""。08月26日 09:07分。彪(客户):""【?? 秩序服务?巡逻篇】。我们是白班园区秩序的守护者??。每天园区全覆盖巡视??。希望用我们的行动??。为您营造舒适的居家环境??。如需帮助请拨打24小时服务热线。?:0731一82231519。值班中队长。?:17700582090（二期）。??我们竭诚为您服务??""。彪(客户):""[视频]""。08月26日 09:25分。长沙恒大雅苑-管家侯雨昕(员工):""关于开展小区四害消杀的通知。    尊敬…………""。长沙恒大雅苑-管家侯雨昕(员工):""[图片]""。08月26日 11:20分。长沙恒大雅苑-管家侯雨昕(员工):""【??物业工作周报】  。尊敬的业主/住…………""。长沙恒大雅苑-管家侯雨昕(员工):""[图片]""。08月26日 16:52分。陆清怡(客户):""[图片]""。陆清怡(客户):""75栋阿姨府下身子擦地下油污，亲自冲洗地面，真的辛苦了。[强][强]""。子鱼(客户):""[强][强][强]""。子鱼(客户):""辛苦了，也希望大家的垃圾袋如果漏水，一定要多套个袋子以免滴水到地面，各种踩的脏兮兮""。08月26日 17:50分。辉同一般(客户):""每天早起跑步、中午晚餐后下楼扔垃圾，都看到负责75楼栋卫生的大姐在忙碌，这天气太热，真的辛苦，谢谢[强][强][握手][握手]""。08月26日 18:03分。长沙恒大雅苑-管家侯雨昕(员工):""关于小区内防范蛇类动物的温馨提示。各位业…………""。长沙恒大雅苑-管家侯雨昕(员工):""[图片]""。08月26日 19:13分。彪(客户):""【?? 秩序服务?巡逻篇】。我们是白班园区秩序的守护者??。每天园区全覆盖巡视??。希望用我们的行动??。为您营造舒适的居家环境??。如需帮助请拨打24小时服务热线。?:0731一82231519。值班中队长。?:17700582090（二期）。??我们竭诚为您服务??""。彪(客户):""[视频]""。08月26日 19:24分。鲸鱼(客户):""75栋 右边电梯很脏""。鲸鱼(客户):""[文件下载失败]""。长沙恒大雅苑-管家侯雨昕(员工):""好的，过来打扫了""。08月26日 19:37分。赵林杰(客户):""@鲸鱼75-2407?，75栋电梯己拖干净。""。赵林杰(客户):""[文件下载失败]""。鲸鱼(客户):""[强][强]""。08月26日 19:53分。小牛牛(客户):""8月26日园林工作日常""。小牛牛(客户):""[文件下载失败]""。08月26日 20:02分。Vampiae(客户):""业主您好??。我是夜班秩序班长（周游：17700582090），也是你的夜间安全守护者??，也许您从来没有见过我，因为我值守在您熟睡的每个晚上。夜间??我们会跟踪可疑人员、巡查车库、巡查园区、巡查楼层。。??清晨06:00我们还会查看每个电梯，确保您上班时电梯正常运行。。??如需帮助请及时拨打24小时服务电话85066275，我会出现在你需要的每个时刻???♂????♂????♂?。祝?您好梦！一醒来又是美美哒的一天哦??????""。08月26日 20:49分。Vampiae(客户):""【?? 秩序服务?巡逻篇】。我们是晚班园区秩序的守护者??。每天园区全覆盖巡视??。希望用我们的行动??。为您营造舒适的居家环境??。如需帮助请拨打24小时服务热线。?:0731一82231519。值班中队长： 周游。?:17700582090（二期）。??我们竭诚为您服务??""。Vampiae(客户):""[视频]""。08月26日 21:22分。yh(客户):""??秩序小哥无处不在??，晚间环境卫生有我在，舒适环境携手大家一起共同营造[握手]。      ??文明呼吁【垃圾有个家，那是垃圾桶，请送它回家】 如您需要帮助请拨打物业中心24小时服务热线：?0731一85066275。值班中队长：周游。电话：17700582090""。yh(客户):""[图片]""。08月26日 22:32分。Go West(客户):""[图片]""。Go West(客户):""请迅速挪车 电话也没留 @秩序部余杭? 帮忙问一下 ""。yh(客户):""收到""。08月26日 23:15分。yh(客户):""电话打不通，已报交管""。yh(客户):""[图片]""。08月27日 03:50分。yh(客户):""【?? 秩序服务?巡逻篇】。我们是晚班园区秩序的守护者??。每天园区全覆盖巡视??。希望用我们的行动??。为您营造舒适的居家环境??。如需帮助请拨打24小时服务热线。?:0731一82231519。值班中队长。?:17700582090（二期）。??我们竭诚为您服务??""。yh(客户):""[图片]""。&&&","[
    {
        ""话题倾向"": """"
    }
]"
群聊负向,"这是要分析的对话:&&&08月26日 09:02分。恒大社区居委会8731213(客户):""[视频号消息]""。08月26日 10:16分。恒大社区居委会8731213(客户):""活动通知：恒大社区将于本周三8月28日下午3：00开展社区文明宣传和清扫活动，请需要参与暑假社会实践活动的学生扫下方的腾讯问卷报名参与。。集合地点：恒大社区居委会办公室（恒大城1期1栋内铺）。集合时间：8月28日下午2：50。备注：目前我们发的志愿活动主要是针对学校有要求学生参加暑假社会实践活动要盖章的或者是学校有要求做I志愿的学生，一般是中学生或者大学生，因每次活动人数有限，请没有这方面要求的学生家长暂时不要报名，谢谢！。温馨提示：。1.最近天气多变，请自备雨具遮阳防雨，注意安全。。2.请有需要拍照交学校的同学，自行带手机拍照哈。3.本次活动为24年暑期学生社会实践活动的最后一次活动，后续将不再开展，请有需要的学生积极参与。""。恒大社区居委会8731213(客户):""[图片]""。08月26日 17:08分。韶关恒大城-管家-李海通(员工):""     关于八月园区消杀通知。尊敬的业…………""。韶关恒大城-管家-李海通(员工):""[图片]""。休息中)韶关恒大城-管家-徐文珠(员工):""    关于八月园区消杀通知。尊敬的业户…………""。休息中)韶关恒大城-管家-徐文珠(员工):""[图片]""。08月26日 19:03分。韶关恒大城A区监控员(客户):""2024-08-26。【秩序维护部】。1、值班时间段: 19:00-07:00。2、值班中队长: 祝金才。联系:13509859250。【温馨提示】。请各位业主知悉，如需要帮助或遇紧急情况，请电话联系值班室或值班中队长。。物业24小时值班电话：。0751-8709633。0751-8709600""。&&&","[
    {
        ""话题倾向"": """"
    }
]"
群聊负向,"这是要分析的对话:&&&08月26日 07:24分。济南绿洲39-42-43管家小雪(员工):""????金碧物业晨跑开跑啦！！！大朋友、…………""。济南绿洲39-42-43管家小雪(员工):""[图片]""。济南绿洲39-42-43管家小雪(员工):""[图片]""。济南绿洲39-42-43管家小雪(员工):""[图片]""。济南绿洲39-42-43管家小雪(员工):""[文件超过最大限制]""。08月26日 08:06分。A00(客户):""尊敬的业主，您好：。       为更好、更快的解决业主问题，现将各值班人员、联系电话及值班时间公示在群内，各位业主可直接电话联系或在群内@秩序110。1、日常家用维修工具(螺丝刀、活动扳手、小锤等);。2、小型购物车、平板车、人字梯、打气筒，应急医用品等。。为您爱家保驾护航，如果您有家政保洁、直饮水卡办理、白蚁消杀、有偿维修、房屋租赁的业务需求，随时与我们联系，为您提供专业的服务。。【秩序维护部】。[爱心]1.值班时间段：。????08:00－20:00????。[爱心]2.值班中队长-赵队电话：0531-83131013。[爱心]3.物业服务电话：0531-55615896、55615596。??4.监控室值班24小时电话：0531-55612606。3、【物业-安保服务“小蜜蜂”】。[抱拳]如您家中有需要帮助的请联系我们?。[爱心]24小时为各位家人守候。[合十]贴心服务、真诚相伴。如需便民服务车，请直接联系；。①55612606。②55612808。有事您说话，我们会在第一时间安排人员帮你处理[玫瑰][玫瑰]""。A00(客户):""[图片]""。08月26日 08:44分。济南绿洲39-42-43管家小雪(员工):""[玫瑰][玫瑰]早安  绿洲[玫瑰][玫…………""。济南绿洲39-42-43管家小雪(员工):""[链接]""。08月26日 09:45分。恒大四社区@蒋(客户):""8.13元，接到[爆竹]“银监会”[爆竹]电话被骗。。3.63万元，大学生??兼职??被骗。。3.5万元，初中生被骗。。3.46万元，妇女?兼职刷单?被骗。。2.31万元，男青年[色]约炮[色]被骗。。。男青年[色][色]约炮[色][色]，妇女??兼职刷单??、????被“异性网友”诱导投资????诈骗高发！。转发提醒好家里的[拥抱]年轻人、妇女[拥抱]！。。【8月25日电诈警情通报】（近三天典型案例）。【平安街道、开发区派出所】。1、乙武村居民（开发区报警），【接到“银监会”电话】被骗8.13万元。。??手段：接到电话，对方自称?【“银监会”工作人员】??，要帮其“降低网贷利率”，还让其??登陆假的银监会网站??。。        过程中，?开启“屏幕共享”?，指导其将钱转走。。。【大学城、大学路派出所】。2、山东师范大学思想政治教育专业大四学生，【兼职】被骗3.63万元。。??手段：网上看到信息，兼职（“垫资”代充话费）。对方称选择[爆竹][爆竹]“企业代付”[爆竹][爆竹]，??钱就不会被转走，但操作后，钱还是被转走??。。       对方称其操作失误，??为退款，按对方要求，继续转账??。。。【马山镇、马山派出所】。3、周庙村初中生，【找人“解封微信”】被骗3.5万元。。??手段：快手找人解封微信，对方让其?提供了家长微信、银行卡的【验证码】?，钱被转走。。。【文昌街道、新城派出所】。4、建发天玺妇女，网上兼职【垫资做任务、刷销量、刷关注、刷点赞】被骗3.46万元。。??手段：??被陌生人拉进群??，推荐足不出户做兼职，[裂开]抖音刷关注[裂开]挣到佣金，后被引诱??“垫资”刷购“抖币”??。。        前期挣到小额返利，后被以【系统设置，需要[苦涩]连续刷任务才能退还垫付金、佣金[苦涩]】，【??操作失误，需要刷补救单??】为由要求转账。。。【崮云湖街道、大学路派出所】。5、河南籍务工男青年（租住乐天），【刷单做任务以?? 免费约炮?? 】被骗2.31万元。。??手段：??网上看到信息??，下载APP，为[吐]解锁约炮资格[吐]，??“约炮”客服引诱其“垫资”刷“会员费”??，前期挣到小额返利。。        后被以【系统设置，需要[裂开]连续刷任务[裂开]才能退还垫付金、佣金】、【??操作失误??（后台都能做手脚），刷补救单】为由要求多次转账。""。08月26日 14:00分。韩(客户):""@物业公区维修-电梯管理员?39号楼负二东梯开不开门，麻烦抓紧维修维修""。韩(客户):""@物业公区维修-电梯管理员?""。半夜汽笛(客户):""收到老师  马上查看""。08月26日 15:37分。。(客户):""    【社区儿童跳绳比赛通知】。亲爱的居民们：。为了丰富我们社区儿童的课余生活，增强孩子们的体质，培养团队合作精神与竞争意识，我们社区将于周四（8月29日）下午2:30，在恒大第四社区（37号楼）举办一场别开生面的“快乐童年，绳彩飞扬”儿童跳绳比赛。现面向全体社区儿童发出诚挚邀请，快来加入我们，一起跳动健康，跳出欢乐吧！。?? 比赛时间：8月29日（周四）下午2:30。?? 比赛地点：恒大绿洲37号党群服务中心。?? 参与对象：社区内所有5-12岁的儿童（欢迎家长陪同观看）。?? 比赛项目：。单人速度跳（计时赛）。花样跳绳展示（创意加分）。?? 报名方式：请家长或监护人于本周四前，填报跳绳报名表或通过电话/微信（87219936/13156193896）进行报名。报名时请提供孩子的姓名、年龄及联系方式。。?? 准备事项：。自备跳绳：每位参赛小朋友需自备一根跳绳，确保比赛顺利进行。。着装舒适：请穿着适合运动的服装和鞋子，以最佳状态迎接比赛。。安全第一：比赛过程中请遵守规则，注意安全，友谊第一，比赛第二。。?? 奖项设置：我们将为各项目组别的优胜者颁发精美奖品，更有参与奖等待每一位勇敢参与的小朋友！。让我们在这个充满活力的季节里，以绳为媒，共赴一场健康与快乐的盛宴。期待每一位小朋友的精彩表现，不见不散！。                        。     ??恒大绿洲第四社区居委会""。。(客户):""[链接]""。08月26日 18:41分。A大漠(客户):""??物业秩序“小蜜蜂” ??。[庆祝]“小蜜蜂”来了！来了！[庆祝]。[太阳]有事，您说话[太阳]。[庆祝]车辆电瓶亏电启动不了！。[庆祝]家里有沉物品搬不动了！。[庆祝]买了好多东西拿不了！。联系电话：0531-55612606。秩序小“蜜蜂”竭诚为您服务！[耶][耶][耶]。[庆祝]我们的口号：。[庆祝]真心帮助每一位[庆祝]。[庆祝]热心服务每一人[庆祝]。[庆祝]赠人玫瑰[玫瑰]，手有余香[庆祝]""。A大漠(客户):""[图片]""。08月26日 20:04分。你的月亮我的心(客户):""尊敬的业主，您好：。       为更好、更快的解决业主问题，现将各值班人员、联系电话及值班时间公示在群内，各位业主可直接电话联系或在群内@秩序110。1、日常家用维修工具(螺丝刀、活动扳手、小锤等);。2、小型购物车、平板车、人字梯、打气筒，应急医用品等。。为您爱家保驾护航，如果您有家政保洁、直饮水卡办理、白蚁消杀、有偿维修、房屋租赁的业务需求，随时与我们联系，为您提供专业的服务。。【秩序维护部】。[爱心]1.值班时间段：。????20:00－08:00????。[爱心]2.值班中队长-赵队电话：0531-55615881。[爱心]3.物业服务电话：0531-55615896、55615596。??4.监控室值班24小时电话：0531-55612606。3、【物业-安保服务“小蜜蜂”】。[抱拳]如您家中有需要帮助的请联系我们?。[爱心]24小时为各位家人守候。[合十]贴心服务、真诚相伴。如需便民服务车，请直接联系；。①55612606。②55612808。有事您说话，我们会在第一时间安排人员帮你处理[玫瑰][玫瑰]""。你的月亮我的心(客户):""[图片]""。08月26日 23:51分。你的月亮我的心(客户):""尊敬的业主大家好！我是夜间执勤赵队长，金碧物业安保服务8月26号巡查，时刻守护业主们的安全，请安心入睡，如有紧急情况请拨打0531-55612606""。你的月亮我的心(客户):""[图片]""。08月27日 03:00分。你的月亮我的心(客户):""尊敬的业主大家好！我是夜间执勤赵队长，金碧物业安保服务8月27号巡查，时刻守护业主们的安全，请安心入睡，如有紧急情况请拨打0531-55612606""。你的月亮我的心(客户):""[图片]""。&&&","[
    {
        ""话题倾向"": """"
    }
]"
群聊负向,"这是要分析的对话:&&&08月26日 08:36分。汪海艳(员工):""?????????家人们，早上好~。今天…………""。08月26日 09:39分。メ老頭孜(客户):""[图片]""。08月26日 11:14分。Nevermind(客户):""通知：。8月25日是全国第八个残疾预防日，筑安社区居委会于明天8月27日（本周二）上午在辖区内开展“预防疾病致残  共享健康生活”宣传服务活动，希望学校有社会实践活动要求的学生积极参与，请有意参加志愿服务活动的人员于8月27日早上9:30到8组团筑安社区居委会集中开展活动。""。08月26日 15:43分。Nevermind(客户):""[视频号消息]""。Nevermind(客户):""【提示】买卖游戏账号、游戏装备等一定要在官方平台进行，不要点击陌生链接，以交保证金、提现失败、账号冻结等理由要求继续充值的都是诈骗！""。08月26日 20:01分。悦想(客户):""各位业主：晚上好！[玫瑰]。8月26日秩序部夜间执勤安排：。一、带班队长：陈欢。13984216859。工程值班人员:杨丙云?。13984310672。二、24小时值班电话：。0851-83862661。辖区派出所电话：。0851-83851334。三、带班时间：20:00-08:00。四、我们将12小时坚守岗位，如有需要请致电，我们将竭诚为您服务。夜间休息请关好门窗，做好安全防范，出入小区带好业主卡、谨防尾随。。贵阳恒大文化旅游城物业服务中心祝您：生活愉快！[烟花]""。悦想(客户):""[图片]""。悦想(客户):""[视频]""。&&&","[
    {
        ""话题倾向"": """"
    }
]"
群聊负向,"这是要分析的对话:&&&08月26日 09:02分。恒大社区居委会8731213(客户):""[视频号消息]""。08月26日 10:15分。恒大社区居委会8731213(客户):""活动通知：恒大社区将于本周三8月28日下午3：00开展社区文明宣传和清扫活动，请需要参与暑假社会实践活动的学生扫下方的腾讯问卷报名参与。。集合地点：恒大社区居委会办公室（恒大城1期1栋内铺）。集合时间：8月28日下午2：50。备注：目前我们发的志愿活动主要是针对学校有要求学生参加暑假社会实践活动要盖章的或者是学校有要求做I志愿的学生，一般是中学生或者大学生，因每次活动人数有限，请没有这方面要求的学生家长暂时不要报名，谢谢！。温馨提示：。1.最近天气多变，请自备雨具遮阳防雨，注意安全。。2.请有需要拍照交学校的同学，自行带手机拍照哈。3.本次活动为24年暑期学生社会实践活动的最后一次活动，后续将不再开展，请有需要的学生积极参与。""。恒大社区居委会8731213(客户):""[图片]""。08月26日 17:09分。（休假中）韶关恒大城-管家-彭小芸(员工):""@所有人     关于八月园区消杀通知。…………""。08月26日 17:26分。（休假中）韶关恒大城-管家-彭小芸(员工):""温馨提醒：。        下午好[玫瑰…………""。08月26日 19:07分。韶关恒大城B区监控员(客户):""2024-8-26。【秩序维护部】。1、值班时间段:【19:00-7:00】。2、值班中队长:  李佰全。联系电话：18933707875。【温馨提示】。请各位业主知悉，如需要帮助或遇紧急情况，请电话联系值班室或值班中队长。。物业24小时值班电话：0751-8706100。0751-8706228""。&&&","[
    {
        ""话题倾向"": """"
    }
]"
群聊负向,"这是要分析的对话:&&&08月26日 05:24分。文荣坤(员工):""[视频]""。文荣坤(员工):""秩序部#夜间园区巡查 #??。24小时坚…………""。08月26日 08:15分。H(客户):""[图片]""。H(客户):""??朝夕相见，经年守候??。??服务不止，用心不缀??。    ————————————。           ?早送晚迎?。   ????让幸福变的简单????""。08月26日 09:39分。小米(员工):""?????????家人们，早上好~。今天…………""。08月26日 18:30分。小米(员工):""【物业在行动-日常清洁】。? 烈日当空，…………""。小米(员工):""[图片]""。小米(员工):""[图片]""。08月26日 18:35分。A岁月静好，未来可期(客户):""通知：。8月25日是全国第八个残疾预防日，筑安社区居委会于明天8月27日（本周二）上午在辖区内开展“预防疾病致残  共享健康生活”宣传服务活动，希望学校有社会实践活动要求的学生积极参与，请有意参加志愿服务活动的人员于8月27日早上9:30到8组团筑安社区居委会集中开展活动。""。A岁月静好，未来可期(客户):""【提示】买卖游戏账号、游戏装备等一定要在官方平台进行，不要点击陌生链接，以交保证金、提现失败、账号冻结等理由要求继续充值的都是诈骗！""。A岁月静好，未来可期(客户):""[视频号消息]""。08月26日 19:51分。凸凸兔(客户):""有没有门锁换电池的安装视频发一个""。Z(客户):""[文件超过最大限制]""。08月26日 19:58分。????(客户):""换电池准备4节5号电池，一把梅花起子""。????(客户):""[图片]""。????(客户):""[图片]""。凸凸兔(客户):""谢谢""。韩老魔(客户):""[视频]""。08月26日 20:03分。韩老魔(客户):""巡逻园区，商铺，车库，无异常。维护安全秩序，我们时刻警备，我们会保持高度的警惕性，及时发现并处理任何可能存在的安全隐患。同时，也请大家注意自身安全，如有异常情况请及时与我们联系。。祝大家生活愉快！[玫瑰][玫瑰][玫瑰]""。韩老魔(客户):""各位业主：晚上好！[玫瑰]。8月26日秩序部夜间执勤安排：。一：值班队长：汤江平。电话:18785183203。二：带班时间。20:00-08:00。三：24小时值班电：0851-83862661。辖区派出所电话：0851-83851334。四、我们将12小时坚守岗位，如有需要请致电，我们将竭诚为您服务。夜间休息请关好门窗，做好安全防范，出入小区带好业主卡。。贵阳恒大文化旅游城物业服务中心祝您：生活愉快！[烟花]""。韩老魔(客户):""????家人们，重要提醒来啦！????。。??亲爱的业主朋友们，为了咱们小区的安全与秩序，一定要记得带卡刷卡进入小区哟！。。???♀?别嫌麻烦，这小小的一张卡，可是守护我们温馨家园的重要“钥匙”。。。??每次进出，轻轻一刷，不仅方便快捷，更是给我们满满的安全感。。。??想象一下，如果大家都能自觉带卡刷卡，那些陌生人就没法随便进入小区啦，我们的孩子能在小区里更自由地玩耍，我们也能更安心地享受生活。。。???????????家人们一起行动起来，让带卡刷卡成为我们生活的一部分。""。&&&","[
    {
        ""话题倾向"": """"
    }
]"
群聊负向,"这是要分析的对话:&&&08月26日 07:58分。天道酬勤(客户):"" 尊敬的各位业主：早上好  。8月26日执勤安排如下：。一、值班队长：张小书18302656806。二、24小时值班电：0851-83873003。辖区派出所电话：0851-83851334。三、带班时间：08:00-20:00。四、我们将12小时坚守岗位，如有需要请致电，我们将竭诚为您服务。外出请关好门窗、水电及燃气、出入小区带好业主卡、做好个人防护。。五、检查道路通行情况正常。。贵阳恒大文化旅游城物业服务中心祝您：生活愉快[烟花]""。08月26日 09:20分。。(客户):""【提示】买卖游戏账号、游戏装备等一定要在官方平台进行，不要点击陌生链接，以交保证金、提现失败、账号冻结等理由要求继续充值的都是诈骗！""。。(客户):""[视频号消息]""。08月26日 10:57分。天道酬勤(客户):""#金碧物业·秩序(保安)服务篇。??用心打磨每一个细节，用真诚赢得您的信赖??。??优美的环境，优良的秩序，优质的服务，都藏在细节里??。?从平凡处发现不平凡，感受我们的用心??。??绝不辜负您的信赖，全心全意为您服务??。         ??金碧物业  我们与您同在。               ——贵阳恒大文化旅游城物业服务中心""。天道酬勤(客户):""[图片]""。08月26日 18:14分。古松(员工):""关于小区园林绿化养护的温馨提示??。尊敬…………""。08月26日 21:06分。。(客户):""通知：。8月25日是全国第八个残疾预防日，筑安社区居委会于明天8月27日（本周二）上午在辖区内开展“预防疾病致残  共享健康生活”宣传服务活动，希望学校有社会实践活动要求的学生积极参与，请有意参加志愿服务活动的人员于8月27日早上9:30到8组团筑安社区居委会集中开展活动。""。@????川川??(客户):""今日秩序巡查园区，通报情况如下：。1、巡查地库，发现未关闭单元门禁，已全部进行了关闭处理；。2、园区运行一切正常，无可疑人员逗留；。4、各位业主如遇紧急情况可拨打值班人员电话：。秩序部:舒川13668509505。维修部:何彬18984855091。辖区派出所电话085183851334。[抱拳]秩序小哥在此呼吁大家：?区的安全、和谐离不开我们共同的努?，请各位小主进出随手关闭单元门，做好安全防范。如遇问题或需帮助欢迎致电。""。@????川川??(客户):""[图片]""。&&&","[
    {
        ""话题倾向"": """"
    }
]"
群聊负向,"这是要分析的对话:&&&08月26日 08:05分。济南绿洲35-36号楼管家小满(员工):""????金碧物业晨跑开跑啦！！！大朋友、…………""。济南绿洲35-36号楼管家小满(员工):""[图片]""。济南绿洲35-36号楼管家小满(员工):""[图片]""。济南绿洲35-36号楼管家小满(员工):""[图片]""。济南绿洲35-36号楼管家小满(员工):""[文件超过最大限制]""。08月26日 08:43分。济南绿洲35-36号楼管家小满(员工):""[玫瑰][玫瑰]早安  绿洲[玫瑰][玫…………""。济南绿洲35-36号楼管家小满(员工):""[链接]""。08月26日 09:45分。恒大四社区@蒋(客户):""8.13元，接到[爆竹]“银监会”[爆竹]电话被骗。。3.63万元，大学生??兼职??被骗。。3.5万元，初中生被骗。。3.46万元，妇女?兼职刷单?被骗。。2.31万元，男青年[色]约炮[色]被骗。。。男青年[色][色]约炮[色][色]，妇女??兼职刷单??、????被“异性网友”诱导投资????诈骗高发！。转发提醒好家里的[拥抱]年轻人、妇女[拥抱]！。。【8月25日电诈警情通报】（近三天典型案例）。【平安街道、开发区派出所】。1、乙武村居民（开发区报警），【接到“银监会”电话】被骗8.13万元。。??手段：接到电话，对方自称?【“银监会”工作人员】??，要帮其“降低网贷利率”，还让其??登陆假的银监会网站??。。        过程中，?开启“屏幕共享”?，指导其将钱转走。。。【大学城、大学路派出所】。2、山东师范大学思想政治教育专业大四学生，【兼职】被骗3.63万元。。??手段：网上看到信息，兼职（“垫资”代充话费）。对方称选择[爆竹][爆竹]“企业代付”[爆竹][爆竹]，??钱就不会被转走，但操作后，钱还是被转走??。。       对方称其操作失误，??为退款，按对方要求，继续转账??。。。【马山镇、马山派出所】。3、周庙村初中生，【找人“解封微信”】被骗3.5万元。。??手段：快手找人解封微信，对方让其?提供了家长微信、银行卡的【验证码】?，钱被转走。。。【文昌街道、新城派出所】。4、建发天玺妇女，网上兼职【垫资做任务、刷销量、刷关注、刷点赞】被骗3.46万元。。??手段：??被陌生人拉进群??，推荐足不出户做兼职，[裂开]抖音刷关注[裂开]挣到佣金，后被引诱??“垫资”刷购“抖币”??。。        前期挣到小额返利，后被以【系统设置，需要[苦涩]连续刷任务才能退还垫付金、佣金[苦涩]】，【??操作失误，需要刷补救单??】为由要求转账。。。【崮云湖街道、大学路派出所】。5、河南籍务工男青年（租住乐天），【刷单做任务以?? 免费约炮?? 】被骗2.31万元。。??手段：??网上看到信息??，下载APP，为[吐]解锁约炮资格[吐]，??“约炮”客服引诱其“垫资”刷“会员费”??，前期挣到小额返利。。        后被以【系统设置，需要[裂开]连续刷任务[裂开]才能退还垫付金、佣金】、【??操作失误??（后台都能做手脚），刷补救单】为由要求多次转账。""。08月26日 11:25分。平平安安(客户):""【公区维修8月19日-8月25日工作汇报】。●公区及地下车库排污泵检修7处。●公区及地下车库照明更换6处。●公区直饮水机滤芯更换4处。●公区大堂顶子破损粉刷5处。●公区墙砖破损更换3处。●公区消防故障处理47处。●公区充电桩头安装21处。●园区排污管道疏通8处。●园区路面维修3处。●电梯维保125部。●设备房维护保养。●设备房巡查。工程维修，为您的生活保驾护航。如需帮助请拨打。24小时物业热线:。0531-55615896。济南恒大绿洲物业服务中心""。平平安安(客户):""[文件下载失败]""。08月26日 15:51分。树(客户):""    【社区儿童跳绳比赛通知】。亲爱的居民们：。为了丰富我们社区儿童的课余生活，增强孩子们的体质，培养团队合作精神与竞争意识，我们社区将于周四（8月29日）下午2:30，在恒大第四社区（37号楼）举办一场别开生面的“快乐童年，绳彩飞扬”儿童跳绳比赛。现面向全体社区儿童发出诚挚邀请，快来加入我们，一起跳动健康，跳出欢乐吧！。?? 比赛时间：8月29日（周四）下午2:30。?? 比赛地点：恒大绿洲37号党群服务中心。?? 参与对象：社区内所有5-12岁的儿童（欢迎家长陪同观看）。?? 比赛项目：。单人速度跳（计时赛）。花样跳绳展示（创意加分）。?? 报名方式：请家长或监护人于本周四前，填报跳绳报名表或通过电话/微信（87219936/13156193896）进行报名。报名时请提供孩子的姓名、年龄及联系方式。。?? 准备事项：。自备跳绳：每位参赛小朋友需自备一根跳绳，确保比赛顺利进行。。着装舒适：请穿着适合运动的服装和鞋子，以最佳状态迎接比赛。。安全第一：比赛过程中请遵守规则，注意安全，友谊第一，比赛第二。。?? 奖项设置：我们将为各项目组别的优胜者颁发精美奖品，更有参与奖等待每一位勇敢参与的小朋友！。让我们在这个充满活力的季节里，以绳为媒，共赴一场健康与快乐的盛宴。期待每一位小朋友的精彩表现，不见不散！。                        。     ??恒大绿洲第四社区居委会""。树(客户):""[链接]""。08月26日 18:41分。A大漠(客户):""??物业秩序“小蜜蜂” ??。[庆祝]“小蜜蜂”来了！来了！[庆祝]。[太阳]有事，您说话[太阳]。[庆祝]车辆电瓶亏电启动不了！。[庆祝]家里有沉物品搬不动了！。[庆祝]买了好多东西拿不了！。联系电话：0531-55612606。秩序小“蜜蜂”竭诚为您服务！[耶][耶][耶]。[庆祝]我们的口号：。[庆祝]真心帮助每一位[庆祝]。[庆祝]热心服务每一人[庆祝]。[庆祝]赠人玫瑰[玫瑰]，手有余香[庆祝]""。A大漠(客户):""[图片]""。08月26日 20:04分。你的月亮我的心(客户):""尊敬的业主，您好：。       为更好、更快的解决业主问题，现将各值班人员、联系电话及值班时间公示在群内，各位业主可直接电话联系或在群内@秩序110。1、日常家用维修工具(螺丝刀、活动扳手、小锤等);。2、小型购物车、平板车、人字梯、打气筒，应急医用品等。。为您爱家保驾护航，如果您有家政保洁、直饮水卡办理、白蚁消杀、有偿维修、房屋租赁的业务需求，随时与我们联系，为您提供专业的服务。。【秩序维护部】。[爱心]1.值班时间段：。????20:00－08:00????。[爱心]2.值班中队长-赵队电话：0531-55615881。[爱心]3.物业服务电话：0531-55615896、55615596。??4.监控室值班24小时电话：0531-55612606。3、【物业-安保服务“小蜜蜂”】。[抱拳]如您家中有需要帮助的请联系我们?。[爱心]24小时为各位家人守候。[合十]贴心服务、真诚相伴。如需便民服务车，请直接联系；。①55612606。②55612808。有事您说话，我们会在第一时间安排人员帮你处理[玫瑰][玫瑰]""。你的月亮我的心(客户):""[图片]""。08月26日 23:51分。你的月亮我的心(客户):""尊敬的业主大家好！我是夜间执勤赵队长，金碧物业安保服务8月26号巡查，时刻守护业主们的安全，请安心入睡，如有紧急情况请拨打0531-55612606""。你的月亮我的心(客户):""[图片]""。08月27日 03:00分。你的月亮我的心(客户):""尊敬的业主大家好！我是夜间执勤赵队长，金碧物业安保服务8月27号巡查，时刻守护业主们的安全，请安心入睡，如有紧急情况请拨打0531-55612606""。你的月亮我的心(客户):""[图片]""。&&&","[
    {
        ""话题倾向"": """"
    }
]"
群聊负向,"这是要分析的对话:&&&08月26日 09:02分。恒大社区居委会8731213(客户):""[视频号消息]""。08月26日 10:16分。恒大社区居委会8731213(客户):""[图片]""。恒大社区居委会8731213(客户):""活动通知：恒大社区将于本周三8月28日下午3：00开展社区文明宣传和清扫活动，请需要参与暑假社会实践活动的学生扫下方的腾讯问卷报名参与。。集合地点：恒大社区居委会办公室（恒大城1期1栋内铺）。集合时间：8月28日下午2：50。备注：目前我们发的志愿活动主要是针对学校有要求学生参加暑假社会实践活动要盖章的或者是学校有要求做I志愿的学生，一般是中学生或者大学生，因每次活动人数有限，请没有这方面要求的学生家长暂时不要报名，谢谢！。温馨提示：。1.最近天气多变，请自备雨具遮阳防雨，注意安全。。2.请有需要拍照交学校的同学，自行带手机拍照哈。3.本次活动为24年暑期学生社会实践活动的最后一次活动，后续将不再开展，请有需要的学生积极参与。""。08月26日 17:09分。（休假中）韶关恒大城-管家-彭小芸(员工):""@所有人     关于八月园区消杀通知。…………""。08月26日 17:26分。（休假中）韶关恒大城-管家-彭小芸(员工):""温馨提醒：。        下午好[玫瑰…………""。08月26日 19:07分。韶关恒大城B区监控员(客户):""2024-8-26。【秩序维护部】。1、值班时间段:【19:00-7:00】。2、值班中队长:  李佰全。联系电话：18933707875。【温馨提示】。请各位业主知悉，如需要帮助或遇紧急情况，请电话联系值班室或值班中队长。。物业24小时值班电话：0751-8706100。0751-8706228""。&&&","[
    {
        ""话题倾向"": """"
    }
]"
群聊负向,"这是要分析的对话:&&&08月26日 09:16分。恒大城???? 秩序部 三期监控室(客户):""[图片]""。恒大城???? 秩序部 三期监控室(客户):""“客服”给你打来电话，说你网购商品出现问题！可以给你申请退款，还给你发来陌生链接！让你注册账号填写信息，再说因“操作失误”导致账户被冻结，让你转账解冻后才能退款？南昌反诈提醒您：退换货请认准官方平台，陌生链接不要点击，不要透露个人信息。敬请各位领导同事转发反诈视频及反诈日历。[抱拳][抱拳][抱拳]""。恒大城???? 秩序部 三期监控室(客户):""[视频号消息]""。08月26日 11:32分。恒大城-管家-小冷(员工):""【关于四害消杀的温馨提示】。      …………""。恒大城-管家-小冷(员工):""[图片]""。08月26日 15:49分。恒大城-管家-小冷(员工):""【南昌恒大城—周报】。?? 一周美好，与…………""。恒大城-管家-小冷(员工):""[图片]""。08月26日 16:23分。恒大城-管家-小冷(员工):""【44栋地库口维修封闭通知】。    各…………""。恒大城-管家-小冷(员工):""[图片]""。08月26日 18:16分。恒大城???? 秩序部 三期监控室(客户):""重要警示：。    8月23日晚10时，江苏省宿迁市一电动自行车店起火，虽然仅半小时明火就得到控制，但仍造成6人死亡（尤为痛心的是，遇难者中4人系未成年人）。此前，2024年2月23日4时许，江苏南京市雨花台区一小区发生电动自行车火灾，造成15人死亡，44人受伤。今年4月27日，我县一小区也发生了电动自行车火灾亡人事件。在此警示，电动自行车起火，燃烧迅速并会在短时间造成大量有害气体，因灾致死率极高！因此，为了大家的生命财产安全，恳请各位业主对自己负责，也对左右邻里负责，严禁将电动自行车违规入楼、违规充电！也请各位监督，一发现有电动车上楼进单元的，请及时联系物业24小时电话:85130408，物业会第一时间上户整治，保障大家居住安全。""。08月26日 20:04分。恒大城???? 秩序部 三期监控室(客户):""? 2024.8.26日? 。【秩序维护部】 。1.夜班值班时间段：20：00—08：00。2.夜班值班队长:徐霖。3.物业24小时服务电话：0791-85957719/85130408。? 【物业小贴士】?。1、园区道路是大家的，请将爱车停至车位或车库，勿占行车主干道。。2、予人方便，予己方便，整齐有序，文明停车。。3、随身携带门禁卡，刷卡进出，提高安全防止偷盗。。4、请随手关大堂门，轻拉轻推，勿用力拉扯。。5、非机动车请勿进大堂、楼道内充电。。6、请勿让爱宠随地大小便，做文明养宠人。""。&&&","[
    {
        ""话题倾向"": """"
    }
]"
群聊负向,"这是要分析的对话:&&&08月26日 08:39分。杜婷婷(员工):""尊敬的业主：。   早上好！今天小管休息…………""。08月26日 20:35分。.(客户):""各位业主：晚上好！[玫瑰]。8月26日秩序部夜间执勤安排：。一、值班人员:  罗垚19316563414。  监控室电话号码：83873539。  维修值班人员： ?郭文波18111908017?。二、巡查期间未发现流浪狗、猫，值班期间如发现第一时间处理。三、带班时间：20:00-08:00。四、我们将12小时坚守岗位，如有需要请致电，我们将竭诚为您服务。夜间休息请关好门窗，做好安全防范，出入小区带好业主卡、谨防尾随。。贵阳金碧物业服务中心祝您：生活愉快！[烟花]""。.(客户):""[视频]""。&&&","[
    {
        ""话题倾向"": """"
    }
]"
群聊负向,"这是要分析的对话:&&&08月26日 07:58分。天道酬勤(客户):"" 尊敬的各位业主：早上好  。8月26日执勤安排如下：。一、值班队长：张小书18302656806。二、24小时值班电：0851-83873003。辖区派出所电话：0851-83851334。三、带班时间：08:00-20:00。四、我们将12小时坚守岗位，如有需要请致电，我们将竭诚为您服务。外出请关好门窗、水电及燃气、出入小区带好业主卡、做好个人防护。。五、检查道路通行情况正常。。贵阳恒大文化旅游城物业服务中心祝您：生活愉快[烟花]""。08月26日 09:20分。。(客户):""[视频号消息]""。。(客户):""【提示】买卖游戏账号、游戏装备等一定要在官方平台进行，不要点击陌生链接，以交保证金、提现失败、账号冻结等理由要求继续充值的都是诈骗！""。08月26日 10:57分。天道酬勤(客户):""#金碧物业·秩序(保安)服务篇。??用心打磨每一个细节，用真诚赢得您的信赖??。??优美的环境，优良的秩序，优质的服务，都藏在细节里??。?从平凡处发现不平凡，感受我们的用心??。??绝不辜负您的信赖，全心全意为您服务??。         ??金碧物业  我们与您同在。               ——贵阳恒大文化旅游城物业服务中心""。天道酬勤(客户):""[图片]""。08月26日 18:12分。古松(员工):""关于小区园林绿化养护的温馨提示??。尊敬…………""。08月26日 21:06分。。(客户):""通知：。8月25日是全国第八个残疾预防日，筑安社区居委会于明天8月27日（本周二）上午在辖区内开展“预防疾病致残  共享健康生活”宣传服务活动，希望学校有社会实践活动要求的学生积极参与，请有意参加志愿服务活动的人员于8月27日早上9:30到8组团筑安社区居委会集中开展活动。""。@????川川??(客户):""今日秩序巡查园区，通报情况如下：。1、巡查地库，发现未关闭单元门禁，已全部进行了关闭处理；。2、园区运行一切正常，无可疑人员逗留；。4、各位业主如遇紧急情况可拨打值班人员电话：。秩序部:舒川13668509505。维修部:何彬18984855091。辖区派出所电话085183851334。[抱拳]秩序小哥在此呼吁大家：?区的安全、和谐离不开我们共同的努?，请各位小主进出随手关闭单元门，做好安全防范。如遇问题或需帮助欢迎致电。""。@????川川??(客户):""[图片]""。&&&","[
    {
        ""话题倾向"": """"
    }
]"
群聊负向,"这是要分析的对话:&&&08月26日 09:02分。恒大社区居委会8731213(客户):""[视频号消息]""。08月26日 10:15分。恒大社区居委会8731213(客户):""活动通知：恒大社区将于本周三8月28日下午3：00开展社区文明宣传和清扫活动，请需要参与暑假社会实践活动的学生扫下方的腾讯问卷报名参与。。集合地点：恒大社区居委会办公室（恒大城1期1栋内铺）。集合时间：8月28日下午2：50。备注：目前我们发的志愿活动主要是针对学校有要求学生参加暑假社会实践活动要盖章的或者是学校有要求做I志愿的学生，一般是中学生或者大学生，因每次活动人数有限，请没有这方面要求的学生家长暂时不要报名，谢谢！。温馨提示：。1.最近天气多变，请自备雨具遮阳防雨，注意安全。。2.请有需要拍照交学校的同学，自行带手机拍照哈。3.本次活动为24年暑期学生社会实践活动的最后一次活动，后续将不再开展，请有需要的学生积极参与。""。恒大社区居委会8731213(客户):""[图片]""。08月26日 17:08分。韶关恒大城-管家-李海通(员工):""     关于八月园区消杀通知。尊敬的业…………""。韶关恒大城-管家-李海通(员工):""[图片]""。08月26日 19:03分。韶关恒大城A区监控员(客户):""2024-08-26。【秩序维护部】。1、值班时间段: 19:00-07:00。2、值班中队长: 祝金才。联系:13509859250。【温馨提示】。请各位业主知悉，如需要帮助或遇紧急情况，请电话联系值班室或值班中队长。。物业24小时值班电话：。0751-8709633。0751-8709600""。&&&","[
    {
        ""话题倾向"": """"
    }
]"
群聊负向,"这是要分析的对话:&&&08月26日 08:05分。济南绿洲35-36号楼管家小满(员工):""????金碧物业晨跑开跑啦！！！大朋友、…………""。济南绿洲35-36号楼管家小满(员工):""[图片]""。济南绿洲35-36号楼管家小满(员工):""[图片]""。济南绿洲35-36号楼管家小满(员工):""[图片]""。济南绿洲35-36号楼管家小满(员工):""[文件超过最大限制]""。08月26日 08:26分。夕照明(客户):""[强]""。08月26日 08:43分。济南绿洲35-36号楼管家小满(员工):""[玫瑰][玫瑰]早安  绿洲[玫瑰][玫…………""。济南绿洲35-36号楼管家小满(员工):""[链接]""。08月26日 09:45分。恒大四社区@蒋(客户):""8.13元，接到[爆竹]“银监会”[爆竹]电话被骗。。3.63万元，大学生??兼职??被骗。。3.5万元，初中生被骗。。3.46万元，妇女?兼职刷单?被骗。。2.31万元，男青年[色]约炮[色]被骗。。。男青年[色][色]约炮[色][色]，妇女??兼职刷单??、????被“异性网友”诱导投资????诈骗高发！。转发提醒好家里的[拥抱]年轻人、妇女[拥抱]！。。【8月25日电诈警情通报】（近三天典型案例）。【平安街道、开发区派出所】。1、乙武村居民（开发区报警），【接到“银监会”电话】被骗8.13万元。。??手段：接到电话，对方自称?【“银监会”工作人员】??，要帮其“降低网贷利率”，还让其??登陆假的银监会网站??。。        过程中，?开启“屏幕共享”?，指导其将钱转走。。。【大学城、大学路派出所】。2、山东师范大学思想政治教育专业大四学生，【兼职】被骗3.63万元。。??手段：网上看到信息，兼职（“垫资”代充话费）。对方称选择[爆竹][爆竹]“企业代付”[爆竹][爆竹]，??钱就不会被转走，但操作后，钱还是被转走??。。       对方称其操作失误，??为退款，按对方要求，继续转账??。。。【马山镇、马山派出所】。3、周庙村初中生，【找人“解封微信”】被骗3.5万元。。??手段：快手找人解封微信，对方让其?提供了家长微信、银行卡的【验证码】?，钱被转走。。。【文昌街道、新城派出所】。4、建发天玺妇女，网上兼职【垫资做任务、刷销量、刷关注、刷点赞】被骗3.46万元。。??手段：??被陌生人拉进群??，推荐足不出户做兼职，[裂开]抖音刷关注[裂开]挣到佣金，后被引诱??“垫资”刷购“抖币”??。。        前期挣到小额返利，后被以【系统设置，需要[苦涩]连续刷任务才能退还垫付金、佣金[苦涩]】，【??操作失误，需要刷补救单??】为由要求转账。。。【崮云湖街道、大学路派出所】。5、河南籍务工男青年（租住乐天），【刷单做任务以?? 免费约炮?? 】被骗2.31万元。。??手段：??网上看到信息??，下载APP，为[吐]解锁约炮资格[吐]，??“约炮”客服引诱其“垫资”刷“会员费”??，前期挣到小额返利。。        后被以【系统设置，需要[裂开]连续刷任务[裂开]才能退还垫付金、佣金】、【??操作失误??（后台都能做手脚），刷补救单】为由要求多次转账。""。08月26日 15:26分。曾经喝汽水的新青年(客户):""    【社区儿童跳绳比赛通知】。亲爱的居民们：。为了丰富我们社区儿童的课余生活，增强孩子们的体质，培养团队合作精神与竞争意识，我们社区将于周四（8月29日）下午2:30，在恒大第四社区（37号楼）举办一场别开生面的“快乐童年，绳彩飞扬”儿童跳绳比赛。现面向全体社区儿童发出诚挚邀请，快来加入我们，一起跳动健康，跳出欢乐吧！。?? 比赛时间：8月29日（周四）下午2:30。?? 比赛地点：恒大绿洲37号党群服务中心。?? 参与对象：社区内所有5-12岁的儿童（欢迎家长陪同观看）。?? 比赛项目：。单人速度跳（计时赛）。花样跳绳展示（创意加分）。?? 报名方式：请家长或监护人于本周四前，填报跳绳报名表或通过电话/微信（87219936/13156193896）进行报名。报名时请提供孩子的姓名、年龄及联系方式。。?? 准备事项：。自备跳绳：每位参赛小朋友需自备一根跳绳，确保比赛顺利进行。。着装舒适：请穿着适合运动的服装和鞋子，以最佳状态迎接比赛。。安全第一：比赛过程中请遵守规则，注意安全，友谊第一，比赛第二。。?? 奖项设置：我们将为各项目组别的优胜者颁发精美奖品，更有参与奖等待每一位勇敢参与的小朋友！。让我们在这个充满活力的季节里，以绳为媒，共赴一场健康与快乐的盛宴。期待每一位小朋友的精彩表现，不见不散！。                        。     ??恒大绿洲第四社区居委会""。曾经喝汽水的新青年(客户):""[链接]""。08月26日 16:20分。平平安安(客户):""36-2-17层连廊灯已维修完成，""。平平安安(客户):""[图片]""。08月26日 16:38分。First  rotms(客户):""@平平安安?2单位31楼一直没修。""。08月26日 17:19分。平平安安(客户):""好的，明天维修，""。&&&","[
    {
        ""话题倾向"": """"
    }
]"
群聊负向,"这是要分析的对话:&&&08月26日 10:24分。爱不解释(客户):""#金碧物业·秩序(保安)服务篇。??用心打磨每一个细节，用真诚赢得您的信赖??。??优美的环境，优良的秩序，优质的服务，都藏在细节里??。?从平凡处发现不平凡，感受我们的用心??。??绝不辜负您的信赖，全心全意为您服务??。         ??金碧物业  我们与您同在。               ——贵阳恒大文化旅游城物业服务中心""。爱不解释(客户):""[图片]""。08月26日 12:21分。南锺(客户):""通知：。8月25日是全国第八个残疾预防日，筑安社区居委会于明天8月27日（本周二）上午在辖区内开展“预防疾病致残  共享健康生活”宣传服务活动，希望学校有社会实践活动要求的学生积极参与，请有意参加志愿服务活动的人员于8月27日早上9:30到8组团筑安社区居委会集中开展活动。""。&&&","[
    {
        ""话题倾向"": """"
    }
]"
群聊负向,"这是要分析的对话:&&&08月26日 09:18分。恒大城???? 秩序部 三期监控室(客户):""[视频号消息]""。恒大城???? 秩序部 三期监控室(客户):""“客服”给你打来电话，说你网购商品出现问题！可以给你申请退款，还给你发来陌生链接！让你注册账号填写信息，再说因“操作失误”导致账户被冻结，让你转账解冻后才能退款？南昌反诈提醒您：退换货请认准官方平台，陌生链接不要点击，不要透露个人信息。敬请各位领导同事转发反诈视频及反诈日历。[抱拳][抱拳][抱拳]""。恒大城???? 秩序部 三期监控室(客户):""[图片]""。08月26日 11:45分。恒大城-管家-小李(员工):""【关于四害消杀的温馨提示】。      …………""。恒大城-管家-小李(员工):""[图片]""。08月26日 16:24分。恒大城-管家-小李(员工):""【44栋地库口维修封闭通知】。    各…………""。恒大城-管家-小李(员工):""[图片]""。08月26日 16:37分。恒大城-管家-小李(员工):""【南昌恒大城—周报】。?? 一周美好，与…………""。恒大城-管家-小李(员工):""[图片]""。08月26日 18:16分。恒大城???? 秩序部 三期监控室(客户):""重要警示：。    8月23日晚10时，江苏省宿迁市一电动自行车店起火，虽然仅半小时明火就得到控制，但仍造成6人死亡（尤为痛心的是，遇难者中4人系未成年人）。此前，2024年2月23日4时许，江苏南京市雨花台区一小区发生电动自行车火灾，造成15人死亡，44人受伤。今年4月27日，我县一小区也发生了电动自行车火灾亡人事件。在此警示，电动自行车起火，燃烧迅速并会在短时间造成大量有害气体，因灾致死率极高！因此，为了大家的生命财产安全，恳请各位业主对自己负责，也对左右邻里负责，严禁将电动自行车违规入楼、违规充电！也请各位监督，一发现有电动车上楼进单元的，请及时联系物业24小时电话:85130408，物业会第一时间上户整治，保障大家居住安全。""。08月26日 19:20分。易艺【0858759549】(客户):""在一楼电梯门口看有一个女人经常推车上7楼，特注意观察，每次电梯都是停7楼""。恒大城???? 秩序部 三期监控室(客户):""好，我通知人到7楼去""。08月26日 20:00分。恒大城???? 秩序部 三期监控室(客户):""? 2024.8.26日? 。【秩序维护部】 。1.夜班值班时间段：20：00—08：00。2.夜班值班队长:徐霖。3.物业24小时服务电话：0791-85957719/85130408。? 【物业小贴士】?。1、园区道路是大家的，请将爱车停至车位或车库，勿占行车主干道。。2、予人方便，予己方便，整齐有序，文明停车。。3、随身携带门禁卡，刷卡进出，提高安全防止偷盗。。4、请随手关大堂门，轻拉轻推，勿用力拉扯。。5、非机动车请勿进大堂、楼道内充电。。6、请勿让爱宠随地大小便，做文明养宠人。""。&&&","[
    {
        ""话题倾向"": """"
    }
]"
群聊负向,"这是要分析的对话:&&&08月26日 09:14分。恒大城???? 秩序部 三期监控室(客户):""[视频号消息]""。恒大城???? 秩序部 三期监控室(客户):""“客服”给你打来电话，说你网购商品出现问题！可以给你申请退款，还给你发来陌生链接！让你注册账号填写信息，再说因“操作失误”导致账户被冻结，让你转账解冻后才能退款？南昌反诈提醒您：退换货请认准官方平台，陌生链接不要点击，不要透露个人信息。敬请各位领导同事转发反诈视频及反诈日历。[抱拳][抱拳][抱拳]""。恒大城???? 秩序部 三期监控室(客户):""[图片]""。08月26日 11:48分。南昌恒大城-管家(员工):""【关于四害消杀的温馨提示】。      …………""。南昌恒大城-管家(员工):""[图片]""。08月26日 15:49分。南昌恒大城-管家(员工):""【南昌恒大城—周报】。?? 一周美好，与…………""。08月26日 16:53分。南昌恒大城-管家(员工):""[图片]""。08月26日 17:06分。南昌恒大城-管家(员工):""【44栋地库口维修封闭通知】。    各…………""。南昌恒大城-管家(员工):""[图片]""。08月26日 17:33分。南昌恒大城-管家(员工):""@所有人  请问有业主车位出租吗，有意私…………""。08月26日 18:15分。恒大城???? 秩序部 三期监控室(客户):""重要警示：。    8月23日晚10时，江苏省宿迁市一电动自行车店起火，虽然仅半小时明火就得到控制，但仍造成6人死亡（尤为痛心的是，遇难者中4人系未成年人）。此前，2024年2月23日4时许，江苏南京市雨花台区一小区发生电动自行车火灾，造成15人死亡，44人受伤。今年4月27日，我县一小区也发生了电动自行车火灾亡人事件。在此警示，电动自行车起火，燃烧迅速并会在短时间造成大量有害气体，因灾致死率极高！因此，为了大家的生命财产安全，恳请各位业主对自己负责，也对左右邻里负责，严禁将电动自行车违规入楼、违规充电！也请各位监督，一发现有电动车上楼进单元的，请及时联系物业24小时电话:85130408，物业会第一时间上户整治，保障大家居住安全。""。08月26日 20:05分。恒大城???? 秩序部 三期监控室(客户):""? 2024.8.26日? 。【秩序维护部】 。1.夜班值班时间段：20：00—08：00。2.夜班值班队长:徐霖。3.物业24小时服务电话：0791-85957719/85130408。? 【物业小贴士】?。1、园区道路是大家的，请将爱车停至车位或车库，勿占行车主干道。。2、予人方便，予己方便，整齐有序，文明停车。。3、随身携带门禁卡，刷卡进出，提高安全防止偷盗。。4、请随手关大堂门，轻拉轻推，勿用力拉扯。。5、非机动车请勿进大堂、楼道内充电。。6、请勿让爱宠随地大小便，做文明养宠人。""。&&&","[
    {
        ""话题倾向"": """"
    }
]"
群聊负向,"这是要分析的对话:&&&08月26日 10:23分。爱不解释(客户):""#金碧物业·秩序(保安)服务篇。??用心打磨每一个细节，用真诚赢得您的信赖??。??优美的环境，优良的秩序，优质的服务，都藏在细节里??。?从平凡处发现不平凡，感受我们的用心??。??绝不辜负您的信赖，全心全意为您服务??。         ??金碧物业  我们与您同在。               ——贵阳恒大文化旅游城物业服务中心""。爱不解释(客户):""[图片]""。08月26日 12:21分。南锺(客户):""通知：。8月25日是全国第八个残疾预防日，筑安社区居委会于明天8月27日（本周二）上午在辖区内开展“预防疾病致残  共享健康生活”宣传服务活动，希望学校有社会实践活动要求的学生积极参与，请有意参加志愿服务活动的人员于8月27日早上9:30到8组团筑安社区居委会集中开展活动。""。&&&","[
    {
        ""话题倾向"": """"
    }
]"
群聊负向,"这是要分析的对话:&&&08月26日 08:39分。杜婷婷(员工):""尊敬的业主：。   早上好！今天小管休息…………""。08月26日 20:35分。.(客户):""[视频]""。.(客户):""各位业主：晚上好！[玫瑰]。8月26日秩序部夜间执勤安排：。一、值班人员:  罗垚19316563414。  监控室电话号码：83873539。  维修值班人员： ?郭文波18111908017?。二、巡查期间未发现流浪狗、猫，值班期间如发现第一时间处理。三、带班时间：20:00-08:00。四、我们将12小时坚守岗位，如有需要请致电，我们将竭诚为您服务。夜间休息请关好门窗，做好安全防范，出入小区带好业主卡、谨防尾随。。贵阳金碧物业服务中心祝您：生活愉快！[烟花]""。&&&","[
    {
        ""话题倾向"": """"
    }
]"
群聊负向,"这是要分析的对话:&&&08月26日 09:13分。恒大城???? 秩序部 三期监控室(客户):""[视频号消息]""。恒大城???? 秩序部 三期监控室(客户):""“客服”给你打来电话，说你网购商品出现问题！可以给你申请退款，还给你发来陌生链接！让你注册账号填写信息，再说因“操作失误”导致账户被冻结，让你转账解冻后才能退款？南昌反诈提醒您：退换货请认准官方平台，陌生链接不要点击，不要透露个人信息。敬请各位领导同事转发反诈视频及反诈日历。[抱拳][抱拳][抱拳]""。恒大城???? 秩序部 三期监控室(客户):""[图片]""。08月26日 16:48分。恒大城-管家-小尧(员工):""【44栋地库口维修封闭通知】。    各…………""。恒大城-管家-小尧(员工):""[图片]""。08月26日 18:16分。恒大城???? 秩序部 三期监控室(客户):""重要警示：。    8月23日晚10时，江苏省宿迁市一电动自行车店起火，虽然仅半小时明火就得到控制，但仍造成6人死亡（尤为痛心的是，遇难者中4人系未成年人）。此前，2024年2月23日4时许，江苏南京市雨花台区一小区发生电动自行车火灾，造成15人死亡，44人受伤。今年4月27日，我县一小区也发生了电动自行车火灾亡人事件。在此警示，电动自行车起火，燃烧迅速并会在短时间造成大量有害气体，因灾致死率极高！因此，为了大家的生命财产安全，恳请各位业主对自己负责，也对左右邻里负责，严禁将电动自行车违规入楼、违规充电！也请各位监督，一发现有电动车上楼进单元的，请及时联系物业24小时电话:85130408，物业会第一时间上户整治，保障大家居住安全。""。08月26日 20:05分。恒大城???? 秩序部 三期监控室(客户):""? 2024.8.26日? 。【秩序维护部】 。1.夜班值班时间段：20：00—08：00。2.夜班值班队长:徐霖。3.物业24小时服务电话：0791-85957719/85130408。? 【物业小贴士】?。1、园区道路是大家的，请将爱车停至车位或车库，勿占行车主干道。。2、予人方便，予己方便，整齐有序，文明停车。。3、随身携带门禁卡，刷卡进出，提高安全防止偷盗。。4、请随手关大堂门，轻拉轻推，勿用力拉扯。。5、非机动车请勿进大堂、楼道内充电。。6、请勿让爱宠随地大小便，做文明养宠人。""。08月26日 21:50分。范玉明(客户):""[图片]""。恒大城???? 秩序部 三期监控室(客户):""收到""。&&&","[
    {
        ""话题倾向"": """"
    }
]"
群聊负向,"这是要分析的对话:&&&08月26日 08:44分。徐国飞(员工):""?????????家人们，早上好~。今天…………""。08月26日 20:03分。??普通?市民???(客户):""各位业主：晚上好！[玫瑰]。8月26日秩序部夜间执勤安排：。一、带班队长：段宏。15085960971。工程值班人员：杨丙云 。 13984310672。二、24小时值班电话：。0851-83862661。辖区派出所电话：。0851-83851334。三、带班时间：20:00-08:00。四、我们将12小时坚守岗位，如有需要请致电，我们将竭诚为您服务。夜间休息请关好门窗，做好安全防范，出入小区带好业主卡、谨防尾随。。贵阳恒大文化旅游城物业服务中心祝您：生活愉快！[烟花]""。??普通?市民???(客户):""[视频]""。08月26日 22:09分。李建平(客户):""【物业工作之??电梯维保篇】。。为了确保电梯的安全运行，维保员默默战斗在漆黑的电梯井道中??，这就是我们常听到但又不了解的电梯维保人员?及电梯日常养护??""。李建平(客户):""[图片]""。李建平(客户):""[图片]""。08月26日 23:11分。筑安(客户):""[视频号消息]""。筑安(客户):""通知：。8月25日是全国第八个残疾预防日，筑安社区居委会于明天8月27日（本周二）上午在辖区内开展“预防疾病致残  共享健康生活”宣传服务活动，希望学校有社会实践活动要求的学生积极参与，请有意参加志愿服务活动的人员于8月27日早上9:30到8组团筑安社区居委会集中开展活动。""。筑安(客户):""【提示】买卖游戏账号、游戏装备等一定要在官方平台进行，不要点击陌生链接，以交保证金、提现失败、账号冻结等理由要求继续充值的都是诈骗！""。08月26日 23:22分。??普通?市民???(客户):""[图片]""。&&&","[
    {
        ""话题倾向"": """"
    }
]"
群聊负向,"这是要分析的对话:&&&08月26日 09:15分。恒大城???? 秩序部 三期监控室(客户):""“客服”给你打来电话，说你网购商品出现问题！可以给你申请退款，还给你发来陌生链接！让你注册账号填写信息，再说因“操作失误”导致账户被冻结，让你转账解冻后才能退款？南昌反诈提醒您：退换货请认准官方平台，陌生链接不要点击，不要透露个人信息。敬请各位领导同事转发反诈视频及反诈日历。[抱拳][抱拳][抱拳]""。恒大城???? 秩序部 三期监控室(客户):""[视频号消息]""。恒大城???? 秩序部 三期监控室(客户):""[图片]""。08月26日 11:48分。南昌恒大城-管家(员工):""【关于四害消杀的温馨提示】。      …………""。南昌恒大城-管家(员工):""[图片]""。08月26日 15:49分。南昌恒大城-管家(员工):""【南昌恒大城—周报】。?? 一周美好，与…………""。08月26日 16:53分。南昌恒大城-管家(员工):""[图片]""。08月26日 17:06分。南昌恒大城-管家(员工):""【44栋地库口维修封闭通知】。    各…………""。南昌恒大城-管家(员工):""[图片]""。08月26日 17:33分。南昌恒大城-管家(员工):""@所有人  请问有业主车位出租吗，有意私…………""。08月26日 18:15分。恒大城???? 秩序部 三期监控室(客户):""重要警示：。    8月23日晚10时，江苏省宿迁市一电动自行车店起火，虽然仅半小时明火就得到控制，但仍造成6人死亡（尤为痛心的是，遇难者中4人系未成年人）。此前，2024年2月23日4时许，江苏南京市雨花台区一小区发生电动自行车火灾，造成15人死亡，44人受伤。今年4月27日，我县一小区也发生了电动自行车火灾亡人事件。在此警示，电动自行车起火，燃烧迅速并会在短时间造成大量有害气体，因灾致死率极高！因此，为了大家的生命财产安全，恳请各位业主对自己负责，也对左右邻里负责，严禁将电动自行车违规入楼、违规充电！也请各位监督，一发现有电动车上楼进单元的，请及时联系物业24小时电话:85130408，物业会第一时间上户整治，保障大家居住安全。""。08月26日 20:05分。恒大城???? 秩序部 三期监控室(客户):""? 2024.8.26日? 。【秩序维护部】 。1.夜班值班时间段：20：00—08：00。2.夜班值班队长:徐霖。3.物业24小时服务电话：0791-85957719/85130408。? 【物业小贴士】?。1、园区道路是大家的，请将爱车停至车位或车库，勿占行车主干道。。2、予人方便，予己方便，整齐有序，文明停车。。3、随身携带门禁卡，刷卡进出，提高安全防止偷盗。。4、请随手关大堂门，轻拉轻推，勿用力拉扯。。5、非机动车请勿进大堂、楼道内充电。。6、请勿让爱宠随地大小便，做文明养宠人。""。08月26日 20:20分。Bi8bo(客户):""[图片]""。08月26日 20:25分。，涂传文18172854797(客户):""恶心""。恒大城???? 秩序部 三期监控室(客户):""收到，我叫秩序同事拖一下""。&&&","[
    {
        ""话题倾向"": """"
    }
]"
群聊负向,"这是要分析的对话:&&&08月26日 10:25分。爱不解释(客户):""#金碧物业·秩序(保安)服务篇。??用心打磨每一个细节，用真诚赢得您的信赖??。??优美的环境，优良的秩序，优质的服务，都藏在细节里??。?从平凡处发现不平凡，感受我们的用心??。??绝不辜负您的信赖，全心全意为您服务??。         ??金碧物业  我们与您同在。               ——贵阳恒大文化旅游城物业服务中心""。爱不解释(客户):""[图片]""。08月26日 12:21分。南锺(客户):""通知：。8月25日是全国第八个残疾预防日，筑安社区居委会于明天8月27日（本周二）上午在辖区内开展“预防疾病致残  共享健康生活”宣传服务活动，希望学校有社会实践活动要求的学生积极参与，请有意参加志愿服务活动的人员于8月27日早上9:30到8组团筑安社区居委会集中开展活动。""。&&&","[
    {
        ""话题倾向"": """"
    }
]"
群聊负向,"这是要分析的对话:&&&08月26日 08:22分。王学灵(员工):""?????????家人们，早上好~。今天…………""。08月26日 08:48分。刘梅(客户):""家人们今日保洁在对商业街石材进行清洗 ，路过时注意安全避免滑倒及水溅到身上，祝家人们生活愉快[握手][握手][握手][咖啡][咖啡][咖啡]""。刘梅(客户):""[图片]""。08月26日 17:01分。刘梅(客户):""??保洁篇—园区石材及商业街石材清洗、垃圾桶清洗、保洁日常工作。服务从来没有一劳永逸??，。只有日复一日的坚持??，。保洁员对园区石材及商业街石材清洗、清洗垃圾桶??，。以匠心服务铸就美好的生活??。。     ——贵阳恒大文化旅游城第一物业服务中心""。刘梅(客户):""[图片]""。08月26日 20:32分。??一切??? 随缘????(客户):""各位业主：晚上好！[玫瑰]。8月 26日秩序部夜间执勤安排：。一、值班:罗中林。电话:17584997003。二、24小时值班电：0851-83862661。辖区派出所电话：0851-83851334。值班维修师傅：。杨丙云:13984310672带班时间：20:00-08:00。四、我们将12小时坚守岗位，如有需要请致电，我们将竭诚为您服务。夜间休息请关好门窗，做好安全防范，出入小区带好业主卡。。贵阳恒大文化旅游城物业服务中心祝您：。               生活愉快！""。??一切??? 随缘????(客户):""[视频]""。08月26日 23:09分。筑安(客户):""[视频号消息]""。筑安(客户):""【提示】买卖游戏账号、游戏装备等一定要在官方平台进行，不要点击陌生链接，以交保证金、提现失败、账号冻结等理由要求继续充值的都是诈骗！""。筑安(客户):""通知：。8月25日是全国第八个残疾预防日，筑安社区居委会于明天8月27日（本周二）上午在辖区内开展“预防疾病致残  共享健康生活”宣传服务活动，希望学校有社会实践活动要求的学生积极参与，请有意参加志愿服务活动的人员于8月27日早上9:30到8组团筑安社区居委会集中开展活动。""。&&&","[
    {
        ""话题倾向"": """"
    }
]"
群聊负向,"这是要分析的对话:&&&08月26日 05:24分。文荣坤(员工):""[视频]""。文荣坤(员工):""秩序部#夜间园区巡查 #??。24小时坚…………""。08月26日 08:15分。H(客户):""[图片]""。H(客户):""??朝夕相见，经年守候??。??服务不止，用心不缀??。    ————————————。           ?早送晚迎?。   ????让幸福变的简单????""。08月26日 09:39分。小米(员工):""?????????家人们，早上好~。今天…………""。08月26日 18:30分。小米(员工):""【物业在行动-日常清洁】。? 烈日当空，…………""。小米(员工):""[图片]""。小米(员工):""[图片]""。08月26日 18:35分。A岁月静好，未来可期(客户):""通知：。8月25日是全国第八个残疾预防日，筑安社区居委会于明天8月27日（本周二）上午在辖区内开展“预防疾病致残  共享健康生活”宣传服务活动，希望学校有社会实践活动要求的学生积极参与，请有意参加志愿服务活动的人员于8月27日早上9:30到8组团筑安社区居委会集中开展活动。""。A岁月静好，未来可期(客户):""【提示】买卖游戏账号、游戏装备等一定要在官方平台进行，不要点击陌生链接，以交保证金、提现失败、账号冻结等理由要求继续充值的都是诈骗！""。A岁月静好，未来可期(客户):""[视频号消息]""。08月26日 20:04分。韩老魔(客户):""[视频]""。韩老魔(客户):""????家人们，重要提醒来啦！????。。??亲爱的业主朋友们，为了咱们小区的安全与秩序，一定要记得带卡刷卡进入小区哟！。。???♀?别嫌麻烦，这小小的一张卡，可是守护我们温馨家园的重要“钥匙”。。。??每次进出，轻轻一刷，不仅方便快捷，更是给我们满满的安全感。。。??想象一下，如果大家都能自觉带卡刷卡，那些陌生人就没法随便进入小区啦，我们的孩子能在小区里更自由地玩耍，我们也能更安心地享受生活。。。???????????家人们一起行动起来，让带卡刷卡成为我们生活的一部分。""。韩老魔(客户):""巡逻园区，商铺，车库，无异常。维护安全秩序，我们时刻警备，我们会保持高度的警惕性，及时发现并处理任何可能存在的安全隐患。同时，也请大家注意自身安全，如有异常情况请及时与我们联系。。祝大家生活愉快！[玫瑰][玫瑰][玫瑰]""。韩老魔(客户):""各位业主：晚上好！[玫瑰]。8月26日秩序部夜间执勤安排：。一：值班队长：汤江平。电话:18785183203。二：带班时间。20:00-08:00。三：24小时值班电：0851-83862661。辖区派出所电话：0851-83851334。四、我们将12小时坚守岗位，如有需要请致电，我们将竭诚为您服务。夜间休息请关好门窗，做好安全防范，出入小区带好业主卡。。贵阳恒大文化旅游城物业服务中心祝您：生活愉快！[烟花]""。&&&","[
    {
        ""话题倾向"": """"
    }
]"
群聊负向,"这是要分析的对话:&&&08月26日 06:07分。心情尚好15367485711(客户):""[图片]""。心情尚好15367485711(客户):""??长沙恒大雅苑。?2024年8??26日  星期一。?天气: 晴  气温：28－37℃。1、1、广西一景区“飞天魔毯”项目故障致1死60伤 景区提出“买断”赔偿方案；。2、浙江绍兴一医院眼科套取医保资金2000万，手术医生庭审坚称无罪引争议；。3、郑州：相关企业限期撤除全市小区电梯里的“上门按摩”广告；。4、今年三伏，全国平均气温达到23.24℃，为史上最热；。5、日本核污染水排海一年，8轮累计排放将达62500吨；微信搜：每日微语报。6、超80城支持国企等收购存量房：36城已启动征集，“去库存效果最直接”；。7、合肥女子李梅在长沙坐拥87套房，因涉罪被查封，正式被法院挂网待拍卖；。8、安徽发文鼓励探索垂钓实名制，官方回应：还未启动落实；。9、周鸿祎再回应“手表不当回答”：已惩罚产品经理接一个月客服电话；。10、三文鱼刺身隔夜返包销售 胖东来：奖励投诉者10万，补偿购买者1000元；。11、黎真主党宣布第一阶段对以袭击取得成功 发射320余枚火箭弹；。12、世卫组织表示，猴痘疫情存在扩散风险，各国防控措施有待加强；。13、防止播音员“讲真话”，日本广播协会开始预录中文新闻；。14、17名中国公民命丧韩国电池厂 火灾调查：因培训不足错失37秒逃生窗口；。15、美国顶尖纳米科学家打算来华工作，曾因与中国高校合作而被美政府判刑；""。心情尚好15367485711(客户):""???♂【防溺水??安全温馨提示】。??亲爱的业主家人们：大家好??。?天气渐热，为了孩子们??的安全，请提高安全防范意识?，时刻监督和管理??好孩子，加强对孩子的防溺水??安全教育，禁止??孩子私自到小溪、水库、江边玩水、捕鱼、捉虾、游泳等。 。??安全无小事 时刻要警惕??。请家长??加强对孩子防溺水的监管力度，提高孩子??防溺水的自觉性?。同时物业工作人员??也会加大对园区的巡逻。为孩子的生命安全构筑坚实的防线??。??如需帮助请拨24小时服务热线。二期?:0731-85066275。一期?:0731-85520610。#长沙恒大雅苑物业服务中心""。08月26日 08:34分。长沙恒大雅苑63-67栋管家(员工):""【??欢乐泼水节·完美收官】。活动完美收…………""。长沙恒大雅苑63-67栋管家(员工):""[文件超过最大限制]""。08月26日 09:00分。otis陈献文18522972841(客户):""温馨提示：。亲爱的业主家人们，8月26日 （今天）将对63栋电梯进行例行保养，保养采取两台电梯轮流停梯作业的方式，无特殊情况，每台电梯保养时间大概为1小时左右，请各位家人提前做好出行准备哦，给您造成不便敬请谅解。保养时间如下：。63栋1号梯：9:10-10:10。63栋2号梯：10:10-11:10""。08月26日 09:06分。彪(客户):""【?? 秩序服务?巡逻篇】。我们是白班园区秩序的守护者??。每天园区全覆盖巡视??。希望用我们的行动??。为您营造舒适的居家环境??。如需帮助请拨打24小时服务热线。?:0731一82231519。值班中队长。?:17700582090（二期）。??我们竭诚为您服务??""。彪(客户):""[视频]""。08月26日 09:12分。长沙恒大雅苑63-67栋管家(员工):""关于开展小区四害消杀的通知。    尊敬…………""。长沙恒大雅苑63-67栋管家(员工):""[图片]""。08月26日 09:59分。彪(客户):""???♂?【电动车秩序维护篇】。尊敬的业主家人??们：。 大家好！本栋电动车违停大堂前已整改，为了维护小区电动车的停车秩序，确保大家的出行安全与便利，请您将电动车停放到划线区域内。让我们一起共同遵守，营造整齐有序的环境，感谢您的配合[握手]。如需帮助请拨打24小时服务热线?:0731-82231519""。彪(客户):""[图片]""。08月26日 11:11分。珍(客户):""@所有人 希望邻居把衣服被子甩干再晒外面大阳台上，感谢[抱拳] ""。08月26日 11:20分。子鱼(客户):""【??遛狗不随便，随手清狗便??】。     。      ??最近存在严重的不文明养犬的现象，绿化带、草坪的狗便??比比皆是，给其他美邻的生活带来了很大的困扰。。      宠物是人类的朋友，为生活增添不少乐趣??，享受权利的同时还请履行义务哦[抱拳]，为了给小区营造一个整洁和谐的环境??，物业中心倡议各位饲养宠物的业主，请您随身携带废纸或垃圾袋，以便随时清理“排泄物”。    ??优美的居住环境需要大家的共同创造和维护，请从文明养狗开始。??""。子鱼(客户):""[文件超过最大限制]""。08月26日 11:32分。长沙恒大雅苑63-67栋管家(员工):""这是一条引用/回复消息：。""珍：。@所有…………""。08月26日 11:43分。长沙恒大雅苑63-67栋管家(员工):""【??物业工作周报】  。尊敬的业主/住…………""。长沙恒大雅苑63-67栋管家(员工):""[图片]""。08月26日 15:11分。柒月无夏(客户):""【开福区市场监督管理局】市民您好，您关于恒大雅苑水费的投诉已收悉。经核实，恒大雅苑小区供水用户为合表用户，由物业代收取，只能按长沙市【长发改价商（2024）】52文件执行，合表用户终端水价3.56元/立方米收取。有关二次加压调蓄供水设施暂未移交供水企业运行管理的，其运行维护费用通过收取的物业费租金或者公共收益等解决。任何单位和个人不得在水费中加收其他费用。部分小区无法通过物业费租金或者公共收益弥补二次供水运行成本的，建议经物业公司或者业委会与终端用户进行充分沟通和协商达成一致意见，合理分摊相关费用并公示。我局要求物业公司前期关于发布水费收取不合理通知废止并整改。特以短信告之。""。长沙恒大雅苑63-67栋管家(员工):""亲 我们没收取呀 ""。长沙恒大雅苑63-67栋管家(员工):""是按照3.56收的 ""。柒月无夏(客户):""嗯喽""。柒月无夏(客户):""[OK]""。长沙恒大雅苑63-67栋管家(员工):""之前一直在等最后定下来   ""。长沙恒大雅苑63-67栋管家(员工):""之前的水费是按照涨价前的水费收取的 ""。08月26日 17:40分。长沙恒大雅苑63-67栋管家(员工):""关于小区内防范蛇类动物的温馨提示。各位业…………""。长沙恒大雅苑63-67栋管家(员工):""[图片]""。08月26日 19:14分。彪(客户):""【?? 秩序服务?巡逻篇】。我们是白班园区秩序的守护者??。每天园区全覆盖巡视??。希望用我们的行动??。为您营造舒适的居家环境??。如需帮助请拨打24小时服务热线。?:0731一82231519。值班中队长。?:17700582090（二期）。??我们竭诚为您服务??""。彪(客户):""[视频]""。08月26日 19:54分。小牛牛(客户):""8月26日园林工作日常""。小牛牛(客户):""[图片]""。08月26日 20:02分。Vampiae(客户):""业主您好??。我是夜班秩序班长（周游：17700582090），也是你的夜间安全守护者??，也许您从来没有见过我，因为我值守在您熟睡的每个晚上。夜间??我们会跟踪可疑人员、巡查车库、巡查园区、巡查楼层。。??清晨06:00我们还会查看每个电梯，确保您上班时电梯正常运行。。??如需帮助请及时拨打24小时服务电话85066275，我会出现在你需要的每个时刻???♂????♂????♂?。祝?您好梦！一醒来又是美美哒的一天哦??????""。08月26日 20:50分。Vampiae(客户):""【?? 秩序服务?巡逻篇】。我们是晚班园区秩序的守护者??。每天园区全覆盖巡视??。希望用我们的行动??。为您营造舒适的居家环境??。如需帮助请拨打24小时服务热线。?:0731一82231519。值班中队长： 周游。?:17700582090（二期）。??我们竭诚为您服务??""。Vampiae(客户):""[视频]""。08月27日 03:50分。yh(客户):""【?? 秩序服务?巡逻篇】。我们是晚班园区秩序的守护者??。每天园区全覆盖巡视??。希望用我们的行动??。为您营造舒适的居家环境??。如需帮助请拨打24小时服务热线。?:0731一82231519。值班中队长。?:17700582090（二期）。??我们竭诚为您服务??""。yh(客户):""[图片]""。&&&","[
    {
        ""话题倾向"": """"
    }
]"
群聊负向,"这是要分析的对话:&&&08月26日 09:01分。恒大社区居委会8731213(客户):""[视频号消息]""。08月26日 10:16分。恒大社区居委会8731213(客户):""活动通知：恒大社区将于本周三8月28日下午3：00开展社区文明宣传和清扫活动，请需要参与暑假社会实践活动的学生扫下方的腾讯问卷报名参与。。集合地点：恒大社区居委会办公室（恒大城1期1栋内铺）。集合时间：8月28日下午2：50。备注：目前我们发的志愿活动主要是针对学校有要求学生参加暑假社会实践活动要盖章的或者是学校有要求做I志愿的学生，一般是中学生或者大学生，因每次活动人数有限，请没有这方面要求的学生家长暂时不要报名，谢谢！。温馨提示：。1.最近天气多变，请自备雨具遮阳防雨，注意安全。。2.请有需要拍照交学校的同学，自行带手机拍照哈。3.本次活动为24年暑期学生社会实践活动的最后一次活动，后续将不再开展，请有需要的学生积极参与。""。恒大社区居委会8731213(客户):""[图片]""。08月26日 11:44分。LdX(客户):""独生子女父母奖励证年审时间到8月31日，请未年审的人员携带身份证、户口本、奖励证尽快到居委会办理年审。""。08月26日 17:08分。韶关恒大城-管家-李海通(员工):""     关于八月园区消杀通知。尊敬的业…………""。韶关恒大城-管家-李海通(员工):""[图片]""。休息中)韶关恒大城-管家-徐文珠(员工):""    关于八月园区消杀通知。尊敬的业户…………""。休息中)韶关恒大城-管家-徐文珠(员工):""[图片]""。08月26日 19:03分。韶关恒大城A区监控员(客户):""2024-08-26。【秩序维护部】。1、值班时间段: 19:00-07:00。2、值班中队长: 祝金才。联系:13509859250。【温馨提示】。请各位业主知悉，如需要帮助或遇紧急情况，请电话联系值班室或值班中队长。。物业24小时值班电话：。0751-8709633。0751-8709600""。08月27日 02:22分。韶关恒大城A区监控员(客户):""金碧物业提醒您：同事巡查发现1栋外围充电桩电动车钥匙没拨，钥匙已放在一期监控室，麻烦车主看到信息移步到监控室认领。停车锁好车辆，避免造成损失。""。韶关恒大城A区监控员(客户):""[图片]""。&&&","[
    {
        ""话题倾向"": """"
    }
]"
群聊负向,"这是要分析的对话:&&&08月26日 10:25分。爱不解释(客户):""#金碧物业·秩序(保安)服务篇。??用心打磨每一个细节，用真诚赢得您的信赖??。??优美的环境，优良的秩序，优质的服务，都藏在细节里??。?从平凡处发现不平凡，感受我们的用心??。??绝不辜负您的信赖，全心全意为您服务??。         ??金碧物业  我们与您同在。               ——贵阳恒大文化旅游城物业服务中心""。爱不解释(客户):""[图片]""。08月26日 12:20分。南锺(客户):""通知：。8月25日是全国第八个残疾预防日，筑安社区居委会于明天8月27日（本周二）上午在辖区内开展“预防疾病致残  共享健康生活”宣传服务活动，希望学校有社会实践活动要求的学生积极参与，请有意参加志愿服务活动的人员于8月27日早上9:30到8组团筑安社区居委会集中开展活动。""。&&&","[
    {
        ""话题倾向"": """"
    }
]"
群聊负向,"这是要分析的对话:&&&08月26日 07:58分。济南绿洲40-41号楼管家大雪(员工):""????金碧物业晨跑开跑啦！！！大朋友、…………""。济南绿洲40-41号楼管家大雪(员工):""[图片]""。济南绿洲40-41号楼管家大雪(员工):""[图片]""。济南绿洲40-41号楼管家大雪(员工):""[图片]""。济南绿洲40-41号楼管家大雪(员工):""[文件超过最大限制]""。08月26日 08:04分。A00(客户):""尊敬的业主，您好：。       为更好、更快的解决业主问题，现将各值班人员、联系电话及值班时间公示在群内，各位业主可直接电话联系或在群内@秩序110。1、日常家用维修工具(螺丝刀、活动扳手、小锤等);。2、小型购物车、平板车、人字梯、打气筒，应急医用品等。。为您爱家保驾护航，如果您有家政保洁、直饮水卡办理、白蚁消杀、有偿维修、房屋租赁的业务需求，随时与我们联系，为您提供专业的服务。。【秩序维护部】。[爱心]1.值班时间段：。????08:00－20:00????。[爱心]2.值班中队长-赵队电话：0531-83131013。[爱心]3.物业服务电话：0531-55615896、55615596。??4.监控室值班24小时电话：0531-55612606。3、【物业-安保服务“小蜜蜂”】。[抱拳]如您家中有需要帮助的请联系我们?。[爱心]24小时为各位家人守候。[合十]贴心服务、真诚相伴。如需便民服务车，请直接联系；。①55612606。②55612808。有事您说话，我们会在第一时间安排人员帮你处理[玫瑰][玫瑰]""。A00(客户):""[图片]""。08月26日 08:22分。my(客户):""广大居民朋友们：。        近年来，根据临床跟踪及国内整体数据显示，乳腺癌的发病率已高居女性恶性肿瘤之首，甲状腺癌也位居第五且呈逐年攀升的趋势，甲状腺结节更是广泛存在于女性姐妹颈中。早发现、早治疗是应对重大疾病的最好方法。。        为此，恒大绿洲物业与恒大绿洲第四社区联合开展“双腺”筛查工作，走进社区为居民提供医疗服务。恒大绿洲第四社区作如下安排：。。       筛查时间：8月26日 上午9点－11点30，下午2点－4点30。 。      筛查人员：年龄在18-75岁女性。 。      筛查地址：恒大绿洲37号楼社区居委会办公室""。08月26日 08:58分。济南绿洲40-41号楼管家大雪(员工):""[玫瑰][玫瑰]早安  绿洲[玫瑰][玫…………""。济南绿洲40-41号楼管家大雪(员工):""[链接]""。08月26日 09:43分。恒大四社区@蒋(客户):""8.13元，接到[爆竹]“银监会”[爆竹]电话被骗。。3.63万元，大学生??兼职??被骗。。3.5万元，初中生被骗。。3.46万元，妇女?兼职刷单?被骗。。2.31万元，男青年[色]约炮[色]被骗。。。男青年[色][色]约炮[色][色]，妇女??兼职刷单??、????被“异性网友”诱导投资????诈骗高发！。转发提醒好家里的[拥抱]年轻人、妇女[拥抱]！。。【8月25日电诈警情通报】（近三天典型案例）。【平安街道、开发区派出所】。1、乙武村居民（开发区报警），【接到“银监会”电话】被骗8.13万元。。??手段：接到电话，对方自称?【“银监会”工作人员】??，要帮其“降低网贷利率”，还让其??登陆假的银监会网站??。。        过程中，?开启“屏幕共享”?，指导其将钱转走。。。【大学城、大学路派出所】。2、山东师范大学思想政治教育专业大四学生，【兼职】被骗3.63万元。。??手段：网上看到信息，兼职（“垫资”代充话费）。对方称选择[爆竹][爆竹]“企业代付”[爆竹][爆竹]，??钱就不会被转走，但操作后，钱还是被转走??。。       对方称其操作失误，??为退款，按对方要求，继续转账??。。。【马山镇、马山派出所】。3、周庙村初中生，【找人“解封微信”】被骗3.5万元。。??手段：快手找人解封微信，对方让其?提供了家长微信、银行卡的【验证码】?，钱被转走。。。【文昌街道、新城派出所】。4、建发天玺妇女，网上兼职【垫资做任务、刷销量、刷关注、刷点赞】被骗3.46万元。。??手段：??被陌生人拉进群??，推荐足不出户做兼职，[裂开]抖音刷关注[裂开]挣到佣金，后被引诱??“垫资”刷购“抖币”??。。        前期挣到小额返利，后被以【系统设置，需要[苦涩]连续刷任务才能退还垫付金、佣金[苦涩]】，【??操作失误，需要刷补救单??】为由要求转账。。。【崮云湖街道、大学路派出所】。5、河南籍务工男青年（租住乐天），【刷单做任务以?? 免费约炮?? 】被骗2.31万元。。??手段：??网上看到信息??，下载APP，为[吐]解锁约炮资格[吐]，??“约炮”客服引诱其“垫资”刷“会员费”??，前期挣到小额返利。。        后被以【系统设置，需要[裂开]连续刷任务[裂开]才能退还垫付金、佣金】、【??操作失误??（后台都能做手脚），刷补救单】为由要求多次转账。""。08月26日 11:24分。济南绿洲40-41号楼管家大雪(员工):""????金碧物业晨跑开跑啦！！！打卡第一…………""。济南绿洲40-41号楼管家大雪(员工):""[文件超过最大限制]""。08月26日 15:22分。A母线加工机铜排机绕线机??(客户):""[文件超过最大限制]""。A母线加工机铜排机绕线机??(客户):""@济南绿洲40-41号楼管家大雪?@秩序110?@秩序110?""。A母线加工机铜排机绕线机??(客户):""入口西面墙角位置有个穿线孔灌水水流很大""。A母线加工机铜排机绕线机??(客户):""@济南绿洲40-41号楼管家大雪?@秩序110?@秩序110?""。08月26日 15:27分。济南绿洲40-41号楼管家大雪(员工):""@A母线加工机铜排机绕线机??收到哥我马…………""。my(客户):""    【社区儿童跳绳比赛通知】。亲爱的居民们：。为了丰富我们社区儿童的课余生活，增强孩子们的体质，培养团队合作精神与竞争意识，我们社区将于周四（8月29日）下午2:30，在恒大第四社区（37号楼）举办一场别开生面的“快乐童年，绳彩飞扬”儿童跳绳比赛。现面向全体社区儿童发出诚挚邀请，快来加入我们，一起跳动健康，跳出欢乐吧！。?? 比赛时间：8月29日（周四）下午2:30。?? 比赛地点：恒大绿洲37号党群服务中心。?? 参与对象：社区内所有5-12岁的儿童（欢迎家长陪同观看）。?? 比赛项目：。单人速度跳（计时赛）。花样跳绳展示（创意加分）。?? 报名方式：请家长或监护人于本周四前，填报跳绳报名表或通过电话/微信（87219936/13156193896）进行报名。报名时请提供孩子的姓名、年龄及联系方式。。?? 准备事项：。自备跳绳：每位参赛小朋友需自备一根跳绳，确保比赛顺利进行。。着装舒适：请穿着适合运动的服装和鞋子，以最佳状态迎接比赛。。安全第一：比赛过程中请遵守规则，注意安全，友谊第一，比赛第二。。?? 奖项设置：我们将为各项目组别的优胜者颁发精美奖品，更有参与奖等待每一位勇敢参与的小朋友！。让我们在这个充满活力的季节里，以绳为媒，共赴一场健康与快乐的盛宴。期待每一位小朋友的精彩表现，不见不散！。                        。     ??恒大绿洲第四社区居委会""。my(客户):""[链接]""。08月26日 15:34分。A母线加工机铜排机绕线机??(客户):""[文件超过最大限制]""。A母线加工机铜排机绕线机??(客户):""[视频]""。济南绿洲40-41号楼管家大雪(员工):""@A母线加工机铜排机绕线机??哥，我刚联…………""。08月26日 15:41分。A母线加工机铜排机绕线机??(客户):""雨水篦子里都满水了，应该将灌水的地方处理一下""。A母线加工机铜排机绕线机??(客户):""@济南绿洲40-41号楼管家大雪? ""。08月26日 18:41分。A大漠(客户):""??物业秩序“小蜜蜂” ??。[庆祝]“小蜜蜂”来了！来了！[庆祝]。[太阳]有事，您说话[太阳]。[庆祝]车辆电瓶亏电启动不了！。[庆祝]家里有沉物品搬不动了！。[庆祝]买了好多东西拿不了！。联系电话：0531-55612606。秩序小“蜜蜂”竭诚为您服务！[耶][耶][耶]。[庆祝]我们的口号：。[庆祝]真心帮助每一位[庆祝]。[庆祝]热心服务每一人[庆祝]。[庆祝]赠人玫瑰[玫瑰]，手有余香[庆祝]""。A大漠(客户):""[图片]""。08月26日 20:04分。你的月亮我的心(客户):""尊敬的业主，您好：。       为更好、更快的解决业主问题，现将各值班人员、联系电话及值班时间公示在群内，各位业主可直接电话联系或在群内@秩序110。1、日常家用维修工具(螺丝刀、活动扳手、小锤等);。2、小型购物车、平板车、人字梯、打气筒，应急医用品等。。为您爱家保驾护航，如果您有家政保洁、直饮水卡办理、白蚁消杀、有偿维修、房屋租赁的业务需求，随时与我们联系，为您提供专业的服务。。【秩序维护部】。[爱心]1.值班时间段：。????20:00－08:00????。[爱心]2.值班中队长-赵队电话：0531-55615881。[爱心]3.物业服务电话：0531-55615896、55615596。??4.监控室值班24小时电话：0531-55612606。3、【物业-安保服务“小蜜蜂”】。[抱拳]如您家中有需要帮助的请联系我们?。[爱心]24小时为各位家人守候。[合十]贴心服务、真诚相伴。如需便民服务车，请直接联系；。①55612606。②55612808。有事您说话，我们会在第一时间安排人员帮你处理[玫瑰][玫瑰]""。你的月亮我的心(客户):""[图片]""。08月26日 23:51分。你的月亮我的心(客户):""尊敬的业主大家好！我是夜间执勤赵队长，金碧物业安保服务8月26号巡查，时刻守护业主们的安全，请安心入睡，如有紧急情况请拨打0531-55612606""。你的月亮我的心(客户):""[图片]""。08月27日 03:00分。你的月亮我的心(客户):""尊敬的业主大家好！我是夜间执勤赵队长，金碧物业安保服务8月27号巡查，时刻守护业主们的安全，请安心入睡，如有紧急情况请拨打0531-55612606""。你的月亮我的心(客户):""[图片]""。&&&","[
    {
        ""话题倾向"": """"
    }
]"
群聊负向,"这是要分析的对话:&&&08月26日 08:36分。汪海艳(员工):""?????????家人们，早上好~。今天…………""。08月26日 09:39分。メ老頭孜(客户):""[图片]""。08月26日 11:14分。Nevermind(客户):""通知：。8月25日是全国第八个残疾预防日，筑安社区居委会于明天8月27日（本周二）上午在辖区内开展“预防疾病致残  共享健康生活”宣传服务活动，希望学校有社会实践活动要求的学生积极参与，请有意参加志愿服务活动的人员于8月27日早上9:30到8组团筑安社区居委会集中开展活动。""。08月26日 15:43分。Nevermind(客户):""[视频号消息]""。Nevermind(客户):""【提示】买卖游戏账号、游戏装备等一定要在官方平台进行，不要点击陌生链接，以交保证金、提现失败、账号冻结等理由要求继续充值的都是诈骗！""。08月26日 20:01分。悦想(客户):""各位业主：晚上好！[玫瑰]。8月26日秩序部夜间执勤安排：。一、带班队长：陈欢。13984216859。工程值班人员:杨丙云?。13984310672。二、24小时值班电话：。0851-83862661。辖区派出所电话：。0851-83851334。三、带班时间：20:00-08:00。四、我们将12小时坚守岗位，如有需要请致电，我们将竭诚为您服务。夜间休息请关好门窗，做好安全防范，出入小区带好业主卡、谨防尾随。。贵阳恒大文化旅游城物业服务中心祝您：生活愉快！[烟花]""。悦想(客户):""[图片]""。悦想(客户):""[视频]""。&&&","[
    {
        ""话题倾向"": """"
    }
]"
群聊负向,"这是要分析的对话:&&&08月26日 04:06分。一期中队长(客户):""【?? 秩序服务?巡逻篇】。我们是晚班园区秩序的守护者??。每天园区全覆盖巡视??。希望用我们的行动??。为您营造舒适的居家环境??。如需帮助请拨打24小时服务热线。?:0731一85520610。值班中队长。?:17700582951（一期）。??我们竭诚为您服务??""。一期中队长(客户):""[文件下载失败]""。08月26日 06:33分。一期中队长(客户):""??长沙恒大雅苑。?2024年8??26日  星期一。?天气: 晴  气温：28－37℃。1、广西一景区“飞天魔毯”项目故障致1死60伤 景区提出“买断”赔偿方案；。2、浙江绍兴一医院眼科套取医保资金2000万，手术医生庭审坚称无罪引争议；。3、郑州：相关企业限期撤除全市小区电梯里的“上门按摩”广告；。4、今年三伏，全国平均气温达到23.24℃，为史上最热；。5、日本核污染水排海一年，8轮累计排放将达62500吨；微信搜：每日微语报。6、超80城支持国企等收购存量房：36城已启动征集，“去库存效果最直接”；。7、合肥女子李梅在长沙坐拥87套房，因涉罪被查封，正式被法院挂网待拍卖；。8、安徽发文鼓励探索垂钓实名制，官方回应：还未启动落实；。9、周鸿祎再回应“手表不当回答”：已惩罚产品经理接一个月客服电话；。10、三文鱼刺身隔夜返包销售 胖东来：奖励投诉者10万，补偿购买者1000元；。11、黎真主党宣布第一阶段对以袭击取得成功 发射320余枚火箭弹；。12、世卫组织表示，猴痘疫情存在扩散风险，各国防控措施有待加强；。13、防止播音员“讲真话”，日本广播协会开始预录中文新闻；。14、17名中国公民命丧韩国电池厂 火灾调查：因培训不足错失37秒逃生窗口；。15、美国顶尖纳米科学家打算来华工作，曾因与中国高校合作而被美政府判刑；""。一期中队长(客户):""[图片]""。一期中队长(客户):""???♂【防溺水??安全温馨提示】。??亲爱的业主家人们：大家好??。?天气渐热，为了孩子们??的安全，请提高安全防范意识?，时刻监督和管理??好孩子，加强对孩子的防溺水??安全教育，禁止??孩子私自到小溪、水库、江边玩水、捕鱼、捉虾、游泳等。 。??安全无小事 时刻要警惕??。请家长??加强对孩子防溺水的监管力度，提高孩子??防溺水的自觉性?。同时物业工作人员??也会加大对园区的巡逻。为孩子的生命安全构筑坚实的防线??。??如需帮助请拨24小时服务热线。二期?:0731-85066275。一期?:0731-85520610。#长沙恒大雅苑物业服务中心""。08月26日 08:21分。WE 健萌 Tony 郭明卿(客户):""11栋24楼几点啊就开始打电钻""。WE 健萌 Tony 郭明卿(客户):""真是服了""。忘川(客户):""收到，马上去沟通""。08月26日 09:04分。楼栋管家(员工):""关于开展小区四害消杀的通知。    尊敬…………""。楼栋管家(员工):""[图片]""。08月26日 11:18分。楼栋管家(员工):""【??物业工作周报】  。尊敬的业主/住…………""。楼栋管家(员工):""[文件下载失败]""。子鱼(客户):""【??遛狗不随便，随手清狗便??】。     。      ??最近存在严重的不文明养犬的现象，绿化带、草坪的狗便??比比皆是，给其他美邻的生活带来了很大的困扰。。      宠物是人类的朋友，为生活增添不少乐趣??，享受权利的同时还请履行义务哦[抱拳]，为了给小区营造一个整洁和谐的环境??，物业中心倡议各位饲养宠物的业主，请您随身携带废纸或垃圾袋，以便随时清理“排泄物”。    ??优美的居住环境需要大家的共同创造和维护，请从文明养狗开始。??""。子鱼(客户):""[文件超过最大限制]""。08月26日 12:02分。danfor(客户):""[图片]""。danfor(客户):""这车堵在这个口子堵了几天了吧""。楼栋管家(员工):""@一期中队长""。楼栋管家(员工):""麻烦通知移车""。08月26日 12:13分。忘川(客户):""收""。08月26日 12:35分。雍政(客户):""[图片]""。雍政(客户):""又乱丢垃圾""。08月26日 14:00分。楼栋管家(员工):""收到马上处理@物业保洁罗代萍""。08月26日 17:00分。楼栋管家(员工):""[图片]""。楼栋管家(员工):""@所有人 漏水房号还有要增加的吗""。楼栋管家(员工):""{""pre_msgid"":""553087…………""。楼栋管家(员工):""@所有人 外墙漏水房号还有要增加的吗""。竹马(客户):""为什么我报了不加上啊""。丹丹(客户):""11-2706""。周林涛(客户):""@10-11栋管家凌炀?2502卧室外墙""。Z英(客户):""我家主卧飘窗也漏水了""。涂铭(客户):""「10-11栋管家凌炀：@所有人 外墙漏水房号还有要增加的吗」。- - - - - - - - - - - - - - -。11-2806，报过的""。楼栋管家(员工):""稍等 还没有截完图[捂脸]""。Tiffany(客户):""@10-11栋管家凌炀 11栋15楼以上的 是没截图吗？""。钦(客户):""11-2707""。Z英(客户):""@10-11栋管家凌炀? 10栋903 主卧飘窗漏水""。genome(客户):""「10-11栋管家凌炀：@所有人 外墙漏水房号还有要增加的吗」。- - - - - - - - - - - - - - -。11-1208""。默文（mazarine）(客户):""10-804""。默文（mazarine）(客户):""阳台漏水""。樊某某(客户):""10栋2803.两个飘窗都漏水。""。洁(客户):""@10-11栋管家凌炀?大概什么时候能维修呢？""。楼栋管家(员工):""[图片]""。珊珊来迟(客户):""11一3208，主阳台左侧漏水""。行者无疆(客户):""11-1705 书房飘窗、次卧飘窗、生活阳台渗水 上次私信报过的""。珊珊来迟(客户):""{""pre_msgid"":""11675005122597248380_1724663057653_external""}""。妮(客户):""标了黄色和没标是有什么区别@10-11栋管家凌炀?""。楼栋管家(员工):""这是一条引用/回复消息：。""洁。@10-…………""。genome(客户):""要拍照才能上这个名单对吗""。08月26日 17:09分。楼栋管家(员工):""这是一条引用/回复消息：。""妮。标了黄色…………""。慧咖(客户):""11一1706主卧，次卧飘窗渗水，己上报并且还拍照了。""。楼栋管家(员工):""好的 大家看房号就好了。漏水点会一一上门…………""。楼栋管家(员工):""这是一条引用/回复消息：。""竹马。为什么…………""。楼栋管家(员工):""这是一条引用/回复消息：。""丹丹。11-…………""。08月26日 17:14分。微笑的美玉(客户):""11栋1605@@10-11栋管家凌炀?""。昆昆(客户):""「10-11栋管家凌炀：[图片]」。- - - - - - - - - - - - - - -。这个图我有点看不清，你再重新发一遍""。梅(客户):""@10-11栋管家凌炀?11栋2005号主卧飘窗渗水。""。梅(客户):""管家我们家的外墙上次下大雨也有也有漏水的现象啊。""。刘黎松(客户):""@10-11栋管家凌炀?1906""。楼栋管家(员工):""这是一条引用/回复消息：。""10栋。@1…………""。小灰灰(客户):""10栋2301，主卧以及北边卧室窗台渗水""。08月26日 17:20分。默文（mazarine）(客户):""「默文（mazarine）：10-804」。- - - - - - - - - - - - - - -。这是去年准备启动维修时就报了的呢""。湘宁(客户):""「10-11栋管家凌炀：[图片]」。- - - - - - - - - - - - - - -。10-1704主卧""。梅(客户):""11栋906，主卧和另一南边的小房渗水严重""。??猫了个喵??(客户):""[图片]""。??猫了个喵??(客户):""10栋16楼电梯间要搞下卫生，不知道谁弄地上了""。genome(客户):""。@10-11栋管家凌炀?11-1208加了吗""。RebeccaXiao(客户):""@10-11栋管家凌炀?11栋 3005""。08月26日 17:26分。楼栋管家(员工):""好的 以上报的都加进去了哈""。吴孟(客户):""11栋606""。楼栋管家(员工):""在里面""。吴孟(客户):""我们是两个房间都漏水""。楼栋管家(员工):""好的 周末会一一上门对点位的""。(客户):""@10-11栋管家凌炀?11栋2908要加""。楼栋管家(员工):""好 加了""。08月26日 17:31分。(客户):""谢谢""。兰花(客户):""@10-11栋管家凌炀?1O栋32O2漏水严重""。楼栋管家(员工):""????收到""。兰花(客户):""[视频]""。兰花(客户):""这是上次下爆雨，屋顶渗水下来""。楼栋管家(员工):""大家这几天看一下自己家的漏水点位啊 勘探…………""。08月26日 17:36分。楼栋管家(员工):""周末之前还有房号要增加的，麻烦私聊我哈""。橙子(客户):""我要增加一个房间，书房  在我装修之前漏水有点严重，墙体都是湿的，虽然这次下雨没有漏""。橙子(客户):""现在有多少户登记了呀？""。08月26日 17:41分。楼栋管家(员工):""100户左右了""。橙子(客户):""好的""。楼栋管家(员工):""关于小区内防范蛇类动物的温馨提示。各位业…………""。楼栋管家(员工):""[图片]""。08月26日 17:48分。RebeccaXiao(客户):""@10-11栋管家凌炀?我们小阳台的大卧室，小卧室，两个卧室漏水，流出来很多白色的墙液""。杨小杨(客户):""@10-11栋管家凌炀?登记我家了吗""。杨小杨(客户):""{""pre_msgid"":""14476412231506262347_1724665762387_external""}""。08月26日 18:01分。段曄(客户):""先补外墙再补房间？""。楼栋管家(员工):""修外墙。室内油漆恢复都是修好外墙之后，大…………""。08月26日 18:14分。昆昆(客户):""自行恢复又是什么鬼，难道室内墙面不是因为外墙漏水导致的？""。楼栋管家(员工):""10-11栋启用维修资金修外墙渗水，竞标…………""。08月26日 18:21分。煜文(客户):""管家，今天开会，沟通了广场舞的问题没，什么结果@10-11栋管家凌炀?""。煜文(客户):""篮球架还真移到网球场去了，凭什么呢""。昆昆(客户):""做事做一半，这决策者是真??""。昆昆(客户):""在下佩服""。08月26日 19:06分。楼栋管家(员工):""今天没有开会??""。08月26日 19:15分。一期中队长(客户):""【?? 秩序服务?巡逻篇】。我们是白班园区秩序的守护者??。每天园区全覆盖巡视??。希望用我们的行动??。为您营造舒适的居家环境??。如需帮助请拨打24小时服务热线。?:0731一85520610。值班中队长。?:17700582951（一期）。??我们竭诚为您服务??""。一期中队长(客户):""[视频]""。一期中队长(客户):""[文件下载失败]""。08月26日 19:51分。微笑的美玉(客户):""连续两晚没有跳广场舞了，还是可以先点个赞，同时也说明了物业是有这个协调能力的，就看物业是否作为了？！！！不要业主说一次动一次，这是物业的工作，不是业主的工作。。总之，一个安静的小区居家环境是业主们应有的权利，我们坚持到底。。@10-11栋管家凌炀?""。小牛牛(客户):""8月26日园林工作日常""。小牛牛(客户):""[文件下载失败]""。楼栋管家(员工):""好的收到""。08月26日 20:01分。昆昆(客户):""@微笑的美玉?只是声音放小了，并不是没有跳[偷笑][偷笑]""。一期中队长(客户):""业主您好??。我是夜班秩序班长（苏静普17700582951），也是你的夜间安全守护者??，也许您从来没有见过我，因为我值守在您熟睡的每个晚上。夜间??我们会跟踪可疑人员、巡查车库、巡查园区、巡查楼层。。??清晨06:00我们还会查看每个电梯，确保您上班时电梯正常运行。。??如需帮助请及时拨打24小时服务电话85520610，我会出现在你需要的每个时刻???♂???♂???♂。祝您好梦！一醒来又是美美哒的一天哦???""。08月26日 20:37分。周春耕(客户):""[图片]""。周春耕(客户):""[图片]""。周春耕(客户):""[图片]""。08月26日 20:43分。周春耕(客户):""[图片]""。周春耕(客户):""[图片]""。周春耕(客户):""[图片]""。周春耕(客户):""十栋十一栋电梯和大堂已拖""。08月26日 20:49分。一期中队长(客户):""【?? 秩序服务?巡逻篇】。我们是晚班园区秩序的守护者??。每天园区全覆盖巡视??。希望用我们的行动??。为您营造舒适的居家环境??。如需帮助请拨打24小时服务热线。?:0731一85520610。值班中队长。?:17700582951（一期）。??我们竭诚为您服务??""。08月27日 03:44分。一期中队长(客户):""【?? 秩序服务?巡逻篇】。我们是晚班园区秩序的守护者??。每天园区全覆盖巡视??。希望用我们的行动??。为您营造舒适的居家环境??。如需帮助请拨打24小时服务热线。?:0731一85520610。值班中队长。?:17700582951（一期）。??我们竭诚为您服务??""。一期中队长(客户):""[图片]""。&&&","[
    {
        ""业主情感强度"": {
            ""WE 健萌 Tony 郭明卿"": ""强烈负面""
        },
        ""事件讨论开始时间"": ""08月26日 08:21"",
        ""事件讨论结束时间"": ""08月26日 08:21分"",
        ""事件详情"": ""业主WE 健萌 Tony 郭明卿对11栋24楼某业主某业主大早上用电钻发出噪音感到不满’。"",
        ""话题倾向"": """"
    }  ，
  {
        ""业主情感强度"": {
            ""雍政"": ""一般负面""
        },
        ""事件讨论开始时间"": ""08月26日 12:35"",
        ""事件讨论结束时间"": ""08月26日 14:00分"",
        ""事件详情"": ""业主雍正对乱丢垃圾现象表示不满’。"",
        ""话题倾向"": """"
    }
]"
群聊负向,"这是要分析的对话:&&&08月26日 08:36分。汪海艳(员工):""?????????家人们，早上好~。今天…………""。08月26日 09:40分。メ老頭孜(客户):""[图片]""。08月26日 11:14分。Nevermind(客户):""通知：。8月25日是全国第八个残疾预防日，筑安社区居委会于明天8月27日（本周二）上午在辖区内开展“预防疾病致残  共享健康生活”宣传服务活动，希望学校有社会实践活动要求的学生积极参与，请有意参加志愿服务活动的人员于8月27日早上9:30到8组团筑安社区居委会集中开展活动。""。08月26日 15:43分。Nevermind(客户):""[视频号消息]""。Nevermind(客户):""【提示】买卖游戏账号、游戏装备等一定要在官方平台进行，不要点击陌生链接，以交保证金、提现失败、账号冻结等理由要求继续充值的都是诈骗！""。08月26日 20:01分。悦想(客户):""各位业主：晚上好！[玫瑰]。8月26日秩序部夜间执勤安排：。一、带班队长：陈欢。13984216859。工程值班人员:杨丙云?。13984310672。二、24小时值班电话：。0851-83862661。辖区派出所电话：。0851-83851334。三、带班时间：20:00-08:00。四、我们将12小时坚守岗位，如有需要请致电，我们将竭诚为您服务。夜间休息请关好门窗，做好安全防范，出入小区带好业主卡、谨防尾随。。贵阳恒大文化旅游城物业服务中心祝您：生活愉快！[烟花]""。悦想(客户):""[图片]""。悦想(客户):""[视频]""。&&&","[
    {
        ""话题倾向"": """"
    }
]"
群聊负向,"这是要分析的对话:&&&08月26日 11:01分。朱姐海带凉菜魔芋批发18708503773(客户):""[图片]""。朱姐海带凉菜魔芋批发18708503773(客户):""@郑超超?麻烦去我家处理一下""。朱姐海带凉菜魔芋批发18708503773(客户):""今天早上孩子们起床发现家里这样""。郑超超(员工):""收到，我这边报给地产师傅，他们人来了就去…………""。朱姐海带凉菜魔芋批发18708503773(客户):""好""。08月26日 19:27分。朱姐海带凉菜魔芋批发18708503773(客户):""[文件下载失败]""。朱姐海带凉菜魔芋批发18708503773(客户):""麻烦问一下是不是隔壁的装修""。郑超超(员工):""301还是303""。朱姐海带凉菜魔芋批发18708503773(客户):""还有我家儿童房间下雨天老实掉石灰下来""。朱姐海带凉菜魔芋批发18708503773(客户):""我家是303""。郑超超(员工):""{""pre_msgid"":""151476…………""。朱姐海带凉菜魔芋批发18708503773(客户):""不知道302家在装修没""。郑超超(员工):""好的，我让前台查查哪家最近装修""。朱姐海带凉菜魔芋批发18708503773(客户):""抓紧处理一下，这么大一块在哪里""。08月26日 19:35分。郑超超(员工):""好的，师傅来了就上门处理""。朱姐海带凉菜魔芋批发18708503773(客户):""什么时候来，我好安排人在家里等""。08月26日 19:45分。郑超超(员工):""我要等师傅回复我了再告诉您[抱拳][抱拳…………""。朱姐海带凉菜魔芋批发18708503773(客户):""好""。08月26日 19:58分。玫瑰????(客户):""二栋门玲怎么没人接电话""。08月26日 20:15分。?(客户):""各位业主：晚上好！[玫瑰]。8月26日秩序部夜间执勤安排：。一、值班人员，李苓杰13035574097。维修值班人员： 郭文波18111908017。二、巡查期间未发现流浪狗、猫，值班期间如发现第一时间处理。三、带班时间：20:00-08:00。四、我们将12小时坚守岗位，如有需要请致电，我们将竭诚为您服务。夜间休息请关好门窗，做好安全防范，出入小区带好业主卡、谨防尾随。。贵阳金碧物业服务中心祝您：生活愉快！[烟花]""。08月26日 20:27分。玫瑰????(客户):""天，什么声音，好吓人""。**钰(客户):""是不是挖机挖到燃气管道了？""。玫瑰????(客户):""好怕""。**钰(客户):""气体一直往外冒的生意""。guoIan(客户):""怕不会噢，这个声音前后都有""。**钰(客户):""就是22组团这边有个挖机在施工""。朱姐海带凉菜魔芋批发18708503773(客户):""声音好大""。?? ,ZHEN &(客户):""是天然气吗""。08月26日 20:32分。朱姐海带凉菜魔芋批发18708503773(客户):""应该是吧""。**钰(客户):""应该是""。**钰(客户):""挖机师傅都跑了""。朱姐海带凉菜魔芋批发18708503773(客户):""太黑了看不见""。guoIan(客户):""如果是挖到天然气怕要爆噢""。?? ,ZHEN &(客户):""物业呢""。?? ,ZHEN &(客户):""小声了""。朱姐海带凉菜魔芋批发18708503773(客户):""[视频]""。朱姐海带凉菜魔芋批发18708503773(客户):""可能关了""。**钰(客户):""工人把上面点的阀门关了""。?? ,ZHEN &(客户):""你看到了？""。朱姐海带凉菜魔芋批发18708503773(客户):""[视频]""。**钰(客户):""[视频]""。**钰(客户):""对啊""。**钰(客户):""就这几个人在搞""。08月26日 20:37分。?? ,ZHEN &(客户):""吓死了，关紧门窗""。**钰(客户):""真的吓人，万一爆炸了的话怕是要出大事""。**钰(客户):""妈的几个龟儿子，白天不弄，大晚上黑灯瞎火的在这搞个毛啊""。玫瑰????(客户):""挖爆煤气管了，好吓人，下来＿大股煤气味、关总杂3，大晚上的搞得烦人[抓狂]""。**钰(客户):""我都差点打110报警了""。玫瑰????(客户):""是了[破涕为笑][捂脸]""。**钰(客户):""燃气公司的电话都已经打了""。08月26日 20:43分。guoIan(客户):""太不像话了，晚上乱干，亏得没出大问题[捂脸]""。?? ,ZHEN &(客户):""漏了那么多还是关窗要紧，不然中毒了""。玫瑰????(客户):""关得急时了，太吓人了，支狗东西的些""。guoIan(客户):""下边气味闻到了？""。玫瑰????(客户):""现在没味了""。玫瑰????(客户):""外面风大散得快""。08月26日 20:50分。**钰(客户):""还好挖机师傅没有一边抽烟，一边干活哦[捂脸]""。08月26日 20:56分。玫瑰????(客户):""[视频]""。玫瑰????(客户):""确实挖机挖断的""。08月26日 21:04分。玫瑰????(客户):""几个工人在这下面整，怕再整出事来哦，大家怕打下煤气公司电话了[破涕为笑]""。不懂(客户):""啥[发呆]挖的燃气管嘛""。玫瑰????(客户):""嗯""。不懂(客户):""[Emm]""。08月26日 21:09分。guoIan(客户):""@秩序部李苓杰?你们怕去看看是什么情况哦？""。08月26日 21:16分。?(客户):""@2-2601?已经联系施工方  在做处理""。?(客户):""{""pre_msgid"":""10062164200095745353_1724678222396_external""}""。?(客户):""@2-2601?业主你好已经联系施工方 在做处理""。guoIan(客户):""@秩序部李苓杰?今天那么大的事，群里大家都心慌慌的，你们物业还是要及时给大家反馈，这也是关系大家的安全的。""。?(客户):""好的业主  ""。08月26日 21:24分。郑超超(员工):""停气通知。停气日期：2024年8月26日…………""。guoIan(客户):""只影响22组团吗""。?(客户):""@2-2601?是的业主""。08月26日 21:33分。?(客户):""[图片]""。?(客户):""抢修人员已经在维修了""。?(客户):""[图片]""。guoIan(客户):""好的""。&&&","[
    {
        ""业主情感强度"": {
            ""朱姐海带凉菜魔芋批发18708503773"": ""强烈负面""
        },
        ""事件讨论开始时间"": ""08月26日 11:01"",
        ""事件讨论结束时间"": ""08月26日 19:45分"",
        ""事件详情"": ""业主朱姐海带凉菜魔芋批发18708503773反映家中出现疑似隔壁装修导致的问题，并担心房屋质量’。"",
        ""话题倾向"": """"
    }  ，
 { “业主情感强度”: { 
 “玫瑰????”: “强烈负面”, 
“**钰”: “强烈负面”, 
“guoIan”: “强烈负面”, 
“?? ,ZHEN &”: “强烈负面”, 
“不懂”: “轻微负面” }, 
“事件讨论开始时间”: “08月26日 11:01”, 
“事件讨论结束时间”: “08月26日 21:33”, 
“事件详情”: “业主还反映小区门口有人施工，疑似挖断燃气管道，造成燃气泄漏和巨大声响，引发恐慌和强烈不满。物业回应后，业主情绪有所缓解。”, 
“话题倾向”: “负面” } 
]"
群聊负向,"这是要分析的对话:&&&08月26日 09:02分。恒大社区居委会8731213(客户):""[视频号消息]""。08月26日 10:15分。恒大社区居委会8731213(客户):""[图片]""。恒大社区居委会8731213(客户):""活动通知：恒大社区将于本周三8月28日下午3：00开展社区文明宣传和清扫活动，请需要参与暑假社会实践活动的学生扫下方的腾讯问卷报名参与。。集合地点：恒大社区居委会办公室（恒大城1期1栋内铺）。集合时间：8月28日下午2：50。备注：目前我们发的志愿活动主要是针对学校有要求学生参加暑假社会实践活动要盖章的或者是学校有要求做I志愿的学生，一般是中学生或者大学生，因每次活动人数有限，请没有这方面要求的学生家长暂时不要报名，谢谢！。温馨提示：。1.最近天气多变，请自备雨具遮阳防雨，注意安全。。2.请有需要拍照交学校的同学，自行带手机拍照哈。3.本次活动为24年暑期学生社会实践活动的最后一次活动，后续将不再开展，请有需要的学生积极参与。""。08月26日 17:44分。韶关恒大城-管家张世辉(员工):""@所有人 关于八月园区消杀通知。尊敬的业…………""。08月26日 19:06分。韶关恒大城B区监控员(客户):""2024-8-26。【秩序维护部】。1、值班时间段:【19:00-7:00】。2、值班中队长:  李佰全。联系电话：18933707875。【温馨提示】。请各位业主知悉，如需要帮助或遇紧急情况，请电话联系值班室或值班中队长。。物业24小时值班电话：0751-8706100。0751-8706228""。&&&","[
    {
        ""话题倾向"": """"
    }
]"
群聊负向,"这是要分析的对话:&&&08月26日 07:55分。刘诗雨(员工):""????金碧物业晨跑开跑啦！！！大朋友、…………""。刘诗雨(员工):""[图片]""。刘诗雨(员工):""[图片]""。刘诗雨(员工):""[图片]""。08月26日 08:05分。A00(客户):""尊敬的业主，您好：。       为更好、更快的解决业主问题，现将各值班人员、联系电话及值班时间公示在群内，各位业主可直接电话联系或在群内@秩序110。1、日常家用维修工具(螺丝刀、活动扳手、小锤等);。2、小型购物车、平板车、人字梯、打气筒，应急医用品等。。为您爱家保驾护航，如果您有家政保洁、直饮水卡办理、白蚁消杀、有偿维修、房屋租赁的业务需求，随时与我们联系，为您提供专业的服务。。【秩序维护部】。[爱心]1.值班时间段：。????08:00－20:00????。[爱心]2.值班中队长-赵队电话：0531-83131013。[爱心]3.物业服务电话：0531-55615896、55615596。??4.监控室值班24小时电话：0531-55612606。3、【物业-安保服务“小蜜蜂”】。[抱拳]如您家中有需要帮助的请联系我们?。[爱心]24小时为各位家人守候。[合十]贴心服务、真诚相伴。如需便民服务车，请直接联系；。①55612606。②55612808。有事您说话，我们会在第一时间安排人员帮你处理[玫瑰][玫瑰]""。A00(客户):""[图片]""。08月26日 08:29分。JN29岁月静好(客户):""。[庆祝]雨后园林座椅已擦拭[庆祝]。    [烟花]游乐设施已清理?积水清理中[烟花]。恒大绿洲保洁团队为您服务[玫瑰]""。JN29岁月静好(客户):""[图片]""。08月26日 08:47分。刘诗雨(员工):""[链接]""。刘诗雨(员工):""[玫瑰][玫瑰]早安  绿洲[玫瑰][玫…………""。08月26日 11:49分。Gm(客户):""【公区维修8月19日-8月25日工作汇报】。●公区及地下车库排污泵检修7处。●公区及地下车库照明更换6处。●公区直饮水机滤芯更换4处。●公区大堂顶子破损粉刷5处。●公区墙砖破损更换3处。●公区消防故障处理47处。●公区充电桩头安装21处。●园区排污管道疏通8处。●园区路面维修3处。●电梯维保125部。●设备房维护保养。●设备房巡查。工程维修，为您的生活保驾护航。如需帮助请拨打。24小时物业热线:。0531-55615896。济南恒大绿洲物业服务中心""。Gm(客户):""[文件下载失败]""。08月26日 18:43分。A大漠(客户):""??物业秩序“小蜜蜂” ??。[庆祝]“小蜜蜂”来了！来了！[庆祝]。[太阳]有事，您说话[太阳]。[庆祝]车辆电瓶亏电启动不了！。[庆祝]家里有沉物品搬不动了！。[庆祝]买了好多东西拿不了！。联系电话：0531-55612606。秩序小“蜜蜂”竭诚为您服务！[耶][耶][耶]。[庆祝]我们的口号：。[庆祝]真心帮助每一位[庆祝]。[庆祝]热心服务每一人[庆祝]。[庆祝]赠人玫瑰[玫瑰]，手有余香[庆祝]""。A大漠(客户):""[图片]""。08月26日 20:03分。你的月亮我的心(客户):""尊敬的业主，您好：。       为更好、更快的解决业主问题，现将各值班人员、联系电话及值班时间公示在群内，各位业主可直接电话联系或在群内@秩序110。1、日常家用维修工具(螺丝刀、活动扳手、小锤等);。2、小型购物车、平板车、人字梯、打气筒，应急医用品等。。为您爱家保驾护航，如果您有家政保洁、直饮水卡办理、白蚁消杀、有偿维修、房屋租赁的业务需求，随时与我们联系，为您提供专业的服务。。【秩序维护部】。[爱心]1.值班时间段：。????20:00－08:00????。[爱心]2.值班中队长-赵队电话：0531-55615881。[爱心]3.物业服务电话：0531-55615896、55615596。??4.监控室值班24小时电话：0531-55612606。3、【物业-安保服务“小蜜蜂”】。[抱拳]如您家中有需要帮助的请联系我们?。[爱心]24小时为各位家人守候。[合十]贴心服务、真诚相伴。如需便民服务车，请直接联系；。①55612606。②55612808。有事您说话，我们会在第一时间安排人员帮你处理[玫瑰][玫瑰]""。你的月亮我的心(客户):""[图片]""。08月26日 23:52分。你的月亮我的心(客户):""尊敬的业主大家好！我是夜间执勤赵队长，金碧物业安保服务8月26号巡查，时刻守护业主们的安全，请安心入睡，如有紧急情况请拨打0531-55612606""。你的月亮我的心(客户):""[图片]""。08月27日 02:59分。你的月亮我的心(客户):""尊敬的业主大家好！我是夜间执勤赵队长，金碧物业安保服务8月27号巡查，时刻守护业主们的安全，请安心入睡，如有紧急情况请拨打0531-55612606""。你的月亮我的心(客户):""[图片]""。&&&","[
    {
        ""话题倾向"": """"
    }
]"
群聊负向,"这是要分析的对话:&&&08月26日 10:56分。yH(客户):""邻居们，请问21组团有民宿吗[抱拳][抱拳]""。郑超超(员工):""我帮你们问问""。郑超超(员工):""{""pre_msgid"":""149831…………""。郑超超(员工):""我帮你问问""。yH(客户):""好的，谢谢""。08月26日 20:16分。?(客户):""各位业主：晚上好！[玫瑰]。8月26日秩序部夜间执勤安排：。一、值班人员，李苓杰13035574097。维修值班人员： 郭文波18111908017。二、巡查期间未发现流浪狗、猫，值班期间如发现第一时间处理。三、带班时间：20:00-08:00。四、我们将12小时坚守岗位，如有需要请致电，我们将竭诚为您服务。夜间休息请关好门窗，做好安全防范，出入小区带好业主卡、谨防尾随。。贵阳金碧物业服务中心祝您：生活愉快！[烟花]""。08月26日 21:24分。郑超超(员工):""停气通知。停气日期：2024年8月26日…………""。&&&","[
    {
        ""话题倾向"": """"
    }
]"
群聊负向,"这是要分析的对话:&&&08月26日 10:25分。爱不解释(客户):""#金碧物业·秩序(保安)服务篇。??用心打磨每一个细节，用真诚赢得您的信赖??。??优美的环境，优良的秩序，优质的服务，都藏在细节里??。?从平凡处发现不平凡，感受我们的用心??。??绝不辜负您的信赖，全心全意为您服务??。         ??金碧物业  我们与您同在。               ——贵阳恒大文化旅游城物业服务中心""。爱不解释(客户):""[图片]""。08月26日 12:20分。南锺(客户):""通知：。8月25日是全国第八个残疾预防日，筑安社区居委会于明天8月27日（本周二）上午在辖区内开展“预防疾病致残  共享健康生活”宣传服务活动，希望学校有社会实践活动要求的学生积极参与，请有意参加志愿服务活动的人员于8月27日早上9:30到8组团筑安社区居委会集中开展活动。""。&&&","[
    {
        ""话题倾向"": """"
    }
]"
群聊负向,"这是要分析的对话:&&&08月26日 08:02分。姜(客户):""尊敬的各位业主：早上好[玫瑰]。8月26日秩序部白班已接班，执勤安排如下：。一、值班:姜小朋 18786658735。二、24小时值班电：0851-83873003。辖区派出所电话：0851-83851334。三、带班时间：08:00-20:00。四、我们将12小时坚守岗位，如有需要请致电，我们将竭诚为您服务。外出请关好门窗、水电及燃气、出入小区带好业主卡、做好个人防护。。贵阳恒大文化旅游城物业服务中心祝您：生活愉快！[烟花]""。姜(客户):""[图片]""。08月26日 08:57分。晏春英(员工):""【?? 管家休假知会】。尊敬的业主，您好…………""。08月26日 11:01分。姜(客户):""#金碧物业·秩序(保安)服务篇。??用心打磨每一个细节，用真诚赢得您的信赖??。??优美的环境，优良的秩序，优质的服务，都藏在细节里??。?从平凡处发现不平凡，感受我们的用心??。??绝不辜负您的信赖，全心全意为您服务??。         ??金碧物业  我们与您同在。               ——贵阳恒大文化旅游城物业服务中心""。姜(客户):""[图片]""。08月26日 12:25分。心之恋(客户):""[视频号消息]""。心之恋(客户):""【提示】买卖游戏账号、游戏装备等一定要在官方平台进行，不要点击陌生链接，以交保证金、提现失败、账号冻结等理由要求继续充值的都是诈骗！""。心之恋(客户):""通知：。8月25日是全国第八个残疾预防日，筑安社区居委会于明天8月27日（本周二）上午在辖区内开展“预防疾病致残  共享健康生活”宣传服务活动，希望学校有社会实践活动要求的学生积极参与，请有意参加志愿服务活动的人员于8月27日早上9:30到8组团筑安社区居委会集中开展活动。""。08月26日 14:44分。兮萝(客户):""群里有人出租房子吗？""。Yan(客户):""有啊""。08月26日 14:59分。冬天(客户):""有""。08月26日 15:04分。兮萝(客户):""18556357856联系我呗""。冬天(客户):""4地块的可以不""。兮萝(客户):""优先6地块的哈""。08月26日 20:25分。        (客户):""?各位业主：晚上好！[玫瑰]。8月26日秩序部夜间执勤安排：。值班：罗锋18285024210 。维修部：何彬18984855091?。辖区派出所电话：0851-83851334。三、带班时间：20:00-08:00。四、我们将12小时坚守岗位，如有需要请致电，我们将竭诚为您服务。夜间休息请关好门窗，做好安全防范，出入小区带好业主卡、谨防尾随。。贵阳恒大文化旅游城物业服务中心祝您：生活愉快！[烟花]""。        (客户):""[文件超过最大限制]""。&&&","[
    {
        ""话题倾向"": """"
    }
]"
群聊负向,"这是要分析的对话:&&&08月26日 10:24分。爱不解释(客户):""#金碧物业·秩序(保安)服务篇。??用心打磨每一个细节，用真诚赢得您的信赖??。??优美的环境，优良的秩序，优质的服务，都藏在细节里??。?从平凡处发现不平凡，感受我们的用心??。??绝不辜负您的信赖，全心全意为您服务??。         ??金碧物业  我们与您同在。               ——贵阳恒大文化旅游城物业服务中心""。爱不解释(客户):""[图片]""。08月26日 12:21分。南锺(客户):""通知：。8月25日是全国第八个残疾预防日，筑安社区居委会于明天8月27日（本周二）上午在辖区内开展“预防疾病致残  共享健康生活”宣传服务活动，希望学校有社会实践活动要求的学生积极参与，请有意参加志愿服务活动的人员于8月27日早上9:30到8组团筑安社区居委会集中开展活动。""。&&&","[
    {
        ""话题倾向"": """"
    }
]"
群聊负向,"这是要分析的对话:&&&08月26日 08:44分。徐国飞(员工):""?????????家人们，早上好~。今天…………""。08月26日 20:03分。??普通?市民???(客户):""各位业主：晚上好！[玫瑰]。8月26日秩序部夜间执勤安排：。一、带班队长：段宏。15085960971。工程值班人员：杨丙云 。 13984310672。二、24小时值班电话：。0851-83862661。辖区派出所电话：。0851-83851334。三、带班时间：20:00-08:00。四、我们将12小时坚守岗位，如有需要请致电，我们将竭诚为您服务。夜间休息请关好门窗，做好安全防范，出入小区带好业主卡、谨防尾随。。贵阳恒大文化旅游城物业服务中心祝您：生活愉快！[烟花]""。??普通?市民???(客户):""[视频]""。08月26日 23:11分。筑安(客户):""[视频号消息]""。筑安(客户):""通知：。8月25日是全国第八个残疾预防日，筑安社区居委会于明天8月27日（本周二）上午在辖区内开展“预防疾病致残  共享健康生活”宣传服务活动，希望学校有社会实践活动要求的学生积极参与，请有意参加志愿服务活动的人员于8月27日早上9:30到8组团筑安社区居委会集中开展活动。""。筑安(客户):""【提示】买卖游戏账号、游戏装备等一定要在官方平台进行，不要点击陌生链接，以交保证金、提现失败、账号冻结等理由要求继续充值的都是诈骗！""。08月26日 23:22分。??普通?市民???(客户):""[图片]""。&&&","[
    {
        ""话题倾向"": """"
    }
]"
群聊负向,"这是要分析的对话:&&&08月26日 08:26分。恒大城???? 秩序部 三期监控室(客户):""[图片]""。恒大城???? 秩序部 三期监控室(客户):""[图片]""。恒大城???? 秩序部 三期监控室(客户):"" @所有人。请问这些是哪位业主的？请赶紧清理，3天没人认领，会当无主垃圾处理掉""。08月26日 09:12分。恒大城???? 秩序部 三期监控室(客户):""[视频号消息]""。恒大城???? 秩序部 三期监控室(客户):""“客服”给你打来电话，说你网购商品出现问题！可以给你申请退款，还给你发来陌生链接！让你注册账号填写信息，再说因“操作失误”导致账户被冻结，让你转账解冻后才能退款？南昌反诈提醒您：退换货请认准官方平台，陌生链接不要点击，不要透露个人信息。敬请各位领导同事转发反诈视频及反诈日历。[抱拳][抱拳][抱拳]""。恒大城???? 秩序部 三期监控室(客户):""[图片]""。08月26日 11:32分。恒大城-管家-小廖(员工):""【关于四害消杀的温馨提示】。      …………""。恒大城-管家-小廖(员工):""[图片]""。08月26日 14:41分。??(客户):""本人有两室一厅一厨一卫出租，精装，带家具家电。以及本人有一个独立车位出售，有意者联系！电话??：18970904148""。08月26日 14:52分。草莓不馁(客户):""各位居民朋友们:。 为了提高辖区孕、产妇及宝妈的健康指数，彭家坊社区将开展“幸福来敲门，健康暖人心”活动，特邀请一附医院妇产专家亲临指导，对孕妈营养咨询、护士进行胎心监护，女性妇科健康义诊等活动，让妈妈们在家门口就可以享受专业的妇产服务。。1、活动时间：2024年8月31日。2、活动地点:彭家坊社区。3、现场有价值200元的产检券、两癌筛查体检券由爱佳妇产医院免费提供，还有精美礼品相赠。。请大家踊跃报名，名额有限，先报先得！""。08月26日 15:49分。恒大城-管家-小廖(员工):""【南昌恒大城—周报】。?? 一周美好，与…………""。恒大城-管家-小廖(员工):""[图片]""。08月26日 18:18分。恒大城???? 秩序部 三期监控室(客户):""重要警示：。    8月23日晚10时，江苏省宿迁市一电动自行车店起火，虽然仅半小时明火就得到控制，但仍造成6人死亡（尤为痛心的是，遇难者中4人系未成年人）。此前，2024年2月23日4时许，江苏南京市雨花台区一小区发生电动自行车火灾，造成15人死亡，44人受伤。今年4月27日，我县一小区也发生了电动自行车火灾亡人事件。在此警示，电动自行车起火，燃烧迅速并会在短时间造成大量有害气体，因灾致死率极高！因此，为了大家的生命财产安全，恳请各位业主对自己负责，也对左右邻里负责，严禁将电动自行车违规入楼、违规充电！也请各位监督，一发现有电动车上楼进单元的，请及时联系物业24小时电话:85130408，物业会第一时间上户整治，保障大家居住安全。""。08月26日 20:02分。恒大城???? 秩序部 三期监控室(客户):""? 2024.8.26日? 。【秩序维护部】 。1.夜班值班时间段：20：00—08：00。2.夜班值班队长:徐霖。3.物业24小时服务电话：0791-85957719/85130408。? 【物业小贴士】?。1、园区道路是大家的，请将爱车停至车位或车库，勿占行车主干道。。2、予人方便，予己方便，整齐有序，文明停车。。3、随身携带门禁卡，刷卡进出，提高安全防止偷盗。。4、请随手关大堂门，轻拉轻推，勿用力拉扯。。5、非机动车请勿进大堂、楼道内充电。。6、请勿让爱宠随地大小便，做文明养宠人。""。&&&","[
    {
        ""话题倾向"": """"
    }
]"
群聊负向,"这是要分析的对话:&&&08月26日 10:15分。花溪恒大群主装修15285905642(客户):""[图片]""。花溪恒大群主装修15285905642(客户):""这是三个样品处理三个2000块，单个一个700，有要的话自己过来看""。08月26日 14:54分。花溪恒大群主装修15285905642(客户):""[图片]""。&&&","[
    {
        ""话题倾向"": """"
    }
]"
群聊负向,"这是要分析的对话:&&&08月26日 09:18分。恒大城???? 秩序部 三期监控室(客户):""[视频号消息]""。恒大城???? 秩序部 三期监控室(客户):""“客服”给你打来电话，说你网购商品出现问题！可以给你申请退款，还给你发来陌生链接！让你注册账号填写信息，再说因“操作失误”导致账户被冻结，让你转账解冻后才能退款？南昌反诈提醒您：退换货请认准官方平台，陌生链接不要点击，不要透露个人信息。敬请各位领导同事转发反诈视频及反诈日历。[抱拳][抱拳][抱拳]""。恒大城???? 秩序部 三期监控室(客户):""[图片]""。08月26日 11:45分。恒大城-管家-小李(员工):""【关于四害消杀的温馨提示】。      …………""。恒大城-管家-小李(员工):""[图片]""。08月26日 16:24分。恒大城-管家-小李(员工):""【44栋地库口维修封闭通知】。    各…………""。恒大城-管家-小李(员工):""[图片]""。08月26日 16:37分。恒大城-管家-小李(员工):""【南昌恒大城—周报】。?? 一周美好，与…………""。恒大城-管家-小李(员工):""[图片]""。08月26日 18:16分。恒大城???? 秩序部 三期监控室(客户):""重要警示：。    8月23日晚10时，江苏省宿迁市一电动自行车店起火，虽然仅半小时明火就得到控制，但仍造成6人死亡（尤为痛心的是，遇难者中4人系未成年人）。此前，2024年2月23日4时许，江苏南京市雨花台区一小区发生电动自行车火灾，造成15人死亡，44人受伤。今年4月27日，我县一小区也发生了电动自行车火灾亡人事件。在此警示，电动自行车起火，燃烧迅速并会在短时间造成大量有害气体，因灾致死率极高！因此，为了大家的生命财产安全，恳请各位业主对自己负责，也对左右邻里负责，严禁将电动自行车违规入楼、违规充电！也请各位监督，一发现有电动车上楼进单元的，请及时联系物业24小时电话:85130408，物业会第一时间上户整治，保障大家居住安全。""。08月26日 19:37分。熊鹤飞(客户):""[文件下载失败]""。熊鹤飞(客户):""@所有人  车窗没关""。恒大城???? 秩序部 三期监控室(客户):""@熊鹤飞?好的""。08月26日 20:00分。恒大城???? 秩序部 三期监控室(客户):""? 2024.8.26日? 。【秩序维护部】 。1.夜班值班时间段：20：00—08：00。2.夜班值班队长:徐霖。3.物业24小时服务电话：0791-85957719/85130408。? 【物业小贴士】?。1、园区道路是大家的，请将爱车停至车位或车库，勿占行车主干道。。2、予人方便，予己方便，整齐有序，文明停车。。3、随身携带门禁卡，刷卡进出，提高安全防止偷盗。。4、请随手关大堂门，轻拉轻推，勿用力拉扯。。5、非机动车请勿进大堂、楼道内充电。。6、请勿让爱宠随地大小便，做文明养宠人。""。&&&","[
    {
        ""话题倾向"": """"
    }
]"
群聊负向,"这是要分析的对话:&&&08月26日 09:02分。恒大社区居委会8731213(客户):""[视频号消息]""。08月26日 10:16分。恒大社区居委会8731213(客户):""[图片]""。恒大社区居委会8731213(客户):""活动通知：恒大社区将于本周三8月28日下午3：00开展社区文明宣传和清扫活动，请需要参与暑假社会实践活动的学生扫下方的腾讯问卷报名参与。。集合地点：恒大社区居委会办公室（恒大城1期1栋内铺）。集合时间：8月28日下午2：50。备注：目前我们发的志愿活动主要是针对学校有要求学生参加暑假社会实践活动要盖章的或者是学校有要求做I志愿的学生，一般是中学生或者大学生，因每次活动人数有限，请没有这方面要求的学生家长暂时不要报名，谢谢！。温馨提示：。1.最近天气多变，请自备雨具遮阳防雨，注意安全。。2.请有需要拍照交学校的同学，自行带手机拍照哈。3.本次活动为24年暑期学生社会实践活动的最后一次活动，后续将不再开展，请有需要的学生积极参与。""。08月26日 17:44分。韶关恒大城-管家张世辉(员工):""@所有人 关于八月园区消杀通知。尊敬的业…………""。08月26日 19:07分。韶关恒大城B区监控员(客户):""2024-8-26。【秩序维护部】。1、值班时间段:【19:00-7:00】。2、值班中队长:  李佰全。联系电话：18933707875。【温馨提示】。请各位业主知悉，如需要帮助或遇紧急情况，请电话联系值班室或值班中队长。。物业24小时值班电话：0751-8706100。0751-8706228""。&&&","[
    {
        ""话题倾向"": """"
    }
]"
群聊负向,"这是要分析的对话:&&&08月26日 07:37分。济南绿洲5-6号楼管家白露(员工):""????金碧物业晨跑开跑啦！！！大朋友、…………""。济南绿洲5-6号楼管家白露(员工):""[图片]""。济南绿洲5-6号楼管家白露(员工):""[图片]""。08月26日 08:06分。A00(客户):""尊敬的业主，您好：。       为更好、更快的解决业主问题，现将各值班人员、联系电话及值班时间公示在群内，各位业主可直接电话联系或在群内@秩序110。1、日常家用维修工具(螺丝刀、活动扳手、小锤等);。2、小型购物车、平板车、人字梯、打气筒，应急医用品等。。为您爱家保驾护航，如果您有家政保洁、直饮水卡办理、白蚁消杀、有偿维修、房屋租赁的业务需求，随时与我们联系，为您提供专业的服务。。【秩序维护部】。[爱心]1.值班时间段：。????08:00－20:00????。[爱心]2.值班中队长-赵队电话：0531-83131013。[爱心]3.物业服务电话：0531-55615896、55615596。??4.监控室值班24小时电话：0531-55612606。3、【物业-安保服务“小蜜蜂”】。[抱拳]如您家中有需要帮助的请联系我们?。[爱心]24小时为各位家人守候。[合十]贴心服务、真诚相伴。如需便民服务车，请直接联系；。①55612606。②55612808。有事您说话，我们会在第一时间安排人员帮你处理[玫瑰][玫瑰]""。A00(客户):""[图片]""。08月26日 08:17分。宁宁(客户):""??ˋ????ˊ??????????????????.*·做自己生活的舵手 把握梦想前进的方向 不服输 才能成长更好的自己。各位家人们[爱心]早上好！。我是物业保洁领班庄明华，联系电话 15628830750。各位保洁叔叔阿姨已到岗。??倘若您发现任何环境方面的问题或者有宝贵的建议，随时与我联系，我定会全力以赴为您排忧解难！。??感谢各位家人一直以来的信赖与支持！ ?? ??""。宁宁(客户):""[图片]""。08月26日 09:01分。济南绿洲5-6号楼管家白露(员工):""[玫瑰][玫瑰]早安  绿洲[玫瑰][玫…………""。济南绿洲5-6号楼管家白露(员工):""[链接]""。08月26日 09:53分。派出所反诈宣传员(客户):""8.13元，接到[爆竹]“银监会”[爆竹]电话被骗。。3.63万元，大学生??兼职??被骗。。3.5万元，初中生被骗。。3.46万元，妇女?兼职刷单?被骗。。2.31万元，男青年[色]约炮[色]被骗。。。男青年[色][色]约炮[色][色]，妇女??兼职刷单??、????被“异性网友”诱导投资????诈骗高发！。转发提醒好家里的[拥抱]年轻人、妇女[拥抱]！。。【8月25日电诈警情通报】（近三天典型案例）。【平安街道、开发区派出所】。1、乙武村居民（开发区报警），【接到“银监会”电话】被骗8.13万元。。??手段：接到电话，对方自称?【“银监会”工作人员】??，要帮其“降低网贷利率”，还让其??登陆假的银监会网站??。。        过程中，?开启“屏幕共享”?，指导其将钱转走。。。【大学城、大学路派出所】。2、山东师范大学思想政治教育专业大四学生，【兼职】被骗3.63万元。。??手段：网上看到信息，兼职（“垫资”代充话费）。对方称选择[爆竹][爆竹]“企业代付”[爆竹][爆竹]，??钱就不会被转走，但操作后，钱还是被转走??。。       对方称其操作失误，??为退款，按对方要求，继续转账??。。。【马山镇、马山派出所】。3、周庙村初中生，【找人“解封微信”】被骗3.5万元。。??手段：快手找人解封微信，对方让其?提供了家长微信、银行卡的【验证码】?，钱被转走。。。【文昌街道、新城派出所】。4、建发天玺妇女，网上兼职【垫资做任务、刷销量、刷关注、刷点赞】被骗3.46万元。。??手段：??被陌生人拉进群??，推荐足不出户做兼职，[裂开]抖音刷关注[裂开]挣到佣金，后被引诱??“垫资”刷购“抖币”??。。        前期挣到小额返利，后被以【系统设置，需要[苦涩]连续刷任务才能退还垫付金、佣金[苦涩]】，【??操作失误，需要刷补救单??】为由要求转账。。。【崮云湖街道、大学路派出所】。5、河南籍务工男青年（租住乐天），【刷单做任务以?? 免费约炮?? 】被骗2.31万元。。??手段：??网上看到信息??，下载APP，为[吐]解锁约炮资格[吐]，??“约炮”客服引诱其“垫资”刷“会员费”??，前期挣到小额返利。。        后被以【系统设置，需要[裂开]连续刷任务[裂开]才能退还垫付金、佣金】、【??操作失误??（后台都能做手脚），刷补救单】为由要求多次转账。""。08月26日 11:13分。济南绿洲5-6号楼管家白露(员工):""?高空抛物温馨提示?。尊敬的各位业主（住…………""。08月26日 15:33分。派出所反诈宣传员(客户):""[小程序消息]""。宁宁(客户):""[图片]""。宁宁(客户):""[图片]""。宁宁(客户):""[图片]""。宁宁(客户):""[图片]""。08月26日 16:54分。宁宁(客户):""[拳头]环境提升持续进行中[拳头]。[太阳]今天地下室清理[太阳]。恒大绿洲保洁团队为您服务[玫瑰]""。宁宁(客户):""[图片]""。大鹏展翅(客户):""【公区维修8月19日-8月25日工作汇报】。●公区及地下车库排污泵检修7处。●公区及地下车库照明更换6处。●公区直饮水机滤芯更换4处。●公区大堂顶子破损粉刷5处。●公区墙砖破损更换3处。●公区消防故障处理47处。●公区充电桩头安装21处。●园区排污管道疏通8处。●园区路面维修3处。●电梯维保125部。●设备房维护保养。●设备房巡查。工程维修，为您的生活保驾护航。如需帮助请拨打。24小时物业热线:。0531-55615896。济南恒大绿洲物业服务中心""。大鹏展翅(客户):""[图片]""。08月26日 18:39分。A大漠(客户):""??物业秩序“小蜜蜂” ??。[庆祝]“小蜜蜂”来了！来了！[庆祝]。[太阳]有事，您说话[太阳]。[庆祝]车辆电瓶亏电启动不了！。[庆祝]家里有沉物品搬不动了！。[庆祝]买了好多东西拿不了！。联系电话：0531-55612606。秩序小“蜜蜂”竭诚为您服务！[耶][耶][耶]。[庆祝]我们的口号：。[庆祝]真心帮助每一位[庆祝]。[庆祝]热心服务每一人[庆祝]。[庆祝]赠人玫瑰[玫瑰]，手有余香[庆祝]""。A大漠(客户):""[图片]""。08月26日 20:05分。你的月亮我的心(客户):""尊敬的业主，您好：。       为更好、更快的解决业主问题，现将各值班人员、联系电话及值班时间公示在群内，各位业主可直接电话联系或在群内@秩序110。1、日常家用维修工具(螺丝刀、活动扳手、小锤等);。2、小型购物车、平板车、人字梯、打气筒，应急医用品等。。为您爱家保驾护航，如果您有家政保洁、直饮水卡办理、白蚁消杀、有偿维修、房屋租赁的业务需求，随时与我们联系，为您提供专业的服务。。【秩序维护部】。[爱心]1.值班时间段：。????20:00－08:00????。[爱心]2.值班中队长-赵队电话：0531-55615881。[爱心]3.物业服务电话：0531-55615896、55615596。??4.监控室值班24小时电话：0531-55612606。3、【物业-安保服务“小蜜蜂”】。[抱拳]如您家中有需要帮助的请联系我们?。[爱心]24小时为各位家人守候。[合十]贴心服务、真诚相伴。如需便民服务车，请直接联系；。①55612606。②55612808。有事您说话，我们会在第一时间安排人员帮你处理[玫瑰][玫瑰]""。你的月亮我的心(客户):""[图片]""。08月26日 23:50分。你的月亮我的心(客户):""尊敬的业主大家好！我是夜间执勤赵队长，金碧物业安保服务8月26号巡查，时刻守护业主们的安全，请安心入睡，如有紧急情况请拨打0531-55612606""。你的月亮我的心(客户):""[图片]""。08月27日 03:01分。你的月亮我的心(客户):""尊敬的业主大家好！我是夜间执勤赵队长，金碧物业安保服务8月27号巡查，时刻守护业主们的安全，请安心入睡，如有紧急情况请拨打0531-55612606""。你的月亮我的心(客户):""[图片]""。&&&","[
    {
        ""话题倾向"": """"
    }
]"
群聊负向,"这是要分析的对话:&&&08月26日 07:58分。天道酬勤(客户):"" 尊敬的各位业主：早上好  。8月26日执勤安排如下：。一、值班队长：张小书18302656806。二、24小时值班电：0851-83873003。辖区派出所电话：0851-83851334。三、带班时间：08:00-20:00。四、我们将12小时坚守岗位，如有需要请致电，我们将竭诚为您服务。外出请关好门窗、水电及燃气、出入小区带好业主卡、做好个人防护。。五、检查道路通行情况正常。。贵阳恒大文化旅游城物业服务中心祝您：生活愉快[烟花]""。08月26日 09:20分。。(客户):""[视频号消息]""。。(客户):""【提示】买卖游戏账号、游戏装备等一定要在官方平台进行，不要点击陌生链接，以交保证金、提现失败、账号冻结等理由要求继续充值的都是诈骗！""。08月26日 10:57分。天道酬勤(客户):""#金碧物业·秩序(保安)服务篇。??用心打磨每一个细节，用真诚赢得您的信赖??。??优美的环境，优良的秩序，优质的服务，都藏在细节里??。?从平凡处发现不平凡，感受我们的用心??。??绝不辜负您的信赖，全心全意为您服务??。         ??金碧物业  我们与您同在。               ——贵阳恒大文化旅游城物业服务中心""。天道酬勤(客户):""[图片]""。08月26日 18:12分。古松(员工):""关于小区园林绿化养护的温馨提示??。尊敬…………""。08月26日 21:06分。。(客户):""通知：。8月25日是全国第八个残疾预防日，筑安社区居委会于明天8月27日（本周二）上午在辖区内开展“预防疾病致残  共享健康生活”宣传服务活动，希望学校有社会实践活动要求的学生积极参与，请有意参加志愿服务活动的人员于8月27日早上9:30到8组团筑安社区居委会集中开展活动。""。@????川川??(客户):""今日秩序巡查园区，通报情况如下：。1、巡查地库，发现未关闭单元门禁，已全部进行了关闭处理；。2、园区运行一切正常，无可疑人员逗留；。4、各位业主如遇紧急情况可拨打值班人员电话：。秩序部:舒川13668509505。维修部:何彬18984855091。辖区派出所电话085183851334。[抱拳]秩序小哥在此呼吁大家：?区的安全、和谐离不开我们共同的努?，请各位小主进出随手关闭单元门，做好安全防范。如遇问题或需帮助欢迎致电。""。@????川川??(客户):""[图片]""。&&&","[
    {
        ""话题倾向"": """"
    }
]"
群聊负向,"这是要分析的对话:&&&08月26日 08:05分。济南绿洲37-38管家立冬(员工):""????金碧物业晨跑开跑啦！！！大朋友、…………""。济南绿洲37-38管家立冬(员工):""[图片]""。济南绿洲37-38管家立冬(员工):""[图片]""。济南绿洲37-38管家立冬(员工):""[图片]""。济南绿洲37-38管家立冬(员工):""[文件超过最大限制]""。岁月静好??(客户):""大学城物业招聘保洁员、维修工，有意者请联系15254157016""。08月26日 08:42分。济南绿洲37-38管家立冬(员工):""[玫瑰][玫瑰]早安  绿洲[玫瑰][玫…………""。济南绿洲37-38管家立冬(员工):""[链接]""。08月26日 09:45分。恒大四社区@蒋(客户):""8.13元，接到[爆竹]“银监会”[爆竹]电话被骗。。3.63万元，大学生??兼职??被骗。。3.5万元，初中生被骗。。3.46万元，妇女?兼职刷单?被骗。。2.31万元，男青年[色]约炮[色]被骗。。。男青年[色][色]约炮[色][色]，妇女??兼职刷单??、????被“异性网友”诱导投资????诈骗高发！。转发提醒好家里的[拥抱]年轻人、妇女[拥抱]！。。【8月25日电诈警情通报】（近三天典型案例）。【平安街道、开发区派出所】。1、乙武村居民（开发区报警），【接到“银监会”电话】被骗8.13万元。。??手段：接到电话，对方自称?【“银监会”工作人员】??，要帮其“降低网贷利率”，还让其??登陆假的银监会网站??。。        过程中，?开启“屏幕共享”?，指导其将钱转走。。。【大学城、大学路派出所】。2、山东师范大学思想政治教育专业大四学生，【兼职】被骗3.63万元。。??手段：网上看到信息，兼职（“垫资”代充话费）。对方称选择[爆竹][爆竹]“企业代付”[爆竹][爆竹]，??钱就不会被转走，但操作后，钱还是被转走??。。       对方称其操作失误，??为退款，按对方要求，继续转账??。。。【马山镇、马山派出所】。3、周庙村初中生，【找人“解封微信”】被骗3.5万元。。??手段：快手找人解封微信，对方让其?提供了家长微信、银行卡的【验证码】?，钱被转走。。。【文昌街道、新城派出所】。4、建发天玺妇女，网上兼职【垫资做任务、刷销量、刷关注、刷点赞】被骗3.46万元。。??手段：??被陌生人拉进群??，推荐足不出户做兼职，[裂开]抖音刷关注[裂开]挣到佣金，后被引诱??“垫资”刷购“抖币”??。。        前期挣到小额返利，后被以【系统设置，需要[苦涩]连续刷任务才能退还垫付金、佣金[苦涩]】，【??操作失误，需要刷补救单??】为由要求转账。。。【崮云湖街道、大学路派出所】。5、河南籍务工男青年（租住乐天），【刷单做任务以?? 免费约炮?? 】被骗2.31万元。。??手段：??网上看到信息??，下载APP，为[吐]解锁约炮资格[吐]，??“约炮”客服引诱其“垫资”刷“会员费”??，前期挣到小额返利。。        后被以【系统设置，需要[裂开]连续刷任务[裂开]才能退还垫付金、佣金】、【??操作失误??（后台都能做手脚），刷补救单】为由要求多次转账。""。08月26日 11:26分。平平安安(客户):""【公区维修8月19日-8月25日工作汇报】。●公区及地下车库排污泵检修7处。●公区及地下车库照明更换6处。●公区直饮水机滤芯更换4处。●公区大堂顶子破损粉刷5处。●公区墙砖破损更换3处。●公区消防故障处理47处。●公区充电桩头安装21处。●园区排污管道疏通8处。●园区路面维修3处。●电梯维保125部。●设备房维护保养。●设备房巡查。工程维修，为您的生活保驾护航。如需帮助请拨打。24小时物业热线:。0531-55615896。济南恒大绿洲物业服务中心""。平平安安(客户):""[文件下载失败]""。08月26日 14:07分。Nuyoah??(客户):""邻居们，知道小区哪里可以配钥匙吗""。08月26日 15:27分。。(客户):""    【社区儿童跳绳比赛通知】。亲爱的居民们：。为了丰富我们社区儿童的课余生活，增强孩子们的体质，培养团队合作精神与竞争意识，我们社区将于周四（8月29日）下午2:30，在恒大第四社区（37号楼）举办一场别开生面的“快乐童年，绳彩飞扬”儿童跳绳比赛。现面向全体社区儿童发出诚挚邀请，快来加入我们，一起跳动健康，跳出欢乐吧！。?? 比赛时间：8月29日（周四）下午2:30。?? 比赛地点：恒大绿洲37号党群服务中心。?? 参与对象：社区内所有5-12岁的儿童（欢迎家长陪同观看）。?? 比赛项目：。单人速度跳（计时赛）。花样跳绳展示（创意加分）。?? 报名方式：请家长或监护人于本周四前，填报跳绳报名表或通过电话/微信（87219936/13156193896）进行报名。报名时请提供孩子的姓名、年龄及联系方式。。?? 准备事项：。自备跳绳：每位参赛小朋友需自备一根跳绳，确保比赛顺利进行。。着装舒适：请穿着适合运动的服装和鞋子，以最佳状态迎接比赛。。安全第一：比赛过程中请遵守规则，注意安全，友谊第一，比赛第二。。?? 奖项设置：我们将为各项目组别的优胜者颁发精美奖品，更有参与奖等待每一位勇敢参与的小朋友！。让我们在这个充满活力的季节里，以绳为媒，共赴一场健康与快乐的盛宴。期待每一位小朋友的精彩表现，不见不散！。                        。     ??恒大绿洲第四社区居委会""。。(客户):""[链接]""。08月26日 18:41分。A大漠(客户):""??物业秩序“小蜜蜂” ??。[庆祝]“小蜜蜂”来了！来了！[庆祝]。[太阳]有事，您说话[太阳]。[庆祝]车辆电瓶亏电启动不了！。[庆祝]家里有沉物品搬不动了！。[庆祝]买了好多东西拿不了！。联系电话：0531-55612606。秩序小“蜜蜂”竭诚为您服务！[耶][耶][耶]。[庆祝]我们的口号：。[庆祝]真心帮助每一位[庆祝]。[庆祝]热心服务每一人[庆祝]。[庆祝]赠人玫瑰[玫瑰]，手有余香[庆祝]""。A大漠(客户):""[图片]""。08月26日 20:04分。你的月亮我的心(客户):""尊敬的业主，您好：。       为更好、更快的解决业主问题，现将各值班人员、联系电话及值班时间公示在群内，各位业主可直接电话联系或在群内@秩序110。1、日常家用维修工具(螺丝刀、活动扳手、小锤等);。2、小型购物车、平板车、人字梯、打气筒，应急医用品等。。为您爱家保驾护航，如果您有家政保洁、直饮水卡办理、白蚁消杀、有偿维修、房屋租赁的业务需求，随时与我们联系，为您提供专业的服务。。【秩序维护部】。[爱心]1.值班时间段：。????20:00－08:00????。[爱心]2.值班中队长-赵队电话：0531-55615881。[爱心]3.物业服务电话：0531-55615896、55615596。??4.监控室值班24小时电话：0531-55612606。3、【物业-安保服务“小蜜蜂”】。[抱拳]如您家中有需要帮助的请联系我们?。[爱心]24小时为各位家人守候。[合十]贴心服务、真诚相伴。如需便民服务车，请直接联系；。①55612606。②55612808。有事您说话，我们会在第一时间安排人员帮你处理[玫瑰][玫瑰]""。你的月亮我的心(客户):""[图片]""。08月26日 23:52分。你的月亮我的心(客户):""尊敬的业主大家好！我是夜间执勤赵队长，金碧物业安保服务8月26号巡查，时刻守护业主们的安全，请安心入睡，如有紧急情况请拨打0531-55612606""。你的月亮我的心(客户):""[图片]""。08月27日 03:00分。你的月亮我的心(客户):""尊敬的业主大家好！我是夜间执勤赵队长，金碧物业安保服务8月27号巡查，时刻守护业主们的安全，请安心入睡，如有紧急情况请拨打0531-55612606""。你的月亮我的心(客户):""[图片]""。&&&","[
    {
        ""话题倾向"": """"
    }
]"
群聊负向,"这是要分析的对话:&&&08月26日 07:56分。济南绿洲31-32-33号楼管家夏至(员工):""????金碧物业晨跑开跑啦！！！大朋友、…………""。济南绿洲31-32-33号楼管家夏至(员工):""[图片]""。济南绿洲31-32-33号楼管家夏至(员工):""[图片]""。济南绿洲31-32-33号楼管家夏至(员工):""[图片]""。济南绿洲31-32-33号楼管家夏至(员工):""[文件超过最大限制]""。08月26日 08:04分。A00(客户):""尊敬的业主，您好：。       为更好、更快的解决业主问题，现将各值班人员、联系电话及值班时间公示在群内，各位业主可直接电话联系或在群内@秩序110。1、日常家用维修工具(螺丝刀、活动扳手、小锤等);。2、小型购物车、平板车、人字梯、打气筒，应急医用品等。。为您爱家保驾护航，如果您有家政保洁、直饮水卡办理、白蚁消杀、有偿维修、房屋租赁的业务需求，随时与我们联系，为您提供专业的服务。。【秩序维护部】。[爱心]1.值班时间段：。????08:00－20:00????。[爱心]2.值班中队长-赵队电话：0531-83131013。[爱心]3.物业服务电话：0531-55615896、55615596。??4.监控室值班24小时电话：0531-55612606。3、【物业-安保服务“小蜜蜂”】。[抱拳]如您家中有需要帮助的请联系我们?。[爱心]24小时为各位家人守候。[合十]贴心服务、真诚相伴。如需便民服务车，请直接联系；。①55612606。②55612808。有事您说话，我们会在第一时间安排人员帮你处理[玫瑰][玫瑰]""。A00(客户):""[图片]""。08月26日 08:30分。JN29岁月静好(客户):""。[庆祝]雨后园林座椅已擦拭[庆祝]。    [烟花]游乐设施已清理?积水清理中[烟花]。恒大绿洲保洁团队为您服务[玫瑰]""。JN29岁月静好(客户):""[图片]""。08月26日 08:44分。济南绿洲31-32-33号楼管家夏至(员工):""[玫瑰][玫瑰]早安  绿洲[玫瑰][玫…………""。济南绿洲31-32-33号楼管家夏至(员工):""[链接]""。08月26日 10:23分。沁水百合&(客户):""[小程序消息]""。沁水百合&(客户):""[链接]""。沁水百合&(客户):""8.13元，接到[爆竹]“银监会”[爆竹]电话被骗。。3.63万元，大学生??兼职??被骗。。3.5万元，初中生被骗。。3.46万元，妇女?兼职刷单?被骗。。2.31万元，男青年[色]约炮[色]被骗。。。男青年[色][色]约炮[色][色]，妇女??兼职刷单??、????被“异性网友”诱导投资????诈骗高发！。转发提醒好家里的[拥抱]年轻人、妇女[拥抱]！。。【8月25日电诈警情通报】（近三天典型案例）。【平安街道、开发区派出所】。1、乙武村居民（开发区报警），【接到“银监会”电话】被骗8.13万元。。??手段：接到电话，对方自称?【“银监会”工作人员】??，要帮其“降低网贷利率”，还让其??登陆假的银监会网站??。。        过程中，?开启“屏幕共享”?，指导其将钱转走。。。【大学城、大学路派出所】。2、山东师范大学思想政治教育专业大四学生，【兼职】被骗3.63万元。。??手段：网上看到信息，兼职（“垫资”代充话费）。对方称选择[爆竹][爆竹]“企业代付”[爆竹][爆竹]，??钱就不会被转走，但操作后，钱还是被转走??。。       对方称其操作失误，??为退款，按对方要求，继续转账??。。。【马山镇、马山派出所】。3、周庙村初中生，【找人“解封微信”】被骗3.5万元。。??手段：快手找人解封微信，对方让其?提供了家长微信、银行卡的【验证码】?，钱被转走。。。【文昌街道、新城派出所】。4、建发天玺妇女，网上兼职【垫资做任务、刷销量、刷关注、刷点赞】被骗3.46万元。。??手段：??被陌生人拉进群??，推荐足不出户做兼职，[裂开]抖音刷关注[裂开]挣到佣金，后被引诱??“垫资”刷购“抖币”??。。        前期挣到小额返利，后被以【系统设置，需要[苦涩]连续刷任务才能退还垫付金、佣金[苦涩]】，【??操作失误，需要刷补救单??】为由要求转账。。。【崮云湖街道、大学路派出所】。5、河南籍务工男青年（租住乐天），【刷单做任务以?? 免费约炮?? 】被骗2.31万元。。??手段：??网上看到信息??，下载APP，为[吐]解锁约炮资格[吐]，??“约炮”客服引诱其“垫资”刷“会员费”??，前期挣到小额返利。。        后被以【系统设置，需要[裂开]连续刷任务[裂开]才能退还垫付金、佣金】、【??操作失误??（后台都能做手脚），刷补救单】为由要求多次转账。""。沁水百合&(客户):""              [庆祝][庆祝]通知[庆祝][庆祝]。        为切实提高妇女健康水平，提升自我保健意识。恒大绿洲第三社区联合济南市人民医院将在恒大三社区开展甲状腺、乳腺癌免费检查。。时间：2024年8月26日（周一）。上午9:00——11：30下午14:00——16:00。地点：恒大三期31号楼内铺党群服务中心。                  。                 恒大绿洲第三社区。                   2024年8月23日""。沁水百合&(客户):"" 各位居民:。       为提高社区火灾预警和防控能力，保障居民的居家安全。由政府联合联通公司为居民免费上门安装独立式烟感报警器。安装以后若家中有火灾隐患，可通过网络直接推送给业主本人及消防大队。目前先进行报名，后期会有联通公司工作人员与业主联系，上门进行安装。本期独立式烟感报警器数量80个，先报先得 ，报满为止。。              恒大绿洲第三社区。                   2024.8.22""。08月26日 11:57分。王冰(客户):""【公区维修8月19日-8月25日工作汇报】。●公区及地下车库排污泵检修7处。●公区及地下车库照明更换6处。●公区直饮水机滤芯更换4处。●公区大堂顶子破损粉刷5处。●公区墙砖破损更换3处。●公区消防故障处理47处。●公区充电桩头安装21处。●园区排污管道疏通8处。●园区路面维修3处。●电梯维保125部。●设备房维护保养。●设备房巡查。工程维修，为您的生活保驾护航。如需帮助请拨打。24小时物业热线:。0531-55615896。济南恒大绿洲物业服务中心""。王冰(客户):""[图片]""。08月26日 18:43分。A大漠(客户):""??物业秩序“小蜜蜂” ??。[庆祝]“小蜜蜂”来了！来了！[庆祝]。[太阳]有事，您说话[太阳]。[庆祝]车辆电瓶亏电启动不了！。[庆祝]家里有沉物品搬不动了！。[庆祝]买了好多东西拿不了！。联系电话：0531-55612606。秩序小“蜜蜂”竭诚为您服务！[耶][耶][耶]。[庆祝]我们的口号：。[庆祝]真心帮助每一位[庆祝]。[庆祝]热心服务每一人[庆祝]。[庆祝]赠人玫瑰[玫瑰]，手有余香[庆祝]""。A大漠(客户):""[图片]""。08月26日 20:03分。你的月亮我的心(客户):""尊敬的业主，您好：。       为更好、更快的解决业主问题，现将各值班人员、联系电话及值班时间公示在群内，各位业主可直接电话联系或在群内@秩序110。1、日常家用维修工具(螺丝刀、活动扳手、小锤等);。2、小型购物车、平板车、人字梯、打气筒，应急医用品等。。为您爱家保驾护航，如果您有家政保洁、直饮水卡办理、白蚁消杀、有偿维修、房屋租赁的业务需求，随时与我们联系，为您提供专业的服务。。【秩序维护部】。[爱心]1.值班时间段：。????20:00－08:00????。[爱心]2.值班中队长-赵队电话：0531-55615881。[爱心]3.物业服务电话：0531-55615896、55615596。??4.监控室值班24小时电话：0531-55612606。3、【物业-安保服务“小蜜蜂”】。[抱拳]如您家中有需要帮助的请联系我们?。[爱心]24小时为各位家人守候。[合十]贴心服务、真诚相伴。如需便民服务车，请直接联系；。①55612606。②55612808。有事您说话，我们会在第一时间安排人员帮你处理[玫瑰][玫瑰]""。你的月亮我的心(客户):""[图片]""。08月26日 23:52分。你的月亮我的心(客户):""尊敬的业主大家好！我是夜间执勤赵队长，金碧物业安保服务8月26号巡查，时刻守护业主们的安全，请安心入睡，如有紧急情况请拨打0531-55612606""。你的月亮我的心(客户):""[图片]""。08月27日 02:59分。你的月亮我的心(客户):""尊敬的业主大家好！我是夜间执勤赵队长，金碧物业安保服务8月27号巡查，时刻守护业主们的安全，请安心入睡，如有紧急情况请拨打0531-55612606""。你的月亮我的心(客户):""[图片]""。&&&","[
    {
        ""话题倾向"": """"
    }
]"
群聊负向,"这是要分析的对话:&&&08月26日 09:03分。恒大社区居委会8731213(客户):""[视频号消息]""。08月26日 10:15分。恒大社区居委会8731213(客户):""[图片]""。恒大社区居委会8731213(客户):""活动通知：恒大社区将于本周三8月28日下午3：00开展社区文明宣传和清扫活动，请需要参与暑假社会实践活动的学生扫下方的腾讯问卷报名参与。。集合地点：恒大社区居委会办公室（恒大城1期1栋内铺）。集合时间：8月28日下午2：50。备注：目前我们发的志愿活动主要是针对学校有要求学生参加暑假社会实践活动要盖章的或者是学校有要求做I志愿的学生，一般是中学生或者大学生，因每次活动人数有限，请没有这方面要求的学生家长暂时不要报名，谢谢！。温馨提示：。1.最近天气多变，请自备雨具遮阳防雨，注意安全。。2.请有需要拍照交学校的同学，自行带手机拍照哈。3.本次活动为24年暑期学生社会实践活动的最后一次活动，后续将不再开展，请有需要的学生积极参与。""。08月26日 17:44分。韶关恒大城-管家张世辉(员工):""@所有人 关于八月园区消杀通知。尊敬的业…………""。08月26日 19:06分。韶关恒大城B区监控员(客户):""2024-8-26。【秩序维护部】。1、值班时间段:【19:00-7:00】。2、值班中队长:  李佰全。联系电话：18933707875。【温馨提示】。请各位业主知悉，如需要帮助或遇紧急情况，请电话联系值班室或值班中队长。。物业24小时值班电话：0751-8706100。0751-8706228""。&&&","[
    {
        ""话题倾向"": """"
    }
]"
群聊负向,"这是要分析的对话:&&&08月26日 07:56分。济南绿洲31-32-33号楼管家夏至(员工):""????金碧物业晨跑开跑啦！！！大朋友、…………""。济南绿洲31-32-33号楼管家夏至(员工):""[图片]""。济南绿洲31-32-33号楼管家夏至(员工):""[图片]""。济南绿洲31-32-33号楼管家夏至(员工):""[图片]""。济南绿洲31-32-33号楼管家夏至(员工):""[文件超过最大限制]""。08月26日 08:05分。A00(客户):""尊敬的业主，您好：。       为更好、更快的解决业主问题，现将各值班人员、联系电话及值班时间公示在群内，各位业主可直接电话联系或在群内@秩序110。1、日常家用维修工具(螺丝刀、活动扳手、小锤等);。2、小型购物车、平板车、人字梯、打气筒，应急医用品等。。为您爱家保驾护航，如果您有家政保洁、直饮水卡办理、白蚁消杀、有偿维修、房屋租赁的业务需求，随时与我们联系，为您提供专业的服务。。【秩序维护部】。[爱心]1.值班时间段：。????08:00－20:00????。[爱心]2.值班中队长-赵队电话：0531-83131013。[爱心]3.物业服务电话：0531-55615896、55615596。??4.监控室值班24小时电话：0531-55612606。3、【物业-安保服务“小蜜蜂”】。[抱拳]如您家中有需要帮助的请联系我们?。[爱心]24小时为各位家人守候。[合十]贴心服务、真诚相伴。如需便民服务车，请直接联系；。①55612606。②55612808。有事您说话，我们会在第一时间安排人员帮你处理[玫瑰][玫瑰]""。A00(客户):""[图片]""。08月26日 08:30分。JN29岁月静好(客户):""。[庆祝]雨后园林座椅已擦拭[庆祝]。    [烟花]游乐设施已清理?积水清理中[烟花]。恒大绿洲保洁团队为您服务[玫瑰]""。JN29岁月静好(客户):""[图片]""。08月26日 08:44分。济南绿洲31-32-33号楼管家夏至(员工):""[玫瑰][玫瑰]早安  绿洲[玫瑰][玫…………""。济南绿洲31-32-33号楼管家夏至(员工):""[链接]""。08月26日 08:51分。ZYL(客户):""              [庆祝][庆祝]通知[庆祝][庆祝]。        为切实提高妇女健康水平，提升自我保健意识。恒大绿洲第三社区联合济南市人民医院将在恒大三社区开展甲状腺、乳腺癌免费检查。。时间：2024年8月26日（周一）。上午9:00——11：30下午14:00——16:00。地点：恒大三期31号楼内铺党群服务中心。                  。                 恒大绿洲第三社区。                   2024年8月23日""。ZYL(客户):""[链接]""。ZYL(客户):""[小程序消息]""。ZYL(客户):"" 各位居民:。       为提高社区火灾预警和防控能力，保障居民的居家安全。由政府联合联通公司为居民免费上门安装独立式烟感报警器。安装以后若家中有火灾隐患，可通过网络直接推送给业主本人及消防大队。目前先进行报名，后期会有联通公司工作人员与业主联系，上门进行安装。本期独立式烟感报警器数量80个，先报先得 ，报满为止。。              恒大绿洲第三社区。                   2024.8.22""。08月26日 10:21分。ZYL(客户):""8.13元，接到[爆竹]“银监会”[爆竹]电话被骗。。3.63万元，大学生??兼职??被骗。。3.5万元，初中生被骗。。3.46万元，妇女?兼职刷单?被骗。。2.31万元，男青年[色]约炮[色]被骗。。。男青年[色][色]约炮[色][色]，妇女??兼职刷单??、????被“异性网友”诱导投资????诈骗高发！。转发提醒好家里的[拥抱]年轻人、妇女[拥抱]！。。【8月25日电诈警情通报】（近三天典型案例）。【平安街道、开发区派出所】。1、乙武村居民（开发区报警），【接到“银监会”电话】被骗8.13万元。。??手段：接到电话，对方自称?【“银监会”工作人员】??，要帮其“降低网贷利率”，还让其??登陆假的银监会网站??。。        过程中，?开启“屏幕共享”?，指导其将钱转走。。。【大学城、大学路派出所】。2、山东师范大学思想政治教育专业大四学生，【兼职】被骗3.63万元。。??手段：网上看到信息，兼职（“垫资”代充话费）。对方称选择[爆竹][爆竹]“企业代付”[爆竹][爆竹]，??钱就不会被转走，但操作后，钱还是被转走??。。       对方称其操作失误，??为退款，按对方要求，继续转账??。。。【马山镇、马山派出所】。3、周庙村初中生，【找人“解封微信”】被骗3.5万元。。??手段：快手找人解封微信，对方让其?提供了家长微信、银行卡的【验证码】?，钱被转走。。。【文昌街道、新城派出所】。4、建发天玺妇女，网上兼职【垫资做任务、刷销量、刷关注、刷点赞】被骗3.46万元。。??手段：??被陌生人拉进群??，推荐足不出户做兼职，[裂开]抖音刷关注[裂开]挣到佣金，后被引诱??“垫资”刷购“抖币”??。。        前期挣到小额返利，后被以【系统设置，需要[苦涩]连续刷任务才能退还垫付金、佣金[苦涩]】，【??操作失误，需要刷补救单??】为由要求转账。。。【崮云湖街道、大学路派出所】。5、河南籍务工男青年（租住乐天），【刷单做任务以?? 免费约炮?? 】被骗2.31万元。。??手段：??网上看到信息??，下载APP，为[吐]解锁约炮资格[吐]，??“约炮”客服引诱其“垫资”刷“会员费”??，前期挣到小额返利。。        后被以【系统设置，需要[裂开]连续刷任务[裂开]才能退还垫付金、佣金】、【??操作失误??（后台都能做手脚），刷补救单】为由要求多次转账。""。08月26日 11:57分。王冰(客户):""【公区维修8月19日-8月25日工作汇报】。●公区及地下车库排污泵检修7处。●公区及地下车库照明更换6处。●公区直饮水机滤芯更换4处。●公区大堂顶子破损粉刷5处。●公区墙砖破损更换3处。●公区消防故障处理47处。●公区充电桩头安装21处。●园区排污管道疏通8处。●园区路面维修3处。●电梯维保125部。●设备房维护保养。●设备房巡查。工程维修，为您的生活保驾护航。如需帮助请拨打。24小时物业热线:。0531-55615896。济南恒大绿洲物业服务中心""。王冰(客户):""[图片]""。08月26日 18:43分。A大漠(客户):""??物业秩序“小蜜蜂” ??。[庆祝]“小蜜蜂”来了！来了！[庆祝]。[太阳]有事，您说话[太阳]。[庆祝]车辆电瓶亏电启动不了！。[庆祝]家里有沉物品搬不动了！。[庆祝]买了好多东西拿不了！。联系电话：0531-55612606。秩序小“蜜蜂”竭诚为您服务！[耶][耶][耶]。[庆祝]我们的口号：。[庆祝]真心帮助每一位[庆祝]。[庆祝]热心服务每一人[庆祝]。[庆祝]赠人玫瑰[玫瑰]，手有余香[庆祝]""。A大漠(客户):""[图片]""。08月26日 20:03分。你的月亮我的心(客户):""尊敬的业主，您好：。       为更好、更快的解决业主问题，现将各值班人员、联系电话及值班时间公示在群内，各位业主可直接电话联系或在群内@秩序110。1、日常家用维修工具(螺丝刀、活动扳手、小锤等);。2、小型购物车、平板车、人字梯、打气筒，应急医用品等。。为您爱家保驾护航，如果您有家政保洁、直饮水卡办理、白蚁消杀、有偿维修、房屋租赁的业务需求，随时与我们联系，为您提供专业的服务。。【秩序维护部】。[爱心]1.值班时间段：。????20:00－08:00????。[爱心]2.值班中队长-赵队电话：0531-55615881。[爱心]3.物业服务电话：0531-55615896、55615596。??4.监控室值班24小时电话：0531-55612606。3、【物业-安保服务“小蜜蜂”】。[抱拳]如您家中有需要帮助的请联系我们?。[爱心]24小时为各位家人守候。[合十]贴心服务、真诚相伴。如需便民服务车，请直接联系；。①55612606。②55612808。有事您说话，我们会在第一时间安排人员帮你处理[玫瑰][玫瑰]""。你的月亮我的心(客户):""[图片]""。08月26日 23:52分。你的月亮我的心(客户):""尊敬的业主大家好！我是夜间执勤赵队长，金碧物业安保服务8月26号巡查，时刻守护业主们的安全，请安心入睡，如有紧急情况请拨打0531-55612606""。你的月亮我的心(客户):""[图片]""。08月27日 02:59分。你的月亮我的心(客户):""尊敬的业主大家好！我是夜间执勤赵队长，金碧物业安保服务8月27号巡查，时刻守护业主们的安全，请安心入睡，如有紧急情况请拨打0531-55612606""。你的月亮我的心(客户):""[图片]""。&&&","[
    {
        ""话题倾向"": """"
    }
]"
群聊负向,"这是要分析的对话:&&&08月26日 07:58分。济南绿洲40-41号楼管家大雪(员工):""????金碧物业晨跑开跑啦！！！大朋友、…………""。济南绿洲40-41号楼管家大雪(员工):""[图片]""。济南绿洲40-41号楼管家大雪(员工):""[图片]""。济南绿洲40-41号楼管家大雪(员工):""[图片]""。济南绿洲40-41号楼管家大雪(员工):""[文件超过最大限制]""。08月26日 08:04分。A00(客户):""尊敬的业主，您好：。       为更好、更快的解决业主问题，现将各值班人员、联系电话及值班时间公示在群内，各位业主可直接电话联系或在群内@秩序110。1、日常家用维修工具(螺丝刀、活动扳手、小锤等);。2、小型购物车、平板车、人字梯、打气筒，应急医用品等。。为您爱家保驾护航，如果您有家政保洁、直饮水卡办理、白蚁消杀、有偿维修、房屋租赁的业务需求，随时与我们联系，为您提供专业的服务。。【秩序维护部】。[爱心]1.值班时间段：。????08:00－20:00????。[爱心]2.值班中队长-赵队电话：0531-83131013。[爱心]3.物业服务电话：0531-55615896、55615596。??4.监控室值班24小时电话：0531-55612606。3、【物业-安保服务“小蜜蜂”】。[抱拳]如您家中有需要帮助的请联系我们?。[爱心]24小时为各位家人守候。[合十]贴心服务、真诚相伴。如需便民服务车，请直接联系；。①55612606。②55612808。有事您说话，我们会在第一时间安排人员帮你处理[玫瑰][玫瑰]""。A00(客户):""[图片]""。08月26日 08:22分。my(客户):""广大居民朋友们：。        近年来，根据临床跟踪及国内整体数据显示，乳腺癌的发病率已高居女性恶性肿瘤之首，甲状腺癌也位居第五且呈逐年攀升的趋势，甲状腺结节更是广泛存在于女性姐妹颈中。早发现、早治疗是应对重大疾病的最好方法。。        为此，恒大绿洲物业与恒大绿洲第四社区联合开展“双腺”筛查工作，走进社区为居民提供医疗服务。恒大绿洲第四社区作如下安排：。。       筛查时间：8月26日 上午9点－11点30，下午2点－4点30。 。      筛查人员：年龄在18-75岁女性。 。      筛查地址：恒大绿洲37号楼社区居委会办公室""。08月26日 08:58分。济南绿洲40-41号楼管家大雪(员工):""[玫瑰][玫瑰]早安  绿洲[玫瑰][玫…………""。济南绿洲40-41号楼管家大雪(员工):""[链接]""。08月26日 09:43分。恒大四社区@蒋(客户):""8.13元，接到[爆竹]“银监会”[爆竹]电话被骗。。3.63万元，大学生??兼职??被骗。。3.5万元，初中生被骗。。3.46万元，妇女?兼职刷单?被骗。。2.31万元，男青年[色]约炮[色]被骗。。。男青年[色][色]约炮[色][色]，妇女??兼职刷单??、????被“异性网友”诱导投资????诈骗高发！。转发提醒好家里的[拥抱]年轻人、妇女[拥抱]！。。【8月25日电诈警情通报】（近三天典型案例）。【平安街道、开发区派出所】。1、乙武村居民（开发区报警），【接到“银监会”电话】被骗8.13万元。。??手段：接到电话，对方自称?【“银监会”工作人员】??，要帮其“降低网贷利率”，还让其??登陆假的银监会网站??。。        过程中，?开启“屏幕共享”?，指导其将钱转走。。。【大学城、大学路派出所】。2、山东师范大学思想政治教育专业大四学生，【兼职】被骗3.63万元。。??手段：网上看到信息，兼职（“垫资”代充话费）。对方称选择[爆竹][爆竹]“企业代付”[爆竹][爆竹]，??钱就不会被转走，但操作后，钱还是被转走??。。       对方称其操作失误，??为退款，按对方要求，继续转账??。。。【马山镇、马山派出所】。3、周庙村初中生，【找人“解封微信”】被骗3.5万元。。??手段：快手找人解封微信，对方让其?提供了家长微信、银行卡的【验证码】?，钱被转走。。。【文昌街道、新城派出所】。4、建发天玺妇女，网上兼职【垫资做任务、刷销量、刷关注、刷点赞】被骗3.46万元。。??手段：??被陌生人拉进群??，推荐足不出户做兼职，[裂开]抖音刷关注[裂开]挣到佣金，后被引诱??“垫资”刷购“抖币”??。。        前期挣到小额返利，后被以【系统设置，需要[苦涩]连续刷任务才能退还垫付金、佣金[苦涩]】，【??操作失误，需要刷补救单??】为由要求转账。。。【崮云湖街道、大学路派出所】。5、河南籍务工男青年（租住乐天），【刷单做任务以?? 免费约炮?? 】被骗2.31万元。。??手段：??网上看到信息??，下载APP，为[吐]解锁约炮资格[吐]，??“约炮”客服引诱其“垫资”刷“会员费”??，前期挣到小额返利。。        后被以【系统设置，需要[裂开]连续刷任务[裂开]才能退还垫付金、佣金】、【??操作失误??（后台都能做手脚），刷补救单】为由要求多次转账。""。08月26日 11:24分。济南绿洲40-41号楼管家大雪(员工):""????金碧物业晨跑开跑啦！！！打卡第一…………""。济南绿洲40-41号楼管家大雪(员工):""[文件超过最大限制]""。08月26日 15:28分。my(客户):""    【社区儿童跳绳比赛通知】。亲爱的居民们：。为了丰富我们社区儿童的课余生活，增强孩子们的体质，培养团队合作精神与竞争意识，我们社区将于周四（8月29日）下午2:30，在恒大第四社区（37号楼）举办一场别开生面的“快乐童年，绳彩飞扬”儿童跳绳比赛。现面向全体社区儿童发出诚挚邀请，快来加入我们，一起跳动健康，跳出欢乐吧！。?? 比赛时间：8月29日（周四）下午2:30。?? 比赛地点：恒大绿洲37号党群服务中心。?? 参与对象：社区内所有5-12岁的儿童（欢迎家长陪同观看）。?? 比赛项目：。单人速度跳（计时赛）。花样跳绳展示（创意加分）。?? 报名方式：请家长或监护人于本周四前，填报跳绳报名表或通过电话/微信（87219936/13156193896）进行报名。报名时请提供孩子的姓名、年龄及联系方式。。?? 准备事项：。自备跳绳：每位参赛小朋友需自备一根跳绳，确保比赛顺利进行。。着装舒适：请穿着适合运动的服装和鞋子，以最佳状态迎接比赛。。安全第一：比赛过程中请遵守规则，注意安全，友谊第一，比赛第二。。?? 奖项设置：我们将为各项目组别的优胜者颁发精美奖品，更有参与奖等待每一位勇敢参与的小朋友！。让我们在这个充满活力的季节里，以绳为媒，共赴一场健康与快乐的盛宴。期待每一位小朋友的精彩表现，不见不散！。                        。     ??恒大绿洲第四社区居委会""。my(客户):""[链接]""。08月26日 18:41分。A大漠(客户):""??物业秩序“小蜜蜂” ??。[庆祝]“小蜜蜂”来了！来了！[庆祝]。[太阳]有事，您说话[太阳]。[庆祝]车辆电瓶亏电启动不了！。[庆祝]家里有沉物品搬不动了！。[庆祝]买了好多东西拿不了！。联系电话：0531-55612606。秩序小“蜜蜂”竭诚为您服务！[耶][耶][耶]。[庆祝]我们的口号：。[庆祝]真心帮助每一位[庆祝]。[庆祝]热心服务每一人[庆祝]。[庆祝]赠人玫瑰[玫瑰]，手有余香[庆祝]""。A大漠(客户):""[图片]""。08月26日 20:04分。你的月亮我的心(客户):""尊敬的业主，您好：。       为更好、更快的解决业主问题，现将各值班人员、联系电话及值班时间公示在群内，各位业主可直接电话联系或在群内@秩序110。1、日常家用维修工具(螺丝刀、活动扳手、小锤等);。2、小型购物车、平板车、人字梯、打气筒，应急医用品等。。为您爱家保驾护航，如果您有家政保洁、直饮水卡办理、白蚁消杀、有偿维修、房屋租赁的业务需求，随时与我们联系，为您提供专业的服务。。【秩序维护部】。[爱心]1.值班时间段：。????20:00－08:00????。[爱心]2.值班中队长-赵队电话：0531-55615881。[爱心]3.物业服务电话：0531-55615896、55615596。??4.监控室值班24小时电话：0531-55612606。3、【物业-安保服务“小蜜蜂”】。[抱拳]如您家中有需要帮助的请联系我们?。[爱心]24小时为各位家人守候。[合十]贴心服务、真诚相伴。如需便民服务车，请直接联系；。①55612606。②55612808。有事您说话，我们会在第一时间安排人员帮你处理[玫瑰][玫瑰]""。你的月亮我的心(客户):""[图片]""。08月26日 23:52分。你的月亮我的心(客户):""尊敬的业主大家好！我是夜间执勤赵队长，金碧物业安保服务8月26号巡查，时刻守护业主们的安全，请安心入睡，如有紧急情况请拨打0531-55612606""。你的月亮我的心(客户):""[图片]""。08月27日 03:00分。你的月亮我的心(客户):""尊敬的业主大家好！我是夜间执勤赵队长，金碧物业安保服务8月27号巡查，时刻守护业主们的安全，请安心入睡，如有紧急情况请拨打0531-55612606""。你的月亮我的心(客户):""[图片]""。&&&","[
    {
        ""话题倾向"": """"
    }
]"
群聊负向,"这是要分析的对话:&&&08月26日 08:04分。济南绿洲12-13-17号楼管家大寒(员工):""????金碧物业晨跑开跑啦！！！大朋友、…………""。济南绿洲12-13-17号楼管家大寒(员工):""[图片]""。济南绿洲12-13-17号楼管家大寒(员工):""[图片]""。济南绿洲12-13-17号楼管家大寒(员工):""[图片]""。08月26日 08:17分。宁宁(客户):""??ˋ????ˊ??????????????????.*·做自己生活的舵手 把握梦想前进的方向 不服输 才能成长更好的自己。各位家人们[爱心]早上好！。我是物业保洁领班庄明华，联系电话 15628830750。各位保洁叔叔阿姨已到岗。??倘若您发现任何环境方面的问题或者有宝贵的建议，随时与我联系，我定会全力以赴为您排忧解难！。??感谢各位家人一直以来的信赖与支持！ ?? ??""。宁宁(客户):""[图片]""。08月26日 09:55分。顺其自然(客户):""8.13元，接到[爆竹]“银监会”[爆竹]电话被骗。。3.63万元，大学生??兼职??被骗。。3.5万元，初中生被骗。。3.46万元，妇女?兼职刷单?被骗。。2.31万元，男青年[色]约炮[色]被骗。。。男青年[色][色]约炮[色][色]，妇女??兼职刷单??、????被“异性网友”诱导投资????诈骗高发！。转发提醒好家里的[拥抱]年轻人、妇女[拥抱]！。。【8月25日电诈警情通报】（近三天典型案例）。【平安街道、开发区派出所】。1、乙武村居民（开发区报警），【接到“银监会”电话】被骗8.13万元。。??手段：接到电话，对方自称?【“银监会”工作人员】??，要帮其“降低网贷利率”，还让其??登陆假的银监会网站??。。        过程中，?开启“屏幕共享”?，指导其将钱转走。。。【大学城、大学路派出所】。2、山东师范大学思想政治教育专业大四学生，【兼职】被骗3.63万元。。??手段：网上看到信息，兼职（“垫资”代充话费）。对方称选择[爆竹][爆竹]“企业代付”[爆竹][爆竹]，??钱就不会被转走，但操作后，钱还是被转走??。。       对方称其操作失误，??为退款，按对方要求，继续转账??。。。【马山镇、马山派出所】。3、周庙村初中生，【找人“解封微信”】被骗3.5万元。。??手段：快手找人解封微信，对方让其?提供了家长微信、银行卡的【验证码】?，钱被转走。。。【文昌街道、新城派出所】。4、建发天玺妇女，网上兼职【垫资做任务、刷销量、刷关注、刷点赞】被骗3.46万元。。??手段：??被陌生人拉进群??，推荐足不出户做兼职，[裂开]抖音刷关注[裂开]挣到佣金，后被引诱??“垫资”刷购“抖币”??。。        前期挣到小额返利，后被以【系统设置，需要[苦涩]连续刷任务才能退还垫付金、佣金[苦涩]】，【??操作失误，需要刷补救单??】为由要求转账。。。【崮云湖街道、大学路派出所】。5、河南籍务工男青年（租住乐天），【刷单做任务以?? 免费约炮?? 】被骗2.31万元。。??手段：??网上看到信息??，下载APP，为[吐]解锁约炮资格[吐]，??“约炮”客服引诱其“垫资”刷“会员费”??，前期挣到小额返利。。        后被以【系统设置，需要[裂开]连续刷任务[裂开]才能退还垫付金、佣金】、【??操作失误??（后台都能做手脚），刷补救单】为由要求多次转账。""。08月26日 10:11分。恒大绿洲第二社区(客户):""各位居民朋友好~。社区邻里夜校“AI机器人”招生啦~，详细信息如下：。上课时间：2024年8月28日本周三晚上七点半。活动地点：恒大绿洲第二社区党群服务中心""。恒大绿洲第二社区(客户):""[小程序消息]""。08月26日 10:20分。顺其自然(客户):""各位居民朋友好~。社区邻里夜校“AI机器人”招生啦~，详细信息如下：。上课时间：2024年8月28日本周三晚上七点半。活动地点：恒大绿洲第二社区党群服务中心""。顺其自然(客户):""[小程序消息]""。08月26日 11:34分。风雨中站立   现(客户):""【公区维修8月19日-8月25日工作汇报】。●公区及地下车库排污泵检修7处。●公区及地下车库照明更换6处。●公区直饮水机滤芯更换4处。●公区大堂顶子破损粉刷5处。●公区墙砖破损更换3处。●公区消防故障处理47处。●公区充电桩头安装21处。●园区排污管道疏通8处。●园区路面维修3处。●电梯维保125部。●设备房维护保养。●设备房巡查。工程维修，为您的生活保驾护航。如需帮助请拨打。24小时物业热线:。0531-55615896。济南恒大绿洲物业服务中心""。风雨中站立   现(客户):""[图片]""。08月26日 15:38分。宁宁(客户):""[图片]""。宁宁(客户):""[图片]""。宁宁(客户):""[图片]""。宁宁(客户):""[图片]""。08月26日 16:54分。宁宁(客户):""[拳头]环境提升持续进行中[拳头]。[太阳]今天地下室清理[太阳]。恒大绿洲保洁团队为您服务[玫瑰]""。宁宁(客户):""[图片]""。08月26日 18:40分。A大漠(客户):""??物业秩序“小蜜蜂” ??。[庆祝]“小蜜蜂”来了！来了！[庆祝]。[太阳]有事，您说话[太阳]。[庆祝]车辆电瓶亏电启动不了！。[庆祝]家里有沉物品搬不动了！。[庆祝]买了好多东西拿不了！。联系电话：0531-55612606。秩序小“蜜蜂”竭诚为您服务！[耶][耶][耶]。[庆祝]我们的口号：。[庆祝]真心帮助每一位[庆祝]。[庆祝]热心服务每一人[庆祝]。[庆祝]赠人玫瑰[玫瑰]，手有余香[庆祝]""。A大漠(客户):""[图片]""。08月26日 20:04分。你的月亮我的心(客户):""尊敬的业主，您好：。       为更好、更快的解决业主问题，现将各值班人员、联系电话及值班时间公示在群内，各位业主可直接电话联系或在群内@秩序110。1、日常家用维修工具(螺丝刀、活动扳手、小锤等);。2、小型购物车、平板车、人字梯、打气筒，应急医用品等。。为您爱家保驾护航，如果您有家政保洁、直饮水卡办理、白蚁消杀、有偿维修、房屋租赁的业务需求，随时与我们联系，为您提供专业的服务。。【秩序维护部】。[爱心]1.值班时间段：。????20:00－08:00????。[爱心]2.值班中队长-赵队电话：0531-55615881。[爱心]3.物业服务电话：0531-55615896、55615596。??4.监控室值班24小时电话：0531-55612606。3、【物业-安保服务“小蜜蜂”】。[抱拳]如您家中有需要帮助的请联系我们?。[爱心]24小时为各位家人守候。[合十]贴心服务、真诚相伴。如需便民服务车，请直接联系；。①55612606。②55612808。有事您说话，我们会在第一时间安排人员帮你处理[玫瑰][玫瑰]""。你的月亮我的心(客户):""[图片]""。08月26日 23:51分。你的月亮我的心(客户):""尊敬的业主大家好！我是夜间执勤赵队长，金碧物业安保服务8月26号巡查，时刻守护业主们的安全，请安心入睡，如有紧急情况请拨打0531-55612606""。你的月亮我的心(客户):""[图片]""。08月27日 03:00分。你的月亮我的心(客户):""尊敬的业主大家好！我是夜间执勤赵队长，金碧物业安保服务8月27号巡查，时刻守护业主们的安全，请安心入睡，如有紧急情况请拨打0531-55612606""。你的月亮我的心(客户):""[图片]""。&&&","[
    {
        ""话题倾向"": """"
    }
]"
群聊负向,"这是要分析的对话:&&&08月26日 09:21分。。(客户):""【提示】买卖游戏账号、游戏装备等一定要在官方平台进行，不要点击陌生链接，以交保证金、提现失败、账号冻结等理由要求继续充值的都是诈骗！""。。(客户):""[视频号消息]""。08月26日 16:48分。刘梅(客户):""??保洁篇—清拖楼层及垃圾桶清洗。服务从来没有一劳永逸??，。只有日复一日的坚持??，。保洁员陆续清拖楼层及清洗垃圾桶??，。以匠心服务铸就美好的生活??。。     ——贵阳恒大文化旅游城第一物业服务中心""。刘梅(客户):""[图片]""。08月26日 20:04分。世界变得更美好(客户):""─???今日值班公告???─。。         2024年8月26日?。 今日夜间值班情况如下?：。?????♂秩序值班人员：于天明。    值班电话：18275089531。维修值班师傅：杨丙云。电话：13984310672。??夜间温馨提示：。??有任何需要帮助请及时拨打值班人员电话或者物业服务中心24小时热线：0851-83862661??。??夜间回家的家人请规范停车??，互相方便出行?。        愿家人们晚安好梦！??。   。      贴心服务[爱心]真诚相伴。           ——贵阳恒大文化旅游城物业服务中心""。08月26日 20:43分。刘书英(客户):""[图片]""。刘书英(客户):""[图片]""。刘书英(客户):""[图片]""。08月26日 20:48分。刘书英(客户):""这个秋千离滑滑梯太迁了，容易踢到到玩耍的小朋友，可以移到别处吗？""。刘书英(客户):""太近了。""。&&&","[
    {
        ""话题倾向"": """"
    }
]"
群聊负向,"这是要分析的对话:&&&08月26日 05:24分。文荣坤(员工):""[视频]""。文荣坤(员工):""秩序部#夜间园区巡查 #??。24小时坚…………""。08月26日 08:15分。H(客户):""[图片]""。H(客户):""??朝夕相见，经年守候??。??服务不止，用心不缀??。    ————————————。           ?早送晚迎?。   ????让幸福变的简单????""。08月26日 09:39分。小米(员工):""?????????家人们，早上好~。今天…………""。08月26日 18:30分。小米(员工):""【物业在行动-日常清洁】。? 烈日当空，…………""。小米(员工):""[图片]""。小米(员工):""[图片]""。08月26日 18:35分。A岁月静好，未来可期(客户):""通知：。8月25日是全国第八个残疾预防日，筑安社区居委会于明天8月27日（本周二）上午在辖区内开展“预防疾病致残  共享健康生活”宣传服务活动，希望学校有社会实践活动要求的学生积极参与，请有意参加志愿服务活动的人员于8月27日早上9:30到8组团筑安社区居委会集中开展活动。""。A岁月静好，未来可期(客户):""【提示】买卖游戏账号、游戏装备等一定要在官方平台进行，不要点击陌生链接，以交保证金、提现失败、账号冻结等理由要求继续充值的都是诈骗！""。A岁月静好，未来可期(客户):""[视频号消息]""。08月26日 20:04分。韩老魔(客户):""[视频]""。韩老魔(客户):""巡逻园区，商铺，车库，无异常。维护安全秩序，我们时刻警备，我们会保持高度的警惕性，及时发现并处理任何可能存在的安全隐患。同时，也请大家注意自身安全，如有异常情况请及时与我们联系。。祝大家生活愉快！[玫瑰][玫瑰][玫瑰]""。韩老魔(客户):""各位业主：晚上好！[玫瑰]。8月26日秩序部夜间执勤安排：。一：值班队长：汤江平。电话:18785183203。二：带班时间。20:00-08:00。三：24小时值班电：0851-83862661。辖区派出所电话：0851-83851334。四、我们将12小时坚守岗位，如有需要请致电，我们将竭诚为您服务。夜间休息请关好门窗，做好安全防范，出入小区带好业主卡。。贵阳恒大文化旅游城物业服务中心祝您：生活愉快！[烟花]""。韩老魔(客户):""????家人们，重要提醒来啦！????。。??亲爱的业主朋友们，为了咱们小区的安全与秩序，一定要记得带卡刷卡进入小区哟！。。???♀?别嫌麻烦，这小小的一张卡，可是守护我们温馨家园的重要“钥匙”。。。??每次进出，轻轻一刷，不仅方便快捷，更是给我们满满的安全感。。。??想象一下，如果大家都能自觉带卡刷卡，那些陌生人就没法随便进入小区啦，我们的孩子能在小区里更自由地玩耍，我们也能更安心地享受生活。。。???????????家人们一起行动起来，让带卡刷卡成为我们生活的一部分。""。&&&","[
    {
        ""话题倾向"": """"
    }
]"
群聊负向,"这是要分析的对话:&&&08月26日 06:07分。心情尚好15367485711(客户):""[图片]""。心情尚好15367485711(客户):""??长沙恒大雅苑。?2024年8??26日  星期一。?天气: 晴  气温：28－37℃。1、1、广西一景区“飞天魔毯”项目故障致1死60伤 景区提出“买断”赔偿方案；。2、浙江绍兴一医院眼科套取医保资金2000万，手术医生庭审坚称无罪引争议；。3、郑州：相关企业限期撤除全市小区电梯里的“上门按摩”广告；。4、今年三伏，全国平均气温达到23.24℃，为史上最热；。5、日本核污染水排海一年，8轮累计排放将达62500吨；微信搜：每日微语报。6、超80城支持国企等收购存量房：36城已启动征集，“去库存效果最直接”；。7、合肥女子李梅在长沙坐拥87套房，因涉罪被查封，正式被法院挂网待拍卖；。8、安徽发文鼓励探索垂钓实名制，官方回应：还未启动落实；。9、周鸿祎再回应“手表不当回答”：已惩罚产品经理接一个月客服电话；。10、三文鱼刺身隔夜返包销售 胖东来：奖励投诉者10万，补偿购买者1000元；。11、黎真主党宣布第一阶段对以袭击取得成功 发射320余枚火箭弹；。12、世卫组织表示，猴痘疫情存在扩散风险，各国防控措施有待加强；。13、防止播音员“讲真话”，日本广播协会开始预录中文新闻；。14、17名中国公民命丧韩国电池厂 火灾调查：因培训不足错失37秒逃生窗口；。15、美国顶尖纳米科学家打算来华工作，曾因与中国高校合作而被美政府判刑；""。心情尚好15367485711(客户):""???♂【防溺水??安全温馨提示】。??亲爱的业主家人们：大家好??。?天气渐热，为了孩子们??的安全，请提高安全防范意识?，时刻监督和管理??好孩子，加强对孩子的防溺水??安全教育，禁止??孩子私自到小溪、水库、江边玩水、捕鱼、捉虾、游泳等。 。??安全无小事 时刻要警惕??。请家长??加强对孩子防溺水的监管力度，提高孩子??防溺水的自觉性?。同时物业工作人员??也会加大对园区的巡逻。为孩子的生命安全构筑坚实的防线??。??如需帮助请拨24小时服务热线。二期?:0731-85066275。一期?:0731-85520610。#长沙恒大雅苑物业服务中心""。08月26日 08:34分。长沙恒大雅苑63-67栋管家(员工):""【??欢乐泼水节·完美收官】。活动完美收…………""。长沙恒大雅苑63-67栋管家(员工):""[文件超过最大限制]""。08月26日 09:06分。彪(客户):""【?? 秩序服务?巡逻篇】。我们是白班园区秩序的守护者??。每天园区全覆盖巡视??。希望用我们的行动??。为您营造舒适的居家环境??。如需帮助请拨打24小时服务热线。?:0731一82231519。值班中队长。?:17700582090（二期）。??我们竭诚为您服务??""。彪(客户):""[视频]""。08月26日 09:12分。长沙恒大雅苑63-67栋管家(员工):""关于开展小区四害消杀的通知。    尊敬…………""。长沙恒大雅苑63-67栋管家(员工):""[图片]""。08月26日 10:00分。彪(客户):""???♂?【电动车秩序维护篇】。尊敬的业主家人??们：。 大家好！本栋电动车违停大堂前已整改，为了维护小区电动车的停车秩序，确保大家的出行安全与便利，请您将电动车停放到划线区域内。让我们一起共同遵守，营造整齐有序的环境，感谢您的配合[握手]。如需帮助请拨打24小时服务热线?:0731-82231519""。彪(客户):""[图片]""。08月26日 11:20分。子鱼(客户):""【??遛狗不随便，随手清狗便??】。     。      ??最近存在严重的不文明养犬的现象，绿化带、草坪的狗便??比比皆是，给其他美邻的生活带来了很大的困扰。。      宠物是人类的朋友，为生活增添不少乐趣??，享受权利的同时还请履行义务哦[抱拳]，为了给小区营造一个整洁和谐的环境??，物业中心倡议各位饲养宠物的业主，请您随身携带废纸或垃圾袋，以便随时清理“排泄物”。    ??优美的居住环境需要大家的共同创造和维护，请从文明养狗开始。??""。子鱼(客户):""[文件超过最大限制]""。08月26日 11:43分。长沙恒大雅苑63-67栋管家(员工):""【??物业工作周报】  。尊敬的业主/住…………""。长沙恒大雅苑63-67栋管家(员工):""[图片]""。08月26日 17:40分。长沙恒大雅苑63-67栋管家(员工):""[图片]""。长沙恒大雅苑63-67栋管家(员工):""关于小区内防范蛇类动物的温馨提示。各位业…………""。08月26日 18:59分。&DAN&(客户):""@所有人 65栋大三房出租，家电齐全，月底可看房入住，有意者可联系。""。08月26日 19:13分。彪(客户):""【?? 秩序服务?巡逻篇】。我们是白班园区秩序的守护者??。每天园区全覆盖巡视??。希望用我们的行动??。为您营造舒适的居家环境??。如需帮助请拨打24小时服务热线。?:0731一82231519。值班中队长。?:17700582090（二期）。??我们竭诚为您服务??""。彪(客户):""[视频]""。08月26日 19:54分。长沙恒大雅苑63-67栋管家(员工):""这是一条引用/回复消息：。""&DAN&：…………""。08月26日 20:02分。Vampiae(客户):""业主您好??。我是夜班秩序班长（周游：17700582090），也是你的夜间安全守护者??，也许您从来没有见过我，因为我值守在您熟睡的每个晚上。夜间??我们会跟踪可疑人员、巡查车库、巡查园区、巡查楼层。。??清晨06:00我们还会查看每个电梯，确保您上班时电梯正常运行。。??如需帮助请及时拨打24小时服务电话85066275，我会出现在你需要的每个时刻???♂????♂????♂?。祝?您好梦！一醒来又是美美哒的一天哦??????""。08月26日 20:50分。Vampiae(客户):""【?? 秩序服务?巡逻篇】。我们是晚班园区秩序的守护者??。每天园区全覆盖巡视??。希望用我们的行动??。为您营造舒适的居家环境??。如需帮助请拨打24小时服务热线。?:0731一82231519。值班中队长： 周游。?:17700582090（二期）。??我们竭诚为您服务??""。Vampiae(客户):""[视频]""。08月27日 03:50分。yh(客户):""【?? 秩序服务?巡逻篇】。我们是晚班园区秩序的守护者??。每天园区全覆盖巡视??。希望用我们的行动??。为您营造舒适的居家环境??。如需帮助请拨打24小时服务热线。?:0731一82231519。值班中队长。?:17700582090（二期）。??我们竭诚为您服务??""。yh(客户):""[图片]""。&&&","[
    {
        ""话题倾向"": """"
    }
]"
群聊负向,"这是要分析的对话:&&&08月26日 04:06分。一期中队长(客户):""[文件下载失败]""。一期中队长(客户):""【?? 秩序服务?巡逻篇】。我们是晚班园区秩序的守护者??。每天园区全覆盖巡视??。希望用我们的行动??。为您营造舒适的居家环境??。如需帮助请拨打24小时服务热线。?:0731一85520610。值班中队长。?:17700582951（一期）。??我们竭诚为您服务??""。08月26日 06:33分。一期中队长(客户):""[图片]""。一期中队长(客户):""??长沙恒大雅苑。?2024年8??26日  星期一。?天气: 晴  气温：28－37℃。1、广西一景区“飞天魔毯”项目故障致1死60伤 景区提出“买断”赔偿方案；。2、浙江绍兴一医院眼科套取医保资金2000万，手术医生庭审坚称无罪引争议；。3、郑州：相关企业限期撤除全市小区电梯里的“上门按摩”广告；。4、今年三伏，全国平均气温达到23.24℃，为史上最热；。5、日本核污染水排海一年，8轮累计排放将达62500吨；微信搜：每日微语报。6、超80城支持国企等收购存量房：36城已启动征集，“去库存效果最直接”；。7、合肥女子李梅在长沙坐拥87套房，因涉罪被查封，正式被法院挂网待拍卖；。8、安徽发文鼓励探索垂钓实名制，官方回应：还未启动落实；。9、周鸿祎再回应“手表不当回答”：已惩罚产品经理接一个月客服电话；。10、三文鱼刺身隔夜返包销售 胖东来：奖励投诉者10万，补偿购买者1000元；。11、黎真主党宣布第一阶段对以袭击取得成功 发射320余枚火箭弹；。12、世卫组织表示，猴痘疫情存在扩散风险，各国防控措施有待加强；。13、防止播音员“讲真话”，日本广播协会开始预录中文新闻；。14、17名中国公民命丧韩国电池厂 火灾调查：因培训不足错失37秒逃生窗口；。15、美国顶尖纳米科学家打算来华工作，曾因与中国高校合作而被美政府判刑；""。一期中队长(客户):""???♂【防溺水??安全温馨提示】。??亲爱的业主家人们：大家好??。?天气渐热，为了孩子们??的安全，请提高安全防范意识?，时刻监督和管理??好孩子，加强对孩子的防溺水??安全教育，禁止??孩子私自到小溪、水库、江边玩水、捕鱼、捉虾、游泳等。 。??安全无小事 时刻要警惕??。请家长??加强对孩子防溺水的监管力度，提高孩子??防溺水的自觉性?。同时物业工作人员??也会加大对园区的巡逻。为孩子的生命安全构筑坚实的防线??。??如需帮助请拨24小时服务热线。二期?:0731-85066275。一期?:0731-85520610。#长沙恒大雅苑物业服务中心""。08月26日 11:22分。子鱼(客户):""【??遛狗不随便，随手清狗便??】。     。      ??最近存在严重的不文明养犬的现象，绿化带、草坪的狗便??比比皆是，给其他美邻的生活带来了很大的困扰。。      宠物是人类的朋友，为生活增添不少乐趣??，享受权利的同时还请履行义务哦[抱拳]，为了给小区营造一个整洁和谐的环境??，物业中心倡议各位饲养宠物的业主，请您随身携带废纸或垃圾袋，以便随时清理“排泄物”。    ??优美的居住环境需要大家的共同创造和维护，请从文明养狗开始。??""。子鱼(客户):""[文件超过最大限制]""。周聿铭(员工):""关于开展小区四害消杀的通知。    尊敬…………""。周聿铭(员工):""[图片]""。周聿铭(员工):""【??物业工作周报】  。尊敬的业主/住…………""。周聿铭(员工):""[图片]""。08月26日 17:38分。周聿铭(员工):""[图片]""。周聿铭(员工):""关于小区内防范蛇类动物的温馨提示。各位业…………""。08月26日 19:16分。一期中队长(客户):""【?? 秩序服务?巡逻篇】。我们是白班园区秩序的守护者??。每天园区全覆盖巡视??。希望用我们的行动??。为您营造舒适的居家环境??。如需帮助请拨打24小时服务热线。?:0731一85520610。值班中队长。?:17700582951（一期）。??我们竭诚为您服务??""。一期中队长(客户):""[视频]""。一期中队长(客户):""[视频]""。08月26日 20:05分。一期中队长(客户):""业主您好??。我是夜班秩序班长（苏静普17700582951），也是你的夜间安全守护者??，也许您从来没有见过我，因为我值守在您熟睡的每个晚上。夜间??我们会跟踪可疑人员、巡查车库、巡查园区、巡查楼层。。??清晨06:00我们还会查看每个电梯，确保您上班时电梯正常运行。。??如需帮助请及时拨打24小时服务电话85520610，我会出现在你需要的每个时刻???♂???♂???♂。祝您好梦！一醒来又是美美哒的一天哦???""。08月26日 20:49分。一期中队长(客户):""【?? 秩序服务?巡逻篇】。我们是晚班园区秩序的守护者??。每天园区全覆盖巡视??。希望用我们的行动??。为您营造舒适的居家环境??。如需帮助请拨打24小时服务热线。?:0731一85520610。值班中队长。?:17700582951（一期）。??我们竭诚为您服务??""。一期中队长(客户):""[视频]""。08月27日 03:44分。一期中队长(客户):""【?? 秩序服务?巡逻篇】。我们是晚班园区秩序的守护者??。每天园区全覆盖巡视??。希望用我们的行动??。为您营造舒适的居家环境??。如需帮助请拨打24小时服务热线。?:0731一85520610。值班中队长。?:17700582951（一期）。??我们竭诚为您服务??""。一期中队长(客户):""[图片]""。&&&","[
    {
        ""话题倾向"": """"
    }
]"
群聊负向,"这是要分析的对话:&&&08月26日 08:59分。石娇(员工):""?????????家人们，早上好~。今天…………""。石娇(员工):""?????????家人们，早上好~。今天…………""。08月26日 20:37分。??一切??? 随缘????(客户):""各位业主：晚上好！[玫瑰]。8月 26日秩序部夜间执勤安排：。一、值班:罗中林。电话:17584997003。二、24小时值班电：0851-83862661。辖区派出所电话：0851-83851334。值班维修师傅：。杨丙云:13984310672带班时间：20:00-08:00。四、我们将12小时坚守岗位，如有需要请致电，我们将竭诚为您服务。夜间休息请关好门窗，做好安全防范，出入小区带好业主卡。。贵阳恒大文化旅游城物业服务中心祝您：。               生活愉快！""。??一切??? 随缘????(客户):""[视频]""。08月26日 23:10分。筑安(客户):""[视频号消息]""。筑安(客户):""通知：。8月25日是全国第八个残疾预防日，筑安社区居委会于明天8月27日（本周二）上午在辖区内开展“预防疾病致残  共享健康生活”宣传服务活动，希望学校有社会实践活动要求的学生积极参与，请有意参加志愿服务活动的人员于8月27日早上9:30到8组团筑安社区居委会集中开展活动。""。筑安(客户):""【提示】买卖游戏账号、游戏装备等一定要在官方平台进行，不要点击陌生链接，以交保证金、提现失败、账号冻结等理由要求继续充值的都是诈骗！""。&&&","[
    {
        ""话题倾向"": """"
    }
]"
群聊负向,"这是要分析的对话:&&&08月26日 09:18分。恒大城???? 秩序部 三期监控室(客户):""“客服”给你打来电话，说你网购商品出现问题！可以给你申请退款，还给你发来陌生链接！让你注册账号填写信息，再说因“操作失误”导致账户被冻结，让你转账解冻后才能退款？南昌反诈提醒您：退换货请认准官方平台，陌生链接不要点击，不要透露个人信息。敬请各位领导同事转发反诈视频及反诈日历。[抱拳][抱拳][抱拳]""。恒大城???? 秩序部 三期监控室(客户):""[视频号消息]""。恒大城???? 秩序部 三期监控室(客户):""[图片]""。08月26日 11:45分。恒大城-管家-小李(员工):""【关于四害消杀的温馨提示】。      …………""。恒大城-管家-小李(员工):""[图片]""。08月26日 16:24分。恒大城-管家-小李(员工):""【44栋地库口维修封闭通知】。    各…………""。恒大城-管家-小李(员工):""[图片]""。08月26日 16:37分。恒大城-管家-小李(员工):""【南昌恒大城—周报】。?? 一周美好，与…………""。恒大城-管家-小李(员工):""[图片]""。08月26日 18:16分。恒大城???? 秩序部 三期监控室(客户):""重要警示：。    8月23日晚10时，江苏省宿迁市一电动自行车店起火，虽然仅半小时明火就得到控制，但仍造成6人死亡（尤为痛心的是，遇难者中4人系未成年人）。此前，2024年2月23日4时许，江苏南京市雨花台区一小区发生电动自行车火灾，造成15人死亡，44人受伤。今年4月27日，我县一小区也发生了电动自行车火灾亡人事件。在此警示，电动自行车起火，燃烧迅速并会在短时间造成大量有害气体，因灾致死率极高！因此，为了大家的生命财产安全，恳请各位业主对自己负责，也对左右邻里负责，严禁将电动自行车违规入楼、违规充电！也请各位监督，一发现有电动车上楼进单元的，请及时联系物业24小时电话:85130408，物业会第一时间上户整治，保障大家居住安全。""。08月26日 20:04分。恒大城???? 秩序部 三期监控室(客户):""? 2024.8.26日? 。【秩序维护部】 。1.夜班值班时间段：20：00—08：00。2.夜班值班队长:徐霖。3.物业24小时服务电话：0791-85957719/85130408。? 【物业小贴士】?。1、园区道路是大家的，请将爱车停至车位或车库，勿占行车主干道。。2、予人方便，予己方便，整齐有序，文明停车。。3、随身携带门禁卡，刷卡进出，提高安全防止偷盗。。4、请随手关大堂门，轻拉轻推，勿用力拉扯。。5、非机动车请勿进大堂、楼道内充电。。6、请勿让爱宠随地大小便，做文明养宠人。""。&&&","[
    {
        ""话题倾向"": """"
    }
]"
群聊负向,"这是要分析的对话:&&&08月26日 12:21分。南锺(客户):""通知：。8月25日是全国第八个残疾预防日，筑安社区居委会于明天8月27日（本周二）上午在辖区内开展“预防疾病致残  共享健康生活”宣传服务活动，希望学校有社会实践活动要求的学生积极参与，请有意参加志愿服务活动的人员于8月27日早上9:30到8组团筑安社区居委会集中开展活动。""。&&&","[
    {
        ""话题倾向"": """"
    }
]"
群聊负向,"这是要分析的对话:&&&08月26日 09:02分。恒大社区居委会8731213(客户):""[视频号消息]""。08月26日 09:52分。神勇华(客户):""请问一下24栋至26附近有没有车位出租""。08月26日 10:15分。恒大社区居委会8731213(客户):""活动通知：恒大社区将于本周三8月28日下午3：00开展社区文明宣传和清扫活动，请需要参与暑假社会实践活动的学生扫下方的腾讯问卷报名参与。。集合地点：恒大社区居委会办公室（恒大城1期1栋内铺）。集合时间：8月28日下午2：50。备注：目前我们发的志愿活动主要是针对学校有要求学生参加暑假社会实践活动要盖章的或者是学校有要求做I志愿的学生，一般是中学生或者大学生，因每次活动人数有限，请没有这方面要求的学生家长暂时不要报名，谢谢！。温馨提示：。1.最近天气多变，请自备雨具遮阳防雨，注意安全。。2.请有需要拍照交学校的同学，自行带手机拍照哈。3.本次活动为24年暑期学生社会实践活动的最后一次活动，后续将不再开展，请有需要的学生积极参与。""。恒大社区居委会8731213(客户):""[图片]""。08月26日 10:28分。无尽夏(客户):""@恒大社区居委会8731213?请帮我看看报成功了没？手机号13719202742的""。恒大社区居委会8731213(客户):""问卷能够提交就证明报名成功了@无尽夏?""。无尽夏(客户):""好的，谢谢""。08月26日 14:47分。（请假中）韶关恒大城-管家-张志良(员工):""@所有人失物招领：。      否有业主…………""。皇岗山上（刘岳华）(客户):""[色][色][色]""。08月26日 14:52分。皇岗山上（刘岳华）(客户):""杳监控就知道了嘛""。08月26日 14:59分。大莫莫(客户):""@（请假中）韶关恒大城-管家-张志良?我家的""。大莫莫(客户):""小孩子忘记提了[破涕为笑]""。（请假中）韶关恒大城-管家-张志良(员工):""@大莫莫""。（请假中）韶关恒大城-管家-张志良(员工):""您过来物业中心领取""。08月26日 15:07分。大莫莫(客户):""好 一会下去拿 谢谢""。曹某某(客户):""@邱延碧?去鹏粤搞，今天上了两条大草，一条大青""。08月26日 15:14分。邱延碧(客户):""@曹某某?曹总，鹏粤在哪里？""。曹某某(客户):""韶州大桥过去""。曹某某(客户):""我的杆子爆了""。邱延碧(客户):""全能战被搞爆了嘛""。曹某某(客户):""是啊""。08月26日 17:11分。韶关恒大城-管家-杨洪财(员工):""@所有人关于八月园区消杀通知。尊敬的业户…………""。08月26日 19:07分。韶关恒大城B区监控员(客户):""2024-8-26。【秩序维护部】。1、值班时间段:【19:00-7:00】。2、值班中队长:  李佰全。联系电话：18933707875。【温馨提示】。请各位业主知悉，如需要帮助或遇紧急情况，请电话联系值班室或值班中队长。。物业24小时值班电话：0751-8706100。0751-8706228""。&&&","[
    {
        ""话题倾向"": """"
    }
]"
群聊负向,"这是要分析的对话:&&&08月26日 08:04分。济南绿洲12-13-17号楼管家大寒(员工):""????金碧物业晨跑开跑啦！！！大朋友、…………""。济南绿洲12-13-17号楼管家大寒(员工):""[图片]""。济南绿洲12-13-17号楼管家大寒(员工):""[图片]""。济南绿洲12-13-17号楼管家大寒(员工):""[图片]""。08月26日 08:17分。宁宁(客户):""??ˋ????ˊ??????????????????.*·做自己生活的舵手 把握梦想前进的方向 不服输 才能成长更好的自己。各位家人们[爱心]早上好！。我是物业保洁领班庄明华，联系电话 15628830750。各位保洁叔叔阿姨已到岗。??倘若您发现任何环境方面的问题或者有宝贵的建议，随时与我联系，我定会全力以赴为您排忧解难！。??感谢各位家人一直以来的信赖与支持！ ?? ??""。宁宁(客户):""[图片]""。08月26日 09:55分。顺其自然(客户):""8.13元，接到[爆竹]“银监会”[爆竹]电话被骗。。3.63万元，大学生??兼职??被骗。。3.5万元，初中生被骗。。3.46万元，妇女?兼职刷单?被骗。。2.31万元，男青年[色]约炮[色]被骗。。。男青年[色][色]约炮[色][色]，妇女??兼职刷单??、????被“异性网友”诱导投资????诈骗高发！。转发提醒好家里的[拥抱]年轻人、妇女[拥抱]！。。【8月25日电诈警情通报】（近三天典型案例）。【平安街道、开发区派出所】。1、乙武村居民（开发区报警），【接到“银监会”电话】被骗8.13万元。。??手段：接到电话，对方自称?【“银监会”工作人员】??，要帮其“降低网贷利率”，还让其??登陆假的银监会网站??。。        过程中，?开启“屏幕共享”?，指导其将钱转走。。。【大学城、大学路派出所】。2、山东师范大学思想政治教育专业大四学生，【兼职】被骗3.63万元。。??手段：网上看到信息，兼职（“垫资”代充话费）。对方称选择[爆竹][爆竹]“企业代付”[爆竹][爆竹]，??钱就不会被转走，但操作后，钱还是被转走??。。       对方称其操作失误，??为退款，按对方要求，继续转账??。。。【马山镇、马山派出所】。3、周庙村初中生，【找人“解封微信”】被骗3.5万元。。??手段：快手找人解封微信，对方让其?提供了家长微信、银行卡的【验证码】?，钱被转走。。。【文昌街道、新城派出所】。4、建发天玺妇女，网上兼职【垫资做任务、刷销量、刷关注、刷点赞】被骗3.46万元。。??手段：??被陌生人拉进群??，推荐足不出户做兼职，[裂开]抖音刷关注[裂开]挣到佣金，后被引诱??“垫资”刷购“抖币”??。。        前期挣到小额返利，后被以【系统设置，需要[苦涩]连续刷任务才能退还垫付金、佣金[苦涩]】，【??操作失误，需要刷补救单??】为由要求转账。。。【崮云湖街道、大学路派出所】。5、河南籍务工男青年（租住乐天），【刷单做任务以?? 免费约炮?? 】被骗2.31万元。。??手段：??网上看到信息??，下载APP，为[吐]解锁约炮资格[吐]，??“约炮”客服引诱其“垫资”刷“会员费”??，前期挣到小额返利。。        后被以【系统设置，需要[裂开]连续刷任务[裂开]才能退还垫付金、佣金】、【??操作失误??（后台都能做手脚），刷补救单】为由要求多次转账。""。08月26日 10:20分。顺其自然(客户):""各位居民朋友好~。社区邻里夜校“AI机器人”招生啦~，详细信息如下：。上课时间：2024年8月28日本周三晚上七点半。活动地点：恒大绿洲第二社区党群服务中心""。顺其自然(客户):""[小程序消息]""。08月26日 11:34分。风雨中站立   现(客户):""【公区维修8月19日-8月25日工作汇报】。●公区及地下车库排污泵检修7处。●公区及地下车库照明更换6处。●公区直饮水机滤芯更换4处。●公区大堂顶子破损粉刷5处。●公区墙砖破损更换3处。●公区消防故障处理47处。●公区充电桩头安装21处。●园区排污管道疏通8处。●园区路面维修3处。●电梯维保125部。●设备房维护保养。●设备房巡查。工程维修，为您的生活保驾护航。如需帮助请拨打。24小时物业热线:。0531-55615896。济南恒大绿洲物业服务中心""。风雨中站立   现(客户):""[图片]""。???????赵刘说的做????(客户):""17-2单元  。大厅西墙拐角处有一块地板翘起来了。容易绊倒人""。08月26日 11:41分。风雨中站立   现(客户):""收到，家人们""。风雨中站立   现(客户):""处理完毕之后给家人们反馈""。08月26日 15:37分。宁宁(客户):""[图片]""。宁宁(客户):""[图片]""。宁宁(客户):""[图片]""。宁宁(客户):""[图片]""。08月26日 16:54分。宁宁(客户):""[拳头]环境提升持续进行中[拳头]。[太阳]今天地下室清理[太阳]。恒大绿洲保洁团队为您服务[玫瑰]""。宁宁(客户):""[图片]""。08月26日 18:40分。A大漠(客户):""??物业秩序“小蜜蜂” ??。[庆祝]“小蜜蜂”来了！来了！[庆祝]。[太阳]有事，您说话[太阳]。[庆祝]车辆电瓶亏电启动不了！。[庆祝]家里有沉物品搬不动了！。[庆祝]买了好多东西拿不了！。联系电话：0531-55612606。秩序小“蜜蜂”竭诚为您服务！[耶][耶][耶]。[庆祝]我们的口号：。[庆祝]真心帮助每一位[庆祝]。[庆祝]热心服务每一人[庆祝]。[庆祝]赠人玫瑰[玫瑰]，手有余香[庆祝]""。A大漠(客户):""[图片]""。08月26日 20:04分。你的月亮我的心(客户):""尊敬的业主，您好：。       为更好、更快的解决业主问题，现将各值班人员、联系电话及值班时间公示在群内，各位业主可直接电话联系或在群内@秩序110。1、日常家用维修工具(螺丝刀、活动扳手、小锤等);。2、小型购物车、平板车、人字梯、打气筒，应急医用品等。。为您爱家保驾护航，如果您有家政保洁、直饮水卡办理、白蚁消杀、有偿维修、房屋租赁的业务需求，随时与我们联系，为您提供专业的服务。。【秩序维护部】。[爱心]1.值班时间段：。????20:00－08:00????。[爱心]2.值班中队长-赵队电话：0531-55615881。[爱心]3.物业服务电话：0531-55615896、55615596。??4.监控室值班24小时电话：0531-55612606。3、【物业-安保服务“小蜜蜂”】。[抱拳]如您家中有需要帮助的请联系我们?。[爱心]24小时为各位家人守候。[合十]贴心服务、真诚相伴。如需便民服务车，请直接联系；。①55612606。②55612808。有事您说话，我们会在第一时间安排人员帮你处理[玫瑰][玫瑰]""。你的月亮我的心(客户):""[图片]""。08月26日 23:51分。你的月亮我的心(客户):""尊敬的业主大家好！我是夜间执勤赵队长，金碧物业安保服务8月26号巡查，时刻守护业主们的安全，请安心入睡，如有紧急情况请拨打0531-55612606""。你的月亮我的心(客户):""[图片]""。08月27日 03:00分。你的月亮我的心(客户):""尊敬的业主大家好！我是夜间执勤赵队长，金碧物业安保服务8月27号巡查，时刻守护业主们的安全，请安心入睡，如有紧急情况请拨打0531-55612606""。你的月亮我的心(客户):""[图片]""。&&&","[
    {
        ""话题倾向"": """"
    }
]"
群聊负向,"这是要分析的对话:&&&08月26日 08:07分。A00(客户):""尊敬的业主，您好：。       为更好、更快的解决业主问题，现将各值班人员、联系电话及值班时间公示在群内，各位业主可直接电话联系或在群内@秩序110。1、日常家用维修工具(螺丝刀、活动扳手、小锤等);。2、小型购物车、平板车、人字梯、打气筒，应急医用品等。。为您爱家保驾护航，如果您有家政保洁、直饮水卡办理、白蚁消杀、有偿维修、房屋租赁的业务需求，随时与我们联系，为您提供专业的服务。。【秩序维护部】。[爱心]1.值班时间段：。????08:00－20:00????。[爱心]2.值班中队长-赵队电话：0531-83131013。[爱心]3.物业服务电话：0531-55615896、55615596。??4.监控室值班24小时电话：0531-55612606。3、【物业-安保服务“小蜜蜂”】。[抱拳]如您家中有需要帮助的请联系我们?。[爱心]24小时为各位家人守候。[合十]贴心服务、真诚相伴。如需便民服务车，请直接联系；。①55612606。②55612808。有事您说话，我们会在第一时间安排人员帮你处理[玫瑰][玫瑰]""。A00(客户):""[图片]""。08月26日 08:16分。宁宁(客户):""??ˋ????ˊ??????????????????.*·做自己生活的舵手 把握梦想前进的方向 不服输 才能成长更好的自己。各位家人们[爱心]早上好！。我是物业保洁领班庄明华，联系电话 15628830750。各位保洁叔叔阿姨已到岗。??倘若您发现任何环境方面的问题或者有宝贵的建议，随时与我联系，我定会全力以赴为您排忧解难！。??感谢各位家人一直以来的信赖与支持！ ?? ??""。宁宁(客户):""[图片]""。08月26日 08:42分。济南绿洲20－21号楼管家惊蛰(员工):""????金碧物业晨跑开跑啦！！！大朋友、…………""。济南绿洲20－21号楼管家惊蛰(员工):""[图片]""。济南绿洲20－21号楼管家惊蛰(员工):""[图片]""。济南绿洲20－21号楼管家惊蛰(员工):""[图片]""。济南绿洲20－21号楼管家惊蛰(员工):""[文件超过最大限制]""。济南绿洲20－21号楼管家惊蛰(员工):""[玫瑰][玫瑰]早安  绿洲[玫瑰][玫…………""。济南绿洲20－21号楼管家惊蛰(员工):""[链接]""。08月26日 09:55分。顺其自然(客户):""8.13元，接到[爆竹]“银监会”[爆竹]电话被骗。。3.63万元，大学生??兼职??被骗。。3.5万元，初中生被骗。。3.46万元，妇女?兼职刷单?被骗。。2.31万元，男青年[色]约炮[色]被骗。。。男青年[色][色]约炮[色][色]，妇女??兼职刷单??、????被“异性网友”诱导投资????诈骗高发！。转发提醒好家里的[拥抱]年轻人、妇女[拥抱]！。。【8月25日电诈警情通报】（近三天典型案例）。【平安街道、开发区派出所】。1、乙武村居民（开发区报警），【接到“银监会”电话】被骗8.13万元。。??手段：接到电话，对方自称?【“银监会”工作人员】??，要帮其“降低网贷利率”，还让其??登陆假的银监会网站??。。        过程中，?开启“屏幕共享”?，指导其将钱转走。。。【大学城、大学路派出所】。2、山东师范大学思想政治教育专业大四学生，【兼职】被骗3.63万元。。??手段：网上看到信息，兼职（“垫资”代充话费）。对方称选择[爆竹][爆竹]“企业代付”[爆竹][爆竹]，??钱就不会被转走，但操作后，钱还是被转走??。。       对方称其操作失误，??为退款，按对方要求，继续转账??。。。【马山镇、马山派出所】。3、周庙村初中生，【找人“解封微信”】被骗3.5万元。。??手段：快手找人解封微信，对方让其?提供了家长微信、银行卡的【验证码】?，钱被转走。。。【文昌街道、新城派出所】。4、建发天玺妇女，网上兼职【垫资做任务、刷销量、刷关注、刷点赞】被骗3.46万元。。??手段：??被陌生人拉进群??，推荐足不出户做兼职，[裂开]抖音刷关注[裂开]挣到佣金，后被引诱??“垫资”刷购“抖币”??。。        前期挣到小额返利，后被以【系统设置，需要[苦涩]连续刷任务才能退还垫付金、佣金[苦涩]】，【??操作失误，需要刷补救单??】为由要求转账。。。【崮云湖街道、大学路派出所】。5、河南籍务工男青年（租住乐天），【刷单做任务以?? 免费约炮?? 】被骗2.31万元。。??手段：??网上看到信息??，下载APP，为[吐]解锁约炮资格[吐]，??“约炮”客服引诱其“垫资”刷“会员费”??，前期挣到小额返利。。        后被以【系统设置，需要[裂开]连续刷任务[裂开]才能退还垫付金、佣金】、【??操作失误??（后台都能做手脚），刷补救单】为由要求多次转账。""。08月26日 10:21分。顺其自然(客户):""各位居民朋友好~。社区邻里夜校“AI机器人”招生啦~，详细信息如下：。上课时间：2024年8月28日本周三晚上七点半。活动地点：恒大绿洲第二社区党群服务中心""。顺其自然(客户):""[小程序消息]""。08月26日 15:38分。宁宁(客户):""[图片]""。宁宁(客户):""[图片]""。宁宁(客户):""[图片]""。宁宁(客户):""[图片]""。08月26日 16:54分。宁宁(客户):""[拳头]环境提升持续进行中[拳头]。[太阳]今天地下室清理[太阳]。恒大绿洲保洁团队为您服务[玫瑰]""。宁宁(客户):""[图片]""。08月26日 18:40分。A大漠(客户):""??物业秩序“小蜜蜂” ??。[庆祝]“小蜜蜂”来了！来了！[庆祝]。[太阳]有事，您说话[太阳]。[庆祝]车辆电瓶亏电启动不了！。[庆祝]家里有沉物品搬不动了！。[庆祝]买了好多东西拿不了！。联系电话：0531-55612606。秩序小“蜜蜂”竭诚为您服务！[耶][耶][耶]。[庆祝]我们的口号：。[庆祝]真心帮助每一位[庆祝]。[庆祝]热心服务每一人[庆祝]。[庆祝]赠人玫瑰[玫瑰]，手有余香[庆祝]""。A大漠(客户):""[图片]""。08月26日 20:04分。你的月亮我的心(客户):""尊敬的业主，您好：。       为更好、更快的解决业主问题，现将各值班人员、联系电话及值班时间公示在群内，各位业主可直接电话联系或在群内@秩序110。1、日常家用维修工具(螺丝刀、活动扳手、小锤等);。2、小型购物车、平板车、人字梯、打气筒，应急医用品等。。为您爱家保驾护航，如果您有家政保洁、直饮水卡办理、白蚁消杀、有偿维修、房屋租赁的业务需求，随时与我们联系，为您提供专业的服务。。【秩序维护部】。[爱心]1.值班时间段：。????20:00－08:00????。[爱心]2.值班中队长-赵队电话：0531-55615881。[爱心]3.物业服务电话：0531-55615896、55615596。??4.监控室值班24小时电话：0531-55612606。3、【物业-安保服务“小蜜蜂”】。[抱拳]如您家中有需要帮助的请联系我们?。[爱心]24小时为各位家人守候。[合十]贴心服务、真诚相伴。如需便民服务车，请直接联系；。①55612606。②55612808。有事您说话，我们会在第一时间安排人员帮你处理[玫瑰][玫瑰]""。你的月亮我的心(客户):""[图片]""。08月26日 20:46分。大海(客户):""【公区维修8月19日-8月25日工作汇报】。●公区及地下车库排污泵检修7处。●公区及地下车库照明更换6处。●公区直饮水机滤芯更换4处。●公区大堂顶子破损粉刷5处。●公区墙砖破损更换3处。●公区消防故障处理47处。●公区充电桩头安装21处。●园区排污管道疏通8处。●园区路面维修3处。●电梯维保125部。●设备房维护保养。●设备房巡查。工程维修，为您的生活保驾护航。如需帮助请拨打。24小时物业热线:。0531-55615896。济南恒大绿洲物业服务中心""。大海(客户):""[图片]""。08月26日 23:50分。你的月亮我的心(客户):""尊敬的业主大家好！我是夜间执勤赵队长，金碧物业安保服务8月26号巡查，时刻守护业主们的安全，请安心入睡，如有紧急情况请拨打0531-55612606""。你的月亮我的心(客户):""[图片]""。08月27日 03:01分。你的月亮我的心(客户):""尊敬的业主大家好！我是夜间执勤赵队长，金碧物业安保服务8月27号巡查，时刻守护业主们的安全，请安心入睡，如有紧急情况请拨打0531-55612606""。你的月亮我的心(客户):""[图片]""。&&&","[
    {
        ""话题倾向"": """"
    }
]"
群聊负向,"这是要分析的对话:&&&08月26日 07:40分。星星(客户):""楼上美邻，今天我家晒被子，麻烦 衣服甩一下水哈[抱拳]""。08月26日 09:12分。恒大城???? 秩序部 三期监控室(客户):""“客服”给你打来电话，说你网购商品出现问题！可以给你申请退款，还给你发来陌生链接！让你注册账号填写信息，再说因“操作失误”导致账户被冻结，让你转账解冻后才能退款？南昌反诈提醒您：退换货请认准官方平台，陌生链接不要点击，不要透露个人信息。敬请各位领导同事转发反诈视频及反诈日历。[抱拳][抱拳][抱拳]""。恒大城???? 秩序部 三期监控室(客户):""[图片]""。恒大城???? 秩序部 三期监控室(客户):""[视频号消息]""。08月26日 18:21分。恒大城???? 秩序部 三期监控室(客户):""重要警示：。    8月23日晚10时，江苏省宿迁市一电动自行车店起火，虽然仅半小时明火就得到控制，但仍造成6人死亡（尤为痛心的是，遇难者中4人系未成年人）。此前，2024年2月23日4时许，江苏南京市雨花台区一小区发生电动自行车火灾，造成15人死亡，44人受伤。今年4月27日，我县一小区也发生了电动自行车火灾亡人事件。在此警示，电动自行车起火，燃烧迅速并会在短时间造成大量有害气体，因灾致死率极高！因此，为了大家的生命财产安全，恳请各位业主对自己负责，也对左右邻里负责，严禁将电动自行车违规入楼、违规充电！也请各位监督，一发现有电动车上楼进单元的，请及时联系物业24小时电话:85130408，物业会第一时间上户整治，保障大家居住安全。""。08月26日 20:01分。恒大城???? 秩序部 三期监控室(客户):""? 2024.8.26日? 。【秩序维护部】 。1.夜班值班时间段：20：00—08：00。2.夜班值班队长:徐霖。3.物业24小时服务电话：0791-85957719/85130408。? 【物业小贴士】?。1、园区道路是大家的，请将爱车停至车位或车库，勿占行车主干道。。2、予人方便，予己方便，整齐有序，文明停车。。3、随身携带门禁卡，刷卡进出，提高安全防止偷盗。。4、请随手关大堂门，轻拉轻推，勿用力拉扯。。5、非机动车请勿进大堂、楼道内充电。。6、请勿让爱宠随地大小便，做文明养宠人。""。&&&","[
    {
        ""话题倾向"": """"
    }
]"
群聊负向,"这是要分析的对话:&&&08月26日 08:59分。石娇(员工):""?????????家人们，早上好~。今天…………""。石娇(员工):""?????????家人们，早上好~。今天…………""。08月26日 20:37分。??一切??? 随缘????(客户):""各位业主：晚上好！[玫瑰]。8月 26日秩序部夜间执勤安排：。一、值班:罗中林。电话:17584997003。二、24小时值班电：0851-83862661。辖区派出所电话：0851-83851334。值班维修师傅：。杨丙云:13984310672带班时间：20:00-08:00。四、我们将12小时坚守岗位，如有需要请致电，我们将竭诚为您服务。夜间休息请关好门窗，做好安全防范，出入小区带好业主卡。。贵阳恒大文化旅游城物业服务中心祝您：。               生活愉快！""。??一切??? 随缘????(客户):""[视频]""。08月26日 23:10分。筑安(客户):""[视频号消息]""。筑安(客户):""【提示】买卖游戏账号、游戏装备等一定要在官方平台进行，不要点击陌生链接，以交保证金、提现失败、账号冻结等理由要求继续充值的都是诈骗！""。筑安(客户):""通知：。8月25日是全国第八个残疾预防日，筑安社区居委会于明天8月27日（本周二）上午在辖区内开展“预防疾病致残  共享健康生活”宣传服务活动，希望学校有社会实践活动要求的学生积极参与，请有意参加志愿服务活动的人员于8月27日早上9:30到8组团筑安社区居委会集中开展活动。""。08月27日 00:22分。谢明欢(客户):""[文件下载失败]""。谢明欢(客户):""[文件下载失败]""。08月27日 00:38分。时间总会说出再见(客户):""[强][强][强]""。&&&","[
    {
        ""话题倾向"": """"
    }
]"
群聊负向,"这是要分析的对话:&&&08月26日 07:24分。济南绿洲39-42-43管家小雪(员工):""????金碧物业晨跑开跑啦！！！大朋友、…………""。济南绿洲39-42-43管家小雪(员工):""[图片]""。济南绿洲39-42-43管家小雪(员工):""[图片]""。济南绿洲39-42-43管家小雪(员工):""[图片]""。济南绿洲39-42-43管家小雪(员工):""[文件超过最大限制]""。08月26日 08:06分。A00(客户):""尊敬的业主，您好：。       为更好、更快的解决业主问题，现将各值班人员、联系电话及值班时间公示在群内，各位业主可直接电话联系或在群内@秩序110。1、日常家用维修工具(螺丝刀、活动扳手、小锤等);。2、小型购物车、平板车、人字梯、打气筒，应急医用品等。。为您爱家保驾护航，如果您有家政保洁、直饮水卡办理、白蚁消杀、有偿维修、房屋租赁的业务需求，随时与我们联系，为您提供专业的服务。。【秩序维护部】。[爱心]1.值班时间段：。????08:00－20:00????。[爱心]2.值班中队长-赵队电话：0531-83131013。[爱心]3.物业服务电话：0531-55615896、55615596。??4.监控室值班24小时电话：0531-55612606。3、【物业-安保服务“小蜜蜂”】。[抱拳]如您家中有需要帮助的请联系我们?。[爱心]24小时为各位家人守候。[合十]贴心服务、真诚相伴。如需便民服务车，请直接联系；。①55612606。②55612808。有事您说话，我们会在第一时间安排人员帮你处理[玫瑰][玫瑰]""。A00(客户):""[图片]""。08月26日 08:44分。济南绿洲39-42-43管家小雪(员工):""[玫瑰][玫瑰]早安  绿洲[玫瑰][玫…………""。济南绿洲39-42-43管家小雪(员工):""[链接]""。08月26日 09:43分。恒大四社区@蒋(客户):""8.13元，接到[爆竹]“银监会”[爆竹]电话被骗。。3.63万元，大学生??兼职??被骗。。3.5万元，初中生被骗。。3.46万元，妇女?兼职刷单?被骗。。2.31万元，男青年[色]约炮[色]被骗。。。男青年[色][色]约炮[色][色]，妇女??兼职刷单??、????被“异性网友”诱导投资????诈骗高发！。转发提醒好家里的[拥抱]年轻人、妇女[拥抱]！。。【8月25日电诈警情通报】（近三天典型案例）。【平安街道、开发区派出所】。1、乙武村居民（开发区报警），【接到“银监会”电话】被骗8.13万元。。??手段：接到电话，对方自称?【“银监会”工作人员】??，要帮其“降低网贷利率”，还让其??登陆假的银监会网站??。。        过程中，?开启“屏幕共享”?，指导其将钱转走。。。【大学城、大学路派出所】。2、山东师范大学思想政治教育专业大四学生，【兼职】被骗3.63万元。。??手段：网上看到信息，兼职（“垫资”代充话费）。对方称选择[爆竹][爆竹]“企业代付”[爆竹][爆竹]，??钱就不会被转走，但操作后，钱还是被转走??。。       对方称其操作失误，??为退款，按对方要求，继续转账??。。。【马山镇、马山派出所】。3、周庙村初中生，【找人“解封微信”】被骗3.5万元。。??手段：快手找人解封微信，对方让其?提供了家长微信、银行卡的【验证码】?，钱被转走。。。【文昌街道、新城派出所】。4、建发天玺妇女，网上兼职【垫资做任务、刷销量、刷关注、刷点赞】被骗3.46万元。。??手段：??被陌生人拉进群??，推荐足不出户做兼职，[裂开]抖音刷关注[裂开]挣到佣金，后被引诱??“垫资”刷购“抖币”??。。        前期挣到小额返利，后被以【系统设置，需要[苦涩]连续刷任务才能退还垫付金、佣金[苦涩]】，【??操作失误，需要刷补救单??】为由要求转账。。。【崮云湖街道、大学路派出所】。5、河南籍务工男青年（租住乐天），【刷单做任务以?? 免费约炮?? 】被骗2.31万元。。??手段：??网上看到信息??，下载APP，为[吐]解锁约炮资格[吐]，??“约炮”客服引诱其“垫资”刷“会员费”??，前期挣到小额返利。。        后被以【系统设置，需要[裂开]连续刷任务[裂开]才能退还垫付金、佣金】、【??操作失误??（后台都能做手脚），刷补救单】为由要求多次转账。""。08月26日 11:28分。李强(客户):""【公区维修8月19日-8月25日工作汇报】。●公区及地下车库排污泵检修7处。●公区及地下车库照明更换6处。●公区直饮水机滤芯更换4处。●公区大堂顶子破损粉刷5处。●公区墙砖破损更换3处。●公区消防故障处理47处。●公区充电桩头安装21处。●园区排污管道疏通8处。●园区路面维修3处。●电梯维保125部。●设备房维护保养。●设备房巡查。工程维修，为您的生活保驾护航。如需帮助请拨打。24小时物业热线:。0531-55615896。济南恒大绿洲物业服务中心""。李强(客户):""[图片]""。08月26日 15:32分。丽丽  ??(客户):""[链接]""。丽丽  ??(客户):""    【社区儿童跳绳比赛通知】。亲爱的居民们：。为了丰富我们社区儿童的课余生活，增强孩子们的体质，培养团队合作精神与竞争意识，我们社区将于周四（8月29日）下午2:30，在恒大第四社区（37号楼）举办一场别开生面的“快乐童年，绳彩飞扬”儿童跳绳比赛。现面向全体社区儿童发出诚挚邀请，快来加入我们，一起跳动健康，跳出欢乐吧！。?? 比赛时间：8月29日（周四）下午2:30。?? 比赛地点：恒大绿洲37号党群服务中心。?? 参与对象：社区内所有5-12岁的儿童（欢迎家长陪同观看）。?? 比赛项目：。单人速度跳（计时赛）。花样跳绳展示（创意加分）。?? 报名方式：请家长或监护人于本周四前，填报跳绳报名表或通过电话/微信（87219936/13156193896）进行报名。报名时请提供孩子的姓名、年龄及联系方式。。?? 准备事项：。自备跳绳：每位参赛小朋友需自备一根跳绳，确保比赛顺利进行。。着装舒适：请穿着适合运动的服装和鞋子，以最佳状态迎接比赛。。安全第一：比赛过程中请遵守规则，注意安全，友谊第一，比赛第二。。?? 奖项设置：我们将为各项目组别的优胜者颁发精美奖品，更有参与奖等待每一位勇敢参与的小朋友！。让我们在这个充满活力的季节里，以绳为媒，共赴一场健康与快乐的盛宴。期待每一位小朋友的精彩表现，不见不散！。                        。     ??恒大绿洲第四社区居委会""。08月26日 18:41分。A大漠(客户):""??物业秩序“小蜜蜂” ??。[庆祝]“小蜜蜂”来了！来了！[庆祝]。[太阳]有事，您说话[太阳]。[庆祝]车辆电瓶亏电启动不了！。[庆祝]家里有沉物品搬不动了！。[庆祝]买了好多东西拿不了！。联系电话：0531-55612606。秩序小“蜜蜂”竭诚为您服务！[耶][耶][耶]。[庆祝]我们的口号：。[庆祝]真心帮助每一位[庆祝]。[庆祝]热心服务每一人[庆祝]。[庆祝]赠人玫瑰[玫瑰]，手有余香[庆祝]""。A大漠(客户):""[图片]""。08月26日 20:04分。你的月亮我的心(客户):""尊敬的业主，您好：。       为更好、更快的解决业主问题，现将各值班人员、联系电话及值班时间公示在群内，各位业主可直接电话联系或在群内@秩序110。1、日常家用维修工具(螺丝刀、活动扳手、小锤等);。2、小型购物车、平板车、人字梯、打气筒，应急医用品等。。为您爱家保驾护航，如果您有家政保洁、直饮水卡办理、白蚁消杀、有偿维修、房屋租赁的业务需求，随时与我们联系，为您提供专业的服务。。【秩序维护部】。[爱心]1.值班时间段：。????20:00－08:00????。[爱心]2.值班中队长-赵队电话：0531-55615881。[爱心]3.物业服务电话：0531-55615896、55615596。??4.监控室值班24小时电话：0531-55612606。3、【物业-安保服务“小蜜蜂”】。[抱拳]如您家中有需要帮助的请联系我们?。[爱心]24小时为各位家人守候。[合十]贴心服务、真诚相伴。如需便民服务车，请直接联系；。①55612606。②55612808。有事您说话，我们会在第一时间安排人员帮你处理[玫瑰][玫瑰]""。你的月亮我的心(客户):""[图片]""。08月26日 23:51分。你的月亮我的心(客户):""尊敬的业主大家好！我是夜间执勤赵队长，金碧物业安保服务8月26号巡查，时刻守护业主们的安全，请安心入睡，如有紧急情况请拨打0531-55612606""。你的月亮我的心(客户):""[图片]""。08月27日 03:00分。你的月亮我的心(客户):""尊敬的业主大家好！我是夜间执勤赵队长，金碧物业安保服务8月27号巡查，时刻守护业主们的安全，请安心入睡，如有紧急情况请拨打0531-55612606""。你的月亮我的心(客户):""[图片]""。&&&","[
    {
        ""话题倾向"": """"
    }
]"
群聊负向,"这是要分析的对话:&&&08月26日 07:49分。....(客户):""[视频]""。军勇(客户):""家门口也有喷泉啦""。08月26日 07:58分。恒大城???? 秩序部 一期监控室(客户):""@军勇?好的已经联系了师傅""。08月26日 08:11分。朱明(客户):""[视频]""。08月26日 08:16分。恒大城???? 秩序部 三期监控室(客户):""@朱明?好的，会尽快处理""。08月26日 08:26分。恒大城???? 秩序部 三期监控室(客户):"" @所有人。请问这些是哪位业主的？请赶紧清理，3天没人认领，会当无主垃圾处理掉""。恒大城???? 秩序部 三期监控室(客户):""[图片]""。恒大城???? 秩序部 三期监控室(客户):""[图片]""。恒大城-管家-小潘(员工):""这是一条引用/回复消息：。""恒大城???…………""。08月26日 09:11分。恒大城???? 秩序部 三期监控室(客户):""[视频号消息]""。恒大城???? 秩序部 三期监控室(客户):""“客服”给你打来电话，说你网购商品出现问题！可以给你申请退款，还给你发来陌生链接！让你注册账号填写信息，再说因“操作失误”导致账户被冻结，让你转账解冻后才能退款？南昌反诈提醒您：退换货请认准官方平台，陌生链接不要点击，不要透露个人信息。敬请各位领导同事转发反诈视频及反诈日历。[抱拳][抱拳][抱拳]""。恒大城???? 秩序部 三期监控室(客户):""[图片]""。08月26日 11:33分。恒大城-管家-小潘(员工):""【关于四害消杀的温馨提示】。      …………""。恒大城-管家-小潘(员工):""[图片]""。08月26日 15:23分。梦想家(客户):""各位居民朋友们:。 为了提高辖区孕、产妇及宝妈的健康指数，彭家坊社区将开展“幸福来敲门，健康暖人心”活动，特邀请一附医院妇产专家亲临指导，对孕妈营养咨询、护士进行胎心监护，女性妇科健康义诊等活动，让妈妈们在家门口就可以享受专业的妇产服务。。1、活动时间：2024年8月31日。2、活动地点:彭家坊社区。3、现场有价值200元的产检券、两癌筛查体检券由爱佳妇产医院免费提供，还有精美礼品相赠。。请大家踊跃报名，名额有限，先报先得！""。08月26日 15:36分。恒大城-管家-小廖(员工):""6栋地库有车位出租，有需要的可以联系我""。-Miss金木子(客户):""@恒大城-管家-小廖?多少钱一个月？""。08月26日 15:41分。恒大城-管家-小潘(员工):""这是一条引用/回复消息：。""-Miss金…………""。-Miss金木子(客户):""太太太贵[裂开][裂开][呲牙]""。恒大城-管家-小潘(员工):""[捂脸]""。08月26日 16:06分。恒大城-管家-小潘(员工):""【南昌恒大城—周报】。?? 一周美好，与…………""。恒大城-管家-小潘(员工):""[图片]""。08月26日 18:17分。恒大城???? 秩序部 三期监控室(客户):""重要警示：。    8月23日晚10时，江苏省宿迁市一电动自行车店起火，虽然仅半小时明火就得到控制，但仍造成6人死亡（尤为痛心的是，遇难者中4人系未成年人）。此前，2024年2月23日4时许，江苏南京市雨花台区一小区发生电动自行车火灾，造成15人死亡，44人受伤。今年4月27日，我县一小区也发生了电动自行车火灾亡人事件。在此警示，电动自行车起火，燃烧迅速并会在短时间造成大量有害气体，因灾致死率极高！因此，为了大家的生命财产安全，恳请各位业主对自己负责，也对左右邻里负责，严禁将电动自行车违规入楼、违规充电！也请各位监督，一发现有电动车上楼进单元的，请及时联系物业24小时电话:85130408，物业会第一时间上户整治，保障大家居住安全。""。08月26日 20:03分。恒大城???? 秩序部 三期监控室(客户):""? 2024.8.26日? 。【秩序维护部】 。1.夜班值班时间段：20：00—08：00。2.夜班值班队长:徐霖。3.物业24小时服务电话：0791-85957719/85130408。? 【物业小贴士】?。1、园区道路是大家的，请将爱车停至车位或车库，勿占行车主干道。。2、予人方便，予己方便，整齐有序，文明停车。。3、随身携带门禁卡，刷卡进出，提高安全防止偷盗。。4、请随手关大堂门，轻拉轻推，勿用力拉扯。。5、非机动车请勿进大堂、楼道内充电。。6、请勿让爱宠随地大小便，做文明养宠人。""。&&&","[
    {
        ""话题倾向"": """"
    }
]"
群聊负向,"这是要分析的对话:&&&08月26日 08:07分。A00(客户):""尊敬的业主，您好：。       为更好、更快的解决业主问题，现将各值班人员、联系电话及值班时间公示在群内，各位业主可直接电话联系或在群内@秩序110。1、日常家用维修工具(螺丝刀、活动扳手、小锤等);。2、小型购物车、平板车、人字梯、打气筒，应急医用品等。。为您爱家保驾护航，如果您有家政保洁、直饮水卡办理、白蚁消杀、有偿维修、房屋租赁的业务需求，随时与我们联系，为您提供专业的服务。。【秩序维护部】。[爱心]1.值班时间段：。????08:00－20:00????。[爱心]2.值班中队长-赵队电话：0531-83131013。[爱心]3.物业服务电话：0531-55615896、55615596。??4.监控室值班24小时电话：0531-55612606。3、【物业-安保服务“小蜜蜂”】。[抱拳]如您家中有需要帮助的请联系我们?。[爱心]24小时为各位家人守候。[合十]贴心服务、真诚相伴。如需便民服务车，请直接联系；。①55612606。②55612808。有事您说话，我们会在第一时间安排人员帮你处理[玫瑰][玫瑰]""。A00(客户):""[图片]""。08月26日 08:28分。JN29岁月静好(客户):""。[庆祝]雨后园林座椅已擦拭[庆祝]。    [烟花]游乐设施已清理?积水清理中[烟花]。恒大绿洲保洁团队为您服务[玫瑰]""。JN29岁月静好(客户):""[图片]""。08月26日 08:47分。济南绿洲29-30-34号楼管家 夏天(员工):""????金碧物业晨跑开跑啦！！！大朋友、…………""。济南绿洲29-30-34号楼管家 夏天(员工):""[图片]""。济南绿洲29-30-34号楼管家 夏天(员工):""[图片]""。济南绿洲29-30-34号楼管家 夏天(员工):""[图片]""。08月26日 11:25分。李健(客户):""【公区维修8月19日-8月25日工作汇报】。●公区及地下车库排污泵检修7处。●公区及地下车库照明更换6处。●公区直饮水机滤芯更换4处。●公区大堂顶子破损粉刷5处。●公区墙砖破损更换3处。●公区消防故障处理47处。●公区充电桩头安装21处。●园区排污管道疏通8处。●园区路面维修3处。●电梯维保125部。●设备房维护保养。●设备房巡查。工程维修，为您的生活保驾护航。如需帮助请拨打。24小时物业热线:。0531-55615896。济南恒大绿洲物业服务中心""。李健(客户):""[图片]""。08月26日 12:34分。济南绿洲29-30-34号楼管家 夏天(员工):""????金碧物业晨跑开跑啦！！！打卡第一…………""。济南绿洲29-30-34号楼管家 夏天(员工):""[文件超过最大限制]""。08月26日 18:42分。A大漠(客户):""??物业秩序“小蜜蜂” ??。[庆祝]“小蜜蜂”来了！来了！[庆祝]。[太阳]有事，您说话[太阳]。[庆祝]车辆电瓶亏电启动不了！。[庆祝]家里有沉物品搬不动了！。[庆祝]买了好多东西拿不了！。联系电话：0531-55612606。秩序小“蜜蜂”竭诚为您服务！[耶][耶][耶]。[庆祝]我们的口号：。[庆祝]真心帮助每一位[庆祝]。[庆祝]热心服务每一人[庆祝]。[庆祝]赠人玫瑰[玫瑰]，手有余香[庆祝]""。A大漠(客户):""[图片]""。08月26日 20:04分。你的月亮我的心(客户):""尊敬的业主，您好：。       为更好、更快的解决业主问题，现将各值班人员、联系电话及值班时间公示在群内，各位业主可直接电话联系或在群内@秩序110。1、日常家用维修工具(螺丝刀、活动扳手、小锤等);。2、小型购物车、平板车、人字梯、打气筒，应急医用品等。。为您爱家保驾护航，如果您有家政保洁、直饮水卡办理、白蚁消杀、有偿维修、房屋租赁的业务需求，随时与我们联系，为您提供专业的服务。。【秩序维护部】。[爱心]1.值班时间段：。????20:00－08:00????。[爱心]2.值班中队长-赵队电话：0531-55615881。[爱心]3.物业服务电话：0531-55615896、55615596。??4.监控室值班24小时电话：0531-55612606。3、【物业-安保服务“小蜜蜂”】。[抱拳]如您家中有需要帮助的请联系我们?。[爱心]24小时为各位家人守候。[合十]贴心服务、真诚相伴。如需便民服务车，请直接联系；。①55612606。②55612808。有事您说话，我们会在第一时间安排人员帮你处理[玫瑰][玫瑰]""。你的月亮我的心(客户):""[图片]""。08月26日 23:52分。你的月亮我的心(客户):""尊敬的业主大家好！我是夜间执勤赵队长，金碧物业安保服务8月26号巡查，时刻守护业主们的安全，请安心入睡，如有紧急情况请拨打0531-55612606""。你的月亮我的心(客户):""[图片]""。08月27日 02:59分。你的月亮我的心(客户):""尊敬的业主大家好！我是夜间执勤赵队长，金碧物业安保服务8月27号巡查，时刻守护业主们的安全，请安心入睡，如有紧急情况请拨打0531-55612606""。&&&","[
    {
        ""话题倾向"": """"
    }
]"
群聊负向,"这是要分析的对话:&&&08月26日 10:23分。爱不解释(客户):""#金碧物业·秩序(保安)服务篇。??用心打磨每一个细节，用真诚赢得您的信赖??。??优美的环境，优良的秩序，优质的服务，都藏在细节里??。?从平凡处发现不平凡，感受我们的用心??。??绝不辜负您的信赖，全心全意为您服务??。         ??金碧物业  我们与您同在。               ——贵阳恒大文化旅游城物业服务中心""。爱不解释(客户):""[图片]""。08月26日 12:21分。南锺(客户):""通知：。8月25日是全国第八个残疾预防日，筑安社区居委会于明天8月27日（本周二）上午在辖区内开展“预防疾病致残  共享健康生活”宣传服务活动，希望学校有社会实践活动要求的学生积极参与，请有意参加志愿服务活动的人员于8月27日早上9:30到8组团筑安社区居委会集中开展活动。""。&&&","[
    {
        ""话题倾向"": """"
    }
]"
群聊负向,"这是要分析的对话:&&&08月26日 09:18分。恒大城???? 秩序部 三期监控室(客户):""[视频号消息]""。恒大城???? 秩序部 三期监控室(客户):""“客服”给你打来电话，说你网购商品出现问题！可以给你申请退款，还给你发来陌生链接！让你注册账号填写信息，再说因“操作失误”导致账户被冻结，让你转账解冻后才能退款？南昌反诈提醒您：退换货请认准官方平台，陌生链接不要点击，不要透露个人信息。敬请各位领导同事转发反诈视频及反诈日历。[抱拳][抱拳][抱拳]""。恒大城???? 秩序部 三期监控室(客户):""[图片]""。08月26日 14:11分。恒大城-管家-小冯(员工):""【关于四害消杀的温馨提示】。      …………""。恒大城-管家-小冯(员工):""[图片]""。08月26日 14:45分。樂可樂(客户):""各位居民朋友们:。 为了提高辖区孕、产妇及宝妈的健康指数，彭家坊社区将开展“幸福来敲门，健康暖人心”活动，特邀请一附医院妇产专家亲临指导，对孕妈营养咨询、护士进行胎心监护，女性妇科健康义诊等活动，让妈妈们在家门口就可以享受专业的妇产服务。。1、活动时间：2024年8月31日。2、活动地点:彭家坊社区。3、现场有价值200元的产检券、两癌筛查体检券由爱佳妇产医院免费提供，还有精美礼品相赠。。请大家踊跃报名，名额有限，先报先得！""。08月26日 16:36分。光头邬(客户):""[文件超过最大限制]""。08月26日 18:16分。恒大城???? 秩序部 三期监控室(客户):""重要警示：。    8月23日晚10时，江苏省宿迁市一电动自行车店起火，虽然仅半小时明火就得到控制，但仍造成6人死亡（尤为痛心的是，遇难者中4人系未成年人）。此前，2024年2月23日4时许，江苏南京市雨花台区一小区发生电动自行车火灾，造成15人死亡，44人受伤。今年4月27日，我县一小区也发生了电动自行车火灾亡人事件。在此警示，电动自行车起火，燃烧迅速并会在短时间造成大量有害气体，因灾致死率极高！因此，为了大家的生命财产安全，恳请各位业主对自己负责，也对左右邻里负责，严禁将电动自行车违规入楼、违规充电！也请各位监督，一发现有电动车上楼进单元的，请及时联系物业24小时电话:85130408，物业会第一时间上户整治，保障大家居住安全。""。08月26日 20:04分。恒大城???? 秩序部 三期监控室(客户):""? 2024.8.26日? 。【秩序维护部】 。1.夜班值班时间段：20：00—08：00。2.夜班值班队长:徐霖。3.物业24小时服务电话：0791-85957719/85130408。? 【物业小贴士】?。1、园区道路是大家的，请将爱车停至车位或车库，勿占行车主干道。。2、予人方便，予己方便，整齐有序，文明停车。。3、随身携带门禁卡，刷卡进出，提高安全防止偷盗。。4、请随手关大堂门，轻拉轻推，勿用力拉扯。。5、非机动车请勿进大堂、楼道内充电。。6、请勿让爱宠随地大小便，做文明养宠人。""。&&&","[
    {
        ""话题倾向"": """"
    }
]"
群聊负向,"这是要分析的对话:&&&08月26日 10:24分。爱不解释(客户):""#金碧物业·秩序(保安)服务篇。??用心打磨每一个细节，用真诚赢得您的信赖??。??优美的环境，优良的秩序，优质的服务，都藏在细节里??。?从平凡处发现不平凡，感受我们的用心??。??绝不辜负您的信赖，全心全意为您服务??。         ??金碧物业  我们与您同在。               ——贵阳恒大文化旅游城物业服务中心""。爱不解释(客户):""[图片]""。08月26日 12:21分。南锺(客户):""通知：。8月25日是全国第八个残疾预防日，筑安社区居委会于明天8月27日（本周二）上午在辖区内开展“预防疾病致残  共享健康生活”宣传服务活动，希望学校有社会实践活动要求的学生积极参与，请有意参加志愿服务活动的人员于8月27日早上9:30到8组团筑安社区居委会集中开展活动。""。&&&","[
    {
        ""话题倾向"": """"
    }
]"
群聊负向,"这是要分析的对话:&&&08月26日 05:44分。天天幸福(客户):""东边儿电梯没电，西边儿电梯故障，[捂脸]这楼太棒了[强]""。08月26日 06:24分。淡享人生(客户):""[视频]""。淡享人生(客户):""电梯停一层没反应呢""。淡享人生(客户):""[视频]""。08月26日 06:30分。淡享人生(客户):""听声音到17层也是这样""。、！(客户):""还是不能用那这两个""。、！(客户):""这不耽误上班吗""。淡享人生(客户):""哎""。08月26日 06:43分。淡享人生(客户):""[文件超过最大限制]""。、！(客户):""别的楼也这样吗""。淡享人生(客户):""[捂脸]都走楼梯下来了""。08月26日 07:04分。淡享人生(客户):""电梯门扇上面有个挂钩，门关的快了，挂钩复位太快，顶了挂鼻上了，门关慢了就没事，能正常关上了""。天天幸福(客户):""我早上下来的时候，大厅的门是关着的。""。鲁娜(客户):""东电梯坏了，西电梯没法用""。鲁娜(客户):""一层层的下，真难呀""。天天幸福(客户):""有谁知道这个电梯的监督电话？请发一下，我想打。""。天天幸福(客户):""有些事情啊该告就得告，该反应就得反应。""。鲁娜(客户):""[视频]""。鲁娜(客户):""麻烦不""。鲁娜(客户):""[视频]""。鲁娜(客户):""关键东电梯也给修上呀""。天天幸福(客户):""[捂脸]""。平淡(客户):""物业都不回话了吗""。平淡(客户):""{""pre_msgid"":""11330993075886919516_1724627230435_external""}""。08月26日 07:13分。鲁娜(客户):""哎呀，哪个楼上的电梯天天这样的，整天除了维修就维修，没别的事儿了""。济南绿洲44-45-49楼管家立春(员工):""不好意思给各位家人带来不便了，已联系电梯…………""。天天幸福(客户):""[图片]""。天天幸福(客户):""[图片]""。天天幸福(客户):""[图片]""。天天幸福(客户):""{""pre_msgid"":""12413335711555808296_1724627769170_external""}""。天天幸福(客户):""来吧，电话打起来吧，别的没用啊。""。天天幸福(客户):""电梯本身就有问题，就别按什么刮风了，哪个楼上不刮风啊，什么地方没有风，没有雨啊？""。08月26日 07:21分。越努力，越幸運??(客户):""可能都是些翻新的货""。鲁娜(客户):""哎呀，奶奶的，爬着上去累""。鲁娜(客户):""走着下来的邻居，西边步梯出不了口，必须上东边走去""。08月26日 07:26分。鲁娜(客户):""还能给修上不，这里还有老人去医院呢""。鲁娜(客户):""@济南绿洲44-45-49楼管家立春?""。鲁娜(客户):""还能住上不，孩子得上学，家里老人得去医院，不能走路""。鲁娜(客户):""{""pre_msgid"":""12899274816096672119_1724628419270_external""}""。鲁娜(客户):""还能修上不，孩子得上学，家里老人得去医院，不能走路""。济南绿洲44-45-49楼管家立春(员工):""@鲁娜我刚联系了，马上到了，维保师傅他不…………""。08月26日 07:31分。半夜汽笛(客户):""维修家电梯没坏 他可不急""。风叶一叶知秋(客户):""尊敬的业主大家好！我是夜间执勤赵队长，金碧物业安保服务8月25号巡查，时刻守护业主们的安全，请安心入睡，如有紧急情况请拨打0531-55612606""。08月26日 07:38分。鲁娜(客户):""有投诉电话吗？""。鲁娜(客户):""哪个管用？都打""。人生尽得欢(客户):""卧槽了""。人生尽得欢(客户):""两边都坏了？""。鲁娜(客户):""两边都坏了""。08月26日 07:49分。鲁娜(客户):""[视频]""。08月26日 08:04分。淡享人生(客户):""不找没人管，人少了不管用""。淡享人生(客户):""对""。08月26日 08:13分。鲁娜(客户):""维修师傅呢，来人来吗？""。半夜汽笛(客户):""你得问起了蛮""。天天幸福(客户):""@回忆带有一丝甜?[强][强][强]""。08月26日 08:21分。天天幸福(客户):""96333能打通，打96333。""。天天幸福(客户):""刚打了""。08月26日 08:28分。JN29岁月静好(客户):""。[庆祝]雨后园林座椅已擦拭[庆祝]。    [烟花]游乐设施已清理?积水清理中[烟花]。恒大绿洲保洁团队为您服务[玫瑰]""。JN29岁月静好(客户):""[图片]""。08月26日 08:55分。鲁娜(客户):""[视频]""。08月26日 09:11分。鲁娜(客户):""西电梯，能用了""。鲁娜(客户):""[图片]""。鲁娜(客户):""我刚到门诊""。鲁娜(客户):""耽误事吧""。鲁娜(客户):""这是先给我开了[捂脸]""。鲁娜(客户):""刚下来，担架都拿楼上去了，我妈烫伤了，不能活动出汗，每天得到点输液""。鲁娜(客户):""上午能修上不？输完液，还的上去呀！这玩意不能在外面待着呀，这么热的天""。半夜汽笛(客户):""西电梯已恢复运行""。鲁娜(客户):""让他们抬上去，反正不能动""。08月26日 09:18分。半夜汽笛(客户):""[视频]""。半夜汽笛(客户):""恢复运行""。08月26日 10:23分。沁水百合&(客户):""              [庆祝][庆祝]通知[庆祝][庆祝]。        为切实提高妇女健康水平，提升自我保健意识。恒大绿洲第三社区联合济南市人民医院将在恒大三社区开展甲状腺、乳腺癌免费检查。。时间：2024年8月26日（周一）。上午9:00——11：30下午14:00——16:00。地点：恒大三期31号楼内铺党群服务中心。                  。                 恒大绿洲第三社区。                   2024年8月23日""。沁水百合&(客户):""[链接]""。沁水百合&(客户):"" 各位居民:。       为提高社区火灾预警和防控能力，保障居民的居家安全。由政府联合联通公司为居民免费上门安装独立式烟感报警器。安装以后若家中有火灾隐患，可通过网络直接推送给业主本人及消防大队。目前先进行报名，后期会有联通公司工作人员与业主联系，上门进行安装。本期独立式烟感报警器数量80个，先报先得 ，报满为止。。              恒大绿洲第三社区。                   2024.8.22""。沁水百合&(客户):""8.13元，接到[爆竹]“银监会”[爆竹]电话被骗。。3.63万元，大学生??兼职??被骗。。3.5万元，初中生被骗。。3.46万元，妇女?兼职刷单?被骗。。2.31万元，男青年[色]约炮[色]被骗。。。男青年[色][色]约炮[色][色]，妇女??兼职刷单??、????被“异性网友”诱导投资????诈骗高发！。转发提醒好家里的[拥抱]年轻人、妇女[拥抱]！。。【8月25日电诈警情通报】（近三天典型案例）。【平安街道、开发区派出所】。1、乙武村居民（开发区报警），【接到“银监会”电话】被骗8.13万元。。??手段：接到电话，对方自称?【“银监会”工作人员】??，要帮其“降低网贷利率”，还让其??登陆假的银监会网站??。。        过程中，?开启“屏幕共享”?，指导其将钱转走。。。【大学城、大学路派出所】。2、山东师范大学思想政治教育专业大四学生，【兼职】被骗3.63万元。。??手段：网上看到信息，兼职（“垫资”代充话费）。对方称选择[爆竹][爆竹]“企业代付”[爆竹][爆竹]，??钱就不会被转走，但操作后，钱还是被转走??。。       对方称其操作失误，??为退款，按对方要求，继续转账??。。。【马山镇、马山派出所】。3、周庙村初中生，【找人“解封微信”】被骗3.5万元。。??手段：快手找人解封微信，对方让其?提供了家长微信、银行卡的【验证码】?，钱被转走。。。【文昌街道、新城派出所】。4、建发天玺妇女，网上兼职【垫资做任务、刷销量、刷关注、刷点赞】被骗3.46万元。。??手段：??被陌生人拉进群??，推荐足不出户做兼职，[裂开]抖音刷关注[裂开]挣到佣金，后被引诱??“垫资”刷购“抖币”??。。        前期挣到小额返利，后被以【系统设置，需要[苦涩]连续刷任务才能退还垫付金、佣金[苦涩]】，【??操作失误，需要刷补救单??】为由要求转账。。。【崮云湖街道、大学路派出所】。5、河南籍务工男青年（租住乐天），【刷单做任务以?? 免费约炮?? 】被骗2.31万元。。??手段：??网上看到信息??，下载APP，为[吐]解锁约炮资格[吐]，??“约炮”客服引诱其“垫资”刷“会员费”??，前期挣到小额返利。。        后被以【系统设置，需要[裂开]连续刷任务[裂开]才能退还垫付金、佣金】、【??操作失误??（后台都能做手脚），刷补救单】为由要求多次转账。""。沁水百合&(客户):""[小程序消息]""。金龙(客户):""@物业公区维修-电梯管理员?东面电梯好了吗？""。08月26日 10:37分。、！(客户):""@物业公区维修-电梯管理员?师傅，你给交个实底，这电梯到底是什么原因，是不是本身质量问题，谁家的电梯坏的频率这么高啊，你天天来修也烦，我们更烦，咱待从跟上解决问题啊，太不方便了更不安全啊！长此以往真不是个事！今天我和俺媳妇从二十多层跑下来上班去，下来了腿肚子都打哆嗦！""。08月26日 10:46分。半夜汽笛(客户):""@、！?你好老师，首先影响大家使用电梯非常抱歉，东梯停梯原因是空气开关损坏，昨天在长清五金店问了都没有，电梯和家用的不一样，今天去济南买了。。西梯停梯原因是轿门开关损坏。""。半夜汽笛(客户):""电梯本身质量没问题的  三菱电梯 国内一线品牌，只是两台电梯配件损坏赶到一块了  非常抱歉影响大家使用电梯""。08月26日 11:01分。过期氟西汀(客户):""东电梯什么时候能修好@物业公区维修-电梯管理员?""。半夜汽笛(客户):""配件已购买  在济南往回走   今天能恢复""。08月26日 11:45分。Gm(客户):""【公区维修8月19日-8月25日工作汇报】。●公区及地下车库排污泵检修7处。●公区及地下车库照明更换6处。●公区直饮水机滤芯更换4处。●公区大堂顶子破损粉刷5处。●公区墙砖破损更换3处。●公区消防故障处理47处。●公区充电桩头安装21处。●园区排污管道疏通8处。●园区路面维修3处。●电梯维保125部。●设备房维护保养。●设备房巡查。工程维修，为您的生活保驾护航。如需帮助请拨打。24小时物业热线:。0531-55615896。济南恒大绿洲物业服务中心""。Gm(客户):""[图片]""。08月26日 11:54分。清晨阳光(客户):""@Gm?25号楼电梯口墙上有一块瓷砖也没有了""。清晨阳光(客户):""25楼东电梯""。Gm(客户):""收到老师，44－?－25层瓷砖，谢谢反馈，下午上班处理""。08月26日 18:43分。A大漠(客户):""??物业秩序“小蜜蜂” ??。[庆祝]“小蜜蜂”来了！来了！[庆祝]。[太阳]有事，您说话[太阳]。[庆祝]车辆电瓶亏电启动不了！。[庆祝]家里有沉物品搬不动了！。[庆祝]买了好多东西拿不了！。联系电话：0531-55612606。秩序小“蜜蜂”竭诚为您服务！[耶][耶][耶]。[庆祝]我们的口号：。[庆祝]真心帮助每一位[庆祝]。[庆祝]热心服务每一人[庆祝]。[庆祝]赠人玫瑰[玫瑰]，手有余香[庆祝]""。A大漠(客户):""[图片]""。08月26日 20:03分。你的月亮我的心(客户):""尊敬的业主，您好：。       为更好、更快的解决业主问题，现将各值班人员、联系电话及值班时间公示在群内，各位业主可直接电话联系或在群内@秩序110。1、日常家用维修工具(螺丝刀、活动扳手、小锤等);。2、小型购物车、平板车、人字梯、打气筒，应急医用品等。。为您爱家保驾护航，如果您有家政保洁、直饮水卡办理、白蚁消杀、有偿维修、房屋租赁的业务需求，随时与我们联系，为您提供专业的服务。。【秩序维护部】。[爱心]1.值班时间段：。????20:00－08:00????。[爱心]2.值班中队长-赵队电话：0531-55615881。[爱心]3.物业服务电话：0531-55615896、55615596。??4.监控室值班24小时电话：0531-55612606。3、【物业-安保服务“小蜜蜂”】。[抱拳]如您家中有需要帮助的请联系我们?。[爱心]24小时为各位家人守候。[合十]贴心服务、真诚相伴。如需便民服务车，请直接联系；。①55612606。②55612808。有事您说话，我们会在第一时间安排人员帮你处理[玫瑰][玫瑰]""。你的月亮我的心(客户):""[图片]""。08月26日 23:52分。你的月亮我的心(客户):""尊敬的业主大家好！我是夜间执勤赵队长，金碧物业安保服务8月26号巡查，时刻守护业主们的安全，请安心入睡，如有紧急情况请拨打0531-55612606""。你的月亮我的心(客户):""[图片]""。08月27日 02:59分。你的月亮我的心(客户):""尊敬的业主大家好！我是夜间执勤赵队长，金碧物业安保服务8月27号巡查，时刻守护业主们的安全，请安心入睡，如有紧急情况请拨打0531-55612606""。你的月亮我的心(客户):""[图片]""。&&&","[
    {
        ""业主情感强度"": {
            ""天天幸福"": ""强烈负面"",
            ""淡享人生"": ""一般负面"",
            ""、！"": ""强烈负面"",
            ""鲁娜"": ""强烈负面"",
            ""平淡"": ""一般负面"",
            ""越努力，越幸運??"": ""一般负面"",
            ""人生尽得欢"": ""一般负面"",
            ""过期氟西汀"": ""一般负面""
        },
        ""事件讨论开始时间"": ""08月26日 05:44"",
        ""事件讨论结束时间"": ""08月26日 11:45"",
        ""事件详情"": ""济南绿洲小区44-45-49号楼两台电梯故障，业主只能爬楼梯上下楼，引发不满。业主们对物业维修不及时、沟通不畅等问题表示不满，并通过96333投诉平台反映问题。"",
        ""话题倾向"": ""负面""
    }
]"
群聊负向,"这是要分析的对话:&&&08月26日 08:03分。姜(客户):""尊敬的各位业主：早上好[玫瑰]。8月26日秩序部白班已接班，执勤安排如下：。一、值班:姜小朋 18786658735。二、24小时值班电：0851-83873003。辖区派出所电话：0851-83851334。三、带班时间：08:00-20:00。四、我们将12小时坚守岗位，如有需要请致电，我们将竭诚为您服务。外出请关好门窗、水电及燃气、出入小区带好业主卡、做好个人防护。。贵阳恒大文化旅游城物业服务中心祝您：生活愉快！[烟花]""。姜(客户):""[图片]""。08月26日 08:44分。周鹏(员工):""家人们早上好[爱心]。。今日电梯保养如下…………""。08月26日 09:22分。冉长春(客户):""[视频号消息]""。冉长春(客户):""【提示】买卖游戏账号、游戏装备等一定要在官方平台进行，不要点击陌生链接，以交保证金、提现失败、账号冻结等理由要求继续充值的都是诈骗！""。08月26日 11:02分。姜(客户):""#金碧物业·秩序(保安)服务篇。??用心打磨每一个细节，用真诚赢得您的信赖??。??优美的环境，优良的秩序，优质的服务，都藏在细节里??。?从平凡处发现不平凡，感受我们的用心??。??绝不辜负您的信赖，全心全意为您服务??。         ??金碧物业  我们与您同在。               ——贵阳恒大文化旅游城物业服务中心""。姜(客户):""[图片]""。08月26日 18:56分。文旅城-管家-周鹏(员工):""【管家播报—电梯维保篇?? 】。?? 电…………""。文旅城-管家-周鹏(员工):""[图片]""。08月26日 20:23分。        (客户):""?各位业主：晚上好！[玫瑰]。8月26日秩序部夜间执勤安排：。值班：罗锋18285024210 。维修部：何彬18984855091?。辖区派出所电话：0851-83851334。三、带班时间：20:00-08:00。四、我们将12小时坚守岗位，如有需要请致电，我们将竭诚为您服务。夜间休息请关好门窗，做好安全防范，出入小区带好业主卡、谨防尾随。。贵阳恒大文化旅游城物业服务中心祝您：生活愉快！[烟花]""。08月26日 20:29分。        (客户):""[图片]""。        (客户):""[视频]""。08月26日 20:38分。        (客户):""[图片]""。&&&","[
    {
        ""话题倾向"": """"
    }
]"
群聊负向,"这是要分析的对话:&&&08月26日 09:17分。恒大城???? 秩序部 三期监控室(客户):""[视频号消息]""。恒大城???? 秩序部 三期监控室(客户):""[图片]""。恒大城???? 秩序部 三期监控室(客户):""“客服”给你打来电话，说你网购商品出现问题！可以给你申请退款，还给你发来陌生链接！让你注册账号填写信息，再说因“操作失误”导致账户被冻结，让你转账解冻后才能退款？南昌反诈提醒您：退换货请认准官方平台，陌生链接不要点击，不要透露个人信息。敬请各位领导同事转发反诈视频及反诈日历。[抱拳][抱拳][抱拳]""。08月26日 11:11分。三哥(客户):""[图片]""。三哥(客户):""中午好[呲牙]""。08月26日 11:26分。军歌嘹亮(客户):""@三哥?  中午好！生意兴隆！[微笑]""。08月26日 11:32分。恒大城-管家-小曾(员工):""【关于四害消杀的温馨提示】。      …………""。恒大城-管家-小曾(员工):""[图片]""。08月26日 16:03分。恒大城-管家-小曾(员工):""【南昌恒大城—周报】。?? 一周美好，与…………""。恒大城-管家-小曾(员工):""[图片]""。08月26日 18:18分。恒大城???? 秩序部 三期监控室(客户):""重要警示：。    8月23日晚10时，江苏省宿迁市一电动自行车店起火，虽然仅半小时明火就得到控制，但仍造成6人死亡（尤为痛心的是，遇难者中4人系未成年人）。此前，2024年2月23日4时许，江苏南京市雨花台区一小区发生电动自行车火灾，造成15人死亡，44人受伤。今年4月27日，我县一小区也发生了电动自行车火灾亡人事件。在此警示，电动自行车起火，燃烧迅速并会在短时间造成大量有害气体，因灾致死率极高！因此，为了大家的生命财产安全，恳请各位业主对自己负责，也对左右邻里负责，严禁将电动自行车违规入楼、违规充电！也请各位监督，一发现有电动车上楼进单元的，请及时联系物业24小时电话:85130408，物业会第一时间上户整治，保障大家居住安全。""。08月26日 20:03分。恒大城???? 秩序部 三期监控室(客户):""? 2024.8.26日? 。【秩序维护部】 。1.夜班值班时间段：20：00—08：00。2.夜班值班队长:徐霖。3.物业24小时服务电话：0791-85957719/85130408。? 【物业小贴士】?。1、园区道路是大家的，请将爱车停至车位或车库，勿占行车主干道。。2、予人方便，予己方便，整齐有序，文明停车。。3、随身携带门禁卡，刷卡进出，提高安全防止偷盗。。4、请随手关大堂门，轻拉轻推，勿用力拉扯。。5、非机动车请勿进大堂、楼道内充电。。6、请勿让爱宠随地大小便，做文明养宠人。""。&&&","[
    {
        ""话题倾向"": """"
    }
]"
群聊负向,"这是要分析的对话:&&&08月26日 05:24分。文荣坤(员工):""[视频]""。文荣坤(员工):""秩序部#夜间园区巡查 #??。24小时坚…………""。08月26日 08:15分。H(客户):""[图片]""。H(客户):""??朝夕相见，经年守候??。??服务不止，用心不缀??。    ————————————。           ?早送晚迎?。   ????让幸福变的简单????""。08月26日 09:39分。小米(员工):""?????????家人们，早上好~。今天…………""。08月26日 18:30分。小米(员工):""【物业在行动-日常清洁】。? 烈日当空，…………""。小米(员工):""[图片]""。小米(员工):""[图片]""。08月26日 18:35分。A岁月静好，未来可期(客户):""通知：。8月25日是全国第八个残疾预防日，筑安社区居委会于明天8月27日（本周二）上午在辖区内开展“预防疾病致残  共享健康生活”宣传服务活动，希望学校有社会实践活动要求的学生积极参与，请有意参加志愿服务活动的人员于8月27日早上9:30到8组团筑安社区居委会集中开展活动。""。A岁月静好，未来可期(客户):""【提示】买卖游戏账号、游戏装备等一定要在官方平台进行，不要点击陌生链接，以交保证金、提现失败、账号冻结等理由要求继续充值的都是诈骗！""。A岁月静好，未来可期(客户):""[视频号消息]""。08月26日 20:04分。韩老魔(客户):""[视频]""。韩老魔(客户):""巡逻园区，商铺，车库，无异常。维护安全秩序，我们时刻警备，我们会保持高度的警惕性，及时发现并处理任何可能存在的安全隐患。同时，也请大家注意自身安全，如有异常情况请及时与我们联系。。祝大家生活愉快！[玫瑰][玫瑰][玫瑰]""。韩老魔(客户):""各位业主：晚上好！[玫瑰]。8月26日秩序部夜间执勤安排：。一：值班队长：汤江平。电话:18785183203。二：带班时间。20:00-08:00。三：24小时值班电：0851-83862661。辖区派出所电话：0851-83851334。四、我们将12小时坚守岗位，如有需要请致电，我们将竭诚为您服务。夜间休息请关好门窗，做好安全防范，出入小区带好业主卡。。贵阳恒大文化旅游城物业服务中心祝您：生活愉快！[烟花]""。韩老魔(客户):""????家人们，重要提醒来啦！????。。??亲爱的业主朋友们，为了咱们小区的安全与秩序，一定要记得带卡刷卡进入小区哟！。。???♀?别嫌麻烦，这小小的一张卡，可是守护我们温馨家园的重要“钥匙”。。。??每次进出，轻轻一刷，不仅方便快捷，更是给我们满满的安全感。。。??想象一下，如果大家都能自觉带卡刷卡，那些陌生人就没法随便进入小区啦，我们的孩子能在小区里更自由地玩耍，我们也能更安心地享受生活。。。???????????家人们一起行动起来，让带卡刷卡成为我们生活的一部分。""。08月26日 21:22分。南风静语(客户):""[图片]""。南风静语(客户):""@安保服务-汤江平?麻烦叫车主挪一下车""。韩老魔(客户):""好的""。08月27日 01:22分。jssss(客户):""帮我问问2701的睡不睡了""。韩老魔(客户):""@jssss?有什么噪音吗？我叫我同事过来看一下""。jssss(客户):""现在还在跳""。韩老魔(客户):""好的，叫我同事过来看一下""。jssss(客户):""提醒几次了""。08月27日 02:19分。韩老魔(客户):""我们同事去看了的，在楼道听不见声音哎""。怕麻烦星球常住居民(客户):""录不清楚，我们马上自己上楼去提醒，多少回了""。&&&","[
    {
        ""业主情感强度"": {
            ""jssss(客户)"": ""一般负面"",
            ""怕麻烦星球常住居民(客户)"": ""一般负面""
        },
        ""事件讨论开始时间"": ""08月27日 01:22分"",
        ""事件讨论结束时间"": ""08月27日 02:19"",
        ""事件详情"": ""业主jssss反映噪音扰民等问题，表达了不满情绪。"",
        ""话题倾向"": ""中性""
    }
]"
群聊负向,"这是要分析的对话:&&&08月26日 08:04分。济南绿洲12-13-17号楼管家大寒(员工):""????金碧物业晨跑开跑啦！！！大朋友、…………""。济南绿洲12-13-17号楼管家大寒(员工):""[图片]""。济南绿洲12-13-17号楼管家大寒(员工):""[图片]""。济南绿洲12-13-17号楼管家大寒(员工):""[图片]""。08月26日 08:17分。宁宁(客户):""??ˋ????ˊ??????????????????.*·做自己生活的舵手 把握梦想前进的方向 不服输 才能成长更好的自己。各位家人们[爱心]早上好！。我是物业保洁领班庄明华，联系电话 15628830750。各位保洁叔叔阿姨已到岗。??倘若您发现任何环境方面的问题或者有宝贵的建议，随时与我联系，我定会全力以赴为您排忧解难！。??感谢各位家人一直以来的信赖与支持！ ?? ??""。宁宁(客户):""[图片]""。08月26日 09:55分。顺其自然(客户):""8.13元，接到[爆竹]“银监会”[爆竹]电话被骗。。3.63万元，大学生??兼职??被骗。。3.5万元，初中生被骗。。3.46万元，妇女?兼职刷单?被骗。。2.31万元，男青年[色]约炮[色]被骗。。。男青年[色][色]约炮[色][色]，妇女??兼职刷单??、????被“异性网友”诱导投资????诈骗高发！。转发提醒好家里的[拥抱]年轻人、妇女[拥抱]！。。【8月25日电诈警情通报】（近三天典型案例）。【平安街道、开发区派出所】。1、乙武村居民（开发区报警），【接到“银监会”电话】被骗8.13万元。。??手段：接到电话，对方自称?【“银监会”工作人员】??，要帮其“降低网贷利率”，还让其??登陆假的银监会网站??。。        过程中，?开启“屏幕共享”?，指导其将钱转走。。。【大学城、大学路派出所】。2、山东师范大学思想政治教育专业大四学生，【兼职】被骗3.63万元。。??手段：网上看到信息，兼职（“垫资”代充话费）。对方称选择[爆竹][爆竹]“企业代付”[爆竹][爆竹]，??钱就不会被转走，但操作后，钱还是被转走??。。       对方称其操作失误，??为退款，按对方要求，继续转账??。。。【马山镇、马山派出所】。3、周庙村初中生，【找人“解封微信”】被骗3.5万元。。??手段：快手找人解封微信，对方让其?提供了家长微信、银行卡的【验证码】?，钱被转走。。。【文昌街道、新城派出所】。4、建发天玺妇女，网上兼职【垫资做任务、刷销量、刷关注、刷点赞】被骗3.46万元。。??手段：??被陌生人拉进群??，推荐足不出户做兼职，[裂开]抖音刷关注[裂开]挣到佣金，后被引诱??“垫资”刷购“抖币”??。。        前期挣到小额返利，后被以【系统设置，需要[苦涩]连续刷任务才能退还垫付金、佣金[苦涩]】，【??操作失误，需要刷补救单??】为由要求转账。。。【崮云湖街道、大学路派出所】。5、河南籍务工男青年（租住乐天），【刷单做任务以?? 免费约炮?? 】被骗2.31万元。。??手段：??网上看到信息??，下载APP，为[吐]解锁约炮资格[吐]，??“约炮”客服引诱其“垫资”刷“会员费”??，前期挣到小额返利。。        后被以【系统设置，需要[裂开]连续刷任务[裂开]才能退还垫付金、佣金】、【??操作失误??（后台都能做手脚），刷补救单】为由要求多次转账。""。08月26日 10:20分。顺其自然(客户):""各位居民朋友好~。社区邻里夜校“AI机器人”招生啦~，详细信息如下：。上课时间：2024年8月28日本周三晚上七点半。活动地点：恒大绿洲第二社区党群服务中心""。顺其自然(客户):""[小程序消息]""。08月26日 11:35分。风雨中站立   现(客户):""【公区维修8月19日-8月25日工作汇报】。●公区及地下车库排污泵检修7处。●公区及地下车库照明更换6处。●公区直饮水机滤芯更换4处。●公区大堂顶子破损粉刷5处。●公区墙砖破损更换3处。●公区消防故障处理47处。●公区充电桩头安装21处。●园区排污管道疏通8处。●园区路面维修3处。●电梯维保125部。●设备房维护保养。●设备房巡查。工程维修，为您的生活保驾护航。如需帮助请拨打。24小时物业热线:。0531-55615896。济南恒大绿洲物业服务中心""。风雨中站立   现(客户):""[图片]""。08月26日 13:35分。王建(客户):""2单元2002的邻居在吗，你的快递放到我们家门口了，""。王建(客户):""过去拿一下""。08月26日 14:34分。W.(客户):""不好意思 我没在家 晚上过去拿可以吗""。08月26日 15:37分。宁宁(客户):""[图片]""。宁宁(客户):""[图片]""。宁宁(客户):""[图片]""。宁宁(客户):""[图片]""。08月26日 16:54分。宁宁(客户):""[拳头]环境提升持续进行中[拳头]。[太阳]今天地下室清理[太阳]。恒大绿洲保洁团队为您服务[玫瑰]""。宁宁(客户):""[图片]""。08月26日 17:44分。王建(客户):""@W.?可以""。W.(客户):""不好意思了[握手] 京东快递送错单元楼了""。08月26日 18:01分。W.(客户):""@王建?不好意思 我问一下你是2单元的202室啊""。W.(客户):""是二楼吗""。王建(客户):""2202""。W.(客户):""好的 上去拿了""。W.(客户):""不好意思哈[握手]""。王建(客户):""客气了，我媳妇在家""。08月26日 18:39分。A大漠(客户):""??物业秩序“小蜜蜂” ??。[庆祝]“小蜜蜂”来了！来了！[庆祝]。[太阳]有事，您说话[太阳]。[庆祝]车辆电瓶亏电启动不了！。[庆祝]家里有沉物品搬不动了！。[庆祝]买了好多东西拿不了！。联系电话：0531-55612606。秩序小“蜜蜂”竭诚为您服务！[耶][耶][耶]。[庆祝]我们的口号：。[庆祝]真心帮助每一位[庆祝]。[庆祝]热心服务每一人[庆祝]。[庆祝]赠人玫瑰[玫瑰]，手有余香[庆祝]""。A大漠(客户):""[图片]""。08月26日 20:05分。你的月亮我的心(客户):""尊敬的业主，您好：。       为更好、更快的解决业主问题，现将各值班人员、联系电话及值班时间公示在群内，各位业主可直接电话联系或在群内@秩序110。1、日常家用维修工具(螺丝刀、活动扳手、小锤等);。2、小型购物车、平板车、人字梯、打气筒，应急医用品等。。为您爱家保驾护航，如果您有家政保洁、直饮水卡办理、白蚁消杀、有偿维修、房屋租赁的业务需求，随时与我们联系，为您提供专业的服务。。【秩序维护部】。[爱心]1.值班时间段：。????20:00－08:00????。[爱心]2.值班中队长-赵队电话：0531-55615881。[爱心]3.物业服务电话：0531-55615896、55615596。??4.监控室值班24小时电话：0531-55612606。3、【物业-安保服务“小蜜蜂”】。[抱拳]如您家中有需要帮助的请联系我们?。[爱心]24小时为各位家人守候。[合十]贴心服务、真诚相伴。如需便民服务车，请直接联系；。①55612606。②55612808。有事您说话，我们会在第一时间安排人员帮你处理[玫瑰][玫瑰]""。你的月亮我的心(客户):""[图片]""。08月26日 23:50分。你的月亮我的心(客户):""尊敬的业主大家好！我是夜间执勤赵队长，金碧物业安保服务8月26号巡查，时刻守护业主们的安全，请安心入睡，如有紧急情况请拨打0531-55612606""。你的月亮我的心(客户):""[图片]""。08月27日 03:01分。你的月亮我的心(客户):""尊敬的业主大家好！我是夜间执勤赵队长，金碧物业安保服务8月27号巡查，时刻守护业主们的安全，请安心入睡，如有紧急情况请拨打0531-55612606""。你的月亮我的心(客户):""[图片]""。&&&","[
    {
        ""话题倾向"": """"
    }
]"
群聊负向,"这是要分析的对话:&&&08月26日 05:24分。文荣坤(员工):""[视频]""。文荣坤(员工):""秩序部#夜间园区巡查 #??。24小时坚…………""。08月26日 08:15分。H(客户):""[图片]""。H(客户):""??朝夕相见，经年守候??。??服务不止，用心不缀??。    ————————————。           ?早送晚迎?。   ????让幸福变的简单????""。08月26日 09:12分。谢晓燕(客户):""门禁卡到了没""。08月26日 09:36分。小米(员工):""美女还没有，已经在申购了""。小米(员工):""?????????家人们，早上好~。今天…………""。08月26日 18:30分。小米(员工):""【物业在行动-日常清洁】。? 烈日当空，…………""。小米(员工):""[图片]""。小米(员工):""[图片]""。08月26日 18:35分。A岁月静好，未来可期(客户):""通知：。8月25日是全国第八个残疾预防日，筑安社区居委会于明天8月27日（本周二）上午在辖区内开展“预防疾病致残  共享健康生活”宣传服务活动，希望学校有社会实践活动要求的学生积极参与，请有意参加志愿服务活动的人员于8月27日早上9:30到8组团筑安社区居委会集中开展活动。""。A岁月静好，未来可期(客户):""【提示】买卖游戏账号、游戏装备等一定要在官方平台进行，不要点击陌生链接，以交保证金、提现失败、账号冻结等理由要求继续充值的都是诈骗！""。A岁月静好，未来可期(客户):""[视频号消息]""。08月26日 20:04分。韩老魔(客户):""[视频]""。韩老魔(客户):""各位业主：晚上好！[玫瑰]。8月26日秩序部夜间执勤安排：。一：值班队长：汤江平。电话:18785183203。二：带班时间。20:00-08:00。三：24小时值班电：0851-83862661。辖区派出所电话：0851-83851334。四、我们将12小时坚守岗位，如有需要请致电，我们将竭诚为您服务。夜间休息请关好门窗，做好安全防范，出入小区带好业主卡。。贵阳恒大文化旅游城物业服务中心祝您：生活愉快！[烟花]""。韩老魔(客户):""????家人们，重要提醒来啦！????。。??亲爱的业主朋友们，为了咱们小区的安全与秩序，一定要记得带卡刷卡进入小区哟！。。???♀?别嫌麻烦，这小小的一张卡，可是守护我们温馨家园的重要“钥匙”。。。??每次进出，轻轻一刷，不仅方便快捷，更是给我们满满的安全感。。。??想象一下，如果大家都能自觉带卡刷卡，那些陌生人就没法随便进入小区啦，我们的孩子能在小区里更自由地玩耍，我们也能更安心地享受生活。。。???????????家人们一起行动起来，让带卡刷卡成为我们生活的一部分。""。韩老魔(客户):""巡逻园区，商铺，车库，无异常。维护安全秩序，我们时刻警备，我们会保持高度的警惕性，及时发现并处理任何可能存在的安全隐患。同时，也请大家注意自身安全，如有异常情况请及时与我们联系。。祝大家生活愉快！[玫瑰][玫瑰][玫瑰]""。&&&","[
    {
        ""话题倾向"": """"
    }
]"
群聊负向,"这是要分析的对话:&&&08月26日 09:18分。恒大城???? 秩序部 三期监控室(客户):""“客服”给你打来电话，说你网购商品出现问题！可以给你申请退款，还给你发来陌生链接！让你注册账号填写信息，再说因“操作失误”导致账户被冻结，让你转账解冻后才能退款？南昌反诈提醒您：退换货请认准官方平台，陌生链接不要点击，不要透露个人信息。敬请各位领导同事转发反诈视频及反诈日历。[抱拳][抱拳][抱拳]""。恒大城???? 秩序部 三期监控室(客户):""[视频号消息]""。恒大城???? 秩序部 三期监控室(客户):""[图片]""。08月26日 12:19分。?柠檬草╭(╯ε╰)╮味道(客户):""各位燃气灶打不着火是怎么回事""。xiyou(客户):""有没有可能是电池没电了[偷笑]""。?柠檬草╭(╯ε╰)╮味道(客户):""换了电池""。恒大城???? 秩序部 三期监控室(客户):""@?柠檬草╭(╯ε╰)╮味道?热水器是走燃气的吗？热水正常吗？""。08月26日 12:28分。?柠檬草╭(╯ε╰)╮味道(客户):""正常""。?柠檬草╭(╯ε╰)╮味道(客户):""刚刚弄好了""。?柠檬草╭(╯ε╰)╮味道(客户):""@恒大城???? 秩序部 三期监控室?谢谢""。恒大城???? 秩序部 三期监控室(客户):""好的""。08月26日 18:19分。恒大城???? 秩序部 三期监控室(客户):""重要警示：。    8月23日晚10时，江苏省宿迁市一电动自行车店起火，虽然仅半小时明火就得到控制，但仍造成6人死亡（尤为痛心的是，遇难者中4人系未成年人）。此前，2024年2月23日4时许，江苏南京市雨花台区一小区发生电动自行车火灾，造成15人死亡，44人受伤。今年4月27日，我县一小区也发生了电动自行车火灾亡人事件。在此警示，电动自行车起火，燃烧迅速并会在短时间造成大量有害气体，因灾致死率极高！因此，为了大家的生命财产安全，恳请各位业主对自己负责，也对左右邻里负责，严禁将电动自行车违规入楼、违规充电！也请各位监督，一发现有电动车上楼进单元的，请及时联系物业24小时电话:85130408，物业会第一时间上户整治，保障大家居住安全。""。08月26日 20:02分。恒大城???? 秩序部 三期监控室(客户):""? 2024.8.26日? 。【秩序维护部】 。1.夜班值班时间段：20：00—08：00。2.夜班值班队长:徐霖。3.物业24小时服务电话：0791-85957719/85130408。? 【物业小贴士】?。1、园区道路是大家的，请将爱车停至车位或车库，勿占行车主干道。。2、予人方便，予己方便，整齐有序，文明停车。。3、随身携带门禁卡，刷卡进出，提高安全防止偷盗。。4、请随手关大堂门，轻拉轻推，勿用力拉扯。。5、非机动车请勿进大堂、楼道内充电。。6、请勿让爱宠随地大小便，做文明养宠人。""。08月26日 20:43分。恒大城-管家小傅(员工):""【管家休息】尊敬的各位业主，明天2024…………""。恒大城-管家小傅(员工):""[图片]""。&&&","[
    {
        ""话题倾向"": """"
    }
]"
群聊负向,"这是要分析的对话:&&&08月26日 07:55分。刘诗雨(员工):""????金碧物业晨跑开跑啦！！！大朋友、…………""。刘诗雨(员工):""[图片]""。刘诗雨(员工):""[图片]""。刘诗雨(员工):""[图片]""。08月26日 08:05分。A00(客户):""尊敬的业主，您好：。       为更好、更快的解决业主问题，现将各值班人员、联系电话及值班时间公示在群内，各位业主可直接电话联系或在群内@秩序110。1、日常家用维修工具(螺丝刀、活动扳手、小锤等);。2、小型购物车、平板车、人字梯、打气筒，应急医用品等。。为您爱家保驾护航，如果您有家政保洁、直饮水卡办理、白蚁消杀、有偿维修、房屋租赁的业务需求，随时与我们联系，为您提供专业的服务。。【秩序维护部】。[爱心]1.值班时间段：。????08:00－20:00????。[爱心]2.值班中队长-赵队电话：0531-83131013。[爱心]3.物业服务电话：0531-55615896、55615596。??4.监控室值班24小时电话：0531-55612606。3、【物业-安保服务“小蜜蜂”】。[抱拳]如您家中有需要帮助的请联系我们?。[爱心]24小时为各位家人守候。[合十]贴心服务、真诚相伴。如需便民服务车，请直接联系；。①55612606。②55612808。有事您说话，我们会在第一时间安排人员帮你处理[玫瑰][玫瑰]""。A00(客户):""[图片]""。08月26日 08:29分。JN29岁月静好(客户):""。[庆祝]雨后园林座椅已擦拭[庆祝]。    [烟花]游乐设施已清理?积水清理中[烟花]。恒大绿洲保洁团队为您服务[玫瑰]""。JN29岁月静好(客户):""[图片]""。08月26日 08:47分。刘诗雨(员工):""[玫瑰][玫瑰]早安  绿洲[玫瑰][玫…………""。刘诗雨(员工):""[链接]""。08月26日 09:18分。懒洋洋(客户):""[链接]""。懒洋洋(客户):""              [庆祝][庆祝]通知[庆祝][庆祝]。        为切实提高妇女健康水平，提升自我保健意识。恒大绿洲第三社区联合济南市人民医院将在恒大三社区开展甲状腺、乳腺癌免费检查。。时间：2024年8月26日（周一）。上午9:00——11：30下午14:00——16:00。地点：恒大三期31号楼内铺党群服务中心。                  。                 恒大绿洲第三社区。                   2024年8月23日""。懒洋洋(客户):""[小程序消息]""。懒洋洋(客户):"" 各位居民:。       为提高社区火灾预警和防控能力，保障居民的居家安全。由政府联合联通公司为居民免费上门安装独立式烟感报警器。安装以后若家中有火灾隐患，可通过网络直接推送给业主本人及消防大队。目前先进行报名，后期会有联通公司工作人员与业主联系，上门进行安装。本期独立式烟感报警器数量80个，先报先得 ，报满为止。。              恒大绿洲第三社区。                   2024.8.22""。08月26日 10:38分。懒洋洋(客户):""8.13元，接到[爆竹]“银监会”[爆竹]电话被骗。。3.63万元，大学生??兼职??被骗。。3.5万元，初中生被骗。。3.46万元，妇女?兼职刷单?被骗。。2.31万元，男青年[色]约炮[色]被骗。。。男青年[色][色]约炮[色][色]，妇女??兼职刷单??、????被“异性网友”诱导投资????诈骗高发！。转发提醒好家里的[拥抱]年轻人、妇女[拥抱]！。。【8月25日电诈警情通报】（近三天典型案例）。【平安街道、开发区派出所】。1、乙武村居民（开发区报警），【接到“银监会”电话】被骗8.13万元。。??手段：接到电话，对方自称?【“银监会”工作人员】??，要帮其“降低网贷利率”，还让其??登陆假的银监会网站??。。        过程中，?开启“屏幕共享”?，指导其将钱转走。。。【大学城、大学路派出所】。2、山东师范大学思想政治教育专业大四学生，【兼职】被骗3.63万元。。??手段：网上看到信息，兼职（“垫资”代充话费）。对方称选择[爆竹][爆竹]“企业代付”[爆竹][爆竹]，??钱就不会被转走，但操作后，钱还是被转走??。。       对方称其操作失误，??为退款，按对方要求，继续转账??。。。【马山镇、马山派出所】。3、周庙村初中生，【找人“解封微信”】被骗3.5万元。。??手段：快手找人解封微信，对方让其?提供了家长微信、银行卡的【验证码】?，钱被转走。。。【文昌街道、新城派出所】。4、建发天玺妇女，网上兼职【垫资做任务、刷销量、刷关注、刷点赞】被骗3.46万元。。??手段：??被陌生人拉进群??，推荐足不出户做兼职，[裂开]抖音刷关注[裂开]挣到佣金，后被引诱??“垫资”刷购“抖币”??。。        前期挣到小额返利，后被以【系统设置，需要[苦涩]连续刷任务才能退还垫付金、佣金[苦涩]】，【??操作失误，需要刷补救单??】为由要求转账。。。【崮云湖街道、大学路派出所】。5、河南籍务工男青年（租住乐天），【刷单做任务以?? 免费约炮?? 】被骗2.31万元。。??手段：??网上看到信息??，下载APP，为[吐]解锁约炮资格[吐]，??“约炮”客服引诱其“垫资”刷“会员费”??，前期挣到小额返利。。        后被以【系统设置，需要[裂开]连续刷任务[裂开]才能退还垫付金、佣金】、【??操作失误??（后台都能做手脚），刷补救单】为由要求多次转账。""。懒洋洋(客户):""各位居民朋友:。       为保障济南市居民健康权益，逐步健全完善居民特殊疾病风险体系，区妇联与中国人寿保险股份有限公司济南分公司启动了“男性女性安康保障工程”面向18周岁至60周岁以下身体健康者推出团体安康保险，社区居民可根据个人情况自愿购买。。详情请咨询恒大三社区居委会。。地址:恒大22号楼内铺。。电话：87207026""。懒洋洋(客户):""[图片]""。08月26日 11:47分。Gm(客户):""【公区维修8月19日-8月25日工作汇报】。●公区及地下车库排污泵检修7处。●公区及地下车库照明更换6处。●公区直饮水机滤芯更换4处。●公区大堂顶子破损粉刷5处。●公区墙砖破损更换3处。●公区消防故障处理47处。●公区充电桩头安装21处。●园区排污管道疏通8处。●园区路面维修3处。●电梯维保125部。●设备房维护保养。●设备房巡查。工程维修，为您的生活保驾护航。如需帮助请拨打。24小时物业热线:。0531-55615896。济南恒大绿洲物业服务中心""。Gm(客户):""[图片]""。08月26日 18:43分。A大漠(客户):""??物业秩序“小蜜蜂” ??。[庆祝]“小蜜蜂”来了！来了！[庆祝]。[太阳]有事，您说话[太阳]。[庆祝]车辆电瓶亏电启动不了！。[庆祝]家里有沉物品搬不动了！。[庆祝]买了好多东西拿不了！。联系电话：0531-55612606。秩序小“蜜蜂”竭诚为您服务！[耶][耶][耶]。[庆祝]我们的口号：。[庆祝]真心帮助每一位[庆祝]。[庆祝]热心服务每一人[庆祝]。[庆祝]赠人玫瑰[玫瑰]，手有余香[庆祝]""。A大漠(客户):""[图片]""。08月26日 20:03分。你的月亮我的心(客户):""尊敬的业主，您好：。       为更好、更快的解决业主问题，现将各值班人员、联系电话及值班时间公示在群内，各位业主可直接电话联系或在群内@秩序110。1、日常家用维修工具(螺丝刀、活动扳手、小锤等);。2、小型购物车、平板车、人字梯、打气筒，应急医用品等。。为您爱家保驾护航，如果您有家政保洁、直饮水卡办理、白蚁消杀、有偿维修、房屋租赁的业务需求，随时与我们联系，为您提供专业的服务。。【秩序维护部】。[爱心]1.值班时间段：。????20:00－08:00????。[爱心]2.值班中队长-赵队电话：0531-55615881。[爱心]3.物业服务电话：0531-55615896、55615596。??4.监控室值班24小时电话：0531-55612606。3、【物业-安保服务“小蜜蜂”】。[抱拳]如您家中有需要帮助的请联系我们?。[爱心]24小时为各位家人守候。[合十]贴心服务、真诚相伴。如需便民服务车，请直接联系；。①55612606。②55612808。有事您说话，我们会在第一时间安排人员帮你处理[玫瑰][玫瑰]""。你的月亮我的心(客户):""[图片]""。08月26日 23:52分。你的月亮我的心(客户):""尊敬的业主大家好！我是夜间执勤赵队长，金碧物业安保服务8月26号巡查，时刻守护业主们的安全，请安心入睡，如有紧急情况请拨打0531-55612606""。你的月亮我的心(客户):""[图片]""。08月27日 02:59分。你的月亮我的心(客户):""尊敬的业主大家好！我是夜间执勤赵队长，金碧物业安保服务8月27号巡查，时刻守护业主们的安全，请安心入睡，如有紧急情况请拨打0531-55612606""。&&&","[
    {
        ""话题倾向"": """"
    }
]"
群聊负向,"这是要分析的对话:&&&08月26日 08:59分。石娇(员工):""?????????家人们，早上好~。今天…………""。石娇(员工):""?????????家人们，早上好~。今天…………""。08月26日 20:37分。??一切??? 随缘????(客户):""各位业主：晚上好！[玫瑰]。8月 26日秩序部夜间执勤安排：。一、值班:罗中林。电话:17584997003。二、24小时值班电：0851-83862661。辖区派出所电话：0851-83851334。值班维修师傅：。杨丙云:13984310672带班时间：20:00-08:00。四、我们将12小时坚守岗位，如有需要请致电，我们将竭诚为您服务。夜间休息请关好门窗，做好安全防范，出入小区带好业主卡。。贵阳恒大文化旅游城物业服务中心祝您：。               生活愉快！""。??一切??? 随缘????(客户):""[视频]""。08月26日 23:10分。筑安(客户):""[视频号消息]""。筑安(客户):""【提示】买卖游戏账号、游戏装备等一定要在官方平台进行，不要点击陌生链接，以交保证金、提现失败、账号冻结等理由要求继续充值的都是诈骗！""。筑安(客户):""通知：。8月25日是全国第八个残疾预防日，筑安社区居委会于明天8月27日（本周二）上午在辖区内开展“预防疾病致残  共享健康生活”宣传服务活动，希望学校有社会实践活动要求的学生积极参与，请有意参加志愿服务活动的人员于8月27日早上9:30到8组团筑安社区居委会集中开展活动。""。&&&","[
    {
        ""话题倾向"": """"
    }
]"
群聊负向,"这是要分析的对话:&&&08月26日 08:00分。济南绿洲1-2-10-11管家寒露(员工):""????金碧物业晨跑开跑啦！！！大朋友、…………""。济南绿洲1-2-10-11管家寒露(员工):""[图片]""。济南绿洲1-2-10-11管家寒露(员工):""[图片]""。济南绿洲1-2-10-11管家寒露(员工):""[图片]""。济南绿洲1-2-10-11管家寒露(员工):""[文件超过最大限制]""。A00(客户):""尊敬的业主，您好：。       为更好、更快的解决业主问题，现将各值班人员、联系电话及值班时间公示在群内，各位业主可直接电话联系或在群内@秩序110。1、日常家用维修工具(螺丝刀、活动扳手、小锤等);。2、小型购物车、平板车、人字梯、打气筒，应急医用品等。。为您爱家保驾护航，如果您有家政保洁、直饮水卡办理、白蚁消杀、有偿维修、房屋租赁的业务需求，随时与我们联系，为您提供专业的服务。。【秩序维护部】。[爱心]1.值班时间段：。????08:00－20:00????。[爱心]2.值班中队长-赵队电话：0531-83131013。[爱心]3.物业服务电话：0531-55615896、55615596。??4.监控室值班24小时电话：0531-55612606。3、【物业-安保服务“小蜜蜂”】。[抱拳]如您家中有需要帮助的请联系我们?。[爱心]24小时为各位家人守候。[合十]贴心服务、真诚相伴。如需便民服务车，请直接联系；。①55612606。②55612808。有事您说话，我们会在第一时间安排人员帮你处理[玫瑰][玫瑰]""。A00(客户):""[图片]""。08月26日 08:18分。宁宁(客户):""??ˋ????ˊ??????????????????.*·做自己生活的舵手 把握梦想前进的方向 不服输 才能成长更好的自己。各位家人们[爱心]早上好！。我是物业保洁领班庄明华，联系电话 15628830750。各位保洁叔叔阿姨已到岗。??倘若您发现任何环境方面的问题或者有宝贵的建议，随时与我联系，我定会全力以赴为您排忧解难！。??感谢各位家人一直以来的信赖与支持！ ?? ??""。宁宁(客户):""[图片]""。08月26日 08:23分。济南绿洲1-2-10-11管家寒露(员工):""[爱心]温馨提示[爱心]。尊敬的业主家人…………""。济南绿洲1-2-10-11管家寒露(员工):""[图片]""。08月26日 09:10分。济南绿洲1-2-10-11管家寒露(员工):""[玫瑰][玫瑰]早安  绿洲[玫瑰][玫…………""。济南绿洲1-2-10-11管家寒露(员工):""[链接]""。08月26日 09:53分。派出所反诈宣传员(客户):""8.13元，接到[爆竹]“银监会”[爆竹]电话被骗。。3.63万元，大学生??兼职??被骗。。3.5万元，初中生被骗。。3.46万元，妇女?兼职刷单?被骗。。2.31万元，男青年[色]约炮[色]被骗。。。男青年[色][色]约炮[色][色]，妇女??兼职刷单??、????被“异性网友”诱导投资????诈骗高发！。转发提醒好家里的[拥抱]年轻人、妇女[拥抱]！。。【8月25日电诈警情通报】（近三天典型案例）。【平安街道、开发区派出所】。1、乙武村居民（开发区报警），【接到“银监会”电话】被骗8.13万元。。??手段：接到电话，对方自称?【“银监会”工作人员】??，要帮其“降低网贷利率”，还让其??登陆假的银监会网站??。。        过程中，?开启“屏幕共享”?，指导其将钱转走。。。【大学城、大学路派出所】。2、山东师范大学思想政治教育专业大四学生，【兼职】被骗3.63万元。。??手段：网上看到信息，兼职（“垫资”代充话费）。对方称选择[爆竹][爆竹]“企业代付”[爆竹][爆竹]，??钱就不会被转走，但操作后，钱还是被转走??。。       对方称其操作失误，??为退款，按对方要求，继续转账??。。。【马山镇、马山派出所】。3、周庙村初中生，【找人“解封微信”】被骗3.5万元。。??手段：快手找人解封微信，对方让其?提供了家长微信、银行卡的【验证码】?，钱被转走。。。【文昌街道、新城派出所】。4、建发天玺妇女，网上兼职【垫资做任务、刷销量、刷关注、刷点赞】被骗3.46万元。。??手段：??被陌生人拉进群??，推荐足不出户做兼职，[裂开]抖音刷关注[裂开]挣到佣金，后被引诱??“垫资”刷购“抖币”??。。        前期挣到小额返利，后被以【系统设置，需要[苦涩]连续刷任务才能退还垫付金、佣金[苦涩]】，【??操作失误，需要刷补救单??】为由要求转账。。。【崮云湖街道、大学路派出所】。5、河南籍务工男青年（租住乐天），【刷单做任务以?? 免费约炮?? 】被骗2.31万元。。??手段：??网上看到信息??，下载APP，为[吐]解锁约炮资格[吐]，??“约炮”客服引诱其“垫资”刷“会员费”??，前期挣到小额返利。。        后被以【系统设置，需要[裂开]连续刷任务[裂开]才能退还垫付金、佣金】、【??操作失误??（后台都能做手脚），刷补救单】为由要求多次转账。""。08月26日 11:24分。Mr. Du(客户):""[图片]""。Mr. Du(客户):""【公区维修8月19日-8月25日工作汇报】。●公区及地下车库排污泵检修7处。●公区及地下车库照明更换6处。●公区直饮水机滤芯更换4处。●公区大堂顶子破损粉刷5处。●公区墙砖破损更换3处。●公区消防故障处理47处。●公区充电桩头安装21处。●园区排污管道疏通8处。●园区路面维修3处。●电梯维保125部。●设备房维护保养。●设备房巡查。工程维修，为您的生活保驾护航。如需帮助请拨打。24小时物业热线:。0531-55615896。济南恒大绿洲物业服务中心""。08月26日 15:38分。宁宁(客户):""[图片]""。宁宁(客户):""[图片]""。宁宁(客户):""[图片]""。宁宁(客户):""[图片]""。08月26日 16:15分。AAA?? ` 油戏人生(客户):""[小程序消息]""。AAA?? ` 油戏人生(客户):""{""pre_msgid"":""8178229733027075420_1724660148403_external""}""。08月26日 16:53分。宁宁(客户):""[拳头]环境提升持续进行中[拳头]。[太阳]今天地下室清理[太阳]。恒大绿洲保洁团队为您服务[玫瑰]""。宁宁(客户):""[图片]""。08月26日 18:41分。A大漠(客户):""??物业秩序“小蜜蜂” ??。[庆祝]“小蜜蜂”来了！来了！[庆祝]。[太阳]有事，您说话[太阳]。[庆祝]车辆电瓶亏电启动不了！。[庆祝]家里有沉物品搬不动了！。[庆祝]买了好多东西拿不了！。联系电话：0531-55612606。秩序小“蜜蜂”竭诚为您服务！[耶][耶][耶]。[庆祝]我们的口号：。[庆祝]真心帮助每一位[庆祝]。[庆祝]热心服务每一人[庆祝]。[庆祝]赠人玫瑰[玫瑰]，手有余香[庆祝]""。A大漠(客户):""[图片]""。08月26日 20:04分。你的月亮我的心(客户):""尊敬的业主，您好：。       为更好、更快的解决业主问题，现将各值班人员、联系电话及值班时间公示在群内，各位业主可直接电话联系或在群内@秩序110。1、日常家用维修工具(螺丝刀、活动扳手、小锤等);。2、小型购物车、平板车、人字梯、打气筒，应急医用品等。。为您爱家保驾护航，如果您有家政保洁、直饮水卡办理、白蚁消杀、有偿维修、房屋租赁的业务需求，随时与我们联系，为您提供专业的服务。。【秩序维护部】。[爱心]1.值班时间段：。????20:00－08:00????。[爱心]2.值班中队长-赵队电话：0531-55615881。[爱心]3.物业服务电话：0531-55615896、55615596。??4.监控室值班24小时电话：0531-55612606。3、【物业-安保服务“小蜜蜂”】。[抱拳]如您家中有需要帮助的请联系我们?。[爱心]24小时为各位家人守候。[合十]贴心服务、真诚相伴。如需便民服务车，请直接联系；。①55612606。②55612808。有事您说话，我们会在第一时间安排人员帮你处理[玫瑰][玫瑰]""。你的月亮我的心(客户):""[图片]""。08月26日 23:51分。你的月亮我的心(客户):""尊敬的业主大家好！我是夜间执勤赵队长，金碧物业安保服务8月26号巡查，时刻守护业主们的安全，请安心入睡，如有紧急情况请拨打0531-55612606""。你的月亮我的心(客户):""[图片]""。08月27日 03:00分。你的月亮我的心(客户):""尊敬的业主大家好！我是夜间执勤赵队长，金碧物业安保服务8月27号巡查，时刻守护业主们的安全，请安心入睡，如有紧急情况请拨打0531-55612606""。你的月亮我的心(客户):""[图片]""。&&&","[
    {
        ""话题倾向"": """"
    }
]"
群聊负向,"这是要分析的对话:&&&08月26日 08:05分。济南绿洲35-36号楼管家小满(员工):""????金碧物业晨跑开跑啦！！！大朋友、…………""。济南绿洲35-36号楼管家小满(员工):""[图片]""。济南绿洲35-36号楼管家小满(员工):""[图片]""。济南绿洲35-36号楼管家小满(员工):""[图片]""。济南绿洲35-36号楼管家小满(员工):""[文件超过最大限制]""。08月26日 08:43分。济南绿洲35-36号楼管家小满(员工):""[玫瑰][玫瑰]早安  绿洲[玫瑰][玫…………""。济南绿洲35-36号楼管家小满(员工):""[链接]""。08月26日 09:45分。恒大四社区@蒋(客户):""8.13元，接到[爆竹]“银监会”[爆竹]电话被骗。。3.63万元，大学生??兼职??被骗。。3.5万元，初中生被骗。。3.46万元，妇女?兼职刷单?被骗。。2.31万元，男青年[色]约炮[色]被骗。。。男青年[色][色]约炮[色][色]，妇女??兼职刷单??、????被“异性网友”诱导投资????诈骗高发！。转发提醒好家里的[拥抱]年轻人、妇女[拥抱]！。。【8月25日电诈警情通报】（近三天典型案例）。【平安街道、开发区派出所】。1、乙武村居民（开发区报警），【接到“银监会”电话】被骗8.13万元。。??手段：接到电话，对方自称?【“银监会”工作人员】??，要帮其“降低网贷利率”，还让其??登陆假的银监会网站??。。        过程中，?开启“屏幕共享”?，指导其将钱转走。。。【大学城、大学路派出所】。2、山东师范大学思想政治教育专业大四学生，【兼职】被骗3.63万元。。??手段：网上看到信息，兼职（“垫资”代充话费）。对方称选择[爆竹][爆竹]“企业代付”[爆竹][爆竹]，??钱就不会被转走，但操作后，钱还是被转走??。。       对方称其操作失误，??为退款，按对方要求，继续转账??。。。【马山镇、马山派出所】。3、周庙村初中生，【找人“解封微信”】被骗3.5万元。。??手段：快手找人解封微信，对方让其?提供了家长微信、银行卡的【验证码】?，钱被转走。。。【文昌街道、新城派出所】。4、建发天玺妇女，网上兼职【垫资做任务、刷销量、刷关注、刷点赞】被骗3.46万元。。??手段：??被陌生人拉进群??，推荐足不出户做兼职，[裂开]抖音刷关注[裂开]挣到佣金，后被引诱??“垫资”刷购“抖币”??。。        前期挣到小额返利，后被以【系统设置，需要[苦涩]连续刷任务才能退还垫付金、佣金[苦涩]】，【??操作失误，需要刷补救单??】为由要求转账。。。【崮云湖街道、大学路派出所】。5、河南籍务工男青年（租住乐天），【刷单做任务以?? 免费约炮?? 】被骗2.31万元。。??手段：??网上看到信息??，下载APP，为[吐]解锁约炮资格[吐]，??“约炮”客服引诱其“垫资”刷“会员费”??，前期挣到小额返利。。        后被以【系统设置，需要[裂开]连续刷任务[裂开]才能退还垫付金、佣金】、【??操作失误??（后台都能做手脚），刷补救单】为由要求多次转账。""。08月26日 15:26分。曾经喝汽水的新青年(客户):""    【社区儿童跳绳比赛通知】。亲爱的居民们：。为了丰富我们社区儿童的课余生活，增强孩子们的体质，培养团队合作精神与竞争意识，我们社区将于周四（8月29日）下午2:30，在恒大第四社区（37号楼）举办一场别开生面的“快乐童年，绳彩飞扬”儿童跳绳比赛。现面向全体社区儿童发出诚挚邀请，快来加入我们，一起跳动健康，跳出欢乐吧！。?? 比赛时间：8月29日（周四）下午2:30。?? 比赛地点：恒大绿洲37号党群服务中心。?? 参与对象：社区内所有5-12岁的儿童（欢迎家长陪同观看）。?? 比赛项目：。单人速度跳（计时赛）。花样跳绳展示（创意加分）。?? 报名方式：请家长或监护人于本周四前，填报跳绳报名表或通过电话/微信（87219936/13156193896）进行报名。报名时请提供孩子的姓名、年龄及联系方式。。?? 准备事项：。自备跳绳：每位参赛小朋友需自备一根跳绳，确保比赛顺利进行。。着装舒适：请穿着适合运动的服装和鞋子，以最佳状态迎接比赛。。安全第一：比赛过程中请遵守规则，注意安全，友谊第一，比赛第二。。?? 奖项设置：我们将为各项目组别的优胜者颁发精美奖品，更有参与奖等待每一位勇敢参与的小朋友！。让我们在这个充满活力的季节里，以绳为媒，共赴一场健康与快乐的盛宴。期待每一位小朋友的精彩表现，不见不散！。                        。     ??恒大绿洲第四社区居委会""。曾经喝汽水的新青年(客户):""[链接]""。&&&","[
    {
        ""话题倾向"": """"
    }
]"
群聊负向,"这是要分析的对话:&&&08月26日 09:15分。恒大城???? 秩序部 三期监控室(客户):""[视频号消息]""。恒大城???? 秩序部 三期监控室(客户):""“客服”给你打来电话，说你网购商品出现问题！可以给你申请退款，还给你发来陌生链接！让你注册账号填写信息，再说因“操作失误”导致账户被冻结，让你转账解冻后才能退款？南昌反诈提醒您：退换货请认准官方平台，陌生链接不要点击，不要透露个人信息。敬请各位领导同事转发反诈视频及反诈日历。[抱拳][抱拳][抱拳]""。恒大城???? 秩序部 三期监控室(客户):""[图片]""。08月26日 18:19分。恒大城???? 秩序部 三期监控室(客户):""重要警示：。    8月23日晚10时，江苏省宿迁市一电动自行车店起火，虽然仅半小时明火就得到控制，但仍造成6人死亡（尤为痛心的是，遇难者中4人系未成年人）。此前，2024年2月23日4时许，江苏南京市雨花台区一小区发生电动自行车火灾，造成15人死亡，44人受伤。今年4月27日，我县一小区也发生了电动自行车火灾亡人事件。在此警示，电动自行车起火，燃烧迅速并会在短时间造成大量有害气体，因灾致死率极高！因此，为了大家的生命财产安全，恳请各位业主对自己负责，也对左右邻里负责，严禁将电动自行车违规入楼、违规充电！也请各位监督，一发现有电动车上楼进单元的，请及时联系物业24小时电话:85130408，物业会第一时间上户整治，保障大家居住安全。""。08月26日 20:02分。恒大城???? 秩序部 三期监控室(客户):""? 2024.8.26日? 。【秩序维护部】 。1.夜班值班时间段：20：00—08：00。2.夜班值班队长:徐霖。3.物业24小时服务电话：0791-85957719/85130408。? 【物业小贴士】?。1、园区道路是大家的，请将爱车停至车位或车库，勿占行车主干道。。2、予人方便，予己方便，整齐有序，文明停车。。3、随身携带门禁卡，刷卡进出，提高安全防止偷盗。。4、请随手关大堂门，轻拉轻推，勿用力拉扯。。5、非机动车请勿进大堂、楼道内充电。。6、请勿让爱宠随地大小便，做文明养宠人。""。08月26日 20:42分。恒大城-管家小傅(员工):""【管家休息】尊敬的各位业主，明天2024…………""。恒大城-管家小傅(员工):""[图片]""。&&&","[
    {
        ""话题倾向"": """"
    }
]"
群聊负向,"这是要分析的对话:&&&08月26日 06:07分。心情尚好15367485711(客户):""[图片]""。心情尚好15367485711(客户):""??长沙恒大雅苑。?2024年8??26日  星期一。?天气: 晴  气温：28－37℃。1、1、广西一景区“飞天魔毯”项目故障致1死60伤 景区提出“买断”赔偿方案；。2、浙江绍兴一医院眼科套取医保资金2000万，手术医生庭审坚称无罪引争议；。3、郑州：相关企业限期撤除全市小区电梯里的“上门按摩”广告；。4、今年三伏，全国平均气温达到23.24℃，为史上最热；。5、日本核污染水排海一年，8轮累计排放将达62500吨；微信搜：每日微语报。6、超80城支持国企等收购存量房：36城已启动征集，“去库存效果最直接”；。7、合肥女子李梅在长沙坐拥87套房，因涉罪被查封，正式被法院挂网待拍卖；。8、安徽发文鼓励探索垂钓实名制，官方回应：还未启动落实；。9、周鸿祎再回应“手表不当回答”：已惩罚产品经理接一个月客服电话；。10、三文鱼刺身隔夜返包销售 胖东来：奖励投诉者10万，补偿购买者1000元；。11、黎真主党宣布第一阶段对以袭击取得成功 发射320余枚火箭弹；。12、世卫组织表示，猴痘疫情存在扩散风险，各国防控措施有待加强；。13、防止播音员“讲真话”，日本广播协会开始预录中文新闻；。14、17名中国公民命丧韩国电池厂 火灾调查：因培训不足错失37秒逃生窗口；。15、美国顶尖纳米科学家打算来华工作，曾因与中国高校合作而被美政府判刑；""。心情尚好15367485711(客户):""???♂【防溺水??安全温馨提示】。??亲爱的业主家人们：大家好??。?天气渐热，为了孩子们??的安全，请提高安全防范意识?，时刻监督和管理??好孩子，加强对孩子的防溺水??安全教育，禁止??孩子私自到小溪、水库、江边玩水、捕鱼、捉虾、游泳等。 。??安全无小事 时刻要警惕??。请家长??加强对孩子防溺水的监管力度，提高孩子??防溺水的自觉性?。同时物业工作人员??也会加大对园区的巡逻。为孩子的生命安全构筑坚实的防线??。??如需帮助请拨24小时服务热线。二期?:0731-85066275。一期?:0731-85520610。#长沙恒大雅苑物业服务中心""。08月26日 07:52分。曹(客户):""谁家有车位出租可以联系我""。08月26日 08:34分。长沙恒大雅苑63-67栋管家(员工):""@所有人""。长沙恒大雅苑63-67栋管家(员工):""【??欢乐泼水节·完美收官】。活动完美收…………""。长沙恒大雅苑63-67栋管家(员工):""[文件超过最大限制]""。08月26日 09:06分。彪(客户):""【?? 秩序服务?巡逻篇】。我们是白班园区秩序的守护者??。每天园区全覆盖巡视??。希望用我们的行动??。为您营造舒适的居家环境??。如需帮助请拨打24小时服务热线。?:0731一82231519。值班中队长。?:17700582090（二期）。??我们竭诚为您服务??""。彪(客户):""[视频]""。08月26日 09:12分。长沙恒大雅苑63-67栋管家(员工):""关于开展小区四害消杀的通知。    尊敬…………""。长沙恒大雅苑63-67栋管家(员工):""[图片]""。08月26日 10:00分。彪(客户):""???♂?【电动车秩序维护篇】。尊敬的业主家人??们：。 大家好！本栋电动车违停大堂前已整改，为了维护小区电动车的停车秩序，确保大家的出行安全与便利，请您将电动车停放到划线区域内。让我们一起共同遵守，营造整齐有序的环境，感谢您的配合[握手]。如需帮助请拨打24小时服务热线?:0731-82231519""。彪(客户):""[图片]""。08月26日 11:20分。子鱼(客户):""【??遛狗不随便，随手清狗便??】。     。      ??最近存在严重的不文明养犬的现象，绿化带、草坪的狗便??比比皆是，给其他美邻的生活带来了很大的困扰。。      宠物是人类的朋友，为生活增添不少乐趣??，享受权利的同时还请履行义务哦[抱拳]，为了给小区营造一个整洁和谐的环境??，物业中心倡议各位饲养宠物的业主，请您随身携带废纸或垃圾袋，以便随时清理“排泄物”。    ??优美的居住环境需要大家的共同创造和维护，请从文明养狗开始。??""。子鱼(客户):""[文件超过最大限制]""。08月26日 11:43分。长沙恒大雅苑63-67栋管家(员工):""【??物业工作周报】  。尊敬的业主/住…………""。长沙恒大雅苑63-67栋管家(员工):""[图片]""。08月26日 17:40分。长沙恒大雅苑63-67栋管家(员工):""[图片]""。长沙恒大雅苑63-67栋管家(员工):""关于小区内防范蛇类动物的温馨提示。各位业…………""。08月26日 19:14分。彪(客户):""【?? 秩序服务?巡逻篇】。我们是白班园区秩序的守护者??。每天园区全覆盖巡视??。希望用我们的行动??。为您营造舒适的居家环境??。如需帮助请拨打24小时服务热线。?:0731一82231519。值班中队长。?:17700582090（二期）。??我们竭诚为您服务??""。彪(客户):""[视频]""。08月26日 19:54分。小牛牛(客户):""8月26日园林工作日常""。小牛牛(客户):""[图片]""。08月26日 20:01分。Vampiae(客户):""业主您好??。我是夜班秩序班长（周游：17700582090），也是你的夜间安全守护者??，也许您从来没有见过我，因为我值守在您熟睡的每个晚上。夜间??我们会跟踪可疑人员、巡查车库、巡查园区、巡查楼层。。??清晨06:00我们还会查看每个电梯，确保您上班时电梯正常运行。。??如需帮助请及时拨打24小时服务电话85066275，我会出现在你需要的每个时刻???♂????♂????♂?。祝?您好梦！一醒来又是美美哒的一天哦??????""。08月26日 20:51分。Vampiae(客户):""业主您好??。我是夜班秩序班长（周游：17700582090），也是你的夜间安全守护者??，也许您从来没有见过我，因为我值守在您熟睡的每个晚上。夜间??我们会跟踪可疑人员、巡查车库、巡查园区、巡查楼层。。??清晨06:00我们还会查看每个电梯，确保您上班时电梯正常运行。。??如需帮助请及时拨打24小时服务电话85066275，我会出现在你需要的每个时刻???♂????♂????♂?。祝?您好梦！一醒来又是美美哒的一天哦??????""。Vampiae(客户):""[视频]""。08月26日 22:15分。早点睡(客户):""麻烦各位邻居为15号投上宝贵的一票 谢谢""。早点睡(客户):""[链接]""。08月27日 03:50分。yh(客户):""【?? 秩序服务?巡逻篇】。我们是晚班园区秩序的守护者??。每天园区全覆盖巡视??。希望用我们的行动??。为您营造舒适的居家环境??。如需帮助请拨打24小时服务热线。?:0731一82231519。值班中队长。?:17700582090（二期）。??我们竭诚为您服务??""。yh(客户):""[图片]""。&&&","[
    {
        ""话题倾向"": """"
    }
]"
群聊负向,"这是要分析的对话:&&&08月26日 08:03分。姜(客户):""尊敬的各位业主：早上好[玫瑰]。8月26日秩序部白班已接班，执勤安排如下：。一、值班:姜小朋 18786658735。二、24小时值班电：0851-83873003。辖区派出所电话：0851-83851334。三、带班时间：08:00-20:00。四、我们将12小时坚守岗位，如有需要请致电，我们将竭诚为您服务。外出请关好门窗、水电及燃气、出入小区带好业主卡、做好个人防护。。贵阳恒大文化旅游城物业服务中心祝您：生活愉快！[烟花]""。姜(客户):""[图片]""。08月26日 09:22分。冉长春(客户):""【提示】买卖游戏账号、游戏装备等一定要在官方平台进行，不要点击陌生链接，以交保证金、提现失败、账号冻结等理由要求继续充值的都是诈骗！""。冉长春(客户):""[视频号消息]""。08月26日 11:02分。姜(客户):""#金碧物业·秩序(保安)服务篇。??用心打磨每一个细节，用真诚赢得您的信赖??。??优美的环境，优良的秩序，优质的服务，都藏在细节里??。?从平凡处发现不平凡，感受我们的用心??。??绝不辜负您的信赖，全心全意为您服务??。         ??金碧物业  我们与您同在。               ——贵阳恒大文化旅游城物业服务中心""。姜(客户):""[图片]""。08月26日 20:24分。        (客户):""?各位业主：晚上好！[玫瑰]。8月26日秩序部夜间执勤安排：。值班：罗锋18285024210 。维修部：何彬18984855091?。辖区派出所电话：0851-83851334。三、带班时间：20:00-08:00。四、我们将12小时坚守岗位，如有需要请致电，我们将竭诚为您服务。夜间休息请关好门窗，做好安全防范，出入小区带好业主卡、谨防尾随。。贵阳恒大文化旅游城物业服务中心祝您：生活愉快！[烟花]""。        (客户):""[图片]""。08月26日 20:31分。        (客户):""[视频]""。08月26日 20:37分。        (客户):""[图片]""。&&&","[
    {
        ""话题倾向"": """"
    }
]"
群聊负向,"这是要分析的对话:&&&08月26日 08:01分。姜(客户):""尊敬的各位业主：早上好[玫瑰]。8月26日秩序部白班已接班，执勤安排如下：。一、值班:姜小朋 18786658735。二、24小时值班电：0851-83873003。辖区派出所电话：0851-83851334。三、带班时间：08:00-20:00。四、我们将12小时坚守岗位，如有需要请致电，我们将竭诚为您服务。外出请关好门窗、水电及燃气、出入小区带好业主卡、做好个人防护。。贵阳恒大文化旅游城物业服务中心祝您：生活愉快！[烟花]""。姜(客户):""[图片]""。08月26日 08:58分。晏春英(员工):""【?? 管家休假知会】。尊敬的业主，您好…………""。08月26日 11:01分。姜(客户):""#金碧物业·秩序(保安)服务篇。??用心打磨每一个细节，用真诚赢得您的信赖??。??优美的环境，优良的秩序，优质的服务，都藏在细节里??。?从平凡处发现不平凡，感受我们的用心??。??绝不辜负您的信赖，全心全意为您服务??。         ??金碧物业  我们与您同在。               ——贵阳恒大文化旅游城物业服务中心""。姜(客户):""[图片]""。08月26日 12:25分。心之恋(客户):""[视频号消息]""。心之恋(客户):""【提示】买卖游戏账号、游戏装备等一定要在官方平台进行，不要点击陌生链接，以交保证金、提现失败、账号冻结等理由要求继续充值的都是诈骗！""。心之恋(客户):""通知：。8月25日是全国第八个残疾预防日，筑安社区居委会于明天8月27日（本周二）上午在辖区内开展“预防疾病致残  共享健康生活”宣传服务活动，希望学校有社会实践活动要求的学生积极参与，请有意参加志愿服务活动的人员于8月27日早上9:30到8组团筑安社区居委会集中开展活动。""。08月26日 20:25分。        (客户):""?各位业主：晚上好！[玫瑰]。8月26日秩序部夜间执勤安排：。值班：罗锋18285024210 。维修部：何彬18984855091?。辖区派出所电话：0851-83851334。三、带班时间：20:00-08:00。四、我们将12小时坚守岗位，如有需要请致电，我们将竭诚为您服务。夜间休息请关好门窗，做好安全防范，出入小区带好业主卡、谨防尾随。。贵阳恒大文化旅游城物业服务中心祝您：生活愉快！[烟花]""。08月26日 20:32分。        (客户):""[视频]""。        (客户):""[图片]""。&&&","[
    {
        ""话题倾向"": """"
    }
]"
群聊负向,"这是要分析的对话:&&&08月26日 09:01分。恒大社区居委会8731213(客户):""[视频号消息]""。08月26日 10:16分。恒大社区居委会8731213(客户):""活动通知：恒大社区将于本周三8月28日下午3：00开展社区文明宣传和清扫活动，请需要参与暑假社会实践活动的学生扫下方的腾讯问卷报名参与。。集合地点：恒大社区居委会办公室（恒大城1期1栋内铺）。集合时间：8月28日下午2：50。备注：目前我们发的志愿活动主要是针对学校有要求学生参加暑假社会实践活动要盖章的或者是学校有要求做I志愿的学生，一般是中学生或者大学生，因每次活动人数有限，请没有这方面要求的学生家长暂时不要报名，谢谢！。温馨提示：。1.最近天气多变，请自备雨具遮阳防雨，注意安全。。2.请有需要拍照交学校的同学，自行带手机拍照哈。3.本次活动为24年暑期学生社会实践活动的最后一次活动，后续将不再开展，请有需要的学生积极参与。""。恒大社区居委会8731213(客户):""[图片]""。08月26日 17:20分。韶关恒大城-管家-杨洪财(员工):""关于八月园区消杀通知。尊敬的业户：。  …………""。08月26日 19:07分。韶关恒大城B区监控员(客户):""2024-8-26。【秩序维护部】。1、值班时间段:【19:00-7:00】。2、值班中队长:  李佰全。联系电话：18933707875。【温馨提示】。请各位业主知悉，如需要帮助或遇紧急情况，请电话联系值班室或值班中队长。。物业24小时值班电话：0751-8706100。0751-8706228""。&&&","[
    {
        ""话题倾向"": """"
    }
]"
群聊负向,"这是要分析的对话:&&&08月26日 10:24分。爱不解释(客户):""#金碧物业·秩序(保安)服务篇。??用心打磨每一个细节，用真诚赢得您的信赖??。??优美的环境，优良的秩序，优质的服务，都藏在细节里??。?从平凡处发现不平凡，感受我们的用心??。??绝不辜负您的信赖，全心全意为您服务??。         ??金碧物业  我们与您同在。               ——贵阳恒大文化旅游城物业服务中心""。爱不解释(客户):""[图片]""。08月26日 12:21分。南锺(客户):""通知：。8月25日是全国第八个残疾预防日，筑安社区居委会于明天8月27日（本周二）上午在辖区内开展“预防疾病致残  共享健康生活”宣传服务活动，希望学校有社会实践活动要求的学生积极参与，请有意参加志愿服务活动的人员于8月27日早上9:30到8组团筑安社区居委会集中开展活动。""。&&&","[
    {
        ""话题倾向"": """"
    }
]"
群聊负向,"这是要分析的对话:&&&08月26日 09:14分。恒大城???? 秩序部 三期监控室(客户):""[视频号消息]""。恒大城???? 秩序部 三期监控室(客户):""“客服”给你打来电话，说你网购商品出现问题！可以给你申请退款，还给你发来陌生链接！让你注册账号填写信息，再说因“操作失误”导致账户被冻结，让你转账解冻后才能退款？南昌反诈提醒您：退换货请认准官方平台，陌生链接不要点击，不要透露个人信息。敬请各位领导同事转发反诈视频及反诈日历。[抱拳][抱拳][抱拳]""。恒大城???? 秩序部 三期监控室(客户):""[图片]""。08月26日 11:48分。南昌恒大城-管家(员工):""【关于四害消杀的温馨提示】。      …………""。南昌恒大城-管家(员工):""[图片]""。08月26日 15:49分。南昌恒大城-管家(员工):""【南昌恒大城—周报】。?? 一周美好，与…………""。08月26日 16:53分。南昌恒大城-管家(员工):""[图片]""。08月26日 17:06分。南昌恒大城-管家(员工):""【44栋地库口维修封闭通知】。    各…………""。南昌恒大城-管家(员工):""[图片]""。08月26日 17:33分。南昌恒大城-管家(员工):""@所有人  请问有业主车位出租吗，有意私…………""。08月26日 18:15分。恒大城???? 秩序部 三期监控室(客户):""重要警示：。    8月23日晚10时，江苏省宿迁市一电动自行车店起火，虽然仅半小时明火就得到控制，但仍造成6人死亡（尤为痛心的是，遇难者中4人系未成年人）。此前，2024年2月23日4时许，江苏南京市雨花台区一小区发生电动自行车火灾，造成15人死亡，44人受伤。今年4月27日，我县一小区也发生了电动自行车火灾亡人事件。在此警示，电动自行车起火，燃烧迅速并会在短时间造成大量有害气体，因灾致死率极高！因此，为了大家的生命财产安全，恳请各位业主对自己负责，也对左右邻里负责，严禁将电动自行车违规入楼、违规充电！也请各位监督，一发现有电动车上楼进单元的，请及时联系物业24小时电话:85130408，物业会第一时间上户整治，保障大家居住安全。""。08月26日 20:05分。恒大城???? 秩序部 三期监控室(客户):""? 2024.8.26日? 。【秩序维护部】 。1.夜班值班时间段：20：00—08：00。2.夜班值班队长:徐霖。3.物业24小时服务电话：0791-85957719/85130408。? 【物业小贴士】?。1、园区道路是大家的，请将爱车停至车位或车库，勿占行车主干道。。2、予人方便，予己方便，整齐有序，文明停车。。3、随身携带门禁卡，刷卡进出，提高安全防止偷盗。。4、请随手关大堂门，轻拉轻推，勿用力拉扯。。5、非机动车请勿进大堂、楼道内充电。。6、请勿让爱宠随地大小便，做文明养宠人。""。&&&","[
    {
        ""话题倾向"": """"
    }
]"
群聊负向,"这是要分析的对话:&&&08月26日 07:54分。三姐清真牛羊肉15064059399(客户):""大公鸡柴鸡预定的过来拿吧，要的继续下单，免费剁鸡送货上门，二期出摊""。三姐清真牛羊肉15064059399(客户):""{""pre_msgid"":""16347251589877021715_1724630099244_external""}""。三姐清真牛羊肉15064059399(客户):""[视频]""。三姐清真牛羊肉15064059399(客户):""大公鸡柴鸡预定的过来拿吧，要的继续下单，免费剁鸡送货上门，二期北门出摊""。08月26日 08:05分。A00(客户):""尊敬的业主，您好：。       为更好、更快的解决业主问题，现将各值班人员、联系电话及值班时间公示在群内，各位业主可直接电话联系或在群内@秩序110。1、日常家用维修工具(螺丝刀、活动扳手、小锤等);。2、小型购物车、平板车、人字梯、打气筒，应急医用品等。。为您爱家保驾护航，如果您有家政保洁、直饮水卡办理、白蚁消杀、有偿维修、房屋租赁的业务需求，随时与我们联系，为您提供专业的服务。。【秩序维护部】。[爱心]1.值班时间段：。????08:00－20:00????。[爱心]2.值班中队长-赵队电话：0531-83131013。[爱心]3.物业服务电话：0531-55615896、55615596。??4.监控室值班24小时电话：0531-55612606。3、【物业-安保服务“小蜜蜂”】。[抱拳]如您家中有需要帮助的请联系我们?。[爱心]24小时为各位家人守候。[合十]贴心服务、真诚相伴。如需便民服务车，请直接联系；。①55612606。②55612808。有事您说话，我们会在第一时间安排人员帮你处理[玫瑰][玫瑰]""。A00(客户):""[图片]""。08月26日 08:17分。宁宁(客户):""??ˋ????ˊ??????????????????.*·做自己生活的舵手 把握梦想前进的方向 不服输 才能成长更好的自己。各位家人们[爱心]早上好！。我是物业保洁领班庄明华，联系电话 15628830750。各位保洁叔叔阿姨已到岗。??倘若您发现任何环境方面的问题或者有宝贵的建议，随时与我联系，我定会全力以赴为您排忧解难！。??感谢各位家人一直以来的信赖与支持！ ?? ??""。宁宁(客户):""[图片]""。08月26日 08:33分。三姐清真牛羊肉15064059399(客户):""[视频]""。三姐清真牛羊肉15064059399(客户):""刚宰的大公鸡柴鸡到，预定的过来拿吧，要的继续下单，免费剁鸡送货上门，二期出摊""。08月26日 08:42分。济南绿洲20－21号楼管家惊蛰(员工):""????金碧物业晨跑开跑啦！！！大朋友、…………""。济南绿洲20－21号楼管家惊蛰(员工):""[图片]""。济南绿洲20－21号楼管家惊蛰(员工):""[图片]""。济南绿洲20－21号楼管家惊蛰(员工):""[图片]""。济南绿洲20－21号楼管家惊蛰(员工):""[文件超过最大限制]""。济南绿洲20－21号楼管家惊蛰(员工):""[玫瑰][玫瑰]早安  绿洲[玫瑰][玫…………""。济南绿洲20－21号楼管家惊蛰(员工):""[链接]""。08月26日 09:55分。顺其自然(客户):""8.13元，接到[爆竹]“银监会”[爆竹]电话被骗。。3.63万元，大学生??兼职??被骗。。3.5万元，初中生被骗。。3.46万元，妇女?兼职刷单?被骗。。2.31万元，男青年[色]约炮[色]被骗。。。男青年[色][色]约炮[色][色]，妇女??兼职刷单??、????被“异性网友”诱导投资????诈骗高发！。转发提醒好家里的[拥抱]年轻人、妇女[拥抱]！。。【8月25日电诈警情通报】（近三天典型案例）。【平安街道、开发区派出所】。1、乙武村居民（开发区报警），【接到“银监会”电话】被骗8.13万元。。??手段：接到电话，对方自称?【“银监会”工作人员】??，要帮其“降低网贷利率”，还让其??登陆假的银监会网站??。。        过程中，?开启“屏幕共享”?，指导其将钱转走。。。【大学城、大学路派出所】。2、山东师范大学思想政治教育专业大四学生，【兼职】被骗3.63万元。。??手段：网上看到信息，兼职（“垫资”代充话费）。对方称选择[爆竹][爆竹]“企业代付”[爆竹][爆竹]，??钱就不会被转走，但操作后，钱还是被转走??。。       对方称其操作失误，??为退款，按对方要求，继续转账??。。。【马山镇、马山派出所】。3、周庙村初中生，【找人“解封微信”】被骗3.5万元。。??手段：快手找人解封微信，对方让其?提供了家长微信、银行卡的【验证码】?，钱被转走。。。【文昌街道、新城派出所】。4、建发天玺妇女，网上兼职【垫资做任务、刷销量、刷关注、刷点赞】被骗3.46万元。。??手段：??被陌生人拉进群??，推荐足不出户做兼职，[裂开]抖音刷关注[裂开]挣到佣金，后被引诱??“垫资”刷购“抖币”??。。        前期挣到小额返利，后被以【系统设置，需要[苦涩]连续刷任务才能退还垫付金、佣金[苦涩]】，【??操作失误，需要刷补救单??】为由要求转账。。。【崮云湖街道、大学路派出所】。5、河南籍务工男青年（租住乐天），【刷单做任务以?? 免费约炮?? 】被骗2.31万元。。??手段：??网上看到信息??，下载APP，为[吐]解锁约炮资格[吐]，??“约炮”客服引诱其“垫资”刷“会员费”??，前期挣到小额返利。。        后被以【系统设置，需要[裂开]连续刷任务[裂开]才能退还垫付金、佣金】、【??操作失误??（后台都能做手脚），刷补救单】为由要求多次转账。""。08月26日 10:21分。顺其自然(客户):""各位居民朋友好~。社区邻里夜校“AI机器人”招生啦~，详细信息如下：。上课时间：2024年8月28日本周三晚上七点半。活动地点：恒大绿洲第二社区党群服务中心""。顺其自然(客户):""[小程序消息]""。08月26日 15:37分。宁宁(客户):""[图片]""。宁宁(客户):""[图片]""。宁宁(客户):""[图片]""。宁宁(客户):""[图片]""。08月26日 15:54分。三姐清真牛羊肉15064059399(客户):""大公鸡柴鸡要的继续下单，免费剁鸡送货上门，下雨过阴了""。三姐清真牛羊肉15064059399(客户):""[视频]""。08月26日 16:53分。宁宁(客户):""[拳头]环境提升持续进行中[拳头]。[太阳]今天地下室清理[太阳]。恒大绿洲保洁团队为您服务[玫瑰]""。宁宁(客户):""[图片]""。08月26日 18:41分。A大漠(客户):""??物业秩序“小蜜蜂” ??。[庆祝]“小蜜蜂”来了！来了！[庆祝]。[太阳]有事，您说话[太阳]。[庆祝]车辆电瓶亏电启动不了！。[庆祝]家里有沉物品搬不动了！。[庆祝]买了好多东西拿不了！。联系电话：0531-55612606。秩序小“蜜蜂”竭诚为您服务！[耶][耶][耶]。[庆祝]我们的口号：。[庆祝]真心帮助每一位[庆祝]。[庆祝]热心服务每一人[庆祝]。[庆祝]赠人玫瑰[玫瑰]，手有余香[庆祝]""。A大漠(客户):""[图片]""。08月26日 20:04分。你的月亮我的心(客户):""尊敬的业主，您好：。       为更好、更快的解决业主问题，现将各值班人员、联系电话及值班时间公示在群内，各位业主可直接电话联系或在群内@秩序110。1、日常家用维修工具(螺丝刀、活动扳手、小锤等);。2、小型购物车、平板车、人字梯、打气筒，应急医用品等。。为您爱家保驾护航，如果您有家政保洁、直饮水卡办理、白蚁消杀、有偿维修、房屋租赁的业务需求，随时与我们联系，为您提供专业的服务。。【秩序维护部】。[爱心]1.值班时间段：。????20:00－08:00????。[爱心]2.值班中队长-赵队电话：0531-55615881。[爱心]3.物业服务电话：0531-55615896、55615596。??4.监控室值班24小时电话：0531-55612606。3、【物业-安保服务“小蜜蜂”】。[抱拳]如您家中有需要帮助的请联系我们?。[爱心]24小时为各位家人守候。[合十]贴心服务、真诚相伴。如需便民服务车，请直接联系；。①55612606。②55612808。有事您说话，我们会在第一时间安排人员帮你处理[玫瑰][玫瑰]""。你的月亮我的心(客户):""[图片]""。08月26日 20:46分。大海(客户):""【公区维修8月19日-8月25日工作汇报】。●公区及地下车库排污泵检修7处。●公区及地下车库照明更换6处。●公区直饮水机滤芯更换4处。●公区大堂顶子破损粉刷5处。●公区墙砖破损更换3处。●公区消防故障处理47处。●公区充电桩头安装21处。●园区排污管道疏通8处。●园区路面维修3处。●电梯维保125部。●设备房维护保养。●设备房巡查。工程维修，为您的生活保驾护航。如需帮助请拨打。24小时物业热线:。0531-55615896。济南恒大绿洲物业服务中心""。大海(客户):""[图片]""。08月26日 23:50分。你的月亮我的心(客户):""尊敬的业主大家好！我是夜间执勤赵队长，金碧物业安保服务8月26号巡查，时刻守护业主们的安全，请安心入睡，如有紧急情况请拨打0531-55612606""。你的月亮我的心(客户):""[图片]""。08月27日 03:01分。你的月亮我的心(客户):""尊敬的业主大家好！我是夜间执勤赵队长，金碧物业安保服务8月27号巡查，时刻守护业主们的安全，请安心入睡，如有紧急情况请拨打0531-55612606""。你的月亮我的心(客户):""[图片]""。&&&","[
    {
        ""话题倾向"": """"
    }
]"
群聊负向,"这是要分析的对话:&&&08月26日 08:01分。姜(客户):""尊敬的各位业主：早上好[玫瑰]。8月26日秩序部白班已接班，执勤安排如下：。一、值班:姜小朋 18786658735。二、24小时值班电：0851-83873003。辖区派出所电话：0851-83851334。三、带班时间：08:00-20:00。四、我们将12小时坚守岗位，如有需要请致电，我们将竭诚为您服务。外出请关好门窗、水电及燃气、出入小区带好业主卡、做好个人防护。。贵阳恒大文化旅游城物业服务中心祝您：生活愉快！[烟花]""。姜(客户):""[图片]""。08月26日 08:58分。晏春英(员工):""【?? 管家休假知会】。尊敬的业主，您好…………""。08月26日 11:01分。姜(客户):""#金碧物业·秩序(保安)服务篇。??用心打磨每一个细节，用真诚赢得您的信赖??。??优美的环境，优良的秩序，优质的服务，都藏在细节里??。?从平凡处发现不平凡，感受我们的用心??。??绝不辜负您的信赖，全心全意为您服务??。         ??金碧物业  我们与您同在。               ——贵阳恒大文化旅游城物业服务中心""。姜(客户):""[图片]""。08月26日 12:25分。心之恋(客户):""[视频号消息]""。心之恋(客户):""【提示】买卖游戏账号、游戏装备等一定要在官方平台进行，不要点击陌生链接，以交保证金、提现失败、账号冻结等理由要求继续充值的都是诈骗！""。心之恋(客户):""通知：。8月25日是全国第八个残疾预防日，筑安社区居委会于明天8月27日（本周二）上午在辖区内开展“预防疾病致残  共享健康生活”宣传服务活动，希望学校有社会实践活动要求的学生积极参与，请有意参加志愿服务活动的人员于8月27日早上9:30到8组团筑安社区居委会集中开展活动。""。08月26日 20:25分。        (客户):""?各位业主：晚上好！[玫瑰]。8月26日秩序部夜间执勤安排：。值班：罗锋18285024210 。维修部：何彬18984855091?。辖区派出所电话：0851-83851334。三、带班时间：20:00-08:00。四、我们将12小时坚守岗位，如有需要请致电，我们将竭诚为您服务。夜间休息请关好门窗，做好安全防范，出入小区带好业主卡、谨防尾随。。贵阳恒大文化旅游城物业服务中心祝您：生活愉快！[烟花]""。08月26日 20:32分。        (客户):""[视频]""。        (客户):""[图片]""。&&&","[
    {
        ""话题倾向"": """"
    }
]"
群聊负向,"这是要分析的对话:&&&08月26日 09:01分。恒大社区居委会8731213(客户):""[视频号消息]""。08月26日 10:16分。恒大社区居委会8731213(客户):""活动通知：恒大社区将于本周三8月28日下午3：00开展社区文明宣传和清扫活动，请需要参与暑假社会实践活动的学生扫下方的腾讯问卷报名参与。。集合地点：恒大社区居委会办公室（恒大城1期1栋内铺）。集合时间：8月28日下午2：50。备注：目前我们发的志愿活动主要是针对学校有要求学生参加暑假社会实践活动要盖章的或者是学校有要求做I志愿的学生，一般是中学生或者大学生，因每次活动人数有限，请没有这方面要求的学生家长暂时不要报名，谢谢！。温馨提示：。1.最近天气多变，请自备雨具遮阳防雨，注意安全。。2.请有需要拍照交学校的同学，自行带手机拍照哈。3.本次活动为24年暑期学生社会实践活动的最后一次活动，后续将不再开展，请有需要的学生积极参与。""。恒大社区居委会8731213(客户):""[图片]""。08月26日 17:20分。韶关恒大城-管家-杨洪财(员工):""关于八月园区消杀通知。尊敬的业户：。  …………""。08月26日 19:07分。韶关恒大城B区监控员(客户):""2024-8-26。【秩序维护部】。1、值班时间段:【19:00-7:00】。2、值班中队长:  李佰全。联系电话：18933707875。【温馨提示】。请各位业主知悉，如需要帮助或遇紧急情况，请电话联系值班室或值班中队长。。物业24小时值班电话：0751-8706100。0751-8706228""。&&&","[
    {
        ""话题倾向"": """"
    }
]"
群聊负向,"这是要分析的对话:&&&08月26日 10:24分。爱不解释(客户):""#金碧物业·秩序(保安)服务篇。??用心打磨每一个细节，用真诚赢得您的信赖??。??优美的环境，优良的秩序，优质的服务，都藏在细节里??。?从平凡处发现不平凡，感受我们的用心??。??绝不辜负您的信赖，全心全意为您服务??。         ??金碧物业  我们与您同在。               ——贵阳恒大文化旅游城物业服务中心""。爱不解释(客户):""[图片]""。08月26日 12:21分。南锺(客户):""通知：。8月25日是全国第八个残疾预防日，筑安社区居委会于明天8月27日（本周二）上午在辖区内开展“预防疾病致残  共享健康生活”宣传服务活动，希望学校有社会实践活动要求的学生积极参与，请有意参加志愿服务活动的人员于8月27日早上9:30到8组团筑安社区居委会集中开展活动。""。&&&","[
    {
        ""话题倾向"": """"
    }
]"
群聊负向,"这是要分析的对话:&&&08月26日 09:14分。恒大城???? 秩序部 三期监控室(客户):""[视频号消息]""。恒大城???? 秩序部 三期监控室(客户):""“客服”给你打来电话，说你网购商品出现问题！可以给你申请退款，还给你发来陌生链接！让你注册账号填写信息，再说因“操作失误”导致账户被冻结，让你转账解冻后才能退款？南昌反诈提醒您：退换货请认准官方平台，陌生链接不要点击，不要透露个人信息。敬请各位领导同事转发反诈视频及反诈日历。[抱拳][抱拳][抱拳]""。恒大城???? 秩序部 三期监控室(客户):""[图片]""。08月26日 11:48分。南昌恒大城-管家(员工):""【关于四害消杀的温馨提示】。      …………""。南昌恒大城-管家(员工):""[图片]""。08月26日 15:49分。南昌恒大城-管家(员工):""【南昌恒大城—周报】。?? 一周美好，与…………""。08月26日 16:53分。南昌恒大城-管家(员工):""[图片]""。08月26日 17:06分。南昌恒大城-管家(员工):""【44栋地库口维修封闭通知】。    各…………""。南昌恒大城-管家(员工):""[图片]""。08月26日 17:33分。南昌恒大城-管家(员工):""@所有人  请问有业主车位出租吗，有意私…………""。08月26日 18:15分。恒大城???? 秩序部 三期监控室(客户):""重要警示：。    8月23日晚10时，江苏省宿迁市一电动自行车店起火，虽然仅半小时明火就得到控制，但仍造成6人死亡（尤为痛心的是，遇难者中4人系未成年人）。此前，2024年2月23日4时许，江苏南京市雨花台区一小区发生电动自行车火灾，造成15人死亡，44人受伤。今年4月27日，我县一小区也发生了电动自行车火灾亡人事件。在此警示，电动自行车起火，燃烧迅速并会在短时间造成大量有害气体，因灾致死率极高！因此，为了大家的生命财产安全，恳请各位业主对自己负责，也对左右邻里负责，严禁将电动自行车违规入楼、违规充电！也请各位监督，一发现有电动车上楼进单元的，请及时联系物业24小时电话:85130408，物业会第一时间上户整治，保障大家居住安全。""。08月26日 20:05分。恒大城???? 秩序部 三期监控室(客户):""? 2024.8.26日? 。【秩序维护部】 。1.夜班值班时间段：20：00—08：00。2.夜班值班队长:徐霖。3.物业24小时服务电话：0791-85957719/85130408。? 【物业小贴士】?。1、园区道路是大家的，请将爱车停至车位或车库，勿占行车主干道。。2、予人方便，予己方便，整齐有序，文明停车。。3、随身携带门禁卡，刷卡进出，提高安全防止偷盗。。4、请随手关大堂门，轻拉轻推，勿用力拉扯。。5、非机动车请勿进大堂、楼道内充电。。6、请勿让爱宠随地大小便，做文明养宠人。""。&&&","[
    {
        ""话题倾向"": """"
    }
]"
群聊负向,"这是要分析的对话:&&&08月26日 07:54分。三姐清真牛羊肉15064059399(客户):""大公鸡柴鸡预定的过来拿吧，要的继续下单，免费剁鸡送货上门，二期出摊""。三姐清真牛羊肉15064059399(客户):""{""pre_msgid"":""16347251589877021715_1724630099244_external""}""。三姐清真牛羊肉15064059399(客户):""[视频]""。三姐清真牛羊肉15064059399(客户):""大公鸡柴鸡预定的过来拿吧，要的继续下单，免费剁鸡送货上门，二期北门出摊""。08月26日 08:05分。A00(客户):""尊敬的业主，您好：。       为更好、更快的解决业主问题，现将各值班人员、联系电话及值班时间公示在群内，各位业主可直接电话联系或在群内@秩序110。1、日常家用维修工具(螺丝刀、活动扳手、小锤等);。2、小型购物车、平板车、人字梯、打气筒，应急医用品等。。为您爱家保驾护航，如果您有家政保洁、直饮水卡办理、白蚁消杀、有偿维修、房屋租赁的业务需求，随时与我们联系，为您提供专业的服务。。【秩序维护部】。[爱心]1.值班时间段：。????08:00－20:00????。[爱心]2.值班中队长-赵队电话：0531-83131013。[爱心]3.物业服务电话：0531-55615896、55615596。??4.监控室值班24小时电话：0531-55612606。3、【物业-安保服务“小蜜蜂”】。[抱拳]如您家中有需要帮助的请联系我们?。[爱心]24小时为各位家人守候。[合十]贴心服务、真诚相伴。如需便民服务车，请直接联系；。①55612606。②55612808。有事您说话，我们会在第一时间安排人员帮你处理[玫瑰][玫瑰]""。A00(客户):""[图片]""。08月26日 08:17分。宁宁(客户):""??ˋ????ˊ??????????????????.*·做自己生活的舵手 把握梦想前进的方向 不服输 才能成长更好的自己。各位家人们[爱心]早上好！。我是物业保洁领班庄明华，联系电话 15628830750。各位保洁叔叔阿姨已到岗。??倘若您发现任何环境方面的问题或者有宝贵的建议，随时与我联系，我定会全力以赴为您排忧解难！。??感谢各位家人一直以来的信赖与支持！ ?? ??""。宁宁(客户):""[图片]""。08月26日 08:33分。三姐清真牛羊肉15064059399(客户):""[视频]""。三姐清真牛羊肉15064059399(客户):""刚宰的大公鸡柴鸡到，预定的过来拿吧，要的继续下单，免费剁鸡送货上门，二期出摊""。08月26日 08:42分。济南绿洲20－21号楼管家惊蛰(员工):""????金碧物业晨跑开跑啦！！！大朋友、…………""。济南绿洲20－21号楼管家惊蛰(员工):""[图片]""。济南绿洲20－21号楼管家惊蛰(员工):""[图片]""。济南绿洲20－21号楼管家惊蛰(员工):""[图片]""。济南绿洲20－21号楼管家惊蛰(员工):""[文件超过最大限制]""。济南绿洲20－21号楼管家惊蛰(员工):""[玫瑰][玫瑰]早安  绿洲[玫瑰][玫…………""。济南绿洲20－21号楼管家惊蛰(员工):""[链接]""。08月26日 09:55分。顺其自然(客户):""8.13元，接到[爆竹]“银监会”[爆竹]电话被骗。。3.63万元，大学生??兼职??被骗。。3.5万元，初中生被骗。。3.46万元，妇女?兼职刷单?被骗。。2.31万元，男青年[色]约炮[色]被骗。。。男青年[色][色]约炮[色][色]，妇女??兼职刷单??、????被“异性网友”诱导投资????诈骗高发！。转发提醒好家里的[拥抱]年轻人、妇女[拥抱]！。。【8月25日电诈警情通报】（近三天典型案例）。【平安街道、开发区派出所】。1、乙武村居民（开发区报警），【接到“银监会”电话】被骗8.13万元。。??手段：接到电话，对方自称?【“银监会”工作人员】??，要帮其“降低网贷利率”，还让其??登陆假的银监会网站??。。        过程中，?开启“屏幕共享”?，指导其将钱转走。。。【大学城、大学路派出所】。2、山东师范大学思想政治教育专业大四学生，【兼职】被骗3.63万元。。??手段：网上看到信息，兼职（“垫资”代充话费）。对方称选择[爆竹][爆竹]“企业代付”[爆竹][爆竹]，??钱就不会被转走，但操作后，钱还是被转走??。。       对方称其操作失误，??为退款，按对方要求，继续转账??。。。【马山镇、马山派出所】。3、周庙村初中生，【找人“解封微信”】被骗3.5万元。。??手段：快手找人解封微信，对方让其?提供了家长微信、银行卡的【验证码】?，钱被转走。。。【文昌街道、新城派出所】。4、建发天玺妇女，网上兼职【垫资做任务、刷销量、刷关注、刷点赞】被骗3.46万元。。??手段：??被陌生人拉进群??，推荐足不出户做兼职，[裂开]抖音刷关注[裂开]挣到佣金，后被引诱??“垫资”刷购“抖币”??。。        前期挣到小额返利，后被以【系统设置，需要[苦涩]连续刷任务才能退还垫付金、佣金[苦涩]】，【??操作失误，需要刷补救单??】为由要求转账。。。【崮云湖街道、大学路派出所】。5、河南籍务工男青年（租住乐天），【刷单做任务以?? 免费约炮?? 】被骗2.31万元。。??手段：??网上看到信息??，下载APP，为[吐]解锁约炮资格[吐]，??“约炮”客服引诱其“垫资”刷“会员费”??，前期挣到小额返利。。        后被以【系统设置，需要[裂开]连续刷任务[裂开]才能退还垫付金、佣金】、【??操作失误??（后台都能做手脚），刷补救单】为由要求多次转账。""。08月26日 10:21分。顺其自然(客户):""各位居民朋友好~。社区邻里夜校“AI机器人”招生啦~，详细信息如下：。上课时间：2024年8月28日本周三晚上七点半。活动地点：恒大绿洲第二社区党群服务中心""。顺其自然(客户):""[小程序消息]""。08月26日 15:37分。宁宁(客户):""[图片]""。宁宁(客户):""[图片]""。宁宁(客户):""[图片]""。宁宁(客户):""[图片]""。08月26日 15:54分。三姐清真牛羊肉15064059399(客户):""大公鸡柴鸡要的继续下单，免费剁鸡送货上门，下雨过阴了""。三姐清真牛羊肉15064059399(客户):""[视频]""。08月26日 16:53分。宁宁(客户):""[拳头]环境提升持续进行中[拳头]。[太阳]今天地下室清理[太阳]。恒大绿洲保洁团队为您服务[玫瑰]""。宁宁(客户):""[图片]""。08月26日 18:41分。A大漠(客户):""??物业秩序“小蜜蜂” ??。[庆祝]“小蜜蜂”来了！来了！[庆祝]。[太阳]有事，您说话[太阳]。[庆祝]车辆电瓶亏电启动不了！。[庆祝]家里有沉物品搬不动了！。[庆祝]买了好多东西拿不了！。联系电话：0531-55612606。秩序小“蜜蜂”竭诚为您服务！[耶][耶][耶]。[庆祝]我们的口号：。[庆祝]真心帮助每一位[庆祝]。[庆祝]热心服务每一人[庆祝]。[庆祝]赠人玫瑰[玫瑰]，手有余香[庆祝]""。A大漠(客户):""[图片]""。08月26日 20:04分。你的月亮我的心(客户):""尊敬的业主，您好：。       为更好、更快的解决业主问题，现将各值班人员、联系电话及值班时间公示在群内，各位业主可直接电话联系或在群内@秩序110。1、日常家用维修工具(螺丝刀、活动扳手、小锤等);。2、小型购物车、平板车、人字梯、打气筒，应急医用品等。。为您爱家保驾护航，如果您有家政保洁、直饮水卡办理、白蚁消杀、有偿维修、房屋租赁的业务需求，随时与我们联系，为您提供专业的服务。。【秩序维护部】。[爱心]1.值班时间段：。????20:00－08:00????。[爱心]2.值班中队长-赵队电话：0531-55615881。[爱心]3.物业服务电话：0531-55615896、55615596。??4.监控室值班24小时电话：0531-55612606。3、【物业-安保服务“小蜜蜂”】。[抱拳]如您家中有需要帮助的请联系我们?。[爱心]24小时为各位家人守候。[合十]贴心服务、真诚相伴。如需便民服务车，请直接联系；。①55612606。②55612808。有事您说话，我们会在第一时间安排人员帮你处理[玫瑰][玫瑰]""。你的月亮我的心(客户):""[图片]""。08月26日 20:46分。大海(客户):""【公区维修8月19日-8月25日工作汇报】。●公区及地下车库排污泵检修7处。●公区及地下车库照明更换6处。●公区直饮水机滤芯更换4处。●公区大堂顶子破损粉刷5处。●公区墙砖破损更换3处。●公区消防故障处理47处。●公区充电桩头安装21处。●园区排污管道疏通8处。●园区路面维修3处。●电梯维保125部。●设备房维护保养。●设备房巡查。工程维修，为您的生活保驾护航。如需帮助请拨打。24小时物业热线:。0531-55615896。济南恒大绿洲物业服务中心""。大海(客户):""[图片]""。08月26日 23:50分。你的月亮我的心(客户):""尊敬的业主大家好！我是夜间执勤赵队长，金碧物业安保服务8月26号巡查，时刻守护业主们的安全，请安心入睡，如有紧急情况请拨打0531-55612606""。你的月亮我的心(客户):""[图片]""。08月27日 03:01分。你的月亮我的心(客户):""尊敬的业主大家好！我是夜间执勤赵队长，金碧物业安保服务8月27号巡查，时刻守护业主们的安全，请安心入睡，如有紧急情况请拨打0531-55612606""。你的月亮我的心(客户):""[图片]""。&&&","[
    {
        ""话题倾向"": """"
    }
]"
群聊负向,"这是要分析的对话:&&&08月26日 09:14分。恒大城???? 秩序部 三期监控室(客户):""[视频号消息]""。恒大城???? 秩序部 三期监控室(客户):""“客服”给你打来电话，说你网购商品出现问题！可以给你申请退款，还给你发来陌生链接！让你注册账号填写信息，再说因“操作失误”导致账户被冻结，让你转账解冻后才能退款？南昌反诈提醒您：退换货请认准官方平台，陌生链接不要点击，不要透露个人信息。敬请各位领导同事转发反诈视频及反诈日历。[抱拳][抱拳][抱拳]""。恒大城???? 秩序部 三期监控室(客户):""[图片]""。08月26日 11:48分。南昌恒大城-管家(员工):""【关于四害消杀的温馨提示】。      …………""。南昌恒大城-管家(员工):""[图片]""。08月26日 15:49分。南昌恒大城-管家(员工):""【南昌恒大城—周报】。?? 一周美好，与…………""。08月26日 16:53分。南昌恒大城-管家(员工):""[图片]""。08月26日 17:06分。南昌恒大城-管家(员工):""【44栋地库口维修封闭通知】。    各…………""。南昌恒大城-管家(员工):""[图片]""。08月26日 17:33分。南昌恒大城-管家(员工):""@所有人  请问有业主车位出租吗，有意私…………""。08月26日 18:15分。恒大城???? 秩序部 三期监控室(客户):""重要警示：。    8月23日晚10时，江苏省宿迁市一电动自行车店起火，虽然仅半小时明火就得到控制，但仍造成6人死亡（尤为痛心的是，遇难者中4人系未成年人）。此前，2024年2月23日4时许，江苏南京市雨花台区一小区发生电动自行车火灾，造成15人死亡，44人受伤。今年4月27日，我县一小区也发生了电动自行车火灾亡人事件。在此警示，电动自行车起火，燃烧迅速并会在短时间造成大量有害气体，因灾致死率极高！因此，为了大家的生命财产安全，恳请各位业主对自己负责，也对左右邻里负责，严禁将电动自行车违规入楼、违规充电！也请各位监督，一发现有电动车上楼进单元的，请及时联系物业24小时电话:85130408，物业会第一时间上户整治，保障大家居住安全。""。08月26日 20:05分。恒大城???? 秩序部 三期监控室(客户):""? 2024.8.26日? 。【秩序维护部】 。1.夜班值班时间段：20：00—08：00。2.夜班值班队长:徐霖。3.物业24小时服务电话：0791-85957719/85130408。? 【物业小贴士】?。1、园区道路是大家的，请将爱车停至车位或车库，勿占行车主干道。。2、予人方便，予己方便，整齐有序，文明停车。。3、随身携带门禁卡，刷卡进出，提高安全防止偷盗。。4、请随手关大堂门，轻拉轻推，勿用力拉扯。。5、非机动车请勿进大堂、楼道内充电。。6、请勿让爱宠随地大小便，做文明养宠人。""。&&&","[
    {
        ""话题倾向"": """"
    }
]"
群聊负向,"这是要分析的对话:&&&08月26日 07:54分。三姐清真牛羊肉15064059399(客户):""大公鸡柴鸡预定的过来拿吧，要的继续下单，免费剁鸡送货上门，二期出摊""。三姐清真牛羊肉15064059399(客户):""{""pre_msgid"":""16347251589877021715_1724630099244_external""}""。三姐清真牛羊肉15064059399(客户):""[视频]""。三姐清真牛羊肉15064059399(客户):""大公鸡柴鸡预定的过来拿吧，要的继续下单，免费剁鸡送货上门，二期北门出摊""。08月26日 08:05分。A00(客户):""尊敬的业主，您好：。       为更好、更快的解决业主问题，现将各值班人员、联系电话及值班时间公示在群内，各位业主可直接电话联系或在群内@秩序110。1、日常家用维修工具(螺丝刀、活动扳手、小锤等);。2、小型购物车、平板车、人字梯、打气筒，应急医用品等。。为您爱家保驾护航，如果您有家政保洁、直饮水卡办理、白蚁消杀、有偿维修、房屋租赁的业务需求，随时与我们联系，为您提供专业的服务。。【秩序维护部】。[爱心]1.值班时间段：。????08:00－20:00????。[爱心]2.值班中队长-赵队电话：0531-83131013。[爱心]3.物业服务电话：0531-55615896、55615596。??4.监控室值班24小时电话：0531-55612606。3、【物业-安保服务“小蜜蜂”】。[抱拳]如您家中有需要帮助的请联系我们?。[爱心]24小时为各位家人守候。[合十]贴心服务、真诚相伴。如需便民服务车，请直接联系；。①55612606。②55612808。有事您说话，我们会在第一时间安排人员帮你处理[玫瑰][玫瑰]""。A00(客户):""[图片]""。08月26日 08:17分。宁宁(客户):""??ˋ????ˊ??????????????????.*·做自己生活的舵手 把握梦想前进的方向 不服输 才能成长更好的自己。各位家人们[爱心]早上好！。我是物业保洁领班庄明华，联系电话 15628830750。各位保洁叔叔阿姨已到岗。??倘若您发现任何环境方面的问题或者有宝贵的建议，随时与我联系，我定会全力以赴为您排忧解难！。??感谢各位家人一直以来的信赖与支持！ ?? ??""。宁宁(客户):""[图片]""。08月26日 08:33分。三姐清真牛羊肉15064059399(客户):""[视频]""。三姐清真牛羊肉15064059399(客户):""刚宰的大公鸡柴鸡到，预定的过来拿吧，要的继续下单，免费剁鸡送货上门，二期出摊""。08月26日 08:42分。济南绿洲20－21号楼管家惊蛰(员工):""????金碧物业晨跑开跑啦！！！大朋友、…………""。济南绿洲20－21号楼管家惊蛰(员工):""[图片]""。济南绿洲20－21号楼管家惊蛰(员工):""[图片]""。济南绿洲20－21号楼管家惊蛰(员工):""[图片]""。济南绿洲20－21号楼管家惊蛰(员工):""[文件超过最大限制]""。济南绿洲20－21号楼管家惊蛰(员工):""[玫瑰][玫瑰]早安  绿洲[玫瑰][玫…………""。济南绿洲20－21号楼管家惊蛰(员工):""[链接]""。08月26日 09:55分。顺其自然(客户):""8.13元，接到[爆竹]“银监会”[爆竹]电话被骗。。3.63万元，大学生??兼职??被骗。。3.5万元，初中生被骗。。3.46万元，妇女?兼职刷单?被骗。。2.31万元，男青年[色]约炮[色]被骗。。。男青年[色][色]约炮[色][色]，妇女??兼职刷单??、????被“异性网友”诱导投资????诈骗高发！。转发提醒好家里的[拥抱]年轻人、妇女[拥抱]！。。【8月25日电诈警情通报】（近三天典型案例）。【平安街道、开发区派出所】。1、乙武村居民（开发区报警），【接到“银监会”电话】被骗8.13万元。。??手段：接到电话，对方自称?【“银监会”工作人员】??，要帮其“降低网贷利率”，还让其??登陆假的银监会网站??。。        过程中，?开启“屏幕共享”?，指导其将钱转走。。。【大学城、大学路派出所】。2、山东师范大学思想政治教育专业大四学生，【兼职】被骗3.63万元。。??手段：网上看到信息，兼职（“垫资”代充话费）。对方称选择[爆竹][爆竹]“企业代付”[爆竹][爆竹]，??钱就不会被转走，但操作后，钱还是被转走??。。       对方称其操作失误，??为退款，按对方要求，继续转账??。。。【马山镇、马山派出所】。3、周庙村初中生，【找人“解封微信”】被骗3.5万元。。??手段：快手找人解封微信，对方让其?提供了家长微信、银行卡的【验证码】?，钱被转走。。。【文昌街道、新城派出所】。4、建发天玺妇女，网上兼职【垫资做任务、刷销量、刷关注、刷点赞】被骗3.46万元。。??手段：??被陌生人拉进群??，推荐足不出户做兼职，[裂开]抖音刷关注[裂开]挣到佣金，后被引诱??“垫资”刷购“抖币”??。。        前期挣到小额返利，后被以【系统设置，需要[苦涩]连续刷任务才能退还垫付金、佣金[苦涩]】，【??操作失误，需要刷补救单??】为由要求转账。。。【崮云湖街道、大学路派出所】。5、河南籍务工男青年（租住乐天），【刷单做任务以?? 免费约炮?? 】被骗2.31万元。。??手段：??网上看到信息??，下载APP，为[吐]解锁约炮资格[吐]，??“约炮”客服引诱其“垫资”刷“会员费”??，前期挣到小额返利。。        后被以【系统设置，需要[裂开]连续刷任务[裂开]才能退还垫付金、佣金】、【??操作失误??（后台都能做手脚），刷补救单】为由要求多次转账。""。08月26日 10:21分。顺其自然(客户):""各位居民朋友好~。社区邻里夜校“AI机器人”招生啦~，详细信息如下：。上课时间：2024年8月28日本周三晚上七点半。活动地点：恒大绿洲第二社区党群服务中心""。顺其自然(客户):""[小程序消息]""。08月26日 15:37分。宁宁(客户):""[图片]""。宁宁(客户):""[图片]""。宁宁(客户):""[图片]""。宁宁(客户):""[图片]""。08月26日 15:54分。三姐清真牛羊肉15064059399(客户):""大公鸡柴鸡要的继续下单，免费剁鸡送货上门，下雨过阴了""。三姐清真牛羊肉15064059399(客户):""[视频]""。08月26日 16:53分。宁宁(客户):""[拳头]环境提升持续进行中[拳头]。[太阳]今天地下室清理[太阳]。恒大绿洲保洁团队为您服务[玫瑰]""。宁宁(客户):""[图片]""。08月26日 18:41分。A大漠(客户):""??物业秩序“小蜜蜂” ??。[庆祝]“小蜜蜂”来了！来了！[庆祝]。[太阳]有事，您说话[太阳]。[庆祝]车辆电瓶亏电启动不了！。[庆祝]家里有沉物品搬不动了！。[庆祝]买了好多东西拿不了！。联系电话：0531-55612606。秩序小“蜜蜂”竭诚为您服务！[耶][耶][耶]。[庆祝]我们的口号：。[庆祝]真心帮助每一位[庆祝]。[庆祝]热心服务每一人[庆祝]。[庆祝]赠人玫瑰[玫瑰]，手有余香[庆祝]""。A大漠(客户):""[图片]""。08月26日 20:04分。你的月亮我的心(客户):""尊敬的业主，您好：。       为更好、更快的解决业主问题，现将各值班人员、联系电话及值班时间公示在群内，各位业主可直接电话联系或在群内@秩序110。1、日常家用维修工具(螺丝刀、活动扳手、小锤等);。2、小型购物车、平板车、人字梯、打气筒，应急医用品等。。为您爱家保驾护航，如果您有家政保洁、直饮水卡办理、白蚁消杀、有偿维修、房屋租赁的业务需求，随时与我们联系，为您提供专业的服务。。【秩序维护部】。[爱心]1.值班时间段：。????20:00－08:00????。[爱心]2.值班中队长-赵队电话：0531-55615881。[爱心]3.物业服务电话：0531-55615896、55615596。??4.监控室值班24小时电话：0531-55612606。3、【物业-安保服务“小蜜蜂”】。[抱拳]如您家中有需要帮助的请联系我们?。[爱心]24小时为各位家人守候。[合十]贴心服务、真诚相伴。如需便民服务车，请直接联系；。①55612606。②55612808。有事您说话，我们会在第一时间安排人员帮你处理[玫瑰][玫瑰]""。你的月亮我的心(客户):""[图片]""。08月26日 20:46分。大海(客户):""【公区维修8月19日-8月25日工作汇报】。●公区及地下车库排污泵检修7处。●公区及地下车库照明更换6处。●公区直饮水机滤芯更换4处。●公区大堂顶子破损粉刷5处。●公区墙砖破损更换3处。●公区消防故障处理47处。●公区充电桩头安装21处。●园区排污管道疏通8处。●园区路面维修3处。●电梯维保125部。●设备房维护保养。●设备房巡查。工程维修，为您的生活保驾护航。如需帮助请拨打。24小时物业热线:。0531-55615896。济南恒大绿洲物业服务中心""。大海(客户):""[图片]""。08月26日 23:50分。你的月亮我的心(客户):""尊敬的业主大家好！我是夜间执勤赵队长，金碧物业安保服务8月26号巡查，时刻守护业主们的安全，请安心入睡，如有紧急情况请拨打0531-55612606""。你的月亮我的心(客户):""[图片]""。08月27日 03:01分。你的月亮我的心(客户):""尊敬的业主大家好！我是夜间执勤赵队长，金碧物业安保服务8月27号巡查，时刻守护业主们的安全，请安心入睡，如有紧急情况请拨打0531-55612606""。你的月亮我的心(客户):""[图片]""。&&&","[
    {
        ""话题倾向"": """"
    }
]"
群聊负向,"这是要分析的对话:&&&08月26日 09:02分。恒大社区居委会8731213(客户):""[视频号消息]""。08月26日 10:16分。恒大社区居委会8731213(客户):""[图片]""。恒大社区居委会8731213(客户):""活动通知：恒大社区将于本周三8月28日下午3：00开展社区文明宣传和清扫活动，请需要参与暑假社会实践活动的学生扫下方的腾讯问卷报名参与。。集合地点：恒大社区居委会办公室（恒大城1期1栋内铺）。集合时间：8月28日下午2：50。备注：目前我们发的志愿活动主要是针对学校有要求学生参加暑假社会实践活动要盖章的或者是学校有要求做I志愿的学生，一般是中学生或者大学生，因每次活动人数有限，请没有这方面要求的学生家长暂时不要报名，谢谢！。温馨提示：。1.最近天气多变，请自备雨具遮阳防雨，注意安全。。2.请有需要拍照交学校的同学，自行带手机拍照哈。3.本次活动为24年暑期学生社会实践活动的最后一次活动，后续将不再开展，请有需要的学生积极参与。""。08月26日 17:22分。四千金(客户):""[图片]""。韶关恒大城-管家张世辉(员工):""@四千金收到""。韶关恒大城-管家张世辉(员工):""这边通知保洁""。08月26日 17:44分。韶关恒大城-管家张世辉(员工):""@所有人 关于八月园区消杀通知。尊敬的业…………""。08月26日 19:03分。螃蟹(客户):""@韶关恒大城B区监控员?@韶关恒大城-管家张世辉?请开羽毛球场灯谢谢""。螃蟹(客户):""现在天黑得早""。韶关恒大城B区监控员(客户):""收到   这边反馈师傅""。螃蟹(客户):""只能听声打球了@韶关恒大城-管家张世辉?""。韶关恒大城B区监控员(客户):""2024-8-26。【秩序维护部】。1、值班时间段:【19:00-7:00】。2、值班中队长:  李佰全。联系电话：18933707875。【温馨提示】。请各位业主知悉，如需要帮助或遇紧急情况，请电话联系值班室或值班中队长。。物业24小时值班电话：0751-8706100。0751-8706228""。&&&","[
    {
        ""话题倾向"": """"
    }
]"
群聊负向,"这是要分析的对话:&&&08月26日 12:21分。南锺(客户):""通知：。8月25日是全国第八个残疾预防日，筑安社区居委会于明天8月27日（本周二）上午在辖区内开展“预防疾病致残  共享健康生活”宣传服务活动，希望学校有社会实践活动要求的学生积极参与，请有意参加志愿服务活动的人员于8月27日早上9:30到8组团筑安社区居委会集中开展活动。""。&&&","[
    {
        ""话题倾向"": """"
    }
]"
群聊负向,"这是要分析的对话:&&&08月26日 09:13分。恒大城???? 秩序部 三期监控室(客户):""“客服”给你打来电话，说你网购商品出现问题！可以给你申请退款，还给你发来陌生链接！让你注册账号填写信息，再说因“操作失误”导致账户被冻结，让你转账解冻后才能退款？南昌反诈提醒您：退换货请认准官方平台，陌生链接不要点击，不要透露个人信息。敬请各位领导同事转发反诈视频及反诈日历。[抱拳][抱拳][抱拳]""。恒大城???? 秩序部 三期监控室(客户):""[图片]""。恒大城???? 秩序部 三期监控室(客户):""[视频号消息]""。08月26日 18:20分。恒大城???? 秩序部 三期监控室(客户):""重要警示：。    8月23日晚10时，江苏省宿迁市一电动自行车店起火，虽然仅半小时明火就得到控制，但仍造成6人死亡（尤为痛心的是，遇难者中4人系未成年人）。此前，2024年2月23日4时许，江苏南京市雨花台区一小区发生电动自行车火灾，造成15人死亡，44人受伤。今年4月27日，我县一小区也发生了电动自行车火灾亡人事件。在此警示，电动自行车起火，燃烧迅速并会在短时间造成大量有害气体，因灾致死率极高！因此，为了大家的生命财产安全，恳请各位业主对自己负责，也对左右邻里负责，严禁将电动自行车违规入楼、违规充电！也请各位监督，一发现有电动车上楼进单元的，请及时联系物业24小时电话:85130408，物业会第一时间上户整治，保障大家居住安全。""。08月26日 20:01分。恒大城???? 秩序部 三期监控室(客户):""? 2024.8.26日? 。【秩序维护部】 。1.夜班值班时间段：20：00—08：00。2.夜班值班队长:徐霖。3.物业24小时服务电话：0791-85957719/85130408。? 【物业小贴士】?。1、园区道路是大家的，请将爱车停至车位或车库，勿占行车主干道。。2、予人方便，予己方便，整齐有序，文明停车。。3、随身携带门禁卡，刷卡进出，提高安全防止偷盗。。4、请随手关大堂门，轻拉轻推，勿用力拉扯。。5、非机动车请勿进大堂、楼道内充电。。6、请勿让爱宠随地大小便，做文明养宠人。""。08月26日 20:42分。恒大城-管家小傅(员工):""【管家休息】尊敬的各位业主，明天2024…………""。恒大城-管家小傅(员工):""[图片]""。&&&","[
    {
        ""话题倾向"": """"
    }
]"
群聊负向,"这是要分析的对话:&&&08月26日 05:59分。初心(客户):""早""。初心(客户):""{""pre_msgid"":""5359722894763558097_1724623190172_external""}""。08月26日 08:05分。济南绿洲37-38管家立冬(员工):""????金碧物业晨跑开跑啦！！！大朋友、…………""。济南绿洲37-38管家立冬(员工):""[图片]""。济南绿洲37-38管家立冬(员工):""[图片]""。济南绿洲37-38管家立冬(员工):""[图片]""。济南绿洲37-38管家立冬(员工):""[文件超过最大限制]""。08月26日 08:42分。济南绿洲37-38管家立冬(员工):""[玫瑰][玫瑰]早安  绿洲[玫瑰][玫…………""。济南绿洲37-38管家立冬(员工):""[链接]""。08月26日 09:45分。恒大四社区@蒋(客户):""8.13元，接到[爆竹]“银监会”[爆竹]电话被骗。。3.63万元，大学生??兼职??被骗。。3.5万元，初中生被骗。。3.46万元，妇女?兼职刷单?被骗。。2.31万元，男青年[色]约炮[色]被骗。。。男青年[色][色]约炮[色][色]，妇女??兼职刷单??、????被“异性网友”诱导投资????诈骗高发！。转发提醒好家里的[拥抱]年轻人、妇女[拥抱]！。。【8月25日电诈警情通报】（近三天典型案例）。【平安街道、开发区派出所】。1、乙武村居民（开发区报警），【接到“银监会”电话】被骗8.13万元。。??手段：接到电话，对方自称?【“银监会”工作人员】??，要帮其“降低网贷利率”，还让其??登陆假的银监会网站??。。        过程中，?开启“屏幕共享”?，指导其将钱转走。。。【大学城、大学路派出所】。2、山东师范大学思想政治教育专业大四学生，【兼职】被骗3.63万元。。??手段：网上看到信息，兼职（“垫资”代充话费）。对方称选择[爆竹][爆竹]“企业代付”[爆竹][爆竹]，??钱就不会被转走，但操作后，钱还是被转走??。。       对方称其操作失误，??为退款，按对方要求，继续转账??。。。【马山镇、马山派出所】。3、周庙村初中生，【找人“解封微信”】被骗3.5万元。。??手段：快手找人解封微信，对方让其?提供了家长微信、银行卡的【验证码】?，钱被转走。。。【文昌街道、新城派出所】。4、建发天玺妇女，网上兼职【垫资做任务、刷销量、刷关注、刷点赞】被骗3.46万元。。??手段：??被陌生人拉进群??，推荐足不出户做兼职，[裂开]抖音刷关注[裂开]挣到佣金，后被引诱??“垫资”刷购“抖币”??。。        前期挣到小额返利，后被以【系统设置，需要[苦涩]连续刷任务才能退还垫付金、佣金[苦涩]】，【??操作失误，需要刷补救单??】为由要求转账。。。【崮云湖街道、大学路派出所】。5、河南籍务工男青年（租住乐天），【刷单做任务以?? 免费约炮?? 】被骗2.31万元。。??手段：??网上看到信息??，下载APP，为[吐]解锁约炮资格[吐]，??“约炮”客服引诱其“垫资”刷“会员费”??，前期挣到小额返利。。        后被以【系统设置，需要[裂开]连续刷任务[裂开]才能退还垫付金、佣金】、【??操作失误??（后台都能做手脚），刷补救单】为由要求多次转账。""。08月26日 18:32分。丁一(客户):""[链接]""。丁一(客户):""    【社区儿童跳绳比赛通知】。亲爱的居民们：。为了丰富我们社区儿童的课余生活，增强孩子们的体质，培养团队合作精神与竞争意识，我们社区将于周四（8月29日）下午2:30，在恒大第四社区（37号楼）举办一场别开生面的“快乐童年，绳彩飞扬”儿童跳绳比赛。现面向全体社区儿童发出诚挚邀请，快来加入我们，一起跳动健康，跳出欢乐吧！。?? 比赛时间：8月29日（周四）下午2:30。?? 比赛地点：恒大绿洲37号党群服务中心。?? 参与对象：社区内所有5-12岁的儿童（欢迎家长陪同观看）。?? 比赛项目：。单人速度跳（计时赛）。花样跳绳展示（创意加分）。?? 报名方式：请家长或监护人于本周四前，填报跳绳报名表或通过电话/微信（87219936/13156193896）进行报名。报名时请提供孩子的姓名、年龄及联系方式。。?? 准备事项：。自备跳绳：每位参赛小朋友需自备一根跳绳，确保比赛顺利进行。。着装舒适：请穿着适合运动的服装和鞋子，以最佳状态迎接比赛。。安全第一：比赛过程中请遵守规则，注意安全，友谊第一，比赛第二。。?? 奖项设置：我们将为各项目组别的优胜者颁发精美奖品，更有参与奖等待每一位勇敢参与的小朋友！。让我们在这个充满活力的季节里，以绳为媒，共赴一场健康与快乐的盛宴。期待每一位小朋友的精彩表现，不见不散！。                        。     ??恒大绿洲第四社区居委会""。08月26日 18:39分。A大漠(客户):""??物业秩序“小蜜蜂” ??。[庆祝]“小蜜蜂”来了！来了！[庆祝]。[太阳]有事，您说话[太阳]。[庆祝]车辆电瓶亏电启动不了！。[庆祝]家里有沉物品搬不动了！。[庆祝]买了好多东西拿不了！。联系电话：0531-55612606。秩序小“蜜蜂”竭诚为您服务！[耶][耶][耶]。[庆祝]我们的口号：。[庆祝]真心帮助每一位[庆祝]。[庆祝]热心服务每一人[庆祝]。[庆祝]赠人玫瑰[玫瑰]，手有余香[庆祝]""。A大漠(客户):""[图片]""。08月26日 19:11分。V(客户):""电动车放里面就算了，能不能不要堵着步梯安全通道""。V(客户):""@秩序110?""。08月26日 20:03分。你的月亮我的心(客户):""尊敬的业主，您好：。       为更好、更快的解决业主问题，现将各值班人员、联系电话及值班时间公示在群内，各位业主可直接电话联系或在群内@秩序110。1、日常家用维修工具(螺丝刀、活动扳手、小锤等);。2、小型购物车、平板车、人字梯、打气筒，应急医用品等。。为您爱家保驾护航，如果您有家政保洁、直饮水卡办理、白蚁消杀、有偿维修、房屋租赁的业务需求，随时与我们联系，为您提供专业的服务。。【秩序维护部】。[爱心]1.值班时间段：。????20:00－08:00????。[爱心]2.值班中队长-赵队电话：0531-55615881。[爱心]3.物业服务电话：0531-55615896、55615596。??4.监控室值班24小时电话：0531-55612606。3、【物业-安保服务“小蜜蜂”】。[抱拳]如您家中有需要帮助的请联系我们?。[爱心]24小时为各位家人守候。[合十]贴心服务、真诚相伴。如需便民服务车，请直接联系；。①55612606。②55612808。有事您说话，我们会在第一时间安排人员帮你处理[玫瑰][玫瑰]""。你的月亮我的心(客户):""[图片]""。08月26日 23:52分。你的月亮我的心(客户):""尊敬的业主大家好！我是夜间执勤赵队长，金碧物业安保服务8月26号巡查，时刻守护业主们的安全，请安心入睡，如有紧急情况请拨打0531-55612606""。你的月亮我的心(客户):""[图片]""。08月27日 02:59分。你的月亮我的心(客户):""尊敬的业主大家好！我是夜间执勤赵队长，金碧物业安保服务8月27号巡查，时刻守护业主们的安全，请安心入睡，如有紧急情况请拨打0531-55612606""。你的月亮我的心(客户):""[图片]""。&&&","[
    {
        ""话题倾向"": """"
    }
]"
群聊负向,"这是要分析的对话:&&&08月26日 09:02分。恒大社区居委会8731213(客户):""[视频号消息]""。08月26日 10:16分。恒大社区居委会8731213(客户):""活动通知：恒大社区将于本周三8月28日下午3：00开展社区文明宣传和清扫活动，请需要参与暑假社会实践活动的学生扫下方的腾讯问卷报名参与。。集合地点：恒大社区居委会办公室（恒大城1期1栋内铺）。集合时间：8月28日下午2：50。备注：目前我们发的志愿活动主要是针对学校有要求学生参加暑假社会实践活动要盖章的或者是学校有要求做I志愿的学生，一般是中学生或者大学生，因每次活动人数有限，请没有这方面要求的学生家长暂时不要报名，谢谢！。温馨提示：。1.最近天气多变，请自备雨具遮阳防雨，注意安全。。2.请有需要拍照交学校的同学，自行带手机拍照哈。3.本次活动为24年暑期学生社会实践活动的最后一次活动，后续将不再开展，请有需要的学生积极参与。""。恒大社区居委会8731213(客户):""[图片]""。08月26日 17:44分。韶关恒大城-管家张世辉(员工):""@所有人 关于八月园区消杀通知。尊敬的业…………""。08月26日 19:07分。韶关恒大城B区监控员(客户):""2024-8-26。【秩序维护部】。1、值班时间段:【19:00-7:00】。2、值班中队长:  李佰全。联系电话：18933707875。【温馨提示】。请各位业主知悉，如需要帮助或遇紧急情况，请电话联系值班室或值班中队长。。物业24小时值班电话：0751-8706100。0751-8706228""。&&&","[
    {
        ""话题倾向"": """"
    }
]"
群聊负向,"这是要分析的对话:&&&08月26日 07:54分。王帅(员工):""????金碧物业晨跑开跑啦！！！大朋友、…………""。王帅(员工):""[图片]""。王帅(员工):""[图片]""。王帅(员工):""[图片]""。王帅(员工):""[文件超过最大限制]""。xu～(客户):""这是哪儿啊？""。08月26日 08:04分。A00(客户):""尊敬的业主，您好：。       为更好、更快的解决业主问题，现将各值班人员、联系电话及值班时间公示在群内，各位业主可直接电话联系或在群内@秩序110。1、日常家用维修工具(螺丝刀、活动扳手、小锤等);。2、小型购物车、平板车、人字梯、打气筒，应急医用品等。。为您爱家保驾护航，如果您有家政保洁、直饮水卡办理、白蚁消杀、有偿维修、房屋租赁的业务需求，随时与我们联系，为您提供专业的服务。。【秩序维护部】。[爱心]1.值班时间段：。????08:00－20:00????。[爱心]2.值班中队长-赵队电话：0531-83131013。[爱心]3.物业服务电话：0531-55615896、55615596。??4.监控室值班24小时电话：0531-55612606。3、【物业-安保服务“小蜜蜂”】。[抱拳]如您家中有需要帮助的请联系我们?。[爱心]24小时为各位家人守候。[合十]贴心服务、真诚相伴。如需便民服务车，请直接联系；。①55612606。②55612808。有事您说话，我们会在第一时间安排人员帮你处理[玫瑰][玫瑰]""。A00(客户):""[图片]""。08月26日 08:28分。王帅(员工):""小学东校区操场@xu～ ""。08月26日 08:42分。王帅(员工):""[玫瑰][玫瑰]早安  绿洲[玫瑰][玫…………""。王帅(员工):""[链接]""。08月26日 18:44分。A大漠(客户):""??物业秩序“小蜜蜂” ??。[庆祝]“小蜜蜂”来了！来了！[庆祝]。[太阳]有事，您说话[太阳]。[庆祝]车辆电瓶亏电启动不了！。[庆祝]家里有沉物品搬不动了！。[庆祝]买了好多东西拿不了！。联系电话：0531-55612606。秩序小“蜜蜂”竭诚为您服务！[耶][耶][耶]。[庆祝]我们的口号：。[庆祝]真心帮助每一位[庆祝]。[庆祝]热心服务每一人[庆祝]。[庆祝]赠人玫瑰[玫瑰]，手有余香[庆祝]""。A大漠(客户):""[图片]""。08月26日 20:03分。你的月亮我的心(客户):""尊敬的业主，您好：。       为更好、更快的解决业主问题，现将各值班人员、联系电话及值班时间公示在群内，各位业主可直接电话联系或在群内@秩序110。1、日常家用维修工具(螺丝刀、活动扳手、小锤等);。2、小型购物车、平板车、人字梯、打气筒，应急医用品等。。为您爱家保驾护航，如果您有家政保洁、直饮水卡办理、白蚁消杀、有偿维修、房屋租赁的业务需求，随时与我们联系，为您提供专业的服务。。【秩序维护部】。[爱心]1.值班时间段：。????20:00－08:00????。[爱心]2.值班中队长-赵队电话：0531-55615881。[爱心]3.物业服务电话：0531-55615896、55615596。??4.监控室值班24小时电话：0531-55612606。3、【物业-安保服务“小蜜蜂”】。[抱拳]如您家中有需要帮助的请联系我们?。[爱心]24小时为各位家人守候。[合十]贴心服务、真诚相伴。如需便民服务车，请直接联系；。①55612606。②55612808。有事您说话，我们会在第一时间安排人员帮你处理[玫瑰][玫瑰]""。你的月亮我的心(客户):""[图片]""。08月26日 23:52分。你的月亮我的心(客户):""尊敬的业主大家好！我是夜间执勤赵队长，金碧物业安保服务8月26号巡查，时刻守护业主们的安全，请安心入睡，如有紧急情况请拨打0531-55612606""。你的月亮我的心(客户):""[图片]""。08月27日 02:59分。你的月亮我的心(客户):""尊敬的业主大家好！我是夜间执勤赵队长，金碧物业安保服务8月27号巡查，时刻守护业主们的安全，请安心入睡，如有紧急情况请拨打0531-55612606""。你的月亮我的心(客户):""[图片]""。&&&","[
    {
        ""话题倾向"": """"
    }
]"
群聊负向,"这是要分析的对话:&&&08月26日 05:14分。好久不见(客户):""@秩序110?  来排查一下什么这是声音，谢谢""。你的月亮我的心(客户):""你好，几层""。好久不见(客户):""你上楼下就能听到吧""。好久不见(客户):""嗡嗡的""。好久不见(客户):""不是邻居家的声音""。你的月亮我的心(客户):""收到，马上安排巡逻岗过去排查""。好久不见(客户):""{""pre_msgid"":""8551153592710534170_1724620588159_external""}""。好久不见(客户):""谢谢""。你的月亮我的心(客户):""客气，应该的""。08月26日 08:06分。A00(客户):""尊敬的业主，您好：。       为更好、更快的解决业主问题，现将各值班人员、联系电话及值班时间公示在群内，各位业主可直接电话联系或在群内@秩序110。1、日常家用维修工具(螺丝刀、活动扳手、小锤等);。2、小型购物车、平板车、人字梯、打气筒，应急医用品等。。为您爱家保驾护航，如果您有家政保洁、直饮水卡办理、白蚁消杀、有偿维修、房屋租赁的业务需求，随时与我们联系，为您提供专业的服务。。【秩序维护部】。[爱心]1.值班时间段：。????08:00－20:00????。[爱心]2.值班中队长-赵队电话：0531-83131013。[爱心]3.物业服务电话：0531-55615896、55615596。??4.监控室值班24小时电话：0531-55612606。3、【物业-安保服务“小蜜蜂”】。[抱拳]如您家中有需要帮助的请联系我们?。[爱心]24小时为各位家人守候。[合十]贴心服务、真诚相伴。如需便民服务车，请直接联系；。①55612606。②55612808。有事您说话，我们会在第一时间安排人员帮你处理[玫瑰][玫瑰]""。A00(客户):""[图片]""。08月26日 08:28分。JN29岁月静好(客户):""。[庆祝]雨后园林座椅已擦拭[庆祝]。    [烟花]游乐设施已清理?积水清理中[烟花]。恒大绿洲保洁团队为您服务[玫瑰]""。JN29岁月静好(客户):""[图片]""。08月26日 08:45分。恒大绿洲22-23-24-25管家谷雨(员工):""????金碧物业晨跑开跑啦！！！大朋友、…………""。恒大绿洲22-23-24-25管家谷雨(员工):""[图片]""。恒大绿洲22-23-24-25管家谷雨(员工):""[图片]""。恒大绿洲22-23-24-25管家谷雨(员工):""[图片]""。08月26日 08:52分。王丽(客户):"" 各位居民:。       为提高社区火灾预警和防控能力，保障居民的居家安全。由政府联合联通公司为居民免费上门安装独立式烟感报警器。安装以后若家中有火灾隐患，可通过网络直接推送给业主本人及消防大队。目前先进行报名，后期会有联通公司工作人员与业主联系，上门进行安装。本期独立式烟感报警器数量80个，先报先得 ，报满为止。。              恒大绿洲第三社区。                   2024.8.22""。王丽(客户):""              [庆祝][庆祝]通知[庆祝][庆祝]。        为切实提高妇女健康水平，提升自我保健意识。恒大绿洲第三社区联合济南市人民医院将在恒大三社区开展甲状腺、乳腺癌免费检查。。时间：2024年8月26日（周一）。上午9:00——11：30下午14:00——16:00。地点：恒大三期31号楼内铺党群服务中心。                  。                 恒大绿洲第三社区。                   2024年8月23日""。王丽(客户):""[链接]""。王丽(客户):""[小程序消息]""。08月26日 10:22分。王丽(客户):""8.13元，接到[爆竹]“银监会”[爆竹]电话被骗。。3.63万元，大学生??兼职??被骗。。3.5万元，初中生被骗。。3.46万元，妇女?兼职刷单?被骗。。2.31万元，男青年[色]约炮[色]被骗。。。男青年[色][色]约炮[色][色]，妇女??兼职刷单??、????被“异性网友”诱导投资????诈骗高发！。转发提醒好家里的[拥抱]年轻人、妇女[拥抱]！。。【8月25日电诈警情通报】（近三天典型案例）。【平安街道、开发区派出所】。1、乙武村居民（开发区报警），【接到“银监会”电话】被骗8.13万元。。??手段：接到电话，对方自称?【“银监会”工作人员】??，要帮其“降低网贷利率”，还让其??登陆假的银监会网站??。。        过程中，?开启“屏幕共享”?，指导其将钱转走。。。【大学城、大学路派出所】。2、山东师范大学思想政治教育专业大四学生，【兼职】被骗3.63万元。。??手段：网上看到信息，兼职（“垫资”代充话费）。对方称选择[爆竹][爆竹]“企业代付”[爆竹][爆竹]，??钱就不会被转走，但操作后，钱还是被转走??。。       对方称其操作失误，??为退款，按对方要求，继续转账??。。。【马山镇、马山派出所】。3、周庙村初中生，【找人“解封微信”】被骗3.5万元。。??手段：快手找人解封微信，对方让其?提供了家长微信、银行卡的【验证码】?，钱被转走。。。【文昌街道、新城派出所】。4、建发天玺妇女，网上兼职【垫资做任务、刷销量、刷关注、刷点赞】被骗3.46万元。。??手段：??被陌生人拉进群??，推荐足不出户做兼职，[裂开]抖音刷关注[裂开]挣到佣金，后被引诱??“垫资”刷购“抖币”??。。        前期挣到小额返利，后被以【系统设置，需要[苦涩]连续刷任务才能退还垫付金、佣金[苦涩]】，【??操作失误，需要刷补救单??】为由要求转账。。。【崮云湖街道、大学路派出所】。5、河南籍务工男青年（租住乐天），【刷单做任务以?? 免费约炮?? 】被骗2.31万元。。??手段：??网上看到信息??，下载APP，为[吐]解锁约炮资格[吐]，??“约炮”客服引诱其“垫资”刷“会员费”??，前期挣到小额返利。。        后被以【系统设置，需要[裂开]连续刷任务[裂开]才能退还垫付金、佣金】、【??操作失误??（后台都能做手脚），刷补救单】为由要求多次转账。""。08月26日 10:28分。王丽(客户):""各位居民朋友:。       为保障济南市居民健康权益，逐步健全完善居民特殊疾病风险体系，区妇联与中国人寿保险股份有限公司济南分公司启动了“男性女性安康保障工程”面向18周岁至60周岁以下身体健康者推出团体安康保险，社区居民可根据个人情况自愿购买。。详情请咨询恒大三社区居委会。。地址:恒大22号楼内铺。。电话：87207026""。王丽(客户):""[图片]""。08月26日 12:09分。恒大绿洲22-23-24-25管家谷雨(员工):""????金碧物业晨跑开跑啦！！！打卡第一…………""。恒大绿洲22-23-24-25管家谷雨(员工):""[文件超过最大限制]""。08月26日 12:30分。恒大绿洲22-23-24-25管家谷雨(员工):""[图片]""。恒大绿洲22-23-24-25管家谷雨(员工):""{""pre_msgid"":""963963…………""。08月26日 13:32分。????君君(客户):""晨跑是几点到几点？""。????君君(客户):""怎么参与？在哪里集合？""。08月26日 13:39分。A一切都好??(客户):""??奔跑吧，少年??。金碧晨跑团开跑啦[庆祝]。活力暑假，这个暑假你运动了吗？开学在即，神兽们能按时起床吗？[666][让我看看]。济南恒大绿洲物业服务中心特邀请小朋友们一起锻炼晨跑，加入“收心开学营”??????让小朋友早睡早起，爱上运动[加油]更快适应开学生活节奏[拳头][拳头][拳头]。[爱心]活动内容：。早晨7:00 集合，参加“晨跑”活动，由物业秩序部员工（退伍军人）领跑，每日约30分钟运动时间。??周五还会组织飞盘游戏及开学励志环节，期待小朋友的报名。(家长也可陪跑[耶])。完成5天打卡的小朋友，最后一天可以兑换小礼品与参与开学励志活动哦??。[太阳]活动时间：。8月26日至8月30日（周一至周五）早晨7:00。??活动地点：凤凰路小学东校区操场。[勾引]报名方式:扫码报名或联系贴心管家。PS：。1?身体有特殊情况且不允许做剧烈运动的禁止参与，10岁以下小朋友须由家长陪同参与。2?活动现场配备基础医药箱""。A一切都好??(客户):""@????君君?""。????君君(客户):""[表情]""。????君君(客户):""在哪里可以看到这样的活动通知呀""。A一切都好??(客户):""这个群里管家发的，你可能没有注意""。????君君(客户):""好的??""。08月26日 18:43分。A大漠(客户):""??物业秩序“小蜜蜂” ??。[庆祝]“小蜜蜂”来了！来了！[庆祝]。[太阳]有事，您说话[太阳]。[庆祝]车辆电瓶亏电启动不了！。[庆祝]家里有沉物品搬不动了！。[庆祝]买了好多东西拿不了！。联系电话：0531-55612606。秩序小“蜜蜂”竭诚为您服务！[耶][耶][耶]。[庆祝]我们的口号：。[庆祝]真心帮助每一位[庆祝]。[庆祝]热心服务每一人[庆祝]。[庆祝]赠人玫瑰[玫瑰]，手有余香[庆祝]""。A大漠(客户):""[图片]""。08月26日 20:03分。你的月亮我的心(客户):""尊敬的业主，您好：。       为更好、更快的解决业主问题，现将各值班人员、联系电话及值班时间公示在群内，各位业主可直接电话联系或在群内@秩序110。1、日常家用维修工具(螺丝刀、活动扳手、小锤等);。2、小型购物车、平板车、人字梯、打气筒，应急医用品等。。为您爱家保驾护航，如果您有家政保洁、直饮水卡办理、白蚁消杀、有偿维修、房屋租赁的业务需求，随时与我们联系，为您提供专业的服务。。【秩序维护部】。[爱心]1.值班时间段：。????20:00－08:00????。[爱心]2.值班中队长-赵队电话：0531-55615881。[爱心]3.物业服务电话：0531-55615896、55615596。??4.监控室值班24小时电话：0531-55612606。3、【物业-安保服务“小蜜蜂”】。[抱拳]如您家中有需要帮助的请联系我们?。[爱心]24小时为各位家人守候。[合十]贴心服务、真诚相伴。如需便民服务车，请直接联系；。①55612606。②55612808。有事您说话，我们会在第一时间安排人员帮你处理[玫瑰][玫瑰]""。你的月亮我的心(客户):""[图片]""。08月26日 23:52分。你的月亮我的心(客户):""尊敬的业主大家好！我是夜间执勤赵队长，金碧物业安保服务8月26号巡查，时刻守护业主们的安全，请安心入睡，如有紧急情况请拨打0531-55612606""。你的月亮我的心(客户):""[图片]""。08月27日 02:59分。你的月亮我的心(客户):""尊敬的业主大家好！我是夜间执勤赵队长，金碧物业安保服务8月27号巡查，时刻守护业主们的安全，请安心入睡，如有紧急情况请拨打0531-55612606""。你的月亮我的心(客户):""[图片]""。&&&","[
    {
        ""话题倾向"": """"
    }
]"
群聊负向,"这是要分析的对话:&&&08月26日 08:02分。姜(客户):""尊敬的各位业主：早上好[玫瑰]。8月26日秩序部白班已接班，执勤安排如下：。一、值班:姜小朋 18786658735。二、24小时值班电：0851-83873003。辖区派出所电话：0851-83851334。三、带班时间：08:00-20:00。四、我们将12小时坚守岗位，如有需要请致电，我们将竭诚为您服务。外出请关好门窗、水电及燃气、出入小区带好业主卡、做好个人防护。。贵阳恒大文化旅游城物业服务中心祝您：生活愉快！[烟花]""。姜(客户):""[图片]""。08月26日 08:58分。晏春英(员工):""【?? 管家休假知会】。尊敬的业主，您好…………""。08月26日 10:46分。_(客户):""各位邻居问一下装修需要报备吗，带哪些东西去""。晏春英(员工):""我私聊您了@_""。08月26日 11:02分。姜(客户):""#金碧物业·秩序(保安)服务篇。??用心打磨每一个细节，用真诚赢得您的信赖??。??优美的环境，优良的秩序，优质的服务，都藏在细节里??。?从平凡处发现不平凡，感受我们的用心??。??绝不辜负您的信赖，全心全意为您服务??。         ??金碧物业  我们与您同在。               ——贵阳恒大文化旅游城物业服务中心""。姜(客户):""[图片]""。08月26日 12:25分。心之恋(客户):""[视频号消息]""。心之恋(客户):""【提示】买卖游戏账号、游戏装备等一定要在官方平台进行，不要点击陌生链接，以交保证金、提现失败、账号冻结等理由要求继续充值的都是诈骗！""。心之恋(客户):""通知：。8月25日是全国第八个残疾预防日，筑安社区居委会于明天8月27日（本周二）上午在辖区内开展“预防疾病致残  共享健康生活”宣传服务活动，希望学校有社会实践活动要求的学生积极参与，请有意参加志愿服务活动的人员于8月27日早上9:30到8组团筑安社区居委会集中开展活动。""。08月26日 20:25分。        (客户):""?各位业主：晚上好！[玫瑰]。8月26日秩序部夜间执勤安排：。值班：罗锋18285024210 。维修部：何彬18984855091?。辖区派出所电话：0851-83851334。三、带班时间：20:00-08:00。四、我们将12小时坚守岗位，如有需要请致电，我们将竭诚为您服务。夜间休息请关好门窗，做好安全防范，出入小区带好业主卡、谨防尾随。。贵阳恒大文化旅游城物业服务中心祝您：生活愉快！[烟花]""。        (客户):""[文件超过最大限制]""。&&&","[
    {
        ""话题倾向"": """"
    }
]"
群聊负向,"这是要分析的对话:&&&08月26日 08:03分。姜(客户):""尊敬的各位业主：早上好[玫瑰]。8月26日秩序部白班已接班，执勤安排如下：。一、值班:姜小朋 18786658735。二、24小时值班电：0851-83873003。辖区派出所电话：0851-83851334。三、带班时间：08:00-20:00。四、我们将12小时坚守岗位，如有需要请致电，我们将竭诚为您服务。外出请关好门窗、水电及燃气、出入小区带好业主卡、做好个人防护。。贵阳恒大文化旅游城物业服务中心祝您：生活愉快！[烟花]""。姜(客户):""[图片]""。08月26日 11:01分。姜(客户):""#金碧物业·秩序(保安)服务篇。??用心打磨每一个细节，用真诚赢得您的信赖??。??优美的环境，优良的秩序，优质的服务，都藏在细节里??。?从平凡处发现不平凡，感受我们的用心??。??绝不辜负您的信赖，全心全意为您服务??。         ??金碧物业  我们与您同在。               ——贵阳恒大文化旅游城物业服务中心""。姜(客户):""[图片]""。08月26日 12:25分。心之恋(客户):""[视频号消息]""。心之恋(客户):""通知：。8月25日是全国第八个残疾预防日，筑安社区居委会于明天8月27日（本周二）上午在辖区内开展“预防疾病致残  共享健康生活”宣传服务活动，希望学校有社会实践活动要求的学生积极参与，请有意参加志愿服务活动的人员于8月27日早上9:30到8组团筑安社区居委会集中开展活动。""。心之恋(客户):""【提示】买卖游戏账号、游戏装备等一定要在官方平台进行，不要点击陌生链接，以交保证金、提现失败、账号冻结等理由要求继续充值的都是诈骗！""。08月26日 20:23分。        (客户):""?各位业主：晚上好！[玫瑰]。8月26日秩序部夜间执勤安排：。值班：罗锋18285024210 。维修部：何彬18984855091?。辖区派出所电话：0851-83851334。三、带班时间：20:00-08:00。四、我们将12小时坚守岗位，如有需要请致电，我们将竭诚为您服务。夜间休息请关好门窗，做好安全防范，出入小区带好业主卡、谨防尾随。。贵阳恒大文化旅游城物业服务中心祝您：生活愉快！[烟花]""。08月26日 20:29分。        (客户):""[图片]""。        (客户):""[视频]""。08月26日 20:37分。        (客户):""[图片]""。&&&","[
    {
        ""话题倾向"": """"
    }
]"
群聊负向,"这是要分析的对话:&&&08月26日 08:47分。雷松(员工):""?????????家人们，早上好~。今天…………""。08月26日 09:07分。雷松(员工):""@所有人 今天可视对讲的来维修可视对讲，…………""。08月26日 16:03分。漫步云端(客户):""[链接]""。08月26日 17:45分。雷松(员工):""【物业在行动-日常清洁】。?? 烈日当空…………""。雷松(员工):""[图片]""。雷松(员工):""[图片]""。雷松(员工):""[图片]""。08月26日 19:47分。?(客户):""各位业主：晚上好！[玫瑰]。8 月 26日秩序部夜间执勤安排：。一、值班队长：董煜轩。电话: 17855557716。二、24小时值班电话：0851-83873635。辖区派出所电话：0851-83851334。三、带班时间：。20:00-08:00。四、我们将12小时坚守岗位，如有需要请致电，我们将竭诚为您服务。夜间休息请关好门窗，做好安全防范，出入小区带好业主卡。。贵阳恒大文化旅游城物业服务中心祝您：生活愉快！[烟花]""。&&&","[
    {
        ""话题倾向"": """"
    }
]"
群聊负向,"这是要分析的对话:&&&08月26日 20:36分。.(客户):""各位业主：晚上好！[玫瑰]。8月26日秩序部夜间执勤安排：。一、值班人员:  罗垚19316563414。  监控室电话号码：83873539。  维修值班人员： ?郭文波18111908017?。二、巡查期间未发现流浪狗、猫，值班期间如发现第一时间处理。三、带班时间：20:00-08:00。四、我们将12小时坚守岗位，如有需要请致电，我们将竭诚为您服务。夜间休息请关好门窗，做好安全防范，出入小区带好业主卡、谨防尾随。。贵阳金碧物业服务中心祝您：生活愉快！[烟花]""。08月26日 20:41分。.(客户):""[视频]""。&&&","[
    {
        ""话题倾向"": """"
    }
]"
群聊负向,"这是要分析的对话:&&&08月26日 07:37分。济南绿洲5-6号楼管家白露(员工):""????金碧物业晨跑开跑啦！！！大朋友、…………""。济南绿洲5-6号楼管家白露(员工):""[图片]""。济南绿洲5-6号楼管家白露(员工):""[图片]""。08月26日 08:06分。A00(客户):""尊敬的业主，您好：。       为更好、更快的解决业主问题，现将各值班人员、联系电话及值班时间公示在群内，各位业主可直接电话联系或在群内@秩序110。1、日常家用维修工具(螺丝刀、活动扳手、小锤等);。2、小型购物车、平板车、人字梯、打气筒，应急医用品等。。为您爱家保驾护航，如果您有家政保洁、直饮水卡办理、白蚁消杀、有偿维修、房屋租赁的业务需求，随时与我们联系，为您提供专业的服务。。【秩序维护部】。[爱心]1.值班时间段：。????08:00－20:00????。[爱心]2.值班中队长-赵队电话：0531-83131013。[爱心]3.物业服务电话：0531-55615896、55615596。??4.监控室值班24小时电话：0531-55612606。3、【物业-安保服务“小蜜蜂”】。[抱拳]如您家中有需要帮助的请联系我们?。[爱心]24小时为各位家人守候。[合十]贴心服务、真诚相伴。如需便民服务车，请直接联系；。①55612606。②55612808。有事您说话，我们会在第一时间安排人员帮你处理[玫瑰][玫瑰]""。A00(客户):""[图片]""。08月26日 08:17分。宁宁(客户):""??ˋ????ˊ??????????????????.*·做自己生活的舵手 把握梦想前进的方向 不服输 才能成长更好的自己。各位家人们[爱心]早上好！。我是物业保洁领班庄明华，联系电话 15628830750。各位保洁叔叔阿姨已到岗。??倘若您发现任何环境方面的问题或者有宝贵的建议，随时与我联系，我定会全力以赴为您排忧解难！。??感谢各位家人一直以来的信赖与支持！ ?? ??""。宁宁(客户):""[图片]""。08月26日 09:01分。济南绿洲5-6号楼管家白露(员工):""[玫瑰][玫瑰]早安  绿洲[玫瑰][玫…………""。济南绿洲5-6号楼管家白露(员工):""[链接]""。08月26日 09:53分。派出所反诈宣传员(客户):""8.13元，接到[爆竹]“银监会”[爆竹]电话被骗。。3.63万元，大学生??兼职??被骗。。3.5万元，初中生被骗。。3.46万元，妇女?兼职刷单?被骗。。2.31万元，男青年[色]约炮[色]被骗。。。男青年[色][色]约炮[色][色]，妇女??兼职刷单??、????被“异性网友”诱导投资????诈骗高发！。转发提醒好家里的[拥抱]年轻人、妇女[拥抱]！。。【8月25日电诈警情通报】（近三天典型案例）。【平安街道、开发区派出所】。1、乙武村居民（开发区报警），【接到“银监会”电话】被骗8.13万元。。??手段：接到电话，对方自称?【“银监会”工作人员】??，要帮其“降低网贷利率”，还让其??登陆假的银监会网站??。。        过程中，?开启“屏幕共享”?，指导其将钱转走。。。【大学城、大学路派出所】。2、山东师范大学思想政治教育专业大四学生，【兼职】被骗3.63万元。。??手段：网上看到信息，兼职（“垫资”代充话费）。对方称选择[爆竹][爆竹]“企业代付”[爆竹][爆竹]，??钱就不会被转走，但操作后，钱还是被转走??。。       对方称其操作失误，??为退款，按对方要求，继续转账??。。。【马山镇、马山派出所】。3、周庙村初中生，【找人“解封微信”】被骗3.5万元。。??手段：快手找人解封微信，对方让其?提供了家长微信、银行卡的【验证码】?，钱被转走。。。【文昌街道、新城派出所】。4、建发天玺妇女，网上兼职【垫资做任务、刷销量、刷关注、刷点赞】被骗3.46万元。。??手段：??被陌生人拉进群??，推荐足不出户做兼职，[裂开]抖音刷关注[裂开]挣到佣金，后被引诱??“垫资”刷购“抖币”??。。        前期挣到小额返利，后被以【系统设置，需要[苦涩]连续刷任务才能退还垫付金、佣金[苦涩]】，【??操作失误，需要刷补救单??】为由要求转账。。。【崮云湖街道、大学路派出所】。5、河南籍务工男青年（租住乐天），【刷单做任务以?? 免费约炮?? 】被骗2.31万元。。??手段：??网上看到信息??，下载APP，为[吐]解锁约炮资格[吐]，??“约炮”客服引诱其“垫资”刷“会员费”??，前期挣到小额返利。。        后被以【系统设置，需要[裂开]连续刷任务[裂开]才能退还垫付金、佣金】、【??操作失误??（后台都能做手脚），刷补救单】为由要求多次转账。""。08月26日 11:13分。济南绿洲5-6号楼管家白露(员工):""?高空抛物温馨提示?。尊敬的各位业主（住…………""。08月26日 13:32分。宁静致远(客户):""谁这么恶心在4单元8层和9层之间拉屎""。08月26日 13:45分。宁宁(客户):""收到，联系保洁过去清理""。08月26日 15:33分。派出所反诈宣传员(客户):""[小程序消息]""。宁宁(客户):""[图片]""。宁宁(客户):""[图片]""。宁宁(客户):""[图片]""。宁宁(客户):""[图片]""。08月26日 16:54分。宁宁(客户):""[拳头]环境提升持续进行中[拳头]。[太阳]今天地下室清理[太阳]。恒大绿洲保洁团队为您服务[玫瑰]""。宁宁(客户):""[图片]""。大鹏展翅(客户):""【公区维修8月19日-8月25日工作汇报】。●公区及地下车库排污泵检修7处。●公区及地下车库照明更换6处。●公区直饮水机滤芯更换4处。●公区大堂顶子破损粉刷5处。●公区墙砖破损更换3处。●公区消防故障处理47处。●公区充电桩头安装21处。●园区排污管道疏通8处。●园区路面维修3处。●电梯维保125部。●设备房维护保养。●设备房巡查。工程维修，为您的生活保驾护航。如需帮助请拨打。24小时物业热线:。0531-55615896。济南恒大绿洲物业服务中心""。大鹏展翅(客户):""[图片]""。08月26日 18:24分。开 心 茶 社 ??(客户):""[图片]""。开 心 茶 社 ??(客户):""[图片]""。开 心 茶 社 ??(客户):""金骏眉，可谓色、香、味俱佳。色——芽尖细致??金黄鲜明；。香——嗅干茶，有麦芽糖香，且浓郁持久。味——浓醇薯香，丝丝甘醇，柔和饱满。茶性温和，养胃暖胃[愉快]""。08月26日 18:39分。A大漠(客户):""??物业秩序“小蜜蜂” ??。[庆祝]“小蜜蜂”来了！来了！[庆祝]。[太阳]有事，您说话[太阳]。[庆祝]车辆电瓶亏电启动不了！。[庆祝]家里有沉物品搬不动了！。[庆祝]买了好多东西拿不了！。联系电话：0531-55612606。秩序小“蜜蜂”竭诚为您服务！[耶][耶][耶]。[庆祝]我们的口号：。[庆祝]真心帮助每一位[庆祝]。[庆祝]热心服务每一人[庆祝]。[庆祝]赠人玫瑰[玫瑰]，手有余香[庆祝]""。A大漠(客户):""[图片]""。08月26日 20:05分。你的月亮我的心(客户):""尊敬的业主，您好：。       为更好、更快的解决业主问题，现将各值班人员、联系电话及值班时间公示在群内，各位业主可直接电话联系或在群内@秩序110。1、日常家用维修工具(螺丝刀、活动扳手、小锤等);。2、小型购物车、平板车、人字梯、打气筒，应急医用品等。。为您爱家保驾护航，如果您有家政保洁、直饮水卡办理、白蚁消杀、有偿维修、房屋租赁的业务需求，随时与我们联系，为您提供专业的服务。。【秩序维护部】。[爱心]1.值班时间段：。????20:00－08:00????。[爱心]2.值班中队长-赵队电话：0531-55615881。[爱心]3.物业服务电话：0531-55615896、55615596。??4.监控室值班24小时电话：0531-55612606。3、【物业-安保服务“小蜜蜂”】。[抱拳]如您家中有需要帮助的请联系我们?。[爱心]24小时为各位家人守候。[合十]贴心服务、真诚相伴。如需便民服务车，请直接联系；。①55612606。②55612808。有事您说话，我们会在第一时间安排人员帮你处理[玫瑰][玫瑰]""。你的月亮我的心(客户):""[图片]""。08月26日 23:50分。你的月亮我的心(客户):""尊敬的业主大家好！我是夜间执勤赵队长，金碧物业安保服务8月26号巡查，时刻守护业主们的安全，请安心入睡，如有紧急情况请拨打0531-55612606""。你的月亮我的心(客户):""[图片]""。08月27日 03:01分。你的月亮我的心(客户):""尊敬的业主大家好！我是夜间执勤赵队长，金碧物业安保服务8月27号巡查，时刻守护业主们的安全，请安心入睡，如有紧急情况请拨打0531-55612606""。你的月亮我的心(客户):""[图片]""。&&&","[
    {
        ""话题倾向"": """"
    }
]"
群聊负向,"这是要分析的对话:&&&08月26日 09:15分。恒大城???? 秩序部 三期监控室(客户):""“客服”给你打来电话，说你网购商品出现问题！可以给你申请退款，还给你发来陌生链接！让你注册账号填写信息，再说因“操作失误”导致账户被冻结，让你转账解冻后才能退款？南昌反诈提醒您：退换货请认准官方平台，陌生链接不要点击，不要透露个人信息。敬请各位领导同事转发反诈视频及反诈日历。[抱拳][抱拳][抱拳]""。恒大城???? 秩序部 三期监控室(客户):""[视频号消息]""。恒大城???? 秩序部 三期监控室(客户):""[图片]""。08月26日 18:20分。恒大城???? 秩序部 三期监控室(客户):""重要警示：。    8月23日晚10时，江苏省宿迁市一电动自行车店起火，虽然仅半小时明火就得到控制，但仍造成6人死亡（尤为痛心的是，遇难者中4人系未成年人）。此前，2024年2月23日4时许，江苏南京市雨花台区一小区发生电动自行车火灾，造成15人死亡，44人受伤。今年4月27日，我县一小区也发生了电动自行车火灾亡人事件。在此警示，电动自行车起火，燃烧迅速并会在短时间造成大量有害气体，因灾致死率极高！因此，为了大家的生命财产安全，恳请各位业主对自己负责，也对左右邻里负责，严禁将电动自行车违规入楼、违规充电！也请各位监督，一发现有电动车上楼进单元的，请及时联系物业24小时电话:85130408，物业会第一时间上户整治，保障大家居住安全。""。08月26日 19:09分。三子18179195371(客户):""[文件下载失败]""。三子18179195371(客户):""@恒大城???? 秩序部 三期监控室?""。三子18179195371(客户):""[文件下载失败]""。恒大城???? 秩序部 三期监控室(客户):""@三子18179195371?好的，等一下我联系车主""。08月26日 19:27分。恒大城???? 秩序部 三期监控室(客户):""@三子18179195371?这个车联系不上，请问你停好车了吗？需要锁车吗？""。三子18179195371(客户):""停好了""。恒大城???? 秩序部 三期监控室(客户):""好的""。08月26日 20:00分。恒大城???? 秩序部 三期监控室(客户):""? 2024.8.26日? 。【秩序维护部】 。1.夜班值班时间段：20：00—08：00。2.夜班值班队长:徐霖。3.物业24小时服务电话：0791-85957719/85130408。? 【物业小贴士】?。1、园区道路是大家的，请将爱车停至车位或车库，勿占行车主干道。。2、予人方便，予己方便，整齐有序，文明停车。。3、随身携带门禁卡，刷卡进出，提高安全防止偷盗。。4、请随手关大堂门，轻拉轻推，勿用力拉扯。。5、非机动车请勿进大堂、楼道内充电。。6、请勿让爱宠随地大小便，做文明养宠人。""。08月26日 20:42分。恒大城-管家小傅(员工):""【管家休息】尊敬的各位业主，明天2024…………""。恒大城-管家小傅(员工):""[图片]""。&&&","[
    {
        ""话题倾向"": """"
    }
]"
群聊负向,"这是要分析的对话:&&&08月26日 08:36分。汪海艳(员工):""?????????家人们，早上好~。今天…………""。08月26日 09:40分。メ老頭孜(客户):""[图片]""。08月26日 11:14分。Nevermind(客户):""通知：。8月25日是全国第八个残疾预防日，筑安社区居委会于明天8月27日（本周二）上午在辖区内开展“预防疾病致残  共享健康生活”宣传服务活动，希望学校有社会实践活动要求的学生积极参与，请有意参加志愿服务活动的人员于8月27日早上9:30到8组团筑安社区居委会集中开展活动。""。08月26日 15:43分。Nevermind(客户):""【提示】买卖游戏账号、游戏装备等一定要在官方平台进行，不要点击陌生链接，以交保证金、提现失败、账号冻结等理由要求继续充值的都是诈骗！""。Nevermind(客户):""[视频号消息]""。08月26日 20:01分。悦想(客户):""各位业主：晚上好！[玫瑰]。8月26日秩序部夜间执勤安排：。一、带班队长：陈欢。13984216859。工程值班人员:杨丙云?。13984310672。二、24小时值班电话：。0851-83862661。辖区派出所电话：。0851-83851334。三、带班时间：20:00-08:00。四、我们将12小时坚守岗位，如有需要请致电，我们将竭诚为您服务。夜间休息请关好门窗，做好安全防范，出入小区带好业主卡、谨防尾随。。贵阳恒大文化旅游城物业服务中心祝您：生活愉快！[烟花]""。悦想(客户):""[图片]""。悦想(客户):""[视频]""。&&&","[
    {
        ""话题倾向"": """"
    }
]"
群聊负向,"这是要分析的对话:&&&08月26日 09:14分。恒大城???? 秩序部 三期监控室(客户):""[视频号消息]""。恒大城???? 秩序部 三期监控室(客户):""“客服”给你打来电话，说你网购商品出现问题！可以给你申请退款，还给你发来陌生链接！让你注册账号填写信息，再说因“操作失误”导致账户被冻结，让你转账解冻后才能退款？南昌反诈提醒您：退换货请认准官方平台，陌生链接不要点击，不要透露个人信息。敬请各位领导同事转发反诈视频及反诈日历。[抱拳][抱拳][抱拳]""。恒大城???? 秩序部 三期监控室(客户):""[图片]""。08月26日 18:20分。恒大城???? 秩序部 三期监控室(客户):""重要警示：。    8月23日晚10时，江苏省宿迁市一电动自行车店起火，虽然仅半小时明火就得到控制，但仍造成6人死亡（尤为痛心的是，遇难者中4人系未成年人）。此前，2024年2月23日4时许，江苏南京市雨花台区一小区发生电动自行车火灾，造成15人死亡，44人受伤。今年4月27日，我县一小区也发生了电动自行车火灾亡人事件。在此警示，电动自行车起火，燃烧迅速并会在短时间造成大量有害气体，因灾致死率极高！因此，为了大家的生命财产安全，恳请各位业主对自己负责，也对左右邻里负责，严禁将电动自行车违规入楼、违规充电！也请各位监督，一发现有电动车上楼进单元的，请及时联系物业24小时电话:85130408，物业会第一时间上户整治，保障大家居住安全。""。08月26日 20:01分。恒大城???? 秩序部 三期监控室(客户):""? 2024.8.26日? 。【秩序维护部】 。1.夜班值班时间段：20：00—08：00。2.夜班值班队长:徐霖。3.物业24小时服务电话：0791-85957719/85130408。? 【物业小贴士】?。1、园区道路是大家的，请将爱车停至车位或车库，勿占行车主干道。。2、予人方便，予己方便，整齐有序，文明停车。。3、随身携带门禁卡，刷卡进出，提高安全防止偷盗。。4、请随手关大堂门，轻拉轻推，勿用力拉扯。。5、非机动车请勿进大堂、楼道内充电。。6、请勿让爱宠随地大小便，做文明养宠人。""。&&&","[
    {
        ""话题倾向"": """"
    }
]"
群聊负向,"这是要分析的对话:&&&08月26日 08:03分。姜(客户):""尊敬的各位业主：早上好[玫瑰]。8月26日秩序部白班已接班，执勤安排如下：。一、值班:姜小朋 18786658735。二、24小时值班电：0851-83873003。辖区派出所电话：0851-83851334。三、带班时间：08:00-20:00。四、我们将12小时坚守岗位，如有需要请致电，我们将竭诚为您服务。外出请关好门窗、水电及燃气、出入小区带好业主卡、做好个人防护。。贵阳恒大文化旅游城物业服务中心祝您：生活愉快！[烟花]""。姜(客户):""[图片]""。08月26日 09:22分。冉长春(客户):""【提示】买卖游戏账号、游戏装备等一定要在官方平台进行，不要点击陌生链接，以交保证金、提现失败、账号冻结等理由要求继续充值的都是诈骗！""。冉长春(客户):""[视频号消息]""。08月26日 11:02分。姜(客户):""#金碧物业·秩序(保安)服务篇。??用心打磨每一个细节，用真诚赢得您的信赖??。??优美的环境，优良的秩序，优质的服务，都藏在细节里??。?从平凡处发现不平凡，感受我们的用心??。??绝不辜负您的信赖，全心全意为您服务??。         ??金碧物业  我们与您同在。               ——贵阳恒大文化旅游城物业服务中心""。姜(客户):""[图片]""。08月26日 20:24分。        (客户):""?各位业主：晚上好！[玫瑰]。8月26日秩序部夜间执勤安排：。值班：罗锋18285024210 。维修部：何彬18984855091?。辖区派出所电话：0851-83851334。三、带班时间：20:00-08:00。四、我们将12小时坚守岗位，如有需要请致电，我们将竭诚为您服务。夜间休息请关好门窗，做好安全防范，出入小区带好业主卡、谨防尾随。。贵阳恒大文化旅游城物业服务中心祝您：生活愉快！[烟花]""。        (客户):""[图片]""。08月26日 20:31分。        (客户):""[视频]""。08月26日 20:37分。        (客户):""[图片]""。&&&","[
    {
        ""话题倾向"": """"
    }
]"
群聊负向,"这是要分析的对话:&&&08月26日 07:37分。济南绿洲5-6号楼管家白露(员工):""????金碧物业晨跑开跑啦！！！大朋友、…………""。济南绿洲5-6号楼管家白露(员工):""[图片]""。济南绿洲5-6号楼管家白露(员工):""[图片]""。08月26日 08:06分。A00(客户):""尊敬的业主，您好：。       为更好、更快的解决业主问题，现将各值班人员、联系电话及值班时间公示在群内，各位业主可直接电话联系或在群内@秩序110。1、日常家用维修工具(螺丝刀、活动扳手、小锤等);。2、小型购物车、平板车、人字梯、打气筒，应急医用品等。。为您爱家保驾护航，如果您有家政保洁、直饮水卡办理、白蚁消杀、有偿维修、房屋租赁的业务需求，随时与我们联系，为您提供专业的服务。。【秩序维护部】。[爱心]1.值班时间段：。????08:00－20:00????。[爱心]2.值班中队长-赵队电话：0531-83131013。[爱心]3.物业服务电话：0531-55615896、55615596。??4.监控室值班24小时电话：0531-55612606。3、【物业-安保服务“小蜜蜂”】。[抱拳]如您家中有需要帮助的请联系我们?。[爱心]24小时为各位家人守候。[合十]贴心服务、真诚相伴。如需便民服务车，请直接联系；。①55612606。②55612808。有事您说话，我们会在第一时间安排人员帮你处理[玫瑰][玫瑰]""。A00(客户):""[图片]""。08月26日 08:17分。宁宁(客户):""??ˋ????ˊ??????????????????.*·做自己生活的舵手 把握梦想前进的方向 不服输 才能成长更好的自己。各位家人们[爱心]早上好！。我是物业保洁领班庄明华，联系电话 15628830750。各位保洁叔叔阿姨已到岗。??倘若您发现任何环境方面的问题或者有宝贵的建议，随时与我联系，我定会全力以赴为您排忧解难！。??感谢各位家人一直以来的信赖与支持！ ?? ??""。宁宁(客户):""[图片]""。08月26日 09:01分。济南绿洲5-6号楼管家白露(员工):""[玫瑰][玫瑰]早安  绿洲[玫瑰][玫…………""。济南绿洲5-6号楼管家白露(员工):""[链接]""。08月26日 09:53分。派出所反诈宣传员(客户):""8.13元，接到[爆竹]“银监会”[爆竹]电话被骗。。3.63万元，大学生??兼职??被骗。。3.5万元，初中生被骗。。3.46万元，妇女?兼职刷单?被骗。。2.31万元，男青年[色]约炮[色]被骗。。。男青年[色][色]约炮[色][色]，妇女??兼职刷单??、????被“异性网友”诱导投资????诈骗高发！。转发提醒好家里的[拥抱]年轻人、妇女[拥抱]！。。【8月25日电诈警情通报】（近三天典型案例）。【平安街道、开发区派出所】。1、乙武村居民（开发区报警），【接到“银监会”电话】被骗8.13万元。。??手段：接到电话，对方自称?【“银监会”工作人员】??，要帮其“降低网贷利率”，还让其??登陆假的银监会网站??。。        过程中，?开启“屏幕共享”?，指导其将钱转走。。。【大学城、大学路派出所】。2、山东师范大学思想政治教育专业大四学生，【兼职】被骗3.63万元。。??手段：网上看到信息，兼职（“垫资”代充话费）。对方称选择[爆竹][爆竹]“企业代付”[爆竹][爆竹]，??钱就不会被转走，但操作后，钱还是被转走??。。       对方称其操作失误，??为退款，按对方要求，继续转账??。。。【马山镇、马山派出所】。3、周庙村初中生，【找人“解封微信”】被骗3.5万元。。??手段：快手找人解封微信，对方让其?提供了家长微信、银行卡的【验证码】?，钱被转走。。。【文昌街道、新城派出所】。4、建发天玺妇女，网上兼职【垫资做任务、刷销量、刷关注、刷点赞】被骗3.46万元。。??手段：??被陌生人拉进群??，推荐足不出户做兼职，[裂开]抖音刷关注[裂开]挣到佣金，后被引诱??“垫资”刷购“抖币”??。。        前期挣到小额返利，后被以【系统设置，需要[苦涩]连续刷任务才能退还垫付金、佣金[苦涩]】，【??操作失误，需要刷补救单??】为由要求转账。。。【崮云湖街道、大学路派出所】。5、河南籍务工男青年（租住乐天），【刷单做任务以?? 免费约炮?? 】被骗2.31万元。。??手段：??网上看到信息??，下载APP，为[吐]解锁约炮资格[吐]，??“约炮”客服引诱其“垫资”刷“会员费”??，前期挣到小额返利。。        后被以【系统设置，需要[裂开]连续刷任务[裂开]才能退还垫付金、佣金】、【??操作失误??（后台都能做手脚），刷补救单】为由要求多次转账。""。08月26日 10:39分。邱靖棋(客户):""紧急寻人，紧急寻人，重金酬谢！重金酬谢！8.19号监控出现在长清区皇姑井村附近，至今未找到，麻烦大家转发扩散一下！感激不尽！家里人现在长清大学城和崮云湖街道全力寻找，如果你有发现请及时拨打110，谢谢[抱拳][抱拳][抱拳]""。邱靖棋(客户):""[图片]""。邱靖棋(客户):""[图片]""。08月26日 11:28分。??海阔天空??AKQ(客户):""【公区维修8月19日-8月25日工作汇报】。●公区及地下车库排污泵检修7处。●公区及地下车库照明更换6处。●公区直饮水机滤芯更换4处。●公区大堂顶子破损粉刷5处。●公区墙砖破损更换3处。●公区消防故障处理47处。●公区充电桩头安装21处。●园区排污管道疏通8处。●园区路面维修3处。●电梯维保125部。●设备房维护保养。●设备房巡查。工程维修，为您的生活保驾护航。如需帮助请拨打。24小时物业热线:。0531-55615896。济南恒大绿洲物业服务中心""。??海阔天空??AKQ(客户):""[文件下载失败]""。08月26日 13:26分。0.0(客户):""东边这个电梯修一下，每次关门都得关好几次""。08月26日 14:13分。济南绿洲5-6号楼管家白露(员工):""收到，我联系师傅在过去检查一下。""。08月26日 15:34分。派出所反诈宣传员(客户):""[小程序消息]""。宁宁(客户):""[图片]""。宁宁(客户):""[图片]""。宁宁(客户):""[图片]""。宁宁(客户):""[图片]""。08月26日 16:54分。宁宁(客户):""[拳头]环境提升持续进行中[拳头]。[太阳]今天地下室清理[太阳]。恒大绿洲保洁团队为您服务[玫瑰]""。宁宁(客户):""[图片]""。08月26日 18:39分。A大漠(客户):""??物业秩序“小蜜蜂” ??。[庆祝]“小蜜蜂”来了！来了！[庆祝]。[太阳]有事，您说话[太阳]。[庆祝]车辆电瓶亏电启动不了！。[庆祝]家里有沉物品搬不动了！。[庆祝]买了好多东西拿不了！。联系电话：0531-55612606。秩序小“蜜蜂”竭诚为您服务！[耶][耶][耶]。[庆祝]我们的口号：。[庆祝]真心帮助每一位[庆祝]。[庆祝]热心服务每一人[庆祝]。[庆祝]赠人玫瑰[玫瑰]，手有余香[庆祝]""。A大漠(客户):""[图片]""。08月26日 20:05分。你的月亮我的心(客户):""尊敬的业主，您好：。       为更好、更快的解决业主问题，现将各值班人员、联系电话及值班时间公示在群内，各位业主可直接电话联系或在群内@秩序110。1、日常家用维修工具(螺丝刀、活动扳手、小锤等);。2、小型购物车、平板车、人字梯、打气筒，应急医用品等。。为您爱家保驾护航，如果您有家政保洁、直饮水卡办理、白蚁消杀、有偿维修、房屋租赁的业务需求，随时与我们联系，为您提供专业的服务。。【秩序维护部】。[爱心]1.值班时间段：。????20:00－08:00????。[爱心]2.值班中队长-赵队电话：0531-55615881。[爱心]3.物业服务电话：0531-55615896、55615596。??4.监控室值班24小时电话：0531-55612606。3、【物业-安保服务“小蜜蜂”】。[抱拳]如您家中有需要帮助的请联系我们?。[爱心]24小时为各位家人守候。[合十]贴心服务、真诚相伴。如需便民服务车，请直接联系；。①55612606。②55612808。有事您说话，我们会在第一时间安排人员帮你处理[玫瑰][玫瑰]""。你的月亮我的心(客户):""[图片]""。08月26日 23:51分。你的月亮我的心(客户):""尊敬的业主大家好！我是夜间执勤赵队长，金碧物业安保服务8月26号巡查，时刻守护业主们的安全，请安心入睡，如有紧急情况请拨打0531-55612606""。你的月亮我的心(客户):""[图片]""。08月27日 03:01分。你的月亮我的心(客户):""尊敬的业主大家好！我是夜间执勤赵队长，金碧物业安保服务8月27号巡查，时刻守护业主们的安全，请安心入睡，如有紧急情况请拨打0531-55612606""。你的月亮我的心(客户):""[图片]""。&&&","[
    {
        ""话题倾向"": """"
    }
]"
群聊负向,"这是要分析的对话:&&&08月26日 09:16分。恒大城???? 秩序部 三期监控室(客户):""[视频号消息]""。恒大城???? 秩序部 三期监控室(客户):""“客服”给你打来电话，说你网购商品出现问题！可以给你申请退款，还给你发来陌生链接！让你注册账号填写信息，再说因“操作失误”导致账户被冻结，让你转账解冻后才能退款？南昌反诈提醒您：退换货请认准官方平台，陌生链接不要点击，不要透露个人信息。敬请各位领导同事转发反诈视频及反诈日历。[抱拳][抱拳][抱拳]""。恒大城???? 秩序部 三期监控室(客户):""[图片]""。08月26日 14:10分。恒大城-管家-小范(员工):""【关于四害消杀的温馨提示】。      …………""。恒大城-管家-小范(员工):""[图片]""。08月26日 15:16分。Y(客户):""各位居民朋友们:。 为了提高辖区孕、产妇及宝妈的健康指数，彭家坊社区将开展“幸福来敲门，健康暖人心”活动，特邀请一附医院妇产专家亲临指导，对孕妈营养咨询、护士进行胎心监护，女性妇科健康义诊等活动，让妈妈们在家门口就可以享受专业的妇产服务。。1、活动时间：2024年8月31日。2、活动地点:彭家坊社区。3、现场有价值200元的产检券、两癌筛查体检券由爱佳妇产医院免费提供，还有精美礼品相赠。。请大家踊跃报名，名额有限，先报先得！""。08月26日 18:18分。恒大城???? 秩序部 三期监控室(客户):""重要警示：。    8月23日晚10时，江苏省宿迁市一电动自行车店起火，虽然仅半小时明火就得到控制，但仍造成6人死亡（尤为痛心的是，遇难者中4人系未成年人）。此前，2024年2月23日4时许，江苏南京市雨花台区一小区发生电动自行车火灾，造成15人死亡，44人受伤。今年4月27日，我县一小区也发生了电动自行车火灾亡人事件。在此警示，电动自行车起火，燃烧迅速并会在短时间造成大量有害气体，因灾致死率极高！因此，为了大家的生命财产安全，恳请各位业主对自己负责，也对左右邻里负责，严禁将电动自行车违规入楼、违规充电！也请各位监督，一发现有电动车上楼进单元的，请及时联系物业24小时电话:85130408，物业会第一时间上户整治，保障大家居住安全。""。08月26日 18:51分。恒大城-管家-小范(员工):""【休息知会】。尊敬的各位小主:。    …………""。08月26日 20:01分。恒大城???? 秩序部 三期监控室(客户):""? 2024.8.26日? 。【秩序维护部】 。1.夜班值班时间段：20：00—08：00。2.夜班值班队长:徐霖。3.物业24小时服务电话：0791-85957719/85130408。? 【物业小贴士】?。1、园区道路是大家的，请将爱车停至车位或车库，勿占行车主干道。。2、予人方便，予己方便，整齐有序，文明停车。。3、随身携带门禁卡，刷卡进出，提高安全防止偷盗。。4、请随手关大堂门，轻拉轻推，勿用力拉扯。。5、非机动车请勿进大堂、楼道内充电。。6、请勿让爱宠随地大小便，做文明养宠人。""。&&&","[
    {
        ""话题倾向"": """"
    }
]"
群聊负向,"这是要分析的对话:&&&08月26日 09:16分。恒大城???? 秩序部 三期监控室(客户):""“客服”给你打来电话，说你网购商品出现问题！可以给你申请退款，还给你发来陌生链接！让你注册账号填写信息，再说因“操作失误”导致账户被冻结，让你转账解冻后才能退款？南昌反诈提醒您：退换货请认准官方平台，陌生链接不要点击，不要透露个人信息。敬请各位领导同事转发反诈视频及反诈日历。[抱拳][抱拳][抱拳]""。恒大城???? 秩序部 三期监控室(客户):""[视频号消息]""。恒大城???? 秩序部 三期监控室(客户):""[图片]""。08月26日 18:19分。恒大城???? 秩序部 三期监控室(客户):""重要警示：。    8月23日晚10时，江苏省宿迁市一电动自行车店起火，虽然仅半小时明火就得到控制，但仍造成6人死亡（尤为痛心的是，遇难者中4人系未成年人）。此前，2024年2月23日4时许，江苏南京市雨花台区一小区发生电动自行车火灾，造成15人死亡，44人受伤。今年4月27日，我县一小区也发生了电动自行车火灾亡人事件。在此警示，电动自行车起火，燃烧迅速并会在短时间造成大量有害气体，因灾致死率极高！因此，为了大家的生命财产安全，恳请各位业主对自己负责，也对左右邻里负责，严禁将电动自行车违规入楼、违规充电！也请各位监督，一发现有电动车上楼进单元的，请及时联系物业24小时电话:85130408，物业会第一时间上户整治，保障大家居住安全。""。08月26日 20:02分。恒大城???? 秩序部 三期监控室(客户):""? 2024.8.26日? 。【秩序维护部】 。1.夜班值班时间段：20：00—08：00。2.夜班值班队长:徐霖。3.物业24小时服务电话：0791-85957719/85130408。? 【物业小贴士】?。1、园区道路是大家的，请将爱车停至车位或车库，勿占行车主干道。。2、予人方便，予己方便，整齐有序，文明停车。。3、随身携带门禁卡，刷卡进出，提高安全防止偷盗。。4、请随手关大堂门，轻拉轻推，勿用力拉扯。。5、非机动车请勿进大堂、楼道内充电。。6、请勿让爱宠随地大小便，做文明养宠人。""。08月26日 20:43分。恒大城-管家小傅(员工):""【管家休息】尊敬的各位业主，明天2024…………""。恒大城-管家小傅(员工):""[图片]""。&&&","[
    {
        ""话题倾向"": """"
    }
]"
群聊负向,"这是要分析的对话:&&&08月26日 09:21分。。(客户):""【提示】买卖游戏账号、游戏装备等一定要在官方平台进行，不要点击陌生链接，以交保证金、提现失败、账号冻结等理由要求继续充值的都是诈骗！""。。(客户):""[视频号消息]""。08月26日 14:44分。何文才(客户):""[图片]""。08月26日 16:48分。刘梅(客户):""??保洁篇—清拖楼层及垃圾桶清洗。服务从来没有一劳永逸??，。只有日复一日的坚持??，。保洁员陆续清拖楼层及清洗垃圾桶??，。以匠心服务铸就美好的生活??。。     ——贵阳恒大文化旅游城第一物业服务中心""。刘梅(客户):""[图片]""。08月26日 20:04分。世界变得更美好(客户):""─???今日值班公告???─。。         2024年8月26日?。 今日夜间值班情况如下?：。?????♂秩序值班人员：于天明。    值班电话：18275089531。维修值班师傅：杨丙云。电话：13984310672。??夜间温馨提示：。??有任何需要帮助请及时拨打值班人员电话或者物业服务中心24小时热线：0851-83862661??。??夜间回家的家人请规范停车??，互相方便出行?。        愿家人们晚安好梦！??。   。      贴心服务[爱心]真诚相伴。           ——贵阳恒大文化旅游城物业服务中心""。&&&","[
    {
        ""话题倾向"": """"
    }
]"
群聊负向,"这是要分析的对话:&&&08月26日 09:16分。恒大城???? 秩序部 三期监控室(客户):""“客服”给你打来电话，说你网购商品出现问题！可以给你申请退款，还给你发来陌生链接！让你注册账号填写信息，再说因“操作失误”导致账户被冻结，让你转账解冻后才能退款？南昌反诈提醒您：退换货请认准官方平台，陌生链接不要点击，不要透露个人信息。敬请各位领导同事转发反诈视频及反诈日历。[抱拳][抱拳][抱拳]""。恒大城???? 秩序部 三期监控室(客户):""[视频号消息]""。恒大城???? 秩序部 三期监控室(客户):""[图片]""。08月26日 18:19分。恒大城???? 秩序部 三期监控室(客户):""重要警示：。    8月23日晚10时，江苏省宿迁市一电动自行车店起火，虽然仅半小时明火就得到控制，但仍造成6人死亡（尤为痛心的是，遇难者中4人系未成年人）。此前，2024年2月23日4时许，江苏南京市雨花台区一小区发生电动自行车火灾，造成15人死亡，44人受伤。今年4月27日，我县一小区也发生了电动自行车火灾亡人事件。在此警示，电动自行车起火，燃烧迅速并会在短时间造成大量有害气体，因灾致死率极高！因此，为了大家的生命财产安全，恳请各位业主对自己负责，也对左右邻里负责，严禁将电动自行车违规入楼、违规充电！也请各位监督，一发现有电动车上楼进单元的，请及时联系物业24小时电话:85130408，物业会第一时间上户整治，保障大家居住安全。""。08月26日 20:02分。恒大城???? 秩序部 三期监控室(客户):""? 2024.8.26日? 。【秩序维护部】 。1.夜班值班时间段：20：00—08：00。2.夜班值班队长:徐霖。3.物业24小时服务电话：0791-85957719/85130408。? 【物业小贴士】?。1、园区道路是大家的，请将爱车停至车位或车库，勿占行车主干道。。2、予人方便，予己方便，整齐有序，文明停车。。3、随身携带门禁卡，刷卡进出，提高安全防止偷盗。。4、请随手关大堂门，轻拉轻推，勿用力拉扯。。5、非机动车请勿进大堂、楼道内充电。。6、请勿让爱宠随地大小便，做文明养宠人。""。&&&","[
    {
        ""话题倾向"": """"
    }
]"
群聊负向,"这是要分析的对话:&&&08月26日 08:39分。杜婷婷(员工):""尊敬的业主：。   早上好！今天小管休息…………""。08月26日 20:35分。.(客户):""各位业主：晚上好！[玫瑰]。8月26日秩序部夜间执勤安排：。一、值班人员:  罗垚19316563414。  监控室电话号码：83873539。  维修值班人员： ?郭文波18111908017?。二、巡查期间未发现流浪狗、猫，值班期间如发现第一时间处理。三、带班时间：20:00-08:00。四、我们将12小时坚守岗位，如有需要请致电，我们将竭诚为您服务。夜间休息请关好门窗，做好安全防范，出入小区带好业主卡、谨防尾随。。贵阳金碧物业服务中心祝您：生活愉快！[烟花]""。.(客户):""[视频]""。&&&","[
    {
        ""话题倾向"": """"
    }
]"
群聊负向,"这是要分析的对话:&&&08月26日 10:25分。爱不解释(客户):""#金碧物业·秩序(保安)服务篇。??用心打磨每一个细节，用真诚赢得您的信赖??。??优美的环境，优良的秩序，优质的服务，都藏在细节里??。?从平凡处发现不平凡，感受我们的用心??。??绝不辜负您的信赖，全心全意为您服务??。         ??金碧物业  我们与您同在。               ——贵阳恒大文化旅游城物业服务中心""。爱不解释(客户):""[图片]""。08月26日 12:20分。南锺(客户):""通知：。8月25日是全国第八个残疾预防日，筑安社区居委会于明天8月27日（本周二）上午在辖区内开展“预防疾病致残  共享健康生活”宣传服务活动，希望学校有社会实践活动要求的学生积极参与，请有意参加志愿服务活动的人员于8月27日早上9:30到8组团筑安社区居委会集中开展活动。""。&&&","[
    {
        ""话题倾向"": """"
    }
]"
群聊负向,"这是要分析的对话:&&&08月26日 09:02分。恒大社区居委会8731213(客户):""[视频号消息]""。08月26日 09:27分。L(客户):""[图片]""。L(客户):""请问谁拿走啦我的充电器""。L(客户):""[图片]""。08月26日 10:15分。恒大社区居委会8731213(客户):""活动通知：恒大社区将于本周三8月28日下午3：00开展社区文明宣传和清扫活动，请需要参与暑假社会实践活动的学生扫下方的腾讯问卷报名参与。。集合地点：恒大社区居委会办公室（恒大城1期1栋内铺）。集合时间：8月28日下午2：50。备注：目前我们发的志愿活动主要是针对学校有要求学生参加暑假社会实践活动要盖章的或者是学校有要求做I志愿的学生，一般是中学生或者大学生，因每次活动人数有限，请没有这方面要求的学生家长暂时不要报名，谢谢！。温馨提示：。1.最近天气多变，请自备雨具遮阳防雨，注意安全。。2.请有需要拍照交学校的同学，自行带手机拍照哈。3.本次活动为24年暑期学生社会实践活动的最后一次活动，后续将不再开展，请有需要的学生积极参与。""。恒大社区居委会8731213(客户):""[图片]""。08月26日 17:10分。（休假中）韶关恒大城-管家-彭小芸(员工):""@所有人     关于八月园区消杀通知。…………""。08月26日 17:26分。（休假中）韶关恒大城-管家-彭小芸(员工):""温馨提醒：。        下午好[玫瑰…………""。08月26日 19:07分。韶关恒大城B区监控员(客户):""2024-8-26。【秩序维护部】。1、值班时间段:【19:00-7:00】。2、值班中队长:  李佰全。联系电话：18933707875。【温馨提示】。请各位业主知悉，如需要帮助或遇紧急情况，请电话联系值班室或值班中队长。。物业24小时值班电话：0751-8706100。0751-8706228""。&&&","[
    {
        ""话题倾向"": """"
    }
]"
群聊负向,"这是要分析的对话:&&&08月26日 09:02分。恒大社区居委会8731213(客户):""[视频号消息]""。08月26日 10:16分。恒大社区居委会8731213(客户):""活动通知：恒大社区将于本周三8月28日下午3：00开展社区文明宣传和清扫活动，请需要参与暑假社会实践活动的学生扫下方的腾讯问卷报名参与。。集合地点：恒大社区居委会办公室（恒大城1期1栋内铺）。集合时间：8月28日下午2：50。备注：目前我们发的志愿活动主要是针对学校有要求学生参加暑假社会实践活动要盖章的或者是学校有要求做I志愿的学生，一般是中学生或者大学生，因每次活动人数有限，请没有这方面要求的学生家长暂时不要报名，谢谢！。温馨提示：。1.最近天气多变，请自备雨具遮阳防雨，注意安全。。2.请有需要拍照交学校的同学，自行带手机拍照哈。3.本次活动为24年暑期学生社会实践活动的最后一次活动，后续将不再开展，请有需要的学生积极参与。""。恒大社区居委会8731213(客户):""[图片]""。08月26日 17:10分。（休假中）韶关恒大城-管家-彭小芸(员工):""@所有人     关于八月园区消杀通知。…………""。08月26日 17:26分。（休假中）韶关恒大城-管家-彭小芸(员工):""温馨提醒：。        下午好[玫瑰…………""。08月26日 19:07分。韶关恒大城B区监控员(客户):""2024-8-26。【秩序维护部】。1、值班时间段:【19:00-7:00】。2、值班中队长:  李佰全。联系电话：18933707875。【温馨提示】。请各位业主知悉，如需要帮助或遇紧急情况，请电话联系值班室或值班中队长。。物业24小时值班电话：0751-8706100。0751-8706228""。&&&","[
    {
        ""话题倾向"": """"
    }
]"
群聊负向,"这是要分析的对话:&&&08月26日 09:01分。恒大社区居委会8731213(客户):""[视频号消息]""。08月26日 10:16分。恒大社区居委会8731213(客户):""活动通知：恒大社区将于本周三8月28日下午3：00开展社区文明宣传和清扫活动，请需要参与暑假社会实践活动的学生扫下方的腾讯问卷报名参与。。集合地点：恒大社区居委会办公室（恒大城1期1栋内铺）。集合时间：8月28日下午2：50。备注：目前我们发的志愿活动主要是针对学校有要求学生参加暑假社会实践活动要盖章的或者是学校有要求做I志愿的学生，一般是中学生或者大学生，因每次活动人数有限，请没有这方面要求的学生家长暂时不要报名，谢谢！。温馨提示：。1.最近天气多变，请自备雨具遮阳防雨，注意安全。。2.请有需要拍照交学校的同学，自行带手机拍照哈。3.本次活动为24年暑期学生社会实践活动的最后一次活动，后续将不再开展，请有需要的学生积极参与。""。恒大社区居委会8731213(客户):""[图片]""。08月26日 17:11分。韶关恒大城-管家-黄曲力(员工):""    关于八月园区消杀通知。尊敬的业户…………""。韶关恒大城-管家-黄曲力(员工):""[图片]""。08月26日 19:03分。韶关恒大城A区监控员(客户):""2024-08-26。【秩序维护部】。1、值班时间段: 19:00-07:00。2、值班中队长: 祝金才。联系:13509859250。【温馨提示】。请各位业主知悉，如需要帮助或遇紧急情况，请电话联系值班室或值班中队长。。物业24小时值班电话：。0751-8709633。0751-8709600""。08月26日 19:39分。十指相扣(客户):""[文件下载失败]""。十指相扣(客户):""请问这车是哪位业主的，因车上没你电话号码？""。十指相扣(客户):""请联系我13570774166""。韶关恒大城A区监控员(客户):""请问是占用您的车位了吗？""。韶关恒大城A区监控员(客户):""@幸福安康?""。十指相扣(客户):""@韶关恒大城A区监控员?  不是，我刚不小心碰到他的车灯了""。韶关恒大城A区监控员(客户):""好的""。&&&","[
    {
        ""话题倾向"": """"
    }
]"
群聊负向,"这是要分析的对话:&&&08月26日 07:58分。天道酬勤(客户):"" 尊敬的各位业主：早上好  。8月26日执勤安排如下：。一、值班队长：张小书18302656806。二、24小时值班电：0851-83873003。辖区派出所电话：0851-83851334。三、带班时间：08:00-20:00。四、我们将12小时坚守岗位，如有需要请致电，我们将竭诚为您服务。外出请关好门窗、水电及燃气、出入小区带好业主卡、做好个人防护。。五、检查道路通行情况正常。。贵阳恒大文化旅游城物业服务中心祝您：生活愉快[烟花]""。08月26日 09:20分。。(客户):""[视频号消息]""。。(客户):""【提示】买卖游戏账号、游戏装备等一定要在官方平台进行，不要点击陌生链接，以交保证金、提现失败、账号冻结等理由要求继续充值的都是诈骗！""。08月26日 10:57分。天道酬勤(客户):""#金碧物业·秩序(保安)服务篇。??用心打磨每一个细节，用真诚赢得您的信赖??。??优美的环境，优良的秩序，优质的服务，都藏在细节里??。?从平凡处发现不平凡，感受我们的用心??。??绝不辜负您的信赖，全心全意为您服务??。         ??金碧物业  我们与您同在。               ——贵阳恒大文化旅游城物业服务中心""。天道酬勤(客户):""[图片]""。08月26日 18:12分。古松(员工):""关于小区园林绿化养护的温馨提示??。尊敬…………""。08月26日 20:53分。夏日的风(客户):""@秩序负责人张小书18302656806?您好，请问煤气管道泄露找谁维修？""。天道酬勤(客户):""@夏日的风?有专门的维修单位""。夏日的风(客户):""请问有相关的电话吗""。NaNa M(客户):""96977""。夏日的风(客户):""好的，谢谢""。08月26日 21:06分。。(客户):""通知：。8月25日是全国第八个残疾预防日，筑安社区居委会于明天8月27日（本周二）上午在辖区内开展“预防疾病致残  共享健康生活”宣传服务活动，希望学校有社会实践活动要求的学生积极参与，请有意参加志愿服务活动的人员于8月27日早上9:30到8组团筑安社区居委会集中开展活动。""。@????川川??(客户):""今日秩序巡查园区，通报情况如下：。1、巡查地库，发现未关闭单元门禁，已全部进行了关闭处理；。2、园区运行一切正常，无可疑人员逗留；。4、各位业主如遇紧急情况可拨打值班人员电话：。秩序部:舒川13668509505。维修部:何彬18984855091。辖区派出所电话085183851334。[抱拳]秩序小哥在此呼吁大家：?区的安全、和谐离不开我们共同的努?，请各位小主进出随手关闭单元门，做好安全防范。如遇问题或需帮助欢迎致电。""。@????川川??(客户):""[图片]""。&&&","[
    {
        ""话题倾向"": """"
    }
]"
群聊负向,"这是要分析的对话:&&&08月26日 08:07分。A00(客户):""尊敬的业主，您好：。       为更好、更快的解决业主问题，现将各值班人员、联系电话及值班时间公示在群内，各位业主可直接电话联系或在群内@秩序110。1、日常家用维修工具(螺丝刀、活动扳手、小锤等);。2、小型购物车、平板车、人字梯、打气筒，应急医用品等。。为您爱家保驾护航，如果您有家政保洁、直饮水卡办理、白蚁消杀、有偿维修、房屋租赁的业务需求，随时与我们联系，为您提供专业的服务。。【秩序维护部】。[爱心]1.值班时间段：。????08:00－20:00????。[爱心]2.值班中队长-赵队电话：0531-83131013。[爱心]3.物业服务电话：0531-55615896、55615596。??4.监控室值班24小时电话：0531-55612606。3、【物业-安保服务“小蜜蜂”】。[抱拳]如您家中有需要帮助的请联系我们?。[爱心]24小时为各位家人守候。[合十]贴心服务、真诚相伴。如需便民服务车，请直接联系；。①55612606。②55612808。有事您说话，我们会在第一时间安排人员帮你处理[玫瑰][玫瑰]""。A00(客户):""[图片]""。08月26日 08:16分。宁宁(客户):""??ˋ????ˊ??????????????????.*·做自己生活的舵手 把握梦想前进的方向 不服输 才能成长更好的自己。各位家人们[爱心]早上好！。我是物业保洁领班庄明华，联系电话 15628830750。各位保洁叔叔阿姨已到岗。??倘若您发现任何环境方面的问题或者有宝贵的建议，随时与我联系，我定会全力以赴为您排忧解难！。??感谢各位家人一直以来的信赖与支持！ ?? ??""。宁宁(客户):""[图片]""。08月26日 08:42分。济南绿洲16-18-19管家晴天(员工):""[玫瑰][玫瑰]早安  绿洲[玫瑰][玫…………""。济南绿洲16-18-19管家晴天(员工):""[链接]""。08月26日 09:55分。顺其自然(客户):""8.13元，接到[爆竹]“银监会”[爆竹]电话被骗。。3.63万元，大学生??兼职??被骗。。3.5万元，初中生被骗。。3.46万元，妇女?兼职刷单?被骗。。2.31万元，男青年[色]约炮[色]被骗。。。男青年[色][色]约炮[色][色]，妇女??兼职刷单??、????被“异性网友”诱导投资????诈骗高发！。转发提醒好家里的[拥抱]年轻人、妇女[拥抱]！。。【8月25日电诈警情通报】（近三天典型案例）。【平安街道、开发区派出所】。1、乙武村居民（开发区报警），【接到“银监会”电话】被骗8.13万元。。??手段：接到电话，对方自称?【“银监会”工作人员】??，要帮其“降低网贷利率”，还让其??登陆假的银监会网站??。。        过程中，?开启“屏幕共享”?，指导其将钱转走。。。【大学城、大学路派出所】。2、山东师范大学思想政治教育专业大四学生，【兼职】被骗3.63万元。。??手段：网上看到信息，兼职（“垫资”代充话费）。对方称选择[爆竹][爆竹]“企业代付”[爆竹][爆竹]，??钱就不会被转走，但操作后，钱还是被转走??。。       对方称其操作失误，??为退款，按对方要求，继续转账??。。。【马山镇、马山派出所】。3、周庙村初中生，【找人“解封微信”】被骗3.5万元。。??手段：快手找人解封微信，对方让其?提供了家长微信、银行卡的【验证码】?，钱被转走。。。【文昌街道、新城派出所】。4、建发天玺妇女，网上兼职【垫资做任务、刷销量、刷关注、刷点赞】被骗3.46万元。。??手段：??被陌生人拉进群??，推荐足不出户做兼职，[裂开]抖音刷关注[裂开]挣到佣金，后被引诱??“垫资”刷购“抖币”??。。        前期挣到小额返利，后被以【系统设置，需要[苦涩]连续刷任务才能退还垫付金、佣金[苦涩]】，【??操作失误，需要刷补救单??】为由要求转账。。。【崮云湖街道、大学路派出所】。5、河南籍务工男青年（租住乐天），【刷单做任务以?? 免费约炮?? 】被骗2.31万元。。??手段：??网上看到信息??，下载APP，为[吐]解锁约炮资格[吐]，??“约炮”客服引诱其“垫资”刷“会员费”??，前期挣到小额返利。。        后被以【系统设置，需要[裂开]连续刷任务[裂开]才能退还垫付金、佣金】、【??操作失误??（后台都能做手脚），刷补救单】为由要求多次转账。""。08月26日 10:21分。顺其自然(客户):""各位居民朋友好~。社区邻里夜校“AI机器人”招生啦~，详细信息如下：。上课时间：2024年8月28日本周三晚上七点半。活动地点：恒大绿洲第二社区党群服务中心""。顺其自然(客户):""[小程序消息]""。08月26日 11:25分。济南绿洲16-18-19管家晴天(员工):""????金碧物业晨跑开跑啦！！！打卡第一…………""。济南绿洲16-18-19管家晴天(员工):""[文件超过最大限制]""。08月26日 11:38分。宁宁(客户):""各位家人们，由于热力的维修管道，导致楼层管道弄出来不少垃圾，保洁也正在逐层清理着，有打扫不及时的地方还请家人们多多关照[抱拳][抱拳]""。08月26日 15:37分。宁宁(客户):""[图片]""。宁宁(客户):""[图片]""。宁宁(客户):""[图片]""。宁宁(客户):""[图片]""。08月26日 16:54分。宁宁(客户):""[拳头]环境提升持续进行中[拳头]。[太阳]今天地下室清理[太阳]。恒大绿洲保洁团队为您服务[玫瑰]""。宁宁(客户):""[图片]""。08月26日 18:40分。A大漠(客户):""??物业秩序“小蜜蜂” ??。[庆祝]“小蜜蜂”来了！来了！[庆祝]。[太阳]有事，您说话[太阳]。[庆祝]车辆电瓶亏电启动不了！。[庆祝]家里有沉物品搬不动了！。[庆祝]买了好多东西拿不了！。联系电话：0531-55612606。秩序小“蜜蜂”竭诚为您服务！[耶][耶][耶]。[庆祝]我们的口号：。[庆祝]真心帮助每一位[庆祝]。[庆祝]热心服务每一人[庆祝]。[庆祝]赠人玫瑰[玫瑰]，手有余香[庆祝]""。A大漠(客户):""[图片]""。08月26日 20:04分。你的月亮我的心(客户):""尊敬的业主，您好：。       为更好、更快的解决业主问题，现将各值班人员、联系电话及值班时间公示在群内，各位业主可直接电话联系或在群内@秩序110。1、日常家用维修工具(螺丝刀、活动扳手、小锤等);。2、小型购物车、平板车、人字梯、打气筒，应急医用品等。。为您爱家保驾护航，如果您有家政保洁、直饮水卡办理、白蚁消杀、有偿维修、房屋租赁的业务需求，随时与我们联系，为您提供专业的服务。。【秩序维护部】。[爱心]1.值班时间段：。????20:00－08:00????。[爱心]2.值班中队长-赵队电话：0531-55615881。[爱心]3.物业服务电话：0531-55615896、55615596。??4.监控室值班24小时电话：0531-55612606。3、【物业-安保服务“小蜜蜂”】。[抱拳]如您家中有需要帮助的请联系我们?。[爱心]24小时为各位家人守候。[合十]贴心服务、真诚相伴。如需便民服务车，请直接联系；。①55612606。②55612808。有事您说话，我们会在第一时间安排人员帮你处理[玫瑰][玫瑰]""。你的月亮我的心(客户):""[图片]""。08月26日 20:48分。刘洪山(员工):""【公区维修8月19日-8月25日工作汇报…………""。刘洪山(员工):""[图片]""。08月26日 23:50分。你的月亮我的心(客户):""尊敬的业主大家好！我是夜间执勤赵队长，金碧物业安保服务8月26号巡查，时刻守护业主们的安全，请安心入睡，如有紧急情况请拨打0531-55612606""。你的月亮我的心(客户):""[图片]""。08月27日 03:01分。你的月亮我的心(客户):""尊敬的业主大家好！我是夜间执勤赵队长，金碧物业安保服务8月27号巡查，时刻守护业主们的安全，请安心入睡，如有紧急情况请拨打0531-55612606""。你的月亮我的心(客户):""[图片]""。&&&","[
    {
        ""话题倾向"": """"
    }
]"
群聊负向,"这是要分析的对话:&&&08月26日 08:22分。王学灵(员工):""?????????家人们，早上好~。今天…………""。08月26日 08:48分。刘梅(客户):""家人们今日保洁在对商业街石材进行清洗 ，路过时注意安全避免滑倒及水溅到身上，祝家人们生活愉快[握手][握手][握手][咖啡][咖啡][咖啡]""。刘梅(客户):""[图片]""。08月26日 11:48分。王学灵(员工):""[文件下载失败]""。王学灵(员工):""各位家人们，请问一下这个是谁家的猫猫、在…………""。08月26日 17:01分。刘梅(客户):""??保洁篇—园区石材及商业街石材清洗、垃圾桶清洗、保洁日常工作。服务从来没有一劳永逸??，。只有日复一日的坚持??，。保洁员对园区石材及商业街石材清洗、清洗垃圾桶??，。以匠心服务铸就美好的生活??。。     ——贵阳恒大文化旅游城第一物业服务中心""。刘梅(客户):""[图片]""。08月26日 20:32分。??一切??? 随缘????(客户):""各位业主：晚上好！[玫瑰]。8月 26日秩序部夜间执勤安排：。一、值班:罗中林。电话:17584997003。二、24小时值班电：0851-83862661。辖区派出所电话：0851-83851334。值班维修师傅：。杨丙云:13984310672带班时间：20:00-08:00。四、我们将12小时坚守岗位，如有需要请致电，我们将竭诚为您服务。夜间休息请关好门窗，做好安全防范，出入小区带好业主卡。。贵阳恒大文化旅游城物业服务中心祝您：。               生活愉快！""。??一切??? 随缘????(客户):""[视频]""。08月26日 23:09分。筑安(客户):""[视频号消息]""。筑安(客户):""通知：。8月25日是全国第八个残疾预防日，筑安社区居委会于明天8月27日（本周二）上午在辖区内开展“预防疾病致残  共享健康生活”宣传服务活动，希望学校有社会实践活动要求的学生积极参与，请有意参加志愿服务活动的人员于8月27日早上9:30到8组团筑安社区居委会集中开展活动。""。筑安(客户):""【提示】买卖游戏账号、游戏装备等一定要在官方平台进行，不要点击陌生链接，以交保证金、提现失败、账号冻结等理由要求继续充值的都是诈骗！""。&&&","[
    {
        ""话题倾向"": """"
    }
]"
群聊负向,"这是要分析的对话:&&&08月26日 10:25分。爱不解释(客户):""#金碧物业·秩序(保安)服务篇。??用心打磨每一个细节，用真诚赢得您的信赖??。??优美的环境，优良的秩序，优质的服务，都藏在细节里??。?从平凡处发现不平凡，感受我们的用心??。??绝不辜负您的信赖，全心全意为您服务??。         ??金碧物业  我们与您同在。               ——贵阳恒大文化旅游城物业服务中心""。爱不解释(客户):""[图片]""。08月26日 12:20分。南锺(客户):""通知：。8月25日是全国第八个残疾预防日，筑安社区居委会于明天8月27日（本周二）上午在辖区内开展“预防疾病致残  共享健康生活”宣传服务活动，希望学校有社会实践活动要求的学生积极参与，请有意参加志愿服务活动的人员于8月27日早上9:30到8组团筑安社区居委会集中开展活动。""。&&&","[
    {
        ""话题倾向"": """"
    }
]"
群聊负向,"这是要分析的对话:&&&08月26日 07:24分。济南绿洲39-42-43管家小雪(员工):""????金碧物业晨跑开跑啦！！！大朋友、…………""。济南绿洲39-42-43管家小雪(员工):""[图片]""。济南绿洲39-42-43管家小雪(员工):""[图片]""。济南绿洲39-42-43管家小雪(员工):""[图片]""。济南绿洲39-42-43管家小雪(员工):""[文件超过最大限制]""。08月26日 08:06分。A00(客户):""尊敬的业主，您好：。       为更好、更快的解决业主问题，现将各值班人员、联系电话及值班时间公示在群内，各位业主可直接电话联系或在群内@秩序110。1、日常家用维修工具(螺丝刀、活动扳手、小锤等);。2、小型购物车、平板车、人字梯、打气筒，应急医用品等。。为您爱家保驾护航，如果您有家政保洁、直饮水卡办理、白蚁消杀、有偿维修、房屋租赁的业务需求，随时与我们联系，为您提供专业的服务。。【秩序维护部】。[爱心]1.值班时间段：。????08:00－20:00????。[爱心]2.值班中队长-赵队电话：0531-83131013。[爱心]3.物业服务电话：0531-55615896、55615596。??4.监控室值班24小时电话：0531-55612606。3、【物业-安保服务“小蜜蜂”】。[抱拳]如您家中有需要帮助的请联系我们?。[爱心]24小时为各位家人守候。[合十]贴心服务、真诚相伴。如需便民服务车，请直接联系；。①55612606。②55612808。有事您说话，我们会在第一时间安排人员帮你处理[玫瑰][玫瑰]""。A00(客户):""[图片]""。08月26日 08:44分。济南绿洲39-42-43管家小雪(员工):""[玫瑰][玫瑰]早安  绿洲[玫瑰][玫…………""。济南绿洲39-42-43管家小雪(员工):""[链接]""。08月26日 09:43分。恒大四社区@蒋(客户):""8.13元，接到[爆竹]“银监会”[爆竹]电话被骗。。3.63万元，大学生??兼职??被骗。。3.5万元，初中生被骗。。3.46万元，妇女?兼职刷单?被骗。。2.31万元，男青年[色]约炮[色]被骗。。。男青年[色][色]约炮[色][色]，妇女??兼职刷单??、????被“异性网友”诱导投资????诈骗高发！。转发提醒好家里的[拥抱]年轻人、妇女[拥抱]！。。【8月25日电诈警情通报】（近三天典型案例）。【平安街道、开发区派出所】。1、乙武村居民（开发区报警），【接到“银监会”电话】被骗8.13万元。。??手段：接到电话，对方自称?【“银监会”工作人员】??，要帮其“降低网贷利率”，还让其??登陆假的银监会网站??。。        过程中，?开启“屏幕共享”?，指导其将钱转走。。。【大学城、大学路派出所】。2、山东师范大学思想政治教育专业大四学生，【兼职】被骗3.63万元。。??手段：网上看到信息，兼职（“垫资”代充话费）。对方称选择[爆竹][爆竹]“企业代付”[爆竹][爆竹]，??钱就不会被转走，但操作后，钱还是被转走??。。       对方称其操作失误，??为退款，按对方要求，继续转账??。。。【马山镇、马山派出所】。3、周庙村初中生，【找人“解封微信”】被骗3.5万元。。??手段：快手找人解封微信，对方让其?提供了家长微信、银行卡的【验证码】?，钱被转走。。。【文昌街道、新城派出所】。4、建发天玺妇女，网上兼职【垫资做任务、刷销量、刷关注、刷点赞】被骗3.46万元。。??手段：??被陌生人拉进群??，推荐足不出户做兼职，[裂开]抖音刷关注[裂开]挣到佣金，后被引诱??“垫资”刷购“抖币”??。。        前期挣到小额返利，后被以【系统设置，需要[苦涩]连续刷任务才能退还垫付金、佣金[苦涩]】，【??操作失误，需要刷补救单??】为由要求转账。。。【崮云湖街道、大学路派出所】。5、河南籍务工男青年（租住乐天），【刷单做任务以?? 免费约炮?? 】被骗2.31万元。。??手段：??网上看到信息??，下载APP，为[吐]解锁约炮资格[吐]，??“约炮”客服引诱其“垫资”刷“会员费”??，前期挣到小额返利。。        后被以【系统设置，需要[裂开]连续刷任务[裂开]才能退还垫付金、佣金】、【??操作失误??（后台都能做手脚），刷补救单】为由要求多次转账。""。08月26日 11:27分。李强(客户):""【公区维修8月19日-8月25日工作汇报】。●公区及地下车库排污泵检修7处。●公区及地下车库照明更换6处。●公区直饮水机滤芯更换4处。●公区大堂顶子破损粉刷5处。●公区墙砖破损更换3处。●公区消防故障处理47处。●公区充电桩头安装21处。●园区排污管道疏通8处。●园区路面维修3处。●电梯维保125部。●设备房维护保养。●设备房巡查。工程维修，为您的生活保驾护航。如需帮助请拨打。24小时物业热线:。0531-55615896。济南恒大绿洲物业服务中心""。李强(客户):""[图片]""。08月26日 15:26分。??拾贰@乐儿??(客户):""    【社区儿童跳绳比赛通知】。亲爱的居民们：。为了丰富我们社区儿童的课余生活，增强孩子们的体质，培养团队合作精神与竞争意识，我们社区将于周四（8月29日）下午2:30，在恒大第四社区（37号楼）举办一场别开生面的“快乐童年，绳彩飞扬”儿童跳绳比赛。现面向全体社区儿童发出诚挚邀请，快来加入我们，一起跳动健康，跳出欢乐吧！。?? 比赛时间：8月29日（周四）下午2:30。?? 比赛地点：恒大绿洲37号党群服务中心。?? 参与对象：社区内所有5-12岁的儿童（欢迎家长陪同观看）。?? 比赛项目：。单人速度跳（计时赛）。花样跳绳展示（创意加分）。?? 报名方式：请家长或监护人于本周四前，填报跳绳报名表或通过电话/微信（87219936/13156193896）进行报名。报名时请提供孩子的姓名、年龄及联系方式。。?? 准备事项：。自备跳绳：每位参赛小朋友需自备一根跳绳，确保比赛顺利进行。。着装舒适：请穿着适合运动的服装和鞋子，以最佳状态迎接比赛。。安全第一：比赛过程中请遵守规则，注意安全，友谊第一，比赛第二。。?? 奖项设置：我们将为各项目组别的优胜者颁发精美奖品，更有参与奖等待每一位勇敢参与的小朋友！。让我们在这个充满活力的季节里，以绳为媒，共赴一场健康与快乐的盛宴。期待每一位小朋友的精彩表现，不见不散！。                        。     ??恒大绿洲第四社区居委会""。??拾贰@乐儿??(客户):""[链接]""。08月26日 18:41分。A大漠(客户):""??物业秩序“小蜜蜂” ??。[庆祝]“小蜜蜂”来了！来了！[庆祝]。[太阳]有事，您说话[太阳]。[庆祝]车辆电瓶亏电启动不了！。[庆祝]家里有沉物品搬不动了！。[庆祝]买了好多东西拿不了！。联系电话：0531-55612606。秩序小“蜜蜂”竭诚为您服务！[耶][耶][耶]。[庆祝]我们的口号：。[庆祝]真心帮助每一位[庆祝]。[庆祝]热心服务每一人[庆祝]。[庆祝]赠人玫瑰[玫瑰]，手有余香[庆祝]""。A大漠(客户):""[图片]""。08月26日 20:04分。你的月亮我的心(客户):""尊敬的业主，您好：。       为更好、更快的解决业主问题，现将各值班人员、联系电话及值班时间公示在群内，各位业主可直接电话联系或在群内@秩序110。1、日常家用维修工具(螺丝刀、活动扳手、小锤等);。2、小型购物车、平板车、人字梯、打气筒，应急医用品等。。为您爱家保驾护航，如果您有家政保洁、直饮水卡办理、白蚁消杀、有偿维修、房屋租赁的业务需求，随时与我们联系，为您提供专业的服务。。【秩序维护部】。[爱心]1.值班时间段：。????20:00－08:00????。[爱心]2.值班中队长-赵队电话：0531-55615881。[爱心]3.物业服务电话：0531-55615896、55615596。??4.监控室值班24小时电话：0531-55612606。3、【物业-安保服务“小蜜蜂”】。[抱拳]如您家中有需要帮助的请联系我们?。[爱心]24小时为各位家人守候。[合十]贴心服务、真诚相伴。如需便民服务车，请直接联系；。①55612606。②55612808。有事您说话，我们会在第一时间安排人员帮你处理[玫瑰][玫瑰]""。你的月亮我的心(客户):""[图片]""。08月26日 23:52分。你的月亮我的心(客户):""尊敬的业主大家好！我是夜间执勤赵队长，金碧物业安保服务8月26号巡查，时刻守护业主们的安全，请安心入睡，如有紧急情况请拨打0531-55612606""。你的月亮我的心(客户):""[图片]""。08月27日 03:00分。你的月亮我的心(客户):""尊敬的业主大家好！我是夜间执勤赵队长，金碧物业安保服务8月27号巡查，时刻守护业主们的安全，请安心入睡，如有紧急情况请拨打0531-55612606""。你的月亮我的心(客户):""[图片]""。&&&","[
    {
        ""话题倾向"": """"
    }
]"
群聊负向,"这是要分析的对话:&&&08月26日 08:26分。恒大城???? 秩序部 三期监控室(客户):"" @所有人。请问这些是哪位业主的？请赶紧清理，3天没人认领，会当无主垃圾处理掉""。恒大城???? 秩序部 三期监控室(客户):""[图片]""。恒大城???? 秩序部 三期监控室(客户):""[图片]""。08月26日 09:12分。恒大城???? 秩序部 三期监控室(客户):""[视频号消息]""。恒大城???? 秩序部 三期监控室(客户):""“客服”给你打来电话，说你网购商品出现问题！可以给你申请退款，还给你发来陌生链接！让你注册账号填写信息，再说因“操作失误”导致账户被冻结，让你转账解冻后才能退款？南昌反诈提醒您：退换货请认准官方平台，陌生链接不要点击，不要透露个人信息。敬请各位领导同事转发反诈视频及反诈日历。[抱拳][抱拳][抱拳]""。恒大城???? 秩序部 三期监控室(客户):""[图片]""。08月26日 11:32分。恒大城-管家-小廖(员工):""【关于四害消杀的温馨提示】。      …………""。恒大城-管家-小廖(员工):""[图片]""。08月26日 12:17分。半夏(客户):""{""pre_msgid"":""10775642540885895268_1724645755433_external""}""。08月26日 14:53分。草莓不馁(客户):""各位居民朋友们:。 为了提高辖区孕、产妇及宝妈的健康指数，彭家坊社区将开展“幸福来敲门，健康暖人心”活动，特邀请一附医院妇产专家亲临指导，对孕妈营养咨询、护士进行胎心监护，女性妇科健康义诊等活动，让妈妈们在家门口就可以享受专业的妇产服务。。1、活动时间：2024年8月31日。2、活动地点:彭家坊社区。3、现场有价值200元的产检券、两癌筛查体检券由爱佳妇产医院免费提供，还有精美礼品相赠。。请大家踊跃报名，名额有限，先报先得！""。08月26日 15:49分。恒大城-管家-小廖(员工):""【南昌恒大城—周报】。?? 一周美好，与…………""。恒大城-管家-小廖(员工):""[图片]""。08月26日 18:18分。恒大城???? 秩序部 三期监控室(客户):""重要警示：。    8月23日晚10时，江苏省宿迁市一电动自行车店起火，虽然仅半小时明火就得到控制，但仍造成6人死亡（尤为痛心的是，遇难者中4人系未成年人）。此前，2024年2月23日4时许，江苏南京市雨花台区一小区发生电动自行车火灾，造成15人死亡，44人受伤。今年4月27日，我县一小区也发生了电动自行车火灾亡人事件。在此警示，电动自行车起火，燃烧迅速并会在短时间造成大量有害气体，因灾致死率极高！因此，为了大家的生命财产安全，恳请各位业主对自己负责，也对左右邻里负责，严禁将电动自行车违规入楼、违规充电！也请各位监督，一发现有电动车上楼进单元的，请及时联系物业24小时电话:85130408，物业会第一时间上户整治，保障大家居住安全。""。08月26日 20:02分。恒大城???? 秩序部 三期监控室(客户):""? 2024.8.26日? 。【秩序维护部】 。1.夜班值班时间段：20：00—08：00。2.夜班值班队长:徐霖。3.物业24小时服务电话：0791-85957719/85130408。? 【物业小贴士】?。1、园区道路是大家的，请将爱车停至车位或车库，勿占行车主干道。。2、予人方便，予己方便，整齐有序，文明停车。。3、随身携带门禁卡，刷卡进出，提高安全防止偷盗。。4、请随手关大堂门，轻拉轻推，勿用力拉扯。。5、非机动车请勿进大堂、楼道内充电。。6、请勿让爱宠随地大小便，做文明养宠人。""。&&&","[
    {
        ""话题倾向"": """"
    }
]"
群聊负向,"这是要分析的对话:&&&08月26日 09:01分。恒大社区居委会8731213(客户):""[视频号消息]""。08月26日 10:16分。恒大社区居委会8731213(客户):""[图片]""。恒大社区居委会8731213(客户):""活动通知：恒大社区将于本周三8月28日下午3：00开展社区文明宣传和清扫活动，请需要参与暑假社会实践活动的学生扫下方的腾讯问卷报名参与。。集合地点：恒大社区居委会办公室（恒大城1期1栋内铺）。集合时间：8月28日下午2：50。备注：目前我们发的志愿活动主要是针对学校有要求学生参加暑假社会实践活动要盖章的或者是学校有要求做I志愿的学生，一般是中学生或者大学生，因每次活动人数有限，请没有这方面要求的学生家长暂时不要报名，谢谢！。温馨提示：。1.最近天气多变，请自备雨具遮阳防雨，注意安全。。2.请有需要拍照交学校的同学，自行带手机拍照哈。3.本次活动为24年暑期学生社会实践活动的最后一次活动，后续将不再开展，请有需要的学生积极参与。""。08月26日 17:08分。韶关恒大城-管家-李海通(员工):""     关于八月园区消杀通知。尊敬的业…………""。韶关恒大城-管家-李海通(员工):""[图片]""。08月26日 19:03分。韶关恒大城A区监控员(客户):""2024-08-26。【秩序维护部】。1、值班时间段: 19:00-07:00。2、值班中队长: 祝金才。联系:13509859250。【温馨提示】。请各位业主知悉，如需要帮助或遇紧急情况，请电话联系值班室或值班中队长。。物业24小时值班电话：。0751-8709633。0751-8709600""。&&&","[
    {
        ""话题倾向"": """"
    }
]"
群聊负向,"这是要分析的对话:&&&08月26日 08:20分。雷蕾(客户):""[小程序消息]""。雷蕾(客户):""{""pre_msgid"":""18382872706008878213_1724631650414_external""}""。08月26日 08:34分。恒大城–管家–丹丹(员工):""【休息知会】。各位亲爱的业主朋友:。  …………""。08月26日 09:13分。恒大城???? 秩序部 三期监控室(客户):""[视频号消息]""。恒大城???? 秩序部 三期监控室(客户):""“客服”给你打来电话，说你网购商品出现问题！可以给你申请退款，还给你发来陌生链接！让你注册账号填写信息，再说因“操作失误”导致账户被冻结，让你转账解冻后才能退款？南昌反诈提醒您：退换货请认准官方平台，陌生链接不要点击，不要透露个人信息。敬请各位领导同事转发反诈视频及反诈日历。[抱拳][抱拳][抱拳]""。恒大城???? 秩序部 三期监控室(客户):""[图片]""。08月26日 11:02分。未雨绸缪，6月初十(客户):""那位邻居有修洗衣机的电话吗""。08月26日 11:45分。恒大城–管家–丹丹(员工):""【关于四害消杀的温馨提示】。      …………""。恒大城–管家–丹丹(员工):""[图片]""。08月26日 12:10分。未雨绸缪，6月初十(客户):""@恒大城–管家–丹丹?""。恒大城???? 秩序部 三期监控室(客户):""@未雨绸缪，6月初十?你好，请问有什么事吗？""。未雨绸缪，6月初十(客户):""有修洗衣机的电话吗""。恒大城???? 秩序部 三期监控室(客户):""楼管今天休息，有事可以直接拨打物业电话85130408会有人处理""。恒大城???? 秩序部 三期监控室(客户):""稍等，我找一下""。未雨绸缪，6月初十(客户):""好的""。恒大城???? 秩序部 三期监控室(客户):""家电维修，空调维修，空调清洗，油烟机清洗18126299685。。15797658039。在小区维修家电的。。14-1楼下也开了一个家电维修的，18879128087。家电维修：13247003077。家电维修：13677916321。家电维修：15079121095""。恒大城???? 秩序部 三期监控室(客户):""这些都是在业主群里看到的，可以打电话问一下""。恒大城???? 秩序部 三期监控室(客户):""@未雨绸缪，6月初十?""。未雨绸缪，6月初十(客户):""谢谢""。恒大城???? 秩序部 三期监控室(客户):""不客气""。08月26日 12:21分。雷蕾(客户):""[小程序消息]""。雷蕾(客户):""{""pre_msgid"":""260856628933904058_1724646068393_external""}""。08月26日 14:41分。??(客户):""本人有两室一厅一厨一卫出租，精装，带家具家电。以及本人有一个独立车位出售，有意者联系！电话??：18970904148""。08月26日 18:19分。恒大城???? 秩序部 三期监控室(客户):""重要警示：。    8月23日晚10时，江苏省宿迁市一电动自行车店起火，虽然仅半小时明火就得到控制，但仍造成6人死亡（尤为痛心的是，遇难者中4人系未成年人）。此前，2024年2月23日4时许，江苏南京市雨花台区一小区发生电动自行车火灾，造成15人死亡，44人受伤。今年4月27日，我县一小区也发生了电动自行车火灾亡人事件。在此警示，电动自行车起火，燃烧迅速并会在短时间造成大量有害气体，因灾致死率极高！因此，为了大家的生命财产安全，恳请各位业主对自己负责，也对左右邻里负责，严禁将电动自行车违规入楼、违规充电！也请各位监督，一发现有电动车上楼进单元的，请及时联系物业24小时电话:85130408，物业会第一时间上户整治，保障大家居住安全。""。08月26日 20:02分。恒大城???? 秩序部 三期监控室(客户):""? 2024.8.26日? 。【秩序维护部】 。1.夜班值班时间段：20：00—08：00。2.夜班值班队长:徐霖。3.物业24小时服务电话：0791-85957719/85130408。? 【物业小贴士】?。1、园区道路是大家的，请将爱车停至车位或车库，勿占行车主干道。。2、予人方便，予己方便，整齐有序，文明停车。。3、随身携带门禁卡，刷卡进出，提高安全防止偷盗。。4、请随手关大堂门，轻拉轻推，勿用力拉扯。。5、非机动车请勿进大堂、楼道内充电。。6、请勿让爱宠随地大小便，做文明养宠人。""。&&&","[
    {
        ""话题倾向"": """"
    }
]"
群聊负向,"这是要分析的对话:&&&08月26日 08:07分。A00(客户):""尊敬的业主，您好：。       为更好、更快的解决业主问题，现将各值班人员、联系电话及值班时间公示在群内，各位业主可直接电话联系或在群内@秩序110。1、日常家用维修工具(螺丝刀、活动扳手、小锤等);。2、小型购物车、平板车、人字梯、打气筒，应急医用品等。。为您爱家保驾护航，如果您有家政保洁、直饮水卡办理、白蚁消杀、有偿维修、房屋租赁的业务需求，随时与我们联系，为您提供专业的服务。。【秩序维护部】。[爱心]1.值班时间段：。????08:00－20:00????。[爱心]2.值班中队长-赵队电话：0531-83131013。[爱心]3.物业服务电话：0531-55615896、55615596。??4.监控室值班24小时电话：0531-55612606。3、【物业-安保服务“小蜜蜂”】。[抱拳]如您家中有需要帮助的请联系我们?。[爱心]24小时为各位家人守候。[合十]贴心服务、真诚相伴。如需便民服务车，请直接联系；。①55612606。②55612808。有事您说话，我们会在第一时间安排人员帮你处理[玫瑰][玫瑰]""。A00(客户):""[图片]""。08月26日 08:28分。JN29岁月静好(客户):""。[庆祝]雨后园林座椅已擦拭[庆祝]。    [烟花]游乐设施已清理?积水清理中[烟花]。恒大绿洲保洁团队为您服务[玫瑰]""。JN29岁月静好(客户):""[图片]""。08月26日 08:46分。恒大绿洲22-23-24-25管家谷雨(员工):""????金碧物业晨跑开跑啦！！！大朋友、…………""。恒大绿洲22-23-24-25管家谷雨(员工):""[图片]""。08月26日 08:51分。恒大绿洲22-23-24-25管家谷雨(员工):""[图片]""。恒大绿洲22-23-24-25管家谷雨(员工):""[图片]""。08月26日 12:10分。恒大绿洲22-23-24-25管家谷雨(员工):""????金碧物业晨跑开跑啦！！！打卡第一…………""。恒大绿洲22-23-24-25管家谷雨(员工):""[文件超过最大限制]""。08月26日 12:24分。独家记忆(客户):""晨跑几点开始""。独家记忆(客户):""买哪里集合？""。22.23.24.25管家(客户):""。早晨7:00 集合，。地点：凤凰路路小学东校区操场""。08月26日 12:30分。恒大绿洲22-23-24-25管家谷雨(员工):""[图片]""。恒大绿洲22-23-24-25管家谷雨(员工):""{""pre_msgid"":""622485…………""。08月26日 18:42分。A大漠(客户):""??物业秩序“小蜜蜂” ??。[庆祝]“小蜜蜂”来了！来了！[庆祝]。[太阳]有事，您说话[太阳]。[庆祝]车辆电瓶亏电启动不了！。[庆祝]家里有沉物品搬不动了！。[庆祝]买了好多东西拿不了！。联系电话：0531-55612606。秩序小“蜜蜂”竭诚为您服务！[耶][耶][耶]。[庆祝]我们的口号：。[庆祝]真心帮助每一位[庆祝]。[庆祝]热心服务每一人[庆祝]。[庆祝]赠人玫瑰[玫瑰]，手有余香[庆祝]""。A大漠(客户):""[图片]""。08月26日 20:03分。你的月亮我的心(客户):""尊敬的业主，您好：。       为更好、更快的解决业主问题，现将各值班人员、联系电话及值班时间公示在群内，各位业主可直接电话联系或在群内@秩序110。1、日常家用维修工具(螺丝刀、活动扳手、小锤等);。2、小型购物车、平板车、人字梯、打气筒，应急医用品等。。为您爱家保驾护航，如果您有家政保洁、直饮水卡办理、白蚁消杀、有偿维修、房屋租赁的业务需求，随时与我们联系，为您提供专业的服务。。【秩序维护部】。[爱心]1.值班时间段：。????20:00－08:00????。[爱心]2.值班中队长-赵队电话：0531-55615881。[爱心]3.物业服务电话：0531-55615896、55615596。??4.监控室值班24小时电话：0531-55612606。3、【物业-安保服务“小蜜蜂”】。[抱拳]如您家中有需要帮助的请联系我们?。[爱心]24小时为各位家人守候。[合十]贴心服务、真诚相伴。如需便民服务车，请直接联系；。①55612606。②55612808。有事您说话，我们会在第一时间安排人员帮你处理[玫瑰][玫瑰]""。你的月亮我的心(客户):""[图片]""。08月26日 23:52分。你的月亮我的心(客户):""尊敬的业主大家好！我是夜间执勤赵队长，金碧物业安保服务8月26号巡查，时刻守护业主们的安全，请安心入睡，如有紧急情况请拨打0531-55612606""。你的月亮我的心(客户):""[图片]""。08月27日 02:59分。你的月亮我的心(客户):""尊敬的业主大家好！我是夜间执勤赵队长，金碧物业安保服务8月27号巡查，时刻守护业主们的安全，请安心入睡，如有紧急情况请拨打0531-55612606""。你的月亮我的心(客户):""[图片]""。&&&","[
    {
        ""话题倾向"": """"
    }
]"
群聊负向,"这是要分析的对话:&&&08月26日 07:53分。济南绿洲8-9号楼管家立夏(员工):""????金碧物业晨跑开跑啦！！！大朋友、…………""。济南绿洲8-9号楼管家立夏(员工):""[图片]""。济南绿洲8-9号楼管家立夏(员工):""[图片]""。济南绿洲8-9号楼管家立夏(员工):""[图片]""。济南绿洲8-9号楼管家立夏(员工):""[文件超过最大限制]""。08月26日 08:05分。A00(客户):""尊敬的业主，您好：。       为更好、更快的解决业主问题，现将各值班人员、联系电话及值班时间公示在群内，各位业主可直接电话联系或在群内@秩序110。1、日常家用维修工具(螺丝刀、活动扳手、小锤等);。2、小型购物车、平板车、人字梯、打气筒，应急医用品等。。为您爱家保驾护航，如果您有家政保洁、直饮水卡办理、白蚁消杀、有偿维修、房屋租赁的业务需求，随时与我们联系，为您提供专业的服务。。【秩序维护部】。[爱心]1.值班时间段：。????08:00－20:00????。[爱心]2.值班中队长-赵队电话：0531-83131013。[爱心]3.物业服务电话：0531-55615896、55615596。??4.监控室值班24小时电话：0531-55612606。3、【物业-安保服务“小蜜蜂”】。[抱拳]如您家中有需要帮助的请联系我们?。[爱心]24小时为各位家人守候。[合十]贴心服务、真诚相伴。如需便民服务车，请直接联系；。①55612606。②55612808。有事您说话，我们会在第一时间安排人员帮你处理[玫瑰][玫瑰]""。A00(客户):""[图片]""。08月26日 08:17分。宁宁(客户):""??ˋ????ˊ??????????????????.*·做自己生活的舵手 把握梦想前进的方向 不服输 才能成长更好的自己。各位家人们[爱心]早上好！。我是物业保洁领班庄明华，联系电话 15628830750。各位保洁叔叔阿姨已到岗。??倘若您发现任何环境方面的问题或者有宝贵的建议，随时与我联系，我定会全力以赴为您排忧解难！。??感谢各位家人一直以来的信赖与支持！ ?? ??""。宁宁(客户):""[图片]""。08月26日 08:42分。济南绿洲8-9号楼管家立夏(员工):""[玫瑰][玫瑰]早安  绿洲[玫瑰][玫…………""。济南绿洲8-9号楼管家立夏(员工):""[链接]""。08月26日 09:54分。派出所反诈宣传员(客户):""8.13元，接到[爆竹]“银监会”[爆竹]电话被骗。。3.63万元，大学生??兼职??被骗。。3.5万元，初中生被骗。。3.46万元，妇女?兼职刷单?被骗。。2.31万元，男青年[色]约炮[色]被骗。。。男青年[色][色]约炮[色][色]，妇女??兼职刷单??、????被“异性网友”诱导投资????诈骗高发！。转发提醒好家里的[拥抱]年轻人、妇女[拥抱]！。。【8月25日电诈警情通报】（近三天典型案例）。【平安街道、开发区派出所】。1、乙武村居民（开发区报警），【接到“银监会”电话】被骗8.13万元。。??手段：接到电话，对方自称?【“银监会”工作人员】??，要帮其“降低网贷利率”，还让其??登陆假的银监会网站??。。        过程中，?开启“屏幕共享”?，指导其将钱转走。。。【大学城、大学路派出所】。2、山东师范大学思想政治教育专业大四学生，【兼职】被骗3.63万元。。??手段：网上看到信息，兼职（“垫资”代充话费）。对方称选择[爆竹][爆竹]“企业代付”[爆竹][爆竹]，??钱就不会被转走，但操作后，钱还是被转走??。。       对方称其操作失误，??为退款，按对方要求，继续转账??。。。【马山镇、马山派出所】。3、周庙村初中生，【找人“解封微信”】被骗3.5万元。。??手段：快手找人解封微信，对方让其?提供了家长微信、银行卡的【验证码】?，钱被转走。。。【文昌街道、新城派出所】。4、建发天玺妇女，网上兼职【垫资做任务、刷销量、刷关注、刷点赞】被骗3.46万元。。??手段：??被陌生人拉进群??，推荐足不出户做兼职，[裂开]抖音刷关注[裂开]挣到佣金，后被引诱??“垫资”刷购“抖币”??。。        前期挣到小额返利，后被以【系统设置，需要[苦涩]连续刷任务才能退还垫付金、佣金[苦涩]】，【??操作失误，需要刷补救单??】为由要求转账。。。【崮云湖街道、大学路派出所】。5、河南籍务工男青年（租住乐天），【刷单做任务以?? 免费约炮?? 】被骗2.31万元。。??手段：??网上看到信息??，下载APP，为[吐]解锁约炮资格[吐]，??“约炮”客服引诱其“垫资”刷“会员费”??，前期挣到小额返利。。        后被以【系统设置，需要[裂开]连续刷任务[裂开]才能退还垫付金、佣金】、【??操作失误??（后台都能做手脚），刷补救单】为由要求多次转账。""。08月26日 15:33分。派出所反诈宣传员(客户):""[小程序消息]""。宁宁(客户):""[图片]""。宁宁(客户):""[图片]""。宁宁(客户):""[图片]""。宁宁(客户):""[图片]""。08月26日 16:54分。宁宁(客户):""[拳头]环境提升持续进行中[拳头]。[太阳]今天地下室清理[太阳]。恒大绿洲保洁团队为您服务[玫瑰]""。宁宁(客户):""[图片]""。08月26日 18:39分。A大漠(客户):""??物业秩序“小蜜蜂” ??。[庆祝]“小蜜蜂”来了！来了！[庆祝]。[太阳]有事，您说话[太阳]。[庆祝]车辆电瓶亏电启动不了！。[庆祝]家里有沉物品搬不动了！。[庆祝]买了好多东西拿不了！。联系电话：0531-55612606。秩序小“蜜蜂”竭诚为您服务！[耶][耶][耶]。[庆祝]我们的口号：。[庆祝]真心帮助每一位[庆祝]。[庆祝]热心服务每一人[庆祝]。[庆祝]赠人玫瑰[玫瑰]，手有余香[庆祝]""。A大漠(客户):""[图片]""。08月26日 20:05分。你的月亮我的心(客户):""尊敬的业主，您好：。       为更好、更快的解决业主问题，现将各值班人员、联系电话及值班时间公示在群内，各位业主可直接电话联系或在群内@秩序110。1、日常家用维修工具(螺丝刀、活动扳手、小锤等);。2、小型购物车、平板车、人字梯、打气筒，应急医用品等。。为您爱家保驾护航，如果您有家政保洁、直饮水卡办理、白蚁消杀、有偿维修、房屋租赁的业务需求，随时与我们联系，为您提供专业的服务。。【秩序维护部】。[爱心]1.值班时间段：。????20:00－08:00????。[爱心]2.值班中队长-赵队电话：0531-55615881。[爱心]3.物业服务电话：0531-55615896、55615596。??4.监控室值班24小时电话：0531-55612606。3、【物业-安保服务“小蜜蜂”】。[抱拳]如您家中有需要帮助的请联系我们?。[爱心]24小时为各位家人守候。[合十]贴心服务、真诚相伴。如需便民服务车，请直接联系；。①55612606。②55612808。有事您说话，我们会在第一时间安排人员帮你处理[玫瑰][玫瑰]""。你的月亮我的心(客户):""[图片]""。08月26日 23:51分。你的月亮我的心(客户):""尊敬的业主大家好！我是夜间执勤赵队长，金碧物业安保服务8月26号巡查，时刻守护业主们的安全，请安心入睡，如有紧急情况请拨打0531-55612606""。你的月亮我的心(客户):""[图片]""。08月27日 03:01分。你的月亮我的心(客户):""尊敬的业主大家好！我是夜间执勤赵队长，金碧物业安保服务8月27号巡查，时刻守护业主们的安全，请安心入睡，如有紧急情况请拨打0531-55612606""。你的月亮我的心(客户):""[图片]""。&&&","[
    {
        ""话题倾向"": """"
    }
]"
群聊负向,"这是要分析的对话:&&&08月26日 08:36分。汪海艳(员工):""?????????家人们，早上好~。今天…………""。08月26日 09:39分。メ老頭孜(客户):""[图片]""。08月26日 11:14分。Nevermind(客户):""通知：。8月25日是全国第八个残疾预防日，筑安社区居委会于明天8月27日（本周二）上午在辖区内开展“预防疾病致残  共享健康生活”宣传服务活动，希望学校有社会实践活动要求的学生积极参与，请有意参加志愿服务活动的人员于8月27日早上9:30到8组团筑安社区居委会集中开展活动。""。08月26日 15:43分。Nevermind(客户):""[视频号消息]""。Nevermind(客户):""【提示】买卖游戏账号、游戏装备等一定要在官方平台进行，不要点击陌生链接，以交保证金、提现失败、账号冻结等理由要求继续充值的都是诈骗！""。08月26日 20:01分。悦想(客户):""各位业主：晚上好！[玫瑰]。8月26日秩序部夜间执勤安排：。一、带班队长：陈欢。13984216859。工程值班人员:杨丙云?。13984310672。二、24小时值班电话：。0851-83862661。辖区派出所电话：。0851-83851334。三、带班时间：20:00-08:00。四、我们将12小时坚守岗位，如有需要请致电，我们将竭诚为您服务。夜间休息请关好门窗，做好安全防范，出入小区带好业主卡、谨防尾随。。贵阳恒大文化旅游城物业服务中心祝您：生活愉快！[烟花]""。悦想(客户):""[图片]""。悦想(客户):""[视频]""。&&&","[
    {
        ""话题倾向"": """"
    }
]"
群聊负向,"这是要分析的对话:&&&08月26日 08:03分。姜(客户):""尊敬的各位业主：早上好[玫瑰]。8月26日秩序部白班已接班，执勤安排如下：。一、值班:姜小朋 18786658735。二、24小时值班电：0851-83873003。辖区派出所电话：0851-83851334。三、带班时间：08:00-20:00。四、我们将12小时坚守岗位，如有需要请致电，我们将竭诚为您服务。外出请关好门窗、水电及燃气、出入小区带好业主卡、做好个人防护。。贵阳恒大文化旅游城物业服务中心祝您：生活愉快！[烟花]""。姜(客户):""[图片]""。08月26日 09:22分。冉长春(客户):""[视频号消息]""。冉长春(客户):""【提示】买卖游戏账号、游戏装备等一定要在官方平台进行，不要点击陌生链接，以交保证金、提现失败、账号冻结等理由要求继续充值的都是诈骗！""。08月26日 11:02分。姜(客户):""#金碧物业·秩序(保安)服务篇。??用心打磨每一个细节，用真诚赢得您的信赖??。??优美的环境，优良的秩序，优质的服务，都藏在细节里??。?从平凡处发现不平凡，感受我们的用心??。??绝不辜负您的信赖，全心全意为您服务??。         ??金碧物业  我们与您同在。               ——贵阳恒大文化旅游城物业服务中心""。姜(客户):""[图片]""。08月26日 20:24分。        (客户):""?各位业主：晚上好！[玫瑰]。8月26日秩序部夜间执勤安排：。值班：罗锋18285024210 。维修部：何彬18984855091?。辖区派出所电话：0851-83851334。三、带班时间：20:00-08:00。四、我们将12小时坚守岗位，如有需要请致电，我们将竭诚为您服务。夜间休息请关好门窗，做好安全防范，出入小区带好业主卡、谨防尾随。。贵阳恒大文化旅游城物业服务中心祝您：生活愉快！[烟花]""。        (客户):""[图片]""。08月26日 20:31分。        (客户):""[视频]""。08月26日 20:37分。        (客户):""[图片]""。&&&","[
    {
        ""话题倾向"": """"
    }
]"
群聊负向,"这是要分析的对话:&&&08月26日 07:58分。济南绿洲40-41号楼管家大雪(员工):""????金碧物业晨跑开跑啦！！！大朋友、…………""。济南绿洲40-41号楼管家大雪(员工):""[图片]""。济南绿洲40-41号楼管家大雪(员工):""[图片]""。济南绿洲40-41号楼管家大雪(员工):""[图片]""。济南绿洲40-41号楼管家大雪(员工):""[文件超过最大限制]""。08月26日 08:04分。A00(客户):""尊敬的业主，您好：。       为更好、更快的解决业主问题，现将各值班人员、联系电话及值班时间公示在群内，各位业主可直接电话联系或在群内@秩序110。1、日常家用维修工具(螺丝刀、活动扳手、小锤等);。2、小型购物车、平板车、人字梯、打气筒，应急医用品等。。为您爱家保驾护航，如果您有家政保洁、直饮水卡办理、白蚁消杀、有偿维修、房屋租赁的业务需求，随时与我们联系，为您提供专业的服务。。【秩序维护部】。[爱心]1.值班时间段：。????08:00－20:00????。[爱心]2.值班中队长-赵队电话：0531-83131013。[爱心]3.物业服务电话：0531-55615896、55615596。??4.监控室值班24小时电话：0531-55612606。3、【物业-安保服务“小蜜蜂”】。[抱拳]如您家中有需要帮助的请联系我们?。[爱心]24小时为各位家人守候。[合十]贴心服务、真诚相伴。如需便民服务车，请直接联系；。①55612606。②55612808。有事您说话，我们会在第一时间安排人员帮你处理[玫瑰][玫瑰]""。A00(客户):""[图片]""。08月26日 08:22分。my(客户):""广大居民朋友们：。        近年来，根据临床跟踪及国内整体数据显示，乳腺癌的发病率已高居女性恶性肿瘤之首，甲状腺癌也位居第五且呈逐年攀升的趋势，甲状腺结节更是广泛存在于女性姐妹颈中。早发现、早治疗是应对重大疾病的最好方法。。        为此，恒大绿洲物业与恒大绿洲第四社区联合开展“双腺”筛查工作，走进社区为居民提供医疗服务。恒大绿洲第四社区作如下安排：。。       筛查时间：8月26日 上午9点－11点30，下午2点－4点30。 。      筛查人员：年龄在18-75岁女性。 。      筛查地址：恒大绿洲37号楼社区居委会办公室""。08月26日 08:58分。济南绿洲40-41号楼管家大雪(员工):""[玫瑰][玫瑰]早安  绿洲[玫瑰][玫…………""。济南绿洲40-41号楼管家大雪(员工):""[链接]""。08月26日 09:43分。恒大四社区@蒋(客户):""8.13元，接到[爆竹]“银监会”[爆竹]电话被骗。。3.63万元，大学生??兼职??被骗。。3.5万元，初中生被骗。。3.46万元，妇女?兼职刷单?被骗。。2.31万元，男青年[色]约炮[色]被骗。。。男青年[色][色]约炮[色][色]，妇女??兼职刷单??、????被“异性网友”诱导投资????诈骗高发！。转发提醒好家里的[拥抱]年轻人、妇女[拥抱]！。。【8月25日电诈警情通报】（近三天典型案例）。【平安街道、开发区派出所】。1、乙武村居民（开发区报警），【接到“银监会”电话】被骗8.13万元。。??手段：接到电话，对方自称?【“银监会”工作人员】??，要帮其“降低网贷利率”，还让其??登陆假的银监会网站??。。        过程中，?开启“屏幕共享”?，指导其将钱转走。。。【大学城、大学路派出所】。2、山东师范大学思想政治教育专业大四学生，【兼职】被骗3.63万元。。??手段：网上看到信息，兼职（“垫资”代充话费）。对方称选择[爆竹][爆竹]“企业代付”[爆竹][爆竹]，??钱就不会被转走，但操作后，钱还是被转走??。。       对方称其操作失误，??为退款，按对方要求，继续转账??。。。【马山镇、马山派出所】。3、周庙村初中生，【找人“解封微信”】被骗3.5万元。。??手段：快手找人解封微信，对方让其?提供了家长微信、银行卡的【验证码】?，钱被转走。。。【文昌街道、新城派出所】。4、建发天玺妇女，网上兼职【垫资做任务、刷销量、刷关注、刷点赞】被骗3.46万元。。??手段：??被陌生人拉进群??，推荐足不出户做兼职，[裂开]抖音刷关注[裂开]挣到佣金，后被引诱??“垫资”刷购“抖币”??。。        前期挣到小额返利，后被以【系统设置，需要[苦涩]连续刷任务才能退还垫付金、佣金[苦涩]】，【??操作失误，需要刷补救单??】为由要求转账。。。【崮云湖街道、大学路派出所】。5、河南籍务工男青年（租住乐天），【刷单做任务以?? 免费约炮?? 】被骗2.31万元。。??手段：??网上看到信息??，下载APP，为[吐]解锁约炮资格[吐]，??“约炮”客服引诱其“垫资”刷“会员费”??，前期挣到小额返利。。        后被以【系统设置，需要[裂开]连续刷任务[裂开]才能退还垫付金、佣金】、【??操作失误??（后台都能做手脚），刷补救单】为由要求多次转账。""。08月26日 11:24分。济南绿洲40-41号楼管家大雪(员工):""????金碧物业晨跑开跑啦！！！打卡第一…………""。济南绿洲40-41号楼管家大雪(员工):""[文件超过最大限制]""。08月26日 15:29分。my(客户):""    【社区儿童跳绳比赛通知】。亲爱的居民们：。为了丰富我们社区儿童的课余生活，增强孩子们的体质，培养团队合作精神与竞争意识，我们社区将于周四（8月29日）下午2:30，在恒大第四社区（37号楼）举办一场别开生面的“快乐童年，绳彩飞扬”儿童跳绳比赛。现面向全体社区儿童发出诚挚邀请，快来加入我们，一起跳动健康，跳出欢乐吧！。?? 比赛时间：8月29日（周四）下午2:30。?? 比赛地点：恒大绿洲37号党群服务中心。?? 参与对象：社区内所有5-12岁的儿童（欢迎家长陪同观看）。?? 比赛项目：。单人速度跳（计时赛）。花样跳绳展示（创意加分）。?? 报名方式：请家长或监护人于本周四前，填报跳绳报名表或通过电话/微信（87219936/13156193896）进行报名。报名时请提供孩子的姓名、年龄及联系方式。。?? 准备事项：。自备跳绳：每位参赛小朋友需自备一根跳绳，确保比赛顺利进行。。着装舒适：请穿着适合运动的服装和鞋子，以最佳状态迎接比赛。。安全第一：比赛过程中请遵守规则，注意安全，友谊第一，比赛第二。。?? 奖项设置：我们将为各项目组别的优胜者颁发精美奖品，更有参与奖等待每一位勇敢参与的小朋友！。让我们在这个充满活力的季节里，以绳为媒，共赴一场健康与快乐的盛宴。期待每一位小朋友的精彩表现，不见不散！。                        。     ??恒大绿洲第四社区居委会""。my(客户):""[链接]""。08月26日 18:41分。A大漠(客户):""??物业秩序“小蜜蜂” ??。[庆祝]“小蜜蜂”来了！来了！[庆祝]。[太阳]有事，您说话[太阳]。[庆祝]车辆电瓶亏电启动不了！。[庆祝]家里有沉物品搬不动了！。[庆祝]买了好多东西拿不了！。联系电话：0531-55612606。秩序小“蜜蜂”竭诚为您服务！[耶][耶][耶]。[庆祝]我们的口号：。[庆祝]真心帮助每一位[庆祝]。[庆祝]热心服务每一人[庆祝]。[庆祝]赠人玫瑰[玫瑰]，手有余香[庆祝]""。A大漠(客户):""[图片]""。08月26日 20:04分。你的月亮我的心(客户):""尊敬的业主，您好：。       为更好、更快的解决业主问题，现将各值班人员、联系电话及值班时间公示在群内，各位业主可直接电话联系或在群内@秩序110。1、日常家用维修工具(螺丝刀、活动扳手、小锤等);。2、小型购物车、平板车、人字梯、打气筒，应急医用品等。。为您爱家保驾护航，如果您有家政保洁、直饮水卡办理、白蚁消杀、有偿维修、房屋租赁的业务需求，随时与我们联系，为您提供专业的服务。。【秩序维护部】。[爱心]1.值班时间段：。????20:00－08:00????。[爱心]2.值班中队长-赵队电话：0531-55615881。[爱心]3.物业服务电话：0531-55615896、55615596。??4.监控室值班24小时电话：0531-55612606。3、【物业-安保服务“小蜜蜂”】。[抱拳]如您家中有需要帮助的请联系我们?。[爱心]24小时为各位家人守候。[合十]贴心服务、真诚相伴。如需便民服务车，请直接联系；。①55612606。②55612808。有事您说话，我们会在第一时间安排人员帮你处理[玫瑰][玫瑰]""。你的月亮我的心(客户):""[图片]""。08月26日 20:24分。ZHao(客户):""有没有知道17号楼那个给小孩看病挺好的诊所叫什么名[捂脸]""。08月26日 20:53分。??小麻子??(客户):""吉尔康""。?美乔.?(客户):""济尔康""。?美乔.?(客户):""[呲牙]""。08月26日 21:01分。ZHao(客户):""对对  谢谢谢谢[玫瑰]""。08月26日 23:50分。你的月亮我的心(客户):""尊敬的业主大家好！我是夜间执勤赵队长，金碧物业安保服务8月26号巡查，时刻守护业主们的安全，请安心入睡，如有紧急情况请拨打0531-55612606""。你的月亮我的心(客户):""[图片]""。08月27日 03:01分。你的月亮我的心(客户):""尊敬的业主大家好！我是夜间执勤赵队长，金碧物业安保服务8月27号巡查，时刻守护业主们的安全，请安心入睡，如有紧急情况请拨打0531-55612606""。你的月亮我的心(客户):""[图片]""。&&&","[
    {
        ""话题倾向"": """"
    }
]"
群聊负向,"这是要分析的对话:&&&08月26日 07:37分。济南绿洲5-6号楼管家白露(员工):""????金碧物业晨跑开跑啦！！！大朋友、…………""。济南绿洲5-6号楼管家白露(员工):""[图片]""。济南绿洲5-6号楼管家白露(员工):""[图片]""。08月26日 08:06分。A00(客户):""尊敬的业主，您好：。       为更好、更快的解决业主问题，现将各值班人员、联系电话及值班时间公示在群内，各位业主可直接电话联系或在群内@秩序110。1、日常家用维修工具(螺丝刀、活动扳手、小锤等);。2、小型购物车、平板车、人字梯、打气筒，应急医用品等。。为您爱家保驾护航，如果您有家政保洁、直饮水卡办理、白蚁消杀、有偿维修、房屋租赁的业务需求，随时与我们联系，为您提供专业的服务。。【秩序维护部】。[爱心]1.值班时间段：。????08:00－20:00????。[爱心]2.值班中队长-赵队电话：0531-83131013。[爱心]3.物业服务电话：0531-55615896、55615596。??4.监控室值班24小时电话：0531-55612606。3、【物业-安保服务“小蜜蜂”】。[抱拳]如您家中有需要帮助的请联系我们?。[爱心]24小时为各位家人守候。[合十]贴心服务、真诚相伴。如需便民服务车，请直接联系；。①55612606。②55612808。有事您说话，我们会在第一时间安排人员帮你处理[玫瑰][玫瑰]""。A00(客户):""[图片]""。08月26日 08:17分。宁宁(客户):""??ˋ????ˊ??????????????????.*·做自己生活的舵手 把握梦想前进的方向 不服输 才能成长更好的自己。各位家人们[爱心]早上好！。我是物业保洁领班庄明华，联系电话 15628830750。各位保洁叔叔阿姨已到岗。??倘若您发现任何环境方面的问题或者有宝贵的建议，随时与我联系，我定会全力以赴为您排忧解难！。??感谢各位家人一直以来的信赖与支持！ ?? ??""。宁宁(客户):""[图片]""。08月26日 09:01分。济南绿洲5-6号楼管家白露(员工):""[玫瑰][玫瑰]早安  绿洲[玫瑰][玫…………""。济南绿洲5-6号楼管家白露(员工):""[链接]""。08月26日 09:53分。派出所反诈宣传员(客户):""8.13元，接到[爆竹]“银监会”[爆竹]电话被骗。。3.63万元，大学生??兼职??被骗。。3.5万元，初中生被骗。。3.46万元，妇女?兼职刷单?被骗。。2.31万元，男青年[色]约炮[色]被骗。。。男青年[色][色]约炮[色][色]，妇女??兼职刷单??、????被“异性网友”诱导投资????诈骗高发！。转发提醒好家里的[拥抱]年轻人、妇女[拥抱]！。。【8月25日电诈警情通报】（近三天典型案例）。【平安街道、开发区派出所】。1、乙武村居民（开发区报警），【接到“银监会”电话】被骗8.13万元。。??手段：接到电话，对方自称?【“银监会”工作人员】??，要帮其“降低网贷利率”，还让其??登陆假的银监会网站??。。        过程中，?开启“屏幕共享”?，指导其将钱转走。。。【大学城、大学路派出所】。2、山东师范大学思想政治教育专业大四学生，【兼职】被骗3.63万元。。??手段：网上看到信息，兼职（“垫资”代充话费）。对方称选择[爆竹][爆竹]“企业代付”[爆竹][爆竹]，??钱就不会被转走，但操作后，钱还是被转走??。。       对方称其操作失误，??为退款，按对方要求，继续转账??。。。【马山镇、马山派出所】。3、周庙村初中生，【找人“解封微信”】被骗3.5万元。。??手段：快手找人解封微信，对方让其?提供了家长微信、银行卡的【验证码】?，钱被转走。。。【文昌街道、新城派出所】。4、建发天玺妇女，网上兼职【垫资做任务、刷销量、刷关注、刷点赞】被骗3.46万元。。??手段：??被陌生人拉进群??，推荐足不出户做兼职，[裂开]抖音刷关注[裂开]挣到佣金，后被引诱??“垫资”刷购“抖币”??。。        前期挣到小额返利，后被以【系统设置，需要[苦涩]连续刷任务才能退还垫付金、佣金[苦涩]】，【??操作失误，需要刷补救单??】为由要求转账。。。【崮云湖街道、大学路派出所】。5、河南籍务工男青年（租住乐天），【刷单做任务以?? 免费约炮?? 】被骗2.31万元。。??手段：??网上看到信息??，下载APP，为[吐]解锁约炮资格[吐]，??“约炮”客服引诱其“垫资”刷“会员费”??，前期挣到小额返利。。        后被以【系统设置，需要[裂开]连续刷任务[裂开]才能退还垫付金、佣金】、【??操作失误??（后台都能做手脚），刷补救单】为由要求多次转账。""。08月26日 15:34分。派出所反诈宣传员(客户):""[小程序消息]""。宁宁(客户):""[图片]""。宁宁(客户):""[图片]""。宁宁(客户):""[图片]""。宁宁(客户):""[图片]""。08月26日 16:54分。宁宁(客户):""[拳头]环境提升持续进行中[拳头]。[太阳]今天地下室清理[太阳]。恒大绿洲保洁团队为您服务[玫瑰]""。宁宁(客户):""[图片]""。08月26日 18:39分。A大漠(客户):""??物业秩序“小蜜蜂” ??。[庆祝]“小蜜蜂”来了！来了！[庆祝]。[太阳]有事，您说话[太阳]。[庆祝]车辆电瓶亏电启动不了！。[庆祝]家里有沉物品搬不动了！。[庆祝]买了好多东西拿不了！。联系电话：0531-55612606。秩序小“蜜蜂”竭诚为您服务！[耶][耶][耶]。[庆祝]我们的口号：。[庆祝]真心帮助每一位[庆祝]。[庆祝]热心服务每一人[庆祝]。[庆祝]赠人玫瑰[玫瑰]，手有余香[庆祝]""。A大漠(客户):""[图片]""。08月26日 20:05分。你的月亮我的心(客户):""尊敬的业主，您好：。       为更好、更快的解决业主问题，现将各值班人员、联系电话及值班时间公示在群内，各位业主可直接电话联系或在群内@秩序110。1、日常家用维修工具(螺丝刀、活动扳手、小锤等);。2、小型购物车、平板车、人字梯、打气筒，应急医用品等。。为您爱家保驾护航，如果您有家政保洁、直饮水卡办理、白蚁消杀、有偿维修、房屋租赁的业务需求，随时与我们联系，为您提供专业的服务。。【秩序维护部】。[爱心]1.值班时间段：。????20:00－08:00????。[爱心]2.值班中队长-赵队电话：0531-55615881。[爱心]3.物业服务电话：0531-55615896、55615596。??4.监控室值班24小时电话：0531-55612606。3、【物业-安保服务“小蜜蜂”】。[抱拳]如您家中有需要帮助的请联系我们?。[爱心]24小时为各位家人守候。[合十]贴心服务、真诚相伴。如需便民服务车，请直接联系；。①55612606。②55612808。有事您说话，我们会在第一时间安排人员帮你处理[玫瑰][玫瑰]""。你的月亮我的心(客户):""[图片]""。08月26日 23:51分。你的月亮我的心(客户):""尊敬的业主大家好！我是夜间执勤赵队长，金碧物业安保服务8月26号巡查，时刻守护业主们的安全，请安心入睡，如有紧急情况请拨打0531-55612606""。你的月亮我的心(客户):""[图片]""。08月27日 03:01分。你的月亮我的心(客户):""尊敬的业主大家好！我是夜间执勤赵队长，金碧物业安保服务8月27号巡查，时刻守护业主们的安全，请安心入睡，如有紧急情况请拨打0531-55612606""。你的月亮我的心(客户):""[图片]""。&&&","[
    {
        ""话题倾向"": """"
    }
]"
群聊负向,"这是要分析的对话:&&&08月26日 08:01分。姜(客户):""尊敬的各位业主：早上好[玫瑰]。8月26日秩序部白班已接班，执勤安排如下：。一、值班:姜小朋 18786658735。二、24小时值班电：0851-83873003。辖区派出所电话：0851-83851334。三、带班时间：08:00-20:00。四、我们将12小时坚守岗位，如有需要请致电，我们将竭诚为您服务。外出请关好门窗、水电及燃气、出入小区带好业主卡、做好个人防护。。贵阳恒大文化旅游城物业服务中心祝您：生活愉快！[烟花]""。姜(客户):""[图片]""。08月26日 08:58分。晏春英(员工):""【?? 管家休假知会】。尊敬的业主，您好…………""。08月26日 11:01分。姜(客户):""#金碧物业·秩序(保安)服务篇。??用心打磨每一个细节，用真诚赢得您的信赖??。??优美的环境，优良的秩序，优质的服务，都藏在细节里??。?从平凡处发现不平凡，感受我们的用心??。??绝不辜负您的信赖，全心全意为您服务??。         ??金碧物业  我们与您同在。               ——贵阳恒大文化旅游城物业服务中心""。姜(客户):""[图片]""。08月26日 12:25分。心之恋(客户):""[视频号消息]""。心之恋(客户):""通知：。8月25日是全国第八个残疾预防日，筑安社区居委会于明天8月27日（本周二）上午在辖区内开展“预防疾病致残  共享健康生活”宣传服务活动，希望学校有社会实践活动要求的学生积极参与，请有意参加志愿服务活动的人员于8月27日早上9:30到8组团筑安社区居委会集中开展活动。""。心之恋(客户):""【提示】买卖游戏账号、游戏装备等一定要在官方平台进行，不要点击陌生链接，以交保证金、提现失败、账号冻结等理由要求继续充值的都是诈骗！""。08月26日 20:25分。        (客户):""?各位业主：晚上好！[玫瑰]。8月26日秩序部夜间执勤安排：。值班：罗锋18285024210 。维修部：何彬18984855091?。辖区派出所电话：0851-83851334。三、带班时间：20:00-08:00。四、我们将12小时坚守岗位，如有需要请致电，我们将竭诚为您服务。夜间休息请关好门窗，做好安全防范，出入小区带好业主卡、谨防尾随。。贵阳恒大文化旅游城物业服务中心祝您：生活愉快！[烟花]""。08月26日 20:32分。        (客户):""[视频]""。        (客户):""[图片]""。&&&","[
    {
        ""话题倾向"": """"
    }
]"
群聊负向,"这是要分析的对话:&&&08月26日 09:02分。恒大社区居委会8731213(客户):""[视频号消息]""。08月26日 10:16分。恒大社区居委会8731213(客户):""[图片]""。恒大社区居委会8731213(客户):""活动通知：恒大社区将于本周三8月28日下午3：00开展社区文明宣传和清扫活动，请需要参与暑假社会实践活动的学生扫下方的腾讯问卷报名参与。。集合地点：恒大社区居委会办公室（恒大城1期1栋内铺）。集合时间：8月28日下午2：50。备注：目前我们发的志愿活动主要是针对学校有要求学生参加暑假社会实践活动要盖章的或者是学校有要求做I志愿的学生，一般是中学生或者大学生，因每次活动人数有限，请没有这方面要求的学生家长暂时不要报名，谢谢！。温馨提示：。1.最近天气多变，请自备雨具遮阳防雨，注意安全。。2.请有需要拍照交学校的同学，自行带手机拍照哈。3.本次活动为24年暑期学生社会实践活动的最后一次活动，后续将不再开展，请有需要的学生积极参与。""。08月26日 17:24分。（请假中）韶关恒大城-管家-张志良(员工):""@所有人 关于八月园区消杀通知。尊敬的业…………""。（休假中）韶关恒大城-管家-彭小芸(员工):""温馨提醒：。        早上好[玫瑰…………""。08月26日 19:07分。韶关恒大城B区监控员(客户):""2024-8-26。【秩序维护部】。1、值班时间段:【19:00-7:00】。2、值班中队长:  李佰全。联系电话：18933707875。【温馨提示】。请各位业主知悉，如需要帮助或遇紧急情况，请电话联系值班室或值班中队长。。物业24小时值班电话：0751-8706100。0751-8706228""。&&&","[
    {
        ""话题倾向"": """"
    }
]"
群聊负向,"这是要分析的对话:&&&08月26日 07:58分。天道酬勤(客户):"" 尊敬的各位业主：早上好  。8月26日执勤安排如下：。一、值班队长：张小书18302656806。二、24小时值班电：0851-83873003。辖区派出所电话：0851-83851334。三、带班时间：08:00-20:00。四、我们将12小时坚守岗位，如有需要请致电，我们将竭诚为您服务。外出请关好门窗、水电及燃气、出入小区带好业主卡、做好个人防护。。五、检查道路通行情况正常。。贵阳恒大文化旅游城物业服务中心祝您：生活愉快[烟花]""。08月26日 09:20分。。(客户):""[视频号消息]""。。(客户):""【提示】买卖游戏账号、游戏装备等一定要在官方平台进行，不要点击陌生链接，以交保证金、提现失败、账号冻结等理由要求继续充值的都是诈骗！""。08月26日 10:57分。天道酬勤(客户):""#金碧物业·秩序(保安)服务篇。??用心打磨每一个细节，用真诚赢得您的信赖??。??优美的环境，优良的秩序，优质的服务，都藏在细节里??。?从平凡处发现不平凡，感受我们的用心??。??绝不辜负您的信赖，全心全意为您服务??。         ??金碧物业  我们与您同在。               ——贵阳恒大文化旅游城物业服务中心""。天道酬勤(客户):""[图片]""。08月26日 18:14分。古松(员工):""关于小区园林绿化养护的温馨提示??。尊敬…………""。08月26日 20:35分。五个字的小考拉??(客户):""各位亲爱的邻居，请问一下大家有没有见到过一只橘猫呀，肥肥的，今天晚上在家里不了，如果各位邻居有看到，提供信息，有偿感谢 电话:15508518913""。五个字的小考拉??(客户):""长这个样子""。五个字的小考拉??(客户):""[图片]""。天道酬勤(客户):""@五个字的小考拉???好的，我们也留意一下看到了联系您""。08月26日 20:48分。五个字的小考拉??(客户):""@秩序负责人张小书18302656806?谢谢??""。天道酬勤(客户):""不用客气[微笑][微笑]""。08月26日 21:06分。。(客户):""通知：。8月25日是全国第八个残疾预防日，筑安社区居委会于明天8月27日（本周二）上午在辖区内开展“预防疾病致残  共享健康生活”宣传服务活动，希望学校有社会实践活动要求的学生积极参与，请有意参加志愿服务活动的人员于8月27日早上9:30到8组团筑安社区居委会集中开展活动。""。@????川川??(客户):""今日秩序巡查园区，通报情况如下：。1、巡查地库，发现未关闭单元门禁，已全部进行了关闭处理；。2、园区运行一切正常，无可疑人员逗留；。4、各位业主如遇紧急情况可拨打值班人员电话：。秩序部:舒川13668509505。维修部:何彬18984855091。辖区派出所电话085183851334。[抱拳]秩序小哥在此呼吁大家：?区的安全、和谐离不开我们共同的努?，请各位小主进出随手关闭单元门，做好安全防范。如遇问题或需帮助欢迎致电。""。@????川川??(客户):""[图片]""。08月26日 21:18分。五个字的小考拉??(客户):""各位亲爱的邻居，请问一下大家有没有见到过一只橘猫呀，肥肥的，今天晚上在家里不了，如果各位邻居有看到，提供信息，有偿感谢 电话:15508518913""。五个字的小考拉??(客户):""长这个样子""。五个字的小考拉??(客户):""[图片]""。08月26日 21:25分。五个字的小考拉??(客户):""各位亲爱的邻居，有善良的邻居说今天早上和今天中午在9楼的走廊和9楼的空调外机看到过猫咪??，可以请9,10,8,层的邻居可以帮忙看看猫咪是不是不小心进了咱们的家呢[苦涩][苦涩][苦涩]如果猫咪进了，可以先不要驱赶她么 给我打个电话??:15508518913我马上过来接她 如果猫咪 惊扰或者是打扰到大家 先和大家说声抱歉??""。08月26日 21:54分。五个字的小考拉??(客户):""感谢大家，不好意思打扰大家了，拖9楼邻居的福，猫咪现在找到了""。五个字的小考拉??(客户):""感谢大家[爱心]""。天道酬勤(客户):""[强][强]""。&&&","[
    {
        ""话题倾向"": """"
    }
]"
群聊负向,"这是要分析的对话:&&&08月26日 07:56分。济南绿洲31-32-33号楼管家夏至(员工):""????金碧物业晨跑开跑啦！！！大朋友、…………""。济南绿洲31-32-33号楼管家夏至(员工):""[图片]""。济南绿洲31-32-33号楼管家夏至(员工):""[图片]""。济南绿洲31-32-33号楼管家夏至(员工):""[图片]""。济南绿洲31-32-33号楼管家夏至(员工):""[文件超过最大限制]""。08月26日 08:05分。A00(客户):""尊敬的业主，您好：。       为更好、更快的解决业主问题，现将各值班人员、联系电话及值班时间公示在群内，各位业主可直接电话联系或在群内@秩序110。1、日常家用维修工具(螺丝刀、活动扳手、小锤等);。2、小型购物车、平板车、人字梯、打气筒，应急医用品等。。为您爱家保驾护航，如果您有家政保洁、直饮水卡办理、白蚁消杀、有偿维修、房屋租赁的业务需求，随时与我们联系，为您提供专业的服务。。【秩序维护部】。[爱心]1.值班时间段：。????08:00－20:00????。[爱心]2.值班中队长-赵队电话：0531-83131013。[爱心]3.物业服务电话：0531-55615896、55615596。??4.监控室值班24小时电话：0531-55612606。3、【物业-安保服务“小蜜蜂”】。[抱拳]如您家中有需要帮助的请联系我们?。[爱心]24小时为各位家人守候。[合十]贴心服务、真诚相伴。如需便民服务车，请直接联系；。①55612606。②55612808。有事您说话，我们会在第一时间安排人员帮你处理[玫瑰][玫瑰]""。A00(客户):""[图片]""。08月26日 08:30分。JN29岁月静好(客户):""。[庆祝]雨后园林座椅已擦拭[庆祝]。    [烟花]游乐设施已清理?积水清理中[烟花]。恒大绿洲保洁团队为您服务[玫瑰]""。JN29岁月静好(客户):""[图片]""。08月26日 08:44分。济南绿洲31-32-33号楼管家夏至(员工):""[玫瑰][玫瑰]早安  绿洲[玫瑰][玫…………""。济南绿洲31-32-33号楼管家夏至(员工):""[链接]""。08月26日 10:23分。沁水百合&(客户):""[链接]""。沁水百合&(客户):""[小程序消息]""。沁水百合&(客户):"" 各位居民:。       为提高社区火灾预警和防控能力，保障居民的居家安全。由政府联合联通公司为居民免费上门安装独立式烟感报警器。安装以后若家中有火灾隐患，可通过网络直接推送给业主本人及消防大队。目前先进行报名，后期会有联通公司工作人员与业主联系，上门进行安装。本期独立式烟感报警器数量80个，先报先得 ，报满为止。。              恒大绿洲第三社区。                   2024.8.22""。沁水百合&(客户):""              [庆祝][庆祝]通知[庆祝][庆祝]。        为切实提高妇女健康水平，提升自我保健意识。恒大绿洲第三社区联合济南市人民医院将在恒大三社区开展甲状腺、乳腺癌免费检查。。时间：2024年8月26日（周一）。上午9:00——11：30下午14:00——16:00。地点：恒大三期31号楼内铺党群服务中心。                  。                 恒大绿洲第三社区。                   2024年8月23日""。沁水百合&(客户):""8.13元，接到[爆竹]“银监会”[爆竹]电话被骗。。3.63万元，大学生??兼职??被骗。。3.5万元，初中生被骗。。3.46万元，妇女?兼职刷单?被骗。。2.31万元，男青年[色]约炮[色]被骗。。。男青年[色][色]约炮[色][色]，妇女??兼职刷单??、????被“异性网友”诱导投资????诈骗高发！。转发提醒好家里的[拥抱]年轻人、妇女[拥抱]！。。【8月25日电诈警情通报】（近三天典型案例）。【平安街道、开发区派出所】。1、乙武村居民（开发区报警），【接到“银监会”电话】被骗8.13万元。。??手段：接到电话，对方自称?【“银监会”工作人员】??，要帮其“降低网贷利率”，还让其??登陆假的银监会网站??。。        过程中，?开启“屏幕共享”?，指导其将钱转走。。。【大学城、大学路派出所】。2、山东师范大学思想政治教育专业大四学生，【兼职】被骗3.63万元。。??手段：网上看到信息，兼职（“垫资”代充话费）。对方称选择[爆竹][爆竹]“企业代付”[爆竹][爆竹]，??钱就不会被转走，但操作后，钱还是被转走??。。       对方称其操作失误，??为退款，按对方要求，继续转账??。。。【马山镇、马山派出所】。3、周庙村初中生，【找人“解封微信”】被骗3.5万元。。??手段：快手找人解封微信，对方让其?提供了家长微信、银行卡的【验证码】?，钱被转走。。。【文昌街道、新城派出所】。4、建发天玺妇女，网上兼职【垫资做任务、刷销量、刷关注、刷点赞】被骗3.46万元。。??手段：??被陌生人拉进群??，推荐足不出户做兼职，[裂开]抖音刷关注[裂开]挣到佣金，后被引诱??“垫资”刷购“抖币”??。。        前期挣到小额返利，后被以【系统设置，需要[苦涩]连续刷任务才能退还垫付金、佣金[苦涩]】，【??操作失误，需要刷补救单??】为由要求转账。。。【崮云湖街道、大学路派出所】。5、河南籍务工男青年（租住乐天），【刷单做任务以?? 免费约炮?? 】被骗2.31万元。。??手段：??网上看到信息??，下载APP，为[吐]解锁约炮资格[吐]，??“约炮”客服引诱其“垫资”刷“会员费”??，前期挣到小额返利。。        后被以【系统设置，需要[裂开]连续刷任务[裂开]才能退还垫付金、佣金】、【??操作失误??（后台都能做手脚），刷补救单】为由要求多次转账。""。08月26日 11:57分。王冰(客户):""【公区维修8月19日-8月25日工作汇报】。●公区及地下车库排污泵检修7处。●公区及地下车库照明更换6处。●公区直饮水机滤芯更换4处。●公区大堂顶子破损粉刷5处。●公区墙砖破损更换3处。●公区消防故障处理47处。●公区充电桩头安装21处。●园区排污管道疏通8处。●园区路面维修3处。●电梯维保125部。●设备房维护保养。●设备房巡查。工程维修，为您的生活保驾护航。如需帮助请拨打。24小时物业热线:。0531-55615896。济南恒大绿洲物业服务中心""。王冰(客户):""[图片]""。08月26日 18:43分。A大漠(客户):""??物业秩序“小蜜蜂” ??。[庆祝]“小蜜蜂”来了！来了！[庆祝]。[太阳]有事，您说话[太阳]。[庆祝]车辆电瓶亏电启动不了！。[庆祝]家里有沉物品搬不动了！。[庆祝]买了好多东西拿不了！。联系电话：0531-55612606。秩序小“蜜蜂”竭诚为您服务！[耶][耶][耶]。[庆祝]我们的口号：。[庆祝]真心帮助每一位[庆祝]。[庆祝]热心服务每一人[庆祝]。[庆祝]赠人玫瑰[玫瑰]，手有余香[庆祝]""。A大漠(客户):""[图片]""。08月26日 20:03分。你的月亮我的心(客户):""尊敬的业主，您好：。       为更好、更快的解决业主问题，现将各值班人员、联系电话及值班时间公示在群内，各位业主可直接电话联系或在群内@秩序110。1、日常家用维修工具(螺丝刀、活动扳手、小锤等);。2、小型购物车、平板车、人字梯、打气筒，应急医用品等。。为您爱家保驾护航，如果您有家政保洁、直饮水卡办理、白蚁消杀、有偿维修、房屋租赁的业务需求，随时与我们联系，为您提供专业的服务。。【秩序维护部】。[爱心]1.值班时间段：。????20:00－08:00????。[爱心]2.值班中队长-赵队电话：0531-55615881。[爱心]3.物业服务电话：0531-55615896、55615596。??4.监控室值班24小时电话：0531-55612606。3、【物业-安保服务“小蜜蜂”】。[抱拳]如您家中有需要帮助的请联系我们?。[爱心]24小时为各位家人守候。[合十]贴心服务、真诚相伴。如需便民服务车，请直接联系；。①55612606。②55612808。有事您说话，我们会在第一时间安排人员帮你处理[玫瑰][玫瑰]""。你的月亮我的心(客户):""[图片]""。08月26日 23:52分。你的月亮我的心(客户):""尊敬的业主大家好！我是夜间执勤赵队长，金碧物业安保服务8月26号巡查，时刻守护业主们的安全，请安心入睡，如有紧急情况请拨打0531-55612606""。你的月亮我的心(客户):""[图片]""。08月27日 02:59分。你的月亮我的心(客户):""尊敬的业主大家好！我是夜间执勤赵队长，金碧物业安保服务8月27号巡查，时刻守护业主们的安全，请安心入睡，如有紧急情况请拨打0531-55612606""。你的月亮我的心(客户):""[图片]""。&&&","[
    {
        ""话题倾向"": """"
    }
]"
群聊负向,"这是要分析的对话:&&&08月26日 09:16分。恒大城???? 秩序部 三期监控室(客户):""“客服”给你打来电话，说你网购商品出现问题！可以给你申请退款，还给你发来陌生链接！让你注册账号填写信息，再说因“操作失误”导致账户被冻结，让你转账解冻后才能退款？南昌反诈提醒您：退换货请认准官方平台，陌生链接不要点击，不要透露个人信息。敬请各位领导同事转发反诈视频及反诈日历。[抱拳][抱拳][抱拳]""。恒大城???? 秩序部 三期监控室(客户):""[视频号消息]""。恒大城???? 秩序部 三期监控室(客户):""[图片]""。08月26日 11:31分。恒大城-32.33.34.35管家小舒(客户):""【关于四害消杀的温馨提示】。       物业服务中心将于2024年8月29日-2024年8月30日对小区公共区域进行消杀工作，请各位业主注意安全防护。[玫瑰]""。恒大城-32.33.34.35管家小舒(客户):""[图片]""。08月26日 15:54分。恒大城-管家-小舒(员工):""【南昌恒大城—周报】。?? 一周美好，与…………""。恒大城-管家-小舒(员工):""[图片]""。08月26日 16:23分。恒大城-32.33.34.35管家小舒(客户):""【44栋地库口维修封闭通知】。    各位业主，因44栋地库口需临时进行维修，将于8月27日上午09:00封闭，预计恢复时间9月2日（下周一）。维修期间进出口都受影响，请各位业主绕行至其他入口进出。维修完成后会通知大家，给您带来不便，敬请谅解[抱拳]""。恒大城-32.33.34.35管家小舒(客户):""[图片]""。08月26日 18:17分。恒大城???? 秩序部 三期监控室(客户):""重要警示：。    8月23日晚10时，江苏省宿迁市一电动自行车店起火，虽然仅半小时明火就得到控制，但仍造成6人死亡（尤为痛心的是，遇难者中4人系未成年人）。此前，2024年2月23日4时许，江苏南京市雨花台区一小区发生电动自行车火灾，造成15人死亡，44人受伤。今年4月27日，我县一小区也发生了电动自行车火灾亡人事件。在此警示，电动自行车起火，燃烧迅速并会在短时间造成大量有害气体，因灾致死率极高！因此，为了大家的生命财产安全，恳请各位业主对自己负责，也对左右邻里负责，严禁将电动自行车违规入楼、违规充电！也请各位监督，一发现有电动车上楼进单元的，请及时联系物业24小时电话:85130408，物业会第一时间上户整治，保障大家居住安全。""。08月26日 20:04分。恒大城???? 秩序部 三期监控室(客户):""? 2024.8.26日? 。【秩序维护部】 。1.夜班值班时间段：20：00—08：00。2.夜班值班队长:徐霖。3.物业24小时服务电话：0791-85957719/85130408。? 【物业小贴士】?。1、园区道路是大家的，请将爱车停至车位或车库，勿占行车主干道。。2、予人方便，予己方便，整齐有序，文明停车。。3、随身携带门禁卡，刷卡进出，提高安全防止偷盗。。4、请随手关大堂门，轻拉轻推，勿用力拉扯。。5、非机动车请勿进大堂、楼道内充电。。6、请勿让爱宠随地大小便，做文明养宠人。""。&&&","[
    {
        ""话题倾向"": """"
    }
]"
群聊负向,"这是要分析的对话:&&&08月26日 08:44分。徐国飞(员工):""?????????家人们，早上好~。今天…………""。08月26日 20:03分。??普通?市民???(客户):""各位业主：晚上好！[玫瑰]。8月26日秩序部夜间执勤安排：。一、带班队长：段宏。15085960971。工程值班人员：杨丙云 。 13984310672。二、24小时值班电话：。0851-83862661。辖区派出所电话：。0851-83851334。三、带班时间：20:00-08:00。四、我们将12小时坚守岗位，如有需要请致电，我们将竭诚为您服务。夜间休息请关好门窗，做好安全防范，出入小区带好业主卡、谨防尾随。。贵阳恒大文化旅游城物业服务中心祝您：生活愉快！[烟花]""。??普通?市民???(客户):""[视频]""。08月26日 23:11分。筑安(客户):""[视频号消息]""。筑安(客户):""通知：。8月25日是全国第八个残疾预防日，筑安社区居委会于明天8月27日（本周二）上午在辖区内开展“预防疾病致残  共享健康生活”宣传服务活动，希望学校有社会实践活动要求的学生积极参与，请有意参加志愿服务活动的人员于8月27日早上9:30到8组团筑安社区居委会集中开展活动。""。筑安(客户):""【提示】买卖游戏账号、游戏装备等一定要在官方平台进行，不要点击陌生链接，以交保证金、提现失败、账号冻结等理由要求继续充值的都是诈骗！""。08月26日 23:22分。??普通?市民???(客户):""[图片]""。&&&","[
    {
        ""话题倾向"": """"
    }
]"
群聊负向,"这是要分析的对话:&&&08月26日 05:24分。文荣坤(员工):""[视频]""。文荣坤(员工):""秩序部#夜间园区巡查 #??。24小时坚…………""。08月26日 08:15分。H(客户):""[图片]""。H(客户):""??朝夕相见，经年守候??。??服务不止，用心不缀??。    ————————————。           ?早送晚迎?。   ????让幸福变的简单????""。08月26日 09:39分。小米(员工):""?????????家人们，早上好~。今天…………""。08月26日 16:47分。暖阳家庭式托管李老师(客户):""停电了吗？""。????(客户):""没有停电，先查询一下是否是欠费了@暖阳家庭式托管李老师?""。Dylan(客户):""不会欠费呢  都是自动缴费的 ""。????(客户):""月底了最好先查询一下""。Dylan(客户):""查了  没有欠费""。Dylan(客户):""每个月5号会自动扣费的 ""。????(客户):""您家房号多少，我联系师傅过来""。Dylan(客户):""2001""。08月26日 16:58分。Dylan(客户):""「????秩序部王政：您家房号多少，我联系师傅过来」。- - - - - - - - - - - - - - -。暂时没事了  ""。????(客户):""如欠费缴费后半小时内来电""。Dylan(客户):""不是这个问题   [捂脸]""。Dylan(客户):""是另外一个房停电了  不是20楼这个""。08月26日 18:29分。小米(员工):""【物业在行动-日常清洁】。? 烈日当空，…………""。小米(员工):""[图片]""。小米(员工):""[图片]""。08月26日 18:35分。A岁月静好，未来可期(客户):""通知：。8月25日是全国第八个残疾预防日，筑安社区居委会于明天8月27日（本周二）上午在辖区内开展“预防疾病致残  共享健康生活”宣传服务活动，希望学校有社会实践活动要求的学生积极参与，请有意参加志愿服务活动的人员于8月27日早上9:30到8组团筑安社区居委会集中开展活动。""。A岁月静好，未来可期(客户):""【提示】买卖游戏账号、游戏装备等一定要在官方平台进行，不要点击陌生链接，以交保证金、提现失败、账号冻结等理由要求继续充值的都是诈骗！""。A岁月静好，未来可期(客户):""[视频号消息]""。08月26日 20:04分。韩老魔(客户):""[视频]""。韩老魔(客户):""巡逻园区，商铺，车库，无异常。维护安全秩序，我们时刻警备，我们会保持高度的警惕性，及时发现并处理任何可能存在的安全隐患。同时，也请大家注意自身安全，如有异常情况请及时与我们联系。。祝大家生活愉快！[玫瑰][玫瑰][玫瑰]""。韩老魔(客户):""????家人们，重要提醒来啦！????。。??亲爱的业主朋友们，为了咱们小区的安全与秩序，一定要记得带卡刷卡进入小区哟！。。???♀?别嫌麻烦，这小小的一张卡，可是守护我们温馨家园的重要“钥匙”。。。??每次进出，轻轻一刷，不仅方便快捷，更是给我们满满的安全感。。。??想象一下，如果大家都能自觉带卡刷卡，那些陌生人就没法随便进入小区啦，我们的孩子能在小区里更自由地玩耍，我们也能更安心地享受生活。。。???????????家人们一起行动起来，让带卡刷卡成为我们生活的一部分。""。韩老魔(客户):""各位业主：晚上好！[玫瑰]。8月26日秩序部夜间执勤安排：。一：值班队长：汤江平。电话:18785183203。二：带班时间。20:00-08:00。三：24小时值班电：0851-83862661。辖区派出所电话：0851-83851334。四、我们将12小时坚守岗位，如有需要请致电，我们将竭诚为您服务。夜间休息请关好门窗，做好安全防范，出入小区带好业主卡。。贵阳恒大文化旅游城物业服务中心祝您：生活愉快！[烟花]""。&&&","[
    {
        ""话题倾向"": """"
    }
]"
群聊负向,"这是要分析的对话:&&&08月26日 08:03分。姜(客户):""尊敬的各位业主：早上好[玫瑰]。8月26日秩序部白班已接班，执勤安排如下：。一、值班:姜小朋 18786658735。二、24小时值班电：0851-83873003。辖区派出所电话：0851-83851334。三、带班时间：08:00-20:00。四、我们将12小时坚守岗位，如有需要请致电，我们将竭诚为您服务。外出请关好门窗、水电及燃气、出入小区带好业主卡、做好个人防护。。贵阳恒大文化旅游城物业服务中心祝您：生活愉快！[烟花]""。姜(客户):""[图片]""。08月26日 11:01分。姜(客户):""#金碧物业·秩序(保安)服务篇。??用心打磨每一个细节，用真诚赢得您的信赖??。??优美的环境，优良的秩序，优质的服务，都藏在细节里??。?从平凡处发现不平凡，感受我们的用心??。??绝不辜负您的信赖，全心全意为您服务??。         ??金碧物业  我们与您同在。               ——贵阳恒大文化旅游城物业服务中心""。姜(客户):""[图片]""。08月26日 12:26分。心之恋(客户):""[视频号消息]""。心之恋(客户):""【提示】买卖游戏账号、游戏装备等一定要在官方平台进行，不要点击陌生链接，以交保证金、提现失败、账号冻结等理由要求继续充值的都是诈骗！""。心之恋(客户):""通知：。8月25日是全国第八个残疾预防日，筑安社区居委会于明天8月27日（本周二）上午在辖区内开展“预防疾病致残  共享健康生活”宣传服务活动，希望学校有社会实践活动要求的学生积极参与，请有意参加志愿服务活动的人员于8月27日早上9:30到8组团筑安社区居委会集中开展活动。""。08月26日 20:23分。        (客户):""?各位业主：晚上好！[玫瑰]。8月26日秩序部夜间执勤安排：。值班：罗锋18285024210 。维修部：何彬18984855091?。辖区派出所电话：0851-83851334。三、带班时间：20:00-08:00。四、我们将12小时坚守岗位，如有需要请致电，我们将竭诚为您服务。夜间休息请关好门窗，做好安全防范，出入小区带好业主卡、谨防尾随。。贵阳恒大文化旅游城物业服务中心祝您：生活愉快！[烟花]""。08月26日 20:29分。        (客户):""[图片]""。        (客户):""[视频]""。08月26日 20:38分。        (客户):""[图片]""。&&&","[
    {
        ""话题倾向"": """"
    }
]"
群聊负向,"这是要分析的对话:&&&08月26日 07:58分。天道酬勤(客户):"" 尊敬的各位业主：早上好  。8月26日执勤安排如下：。一、值班队长：张小书18302656806。二、24小时值班电：0851-83873003。辖区派出所电话：0851-83851334。三、带班时间：08:00-20:00。四、我们将12小时坚守岗位，如有需要请致电，我们将竭诚为您服务。外出请关好门窗、水电及燃气、出入小区带好业主卡、做好个人防护。。五、检查道路通行情况正常。。贵阳恒大文化旅游城物业服务中心祝您：生活愉快[烟花]""。08月26日 09:20分。。(客户):""[视频号消息]""。。(客户):""【提示】买卖游戏账号、游戏装备等一定要在官方平台进行，不要点击陌生链接，以交保证金、提现失败、账号冻结等理由要求继续充值的都是诈骗！""。08月26日 10:57分。天道酬勤(客户):""#金碧物业·秩序(保安)服务篇。??用心打磨每一个细节，用真诚赢得您的信赖??。??优美的环境，优良的秩序，优质的服务，都藏在细节里??。?从平凡处发现不平凡，感受我们的用心??。??绝不辜负您的信赖，全心全意为您服务??。         ??金碧物业  我们与您同在。               ——贵阳恒大文化旅游城物业服务中心""。天道酬勤(客户):""[图片]""。08月26日 18:12分。古松(员工):""关于小区园林绿化养护的温馨提示??。尊敬…………""。08月26日 21:06分。。(客户):""通知：。8月25日是全国第八个残疾预防日，筑安社区居委会于明天8月27日（本周二）上午在辖区内开展“预防疾病致残  共享健康生活”宣传服务活动，希望学校有社会实践活动要求的学生积极参与，请有意参加志愿服务活动的人员于8月27日早上9:30到8组团筑安社区居委会集中开展活动。""。@????川川??(客户):""今日秩序巡查园区，通报情况如下：。1、巡查地库，发现未关闭单元门禁，已全部进行了关闭处理；。2、园区运行一切正常，无可疑人员逗留；。4、各位业主如遇紧急情况可拨打值班人员电话：。秩序部:舒川13668509505。维修部:何彬18984855091。辖区派出所电话085183851334。[抱拳]秩序小哥在此呼吁大家：?区的安全、和谐离不开我们共同的努?，请各位小主进出随手关闭单元门，做好安全防范。如遇问题或需帮助欢迎致电。""。@????川川??(客户):""[图片]""。&&&","[
    {
        ""话题倾向"": """"
    }
]"
群聊负向,"这是要分析的对话:&&&08月26日 08:00分。济南绿洲3-4-7号楼管家(员工):""????金碧物业晨跑开跑啦！！！大朋友、…………""。济南绿洲3-4-7号楼管家(员工):""[图片]""。济南绿洲3-4-7号楼管家(员工):""[图片]""。济南绿洲3-4-7号楼管家(员工):""[图片]""。济南绿洲3-4-7号楼管家(员工):""[文件超过最大限制]""。A00(客户):""尊敬的业主，您好：。       为更好、更快的解决业主问题，现将各值班人员、联系电话及值班时间公示在群内，各位业主可直接电话联系或在群内@秩序110。1、日常家用维修工具(螺丝刀、活动扳手、小锤等);。2、小型购物车、平板车、人字梯、打气筒，应急医用品等。。为您爱家保驾护航，如果您有家政保洁、直饮水卡办理、白蚁消杀、有偿维修、房屋租赁的业务需求，随时与我们联系，为您提供专业的服务。。【秩序维护部】。[爱心]1.值班时间段：。????08:00－20:00????。[爱心]2.值班中队长-赵队电话：0531-83131013。[爱心]3.物业服务电话：0531-55615896、55615596。??4.监控室值班24小时电话：0531-55612606。3、【物业-安保服务“小蜜蜂”】。[抱拳]如您家中有需要帮助的请联系我们?。[爱心]24小时为各位家人守候。[合十]贴心服务、真诚相伴。如需便民服务车，请直接联系；。①55612606。②55612808。有事您说话，我们会在第一时间安排人员帮你处理[玫瑰][玫瑰]""。A00(客户):""[图片]""。08月26日 08:18分。宁宁(客户):""??ˋ????ˊ??????????????????.*·做自己生活的舵手 把握梦想前进的方向 不服输 才能成长更好的自己。各位家人们[爱心]早上好！。我是物业保洁领班庄明华，联系电话 15628830750。各位保洁叔叔阿姨已到岗。??倘若您发现任何环境方面的问题或者有宝贵的建议，随时与我联系，我定会全力以赴为您排忧解难！。??感谢各位家人一直以来的信赖与支持！ ?? ??""。宁宁(客户):""[图片]""。08月26日 08:43分。济南绿洲3-4-7号楼管家(员工):""[玫瑰][玫瑰]早安  绿洲[玫瑰][玫…………""。济南绿洲3-4-7号楼管家(员工):""[链接]""。08月26日 09:53分。派出所反诈宣传员(客户):""8.13元，接到[爆竹]“银监会”[爆竹]电话被骗。。3.63万元，大学生??兼职??被骗。。3.5万元，初中生被骗。。3.46万元，妇女?兼职刷单?被骗。。2.31万元，男青年[色]约炮[色]被骗。。。男青年[色][色]约炮[色][色]，妇女??兼职刷单??、????被“异性网友”诱导投资????诈骗高发！。转发提醒好家里的[拥抱]年轻人、妇女[拥抱]！。。【8月25日电诈警情通报】（近三天典型案例）。【平安街道、开发区派出所】。1、乙武村居民（开发区报警），【接到“银监会”电话】被骗8.13万元。。??手段：接到电话，对方自称?【“银监会”工作人员】??，要帮其“降低网贷利率”，还让其??登陆假的银监会网站??。。        过程中，?开启“屏幕共享”?，指导其将钱转走。。。【大学城、大学路派出所】。2、山东师范大学思想政治教育专业大四学生，【兼职】被骗3.63万元。。??手段：网上看到信息，兼职（“垫资”代充话费）。对方称选择[爆竹][爆竹]“企业代付”[爆竹][爆竹]，??钱就不会被转走，但操作后，钱还是被转走??。。       对方称其操作失误，??为退款，按对方要求，继续转账??。。。【马山镇、马山派出所】。3、周庙村初中生，【找人“解封微信”】被骗3.5万元。。??手段：快手找人解封微信，对方让其?提供了家长微信、银行卡的【验证码】?，钱被转走。。。【文昌街道、新城派出所】。4、建发天玺妇女，网上兼职【垫资做任务、刷销量、刷关注、刷点赞】被骗3.46万元。。??手段：??被陌生人拉进群??，推荐足不出户做兼职，[裂开]抖音刷关注[裂开]挣到佣金，后被引诱??“垫资”刷购“抖币”??。。        前期挣到小额返利，后被以【系统设置，需要[苦涩]连续刷任务才能退还垫付金、佣金[苦涩]】，【??操作失误，需要刷补救单??】为由要求转账。。。【崮云湖街道、大学路派出所】。5、河南籍务工男青年（租住乐天），【刷单做任务以?? 免费约炮?? 】被骗2.31万元。。??手段：??网上看到信息??，下载APP，为[吐]解锁约炮资格[吐]，??“约炮”客服引诱其“垫资”刷“会员费”??，前期挣到小额返利。。        后被以【系统设置，需要[裂开]连续刷任务[裂开]才能退还垫付金、佣金】、【??操作失误??（后台都能做手脚），刷补救单】为由要求多次转账。""。08月26日 11:20分。??诺??潼??骋(客户):""[文件下载失败]""。??诺??潼??骋(客户):""东梯停22不动，是不是又坏了@济南绿洲3-4-7号楼管家?""。济南绿洲3-4-7号楼管家(员工):""在更换配件[抱拳]""。08月26日 15:33分。派出所反诈宣传员(客户):""[小程序消息]""。宁宁(客户):""[图片]""。宁宁(客户):""[图片]""。宁宁(客户):""[图片]""。宁宁(客户):""[图片]""。08月26日 16:54分。宁宁(客户):""[拳头]环境提升持续进行中[拳头]。[太阳]今天地下室清理[太阳]。恒大绿洲保洁团队为您服务[玫瑰]""。宁宁(客户):""[图片]""。大鹏展翅(客户):""【公区维修8月19日-8月25日工作汇报】。●公区及地下车库排污泵检修7处。●公区及地下车库照明更换6处。●公区直饮水机滤芯更换4处。●公区大堂顶子破损粉刷5处。●公区墙砖破损更换3处。●公区消防故障处理47处。●公区充电桩头安装21处。●园区排污管道疏通8处。●园区路面维修3处。●电梯维保125部。●设备房维护保养。●设备房巡查。工程维修，为您的生活保驾护航。如需帮助请拨打。24小时物业热线:。0531-55615896。济南恒大绿洲物业服务中心""。大鹏展翅(客户):""[图片]""。08月26日 18:39分。A大漠(客户):""??物业秩序“小蜜蜂” ??。[庆祝]“小蜜蜂”来了！来了！[庆祝]。[太阳]有事，您说话[太阳]。[庆祝]车辆电瓶亏电启动不了！。[庆祝]家里有沉物品搬不动了！。[庆祝]买了好多东西拿不了！。联系电话：0531-55612606。秩序小“蜜蜂”竭诚为您服务！[耶][耶][耶]。[庆祝]我们的口号：。[庆祝]真心帮助每一位[庆祝]。[庆祝]热心服务每一人[庆祝]。[庆祝]赠人玫瑰[玫瑰]，手有余香[庆祝]""。A大漠(客户):""[图片]""。08月26日 20:05分。你的月亮我的心(客户):""尊敬的业主，您好：。       为更好、更快的解决业主问题，现将各值班人员、联系电话及值班时间公示在群内，各位业主可直接电话联系或在群内@秩序110。1、日常家用维修工具(螺丝刀、活动扳手、小锤等);。2、小型购物车、平板车、人字梯、打气筒，应急医用品等。。为您爱家保驾护航，如果您有家政保洁、直饮水卡办理、白蚁消杀、有偿维修、房屋租赁的业务需求，随时与我们联系，为您提供专业的服务。。【秩序维护部】。[爱心]1.值班时间段：。????20:00－08:00????。[爱心]2.值班中队长-赵队电话：0531-55615881。[爱心]3.物业服务电话：0531-55615896、55615596。??4.监控室值班24小时电话：0531-55612606。3、【物业-安保服务“小蜜蜂”】。[抱拳]如您家中有需要帮助的请联系我们?。[爱心]24小时为各位家人守候。[合十]贴心服务、真诚相伴。如需便民服务车，请直接联系；。①55612606。②55612808。有事您说话，我们会在第一时间安排人员帮你处理[玫瑰][玫瑰]""。你的月亮我的心(客户):""[图片]""。08月26日 23:51分。你的月亮我的心(客户):""尊敬的业主大家好！我是夜间执勤赵队长，金碧物业安保服务8月26号巡查，时刻守护业主们的安全，请安心入睡，如有紧急情况请拨打0531-55612606""。你的月亮我的心(客户):""[图片]""。08月27日 03:01分。你的月亮我的心(客户):""尊敬的业主大家好！我是夜间执勤赵队长，金碧物业安保服务8月27号巡查，时刻守护业主们的安全，请安心入睡，如有紧急情况请拨打0531-55612606""。你的月亮我的心(客户):""[图片]""。&&&","[
    {
        ""话题倾向"": """"
    }
]"
群聊负向,"这是要分析的对话:&&&08月26日 08:07分。A00(客户):""尊敬的业主，您好：。       为更好、更快的解决业主问题，现将各值班人员、联系电话及值班时间公示在群内，各位业主可直接电话联系或在群内@秩序110。1、日常家用维修工具(螺丝刀、活动扳手、小锤等);。2、小型购物车、平板车、人字梯、打气筒，应急医用品等。。为您爱家保驾护航，如果您有家政保洁、直饮水卡办理、白蚁消杀、有偿维修、房屋租赁的业务需求，随时与我们联系，为您提供专业的服务。。【秩序维护部】。[爱心]1.值班时间段：。????08:00－20:00????。[爱心]2.值班中队长-赵队电话：0531-83131013。[爱心]3.物业服务电话：0531-55615896、55615596。??4.监控室值班24小时电话：0531-55612606。3、【物业-安保服务“小蜜蜂”】。[抱拳]如您家中有需要帮助的请联系我们?。[爱心]24小时为各位家人守候。[合十]贴心服务、真诚相伴。如需便民服务车，请直接联系；。①55612606。②55612808。有事您说话，我们会在第一时间安排人员帮你处理[玫瑰][玫瑰]""。A00(客户):""[图片]""。08月26日 08:16分。宁宁(客户):""??ˋ????ˊ??????????????????.*·做自己生活的舵手 把握梦想前进的方向 不服输 才能成长更好的自己。各位家人们[爱心]早上好！。我是物业保洁领班庄明华，联系电话 15628830750。各位保洁叔叔阿姨已到岗。??倘若您发现任何环境方面的问题或者有宝贵的建议，随时与我联系，我定会全力以赴为您排忧解难！。??感谢各位家人一直以来的信赖与支持！ ?? ??""。宁宁(客户):""[图片]""。08月26日 08:42分。济南绿洲20－21号楼管家惊蛰(员工):""????金碧物业晨跑开跑啦！！！大朋友、…………""。济南绿洲20－21号楼管家惊蛰(员工):""[图片]""。济南绿洲20－21号楼管家惊蛰(员工):""[图片]""。济南绿洲20－21号楼管家惊蛰(员工):""[图片]""。济南绿洲20－21号楼管家惊蛰(员工):""[文件超过最大限制]""。济南绿洲20－21号楼管家惊蛰(员工):""[玫瑰][玫瑰]早安  绿洲[玫瑰][玫…………""。济南绿洲20－21号楼管家惊蛰(员工):""[链接]""。08月26日 09:55分。顺其自然(客户):""8.13元，接到[爆竹]“银监会”[爆竹]电话被骗。。3.63万元，大学生??兼职??被骗。。3.5万元，初中生被骗。。3.46万元，妇女?兼职刷单?被骗。。2.31万元，男青年[色]约炮[色]被骗。。。男青年[色][色]约炮[色][色]，妇女??兼职刷单??、????被“异性网友”诱导投资????诈骗高发！。转发提醒好家里的[拥抱]年轻人、妇女[拥抱]！。。【8月25日电诈警情通报】（近三天典型案例）。【平安街道、开发区派出所】。1、乙武村居民（开发区报警），【接到“银监会”电话】被骗8.13万元。。??手段：接到电话，对方自称?【“银监会”工作人员】??，要帮其“降低网贷利率”，还让其??登陆假的银监会网站??。。        过程中，?开启“屏幕共享”?，指导其将钱转走。。。【大学城、大学路派出所】。2、山东师范大学思想政治教育专业大四学生，【兼职】被骗3.63万元。。??手段：网上看到信息，兼职（“垫资”代充话费）。对方称选择[爆竹][爆竹]“企业代付”[爆竹][爆竹]，??钱就不会被转走，但操作后，钱还是被转走??。。       对方称其操作失误，??为退款，按对方要求，继续转账??。。。【马山镇、马山派出所】。3、周庙村初中生，【找人“解封微信”】被骗3.5万元。。??手段：快手找人解封微信，对方让其?提供了家长微信、银行卡的【验证码】?，钱被转走。。。【文昌街道、新城派出所】。4、建发天玺妇女，网上兼职【垫资做任务、刷销量、刷关注、刷点赞】被骗3.46万元。。??手段：??被陌生人拉进群??，推荐足不出户做兼职，[裂开]抖音刷关注[裂开]挣到佣金，后被引诱??“垫资”刷购“抖币”??。。        前期挣到小额返利，后被以【系统设置，需要[苦涩]连续刷任务才能退还垫付金、佣金[苦涩]】，【??操作失误，需要刷补救单??】为由要求转账。。。【崮云湖街道、大学路派出所】。5、河南籍务工男青年（租住乐天），【刷单做任务以?? 免费约炮?? 】被骗2.31万元。。??手段：??网上看到信息??，下载APP，为[吐]解锁约炮资格[吐]，??“约炮”客服引诱其“垫资”刷“会员费”??，前期挣到小额返利。。        后被以【系统设置，需要[裂开]连续刷任务[裂开]才能退还垫付金、佣金】、【??操作失误??（后台都能做手脚），刷补救单】为由要求多次转账。""。08月26日 10:21分。顺其自然(客户):""各位居民朋友好~。社区邻里夜校“AI机器人”招生啦~，详细信息如下：。上课时间：2024年8月28日本周三晚上七点半。活动地点：恒大绿洲第二社区党群服务中心""。顺其自然(客户):""[小程序消息]""。08月26日 15:38分。宁宁(客户):""[图片]""。宁宁(客户):""[图片]""。宁宁(客户):""[图片]""。宁宁(客户):""[图片]""。08月26日 16:54分。宁宁(客户):""[拳头]环境提升持续进行中[拳头]。[太阳]今天地下室清理[太阳]。恒大绿洲保洁团队为您服务[玫瑰]""。宁宁(客户):""[图片]""。08月26日 18:40分。A大漠(客户):""??物业秩序“小蜜蜂” ??。[庆祝]“小蜜蜂”来了！来了！[庆祝]。[太阳]有事，您说话[太阳]。[庆祝]车辆电瓶亏电启动不了！。[庆祝]家里有沉物品搬不动了！。[庆祝]买了好多东西拿不了！。联系电话：0531-55612606。秩序小“蜜蜂”竭诚为您服务！[耶][耶][耶]。[庆祝]我们的口号：。[庆祝]真心帮助每一位[庆祝]。[庆祝]热心服务每一人[庆祝]。[庆祝]赠人玫瑰[玫瑰]，手有余香[庆祝]""。A大漠(客户):""[图片]""。08月26日 20:04分。你的月亮我的心(客户):""尊敬的业主，您好：。       为更好、更快的解决业主问题，现将各值班人员、联系电话及值班时间公示在群内，各位业主可直接电话联系或在群内@秩序110。1、日常家用维修工具(螺丝刀、活动扳手、小锤等);。2、小型购物车、平板车、人字梯、打气筒，应急医用品等。。为您爱家保驾护航，如果您有家政保洁、直饮水卡办理、白蚁消杀、有偿维修、房屋租赁的业务需求，随时与我们联系，为您提供专业的服务。。【秩序维护部】。[爱心]1.值班时间段：。????20:00－08:00????。[爱心]2.值班中队长-赵队电话：0531-55615881。[爱心]3.物业服务电话：0531-55615896、55615596。??4.监控室值班24小时电话：0531-55612606。3、【物业-安保服务“小蜜蜂”】。[抱拳]如您家中有需要帮助的请联系我们?。[爱心]24小时为各位家人守候。[合十]贴心服务、真诚相伴。如需便民服务车，请直接联系；。①55612606。②55612808。有事您说话，我们会在第一时间安排人员帮你处理[玫瑰][玫瑰]""。你的月亮我的心(客户):""[图片]""。08月26日 20:46分。大海(客户):""【公区维修8月19日-8月25日工作汇报】。●公区及地下车库排污泵检修7处。●公区及地下车库照明更换6处。●公区直饮水机滤芯更换4处。●公区大堂顶子破损粉刷5处。●公区墙砖破损更换3处。●公区消防故障处理47处。●公区充电桩头安装21处。●园区排污管道疏通8处。●园区路面维修3处。●电梯维保125部。●设备房维护保养。●设备房巡查。工程维修，为您的生活保驾护航。如需帮助请拨打。24小时物业热线:。0531-55615896。济南恒大绿洲物业服务中心""。大海(客户):""[图片]""。08月26日 22:26分。家有仨宝(客户):""[图片]""。家有仨宝(客户):""谁的电动车没关啊！单元门口""。08月26日 23:50分。你的月亮我的心(客户):""尊敬的业主大家好！我是夜间执勤赵队长，金碧物业安保服务8月26号巡查，时刻守护业主们的安全，请安心入睡，如有紧急情况请拨打0531-55612606""。你的月亮我的心(客户):""[图片]""。08月27日 03:01分。你的月亮我的心(客户):""尊敬的业主大家好！我是夜间执勤赵队长，金碧物业安保服务8月27号巡查，时刻守护业主们的安全，请安心入睡，如有紧急情况请拨打0531-55612606""。你的月亮我的心(客户):""[图片]""。&&&","[
    {
        ""话题倾向"": """"
    }
]"
群聊负向,"这是要分析的对话:&&&08月26日 07:53分。济南绿洲8-9号楼管家立夏(员工):""????金碧物业晨跑开跑啦！！！大朋友、…………""。济南绿洲8-9号楼管家立夏(员工):""[图片]""。济南绿洲8-9号楼管家立夏(员工):""[图片]""。济南绿洲8-9号楼管家立夏(员工):""[图片]""。济南绿洲8-9号楼管家立夏(员工):""[文件超过最大限制]""。08月26日 08:05分。A00(客户):""尊敬的业主，您好：。       为更好、更快的解决业主问题，现将各值班人员、联系电话及值班时间公示在群内，各位业主可直接电话联系或在群内@秩序110。1、日常家用维修工具(螺丝刀、活动扳手、小锤等);。2、小型购物车、平板车、人字梯、打气筒，应急医用品等。。为您爱家保驾护航，如果您有家政保洁、直饮水卡办理、白蚁消杀、有偿维修、房屋租赁的业务需求，随时与我们联系，为您提供专业的服务。。【秩序维护部】。[爱心]1.值班时间段：。????08:00－20:00????。[爱心]2.值班中队长-赵队电话：0531-83131013。[爱心]3.物业服务电话：0531-55615896、55615596。??4.监控室值班24小时电话：0531-55612606。3、【物业-安保服务“小蜜蜂”】。[抱拳]如您家中有需要帮助的请联系我们?。[爱心]24小时为各位家人守候。[合十]贴心服务、真诚相伴。如需便民服务车，请直接联系；。①55612606。②55612808。有事您说话，我们会在第一时间安排人员帮你处理[玫瑰][玫瑰]""。A00(客户):""[图片]""。08月26日 08:17分。宁宁(客户):""??ˋ????ˊ??????????????????.*·做自己生活的舵手 把握梦想前进的方向 不服输 才能成长更好的自己。各位家人们[爱心]早上好！。我是物业保洁领班庄明华，联系电话 15628830750。各位保洁叔叔阿姨已到岗。??倘若您发现任何环境方面的问题或者有宝贵的建议，随时与我联系，我定会全力以赴为您排忧解难！。??感谢各位家人一直以来的信赖与支持！ ?? ??""。宁宁(客户):""[图片]""。08月26日 08:42分。济南绿洲8-9号楼管家立夏(员工):""[玫瑰][玫瑰]早安  绿洲[玫瑰][玫…………""。济南绿洲8-9号楼管家立夏(员工):""[链接]""。08月26日 09:54分。派出所反诈宣传员(客户):""8.13元，接到[爆竹]“银监会”[爆竹]电话被骗。。3.63万元，大学生??兼职??被骗。。3.5万元，初中生被骗。。3.46万元，妇女?兼职刷单?被骗。。2.31万元，男青年[色]约炮[色]被骗。。。男青年[色][色]约炮[色][色]，妇女??兼职刷单??、????被“异性网友”诱导投资????诈骗高发！。转发提醒好家里的[拥抱]年轻人、妇女[拥抱]！。。【8月25日电诈警情通报】（近三天典型案例）。【平安街道、开发区派出所】。1、乙武村居民（开发区报警），【接到“银监会”电话】被骗8.13万元。。??手段：接到电话，对方自称?【“银监会”工作人员】??，要帮其“降低网贷利率”，还让其??登陆假的银监会网站??。。        过程中，?开启“屏幕共享”?，指导其将钱转走。。。【大学城、大学路派出所】。2、山东师范大学思想政治教育专业大四学生，【兼职】被骗3.63万元。。??手段：网上看到信息，兼职（“垫资”代充话费）。对方称选择[爆竹][爆竹]“企业代付”[爆竹][爆竹]，??钱就不会被转走，但操作后，钱还是被转走??。。       对方称其操作失误，??为退款，按对方要求，继续转账??。。。【马山镇、马山派出所】。3、周庙村初中生，【找人“解封微信”】被骗3.5万元。。??手段：快手找人解封微信，对方让其?提供了家长微信、银行卡的【验证码】?，钱被转走。。。【文昌街道、新城派出所】。4、建发天玺妇女，网上兼职【垫资做任务、刷销量、刷关注、刷点赞】被骗3.46万元。。??手段：??被陌生人拉进群??，推荐足不出户做兼职，[裂开]抖音刷关注[裂开]挣到佣金，后被引诱??“垫资”刷购“抖币”??。。        前期挣到小额返利，后被以【系统设置，需要[苦涩]连续刷任务才能退还垫付金、佣金[苦涩]】，【??操作失误，需要刷补救单??】为由要求转账。。。【崮云湖街道、大学路派出所】。5、河南籍务工男青年（租住乐天），【刷单做任务以?? 免费约炮?? 】被骗2.31万元。。??手段：??网上看到信息??，下载APP，为[吐]解锁约炮资格[吐]，??“约炮”客服引诱其“垫资”刷“会员费”??，前期挣到小额返利。。        后被以【系统设置，需要[裂开]连续刷任务[裂开]才能退还垫付金、佣金】、【??操作失误??（后台都能做手脚），刷补救单】为由要求多次转账。""。08月26日 15:33分。派出所反诈宣传员(客户):""[小程序消息]""。宁宁(客户):""[图片]""。宁宁(客户):""[图片]""。宁宁(客户):""[图片]""。宁宁(客户):""[图片]""。08月26日 16:54分。宁宁(客户):""[拳头]环境提升持续进行中[拳头]。[太阳]今天地下室清理[太阳]。恒大绿洲保洁团队为您服务[玫瑰]""。宁宁(客户):""[图片]""。08月26日 17:51分。颜(客户):""[图片]""。颜(客户):""{""pre_msgid"":""5703853245663468587_1724665911406_external""}""。08月26日 18:39分。A大漠(客户):""??物业秩序“小蜜蜂” ??。[庆祝]“小蜜蜂”来了！来了！[庆祝]。[太阳]有事，您说话[太阳]。[庆祝]车辆电瓶亏电启动不了！。[庆祝]家里有沉物品搬不动了！。[庆祝]买了好多东西拿不了！。联系电话：0531-55612606。秩序小“蜜蜂”竭诚为您服务！[耶][耶][耶]。[庆祝]我们的口号：。[庆祝]真心帮助每一位[庆祝]。[庆祝]热心服务每一人[庆祝]。[庆祝]赠人玫瑰[玫瑰]，手有余香[庆祝]""。A大漠(客户):""[图片]""。08月26日 18:52分。慧慧a(客户):""[图片]""。慧慧a(客户):""{""pre_msgid"":""9771264603470846251_1724669540215_external""}""。08月26日 20:03分。你的月亮我的心(客户):""尊敬的业主，您好：。       为更好、更快的解决业主问题，现将各值班人员、联系电话及值班时间公示在群内，各位业主可直接电话联系或在群内@秩序110。1、日常家用维修工具(螺丝刀、活动扳手、小锤等);。2、小型购物车、平板车、人字梯、打气筒，应急医用品等。。为您爱家保驾护航，如果您有家政保洁、直饮水卡办理、白蚁消杀、有偿维修、房屋租赁的业务需求，随时与我们联系，为您提供专业的服务。。【秩序维护部】。[爱心]1.值班时间段：。????20:00－08:00????。[爱心]2.值班中队长-赵队电话：0531-55615881。[爱心]3.物业服务电话：0531-55615896、55615596。??4.监控室值班24小时电话：0531-55612606。3、【物业-安保服务“小蜜蜂”】。[抱拳]如您家中有需要帮助的请联系我们?。[爱心]24小时为各位家人守候。[合十]贴心服务、真诚相伴。如需便民服务车，请直接联系；。①55612606。②55612808。有事您说话，我们会在第一时间安排人员帮你处理[玫瑰][玫瑰]""。你的月亮我的心(客户):""[图片]""。08月26日 23:52分。你的月亮我的心(客户):""[图片]""。你的月亮我的心(客户):""尊敬的业主大家好！我是夜间执勤赵队长，金碧物业安保服务8月26号巡查，时刻守护业主们的安全，请安心入睡，如有紧急情况请拨打0531-55612606""。08月27日 02:59分。你的月亮我的心(客户):""尊敬的业主大家好！我是夜间执勤赵队长，金碧物业安保服务8月27号巡查，时刻守护业主们的安全，请安心入睡，如有紧急情况请拨打0531-55612606""。你的月亮我的心(客户):""[图片]""。&&&","[
    {
        ""话题倾向"": """"
    }
]"
群聊负向,"这是要分析的对话:&&&08月26日 08:03分。姜(客户):""尊敬的各位业主：早上好[玫瑰]。8月26日秩序部白班已接班，执勤安排如下：。一、值班:姜小朋 18786658735。二、24小时值班电：0851-83873003。辖区派出所电话：0851-83851334。三、带班时间：08:00-20:00。四、我们将12小时坚守岗位，如有需要请致电，我们将竭诚为您服务。外出请关好门窗、水电及燃气、出入小区带好业主卡、做好个人防护。。贵阳恒大文化旅游城物业服务中心祝您：生活愉快！[烟花]""。姜(客户):""[图片]""。08月26日 08:44分。周鹏(员工):""家人们早上好[爱心]。。今日电梯保养如下…………""。08月26日 09:22分。冉长春(客户):""[视频号消息]""。冉长春(客户):""【提示】买卖游戏账号、游戏装备等一定要在官方平台进行，不要点击陌生链接，以交保证金、提现失败、账号冻结等理由要求继续充值的都是诈骗！""。08月26日 11:01分。姜(客户):""#金碧物业·秩序(保安)服务篇。??用心打磨每一个细节，用真诚赢得您的信赖??。??优美的环境，优良的秩序，优质的服务，都藏在细节里??。?从平凡处发现不平凡，感受我们的用心??。??绝不辜负您的信赖，全心全意为您服务??。         ??金碧物业  我们与您同在。               ——贵阳恒大文化旅游城物业服务中心""。姜(客户):""[图片]""。08月26日 19:02分。文旅城-管家-周鹏(员工):""【管家播报—电梯维保篇?? 】。?? 电…………""。文旅城-管家-周鹏(员工):""[图片]""。08月26日 20:23分。        (客户):""?各位业主：晚上好！[玫瑰]。8月26日秩序部夜间执勤安排：。值班：罗锋18285024210 。维修部：何彬18984855091?。辖区派出所电话：0851-83851334。三、带班时间：20:00-08:00。四、我们将12小时坚守岗位，如有需要请致电，我们将竭诚为您服务。夜间休息请关好门窗，做好安全防范，出入小区带好业主卡、谨防尾随。。贵阳恒大文化旅游城物业服务中心祝您：生活愉快！[烟花]""。08月26日 20:29分。        (客户):""[图片]""。        (客户):""[视频]""。08月26日 20:38分。        (客户):""[图片]""。&&&","[
    {
        ""话题倾向"": """"
    }
]"
群聊负向,"这是要分析的对话:&&&08月26日 12:21分。南锺(客户):""通知：。8月25日是全国第八个残疾预防日，筑安社区居委会于明天8月27日（本周二）上午在辖区内开展“预防疾病致残  共享健康生活”宣传服务活动，希望学校有社会实践活动要求的学生积极参与，请有意参加志愿服务活动的人员于8月27日早上9:30到8组团筑安社区居委会集中开展活动。""。&&&","[
    {
        ""话题倾向"": """"
    }
]"
群聊负向,"这是要分析的对话:&&&08月26日 08:02分。姜(客户):""尊敬的各位业主：早上好[玫瑰]。8月26日秩序部白班已接班，执勤安排如下：。一、值班:姜小朋 18786658735。二、24小时值班电：0851-83873003。辖区派出所电话：0851-83851334。三、带班时间：08:00-20:00。四、我们将12小时坚守岗位，如有需要请致电，我们将竭诚为您服务。外出请关好门窗、水电及燃气、出入小区带好业主卡、做好个人防护。。贵阳恒大文化旅游城物业服务中心祝您：生活愉快！[烟花]""。姜(客户):""[图片]""。08月26日 08:58分。晏春英(员工):""【?? 管家休假知会】。尊敬的业主，您好…………""。08月26日 11:01分。姜(客户):""#金碧物业·秩序(保安)服务篇。??用心打磨每一个细节，用真诚赢得您的信赖??。??优美的环境，优良的秩序，优质的服务，都藏在细节里??。?从平凡处发现不平凡，感受我们的用心??。??绝不辜负您的信赖，全心全意为您服务??。         ??金碧物业  我们与您同在。               ——贵阳恒大文化旅游城物业服务中心""。姜(客户):""[图片]""。08月26日 12:25分。心之恋(客户):""[视频号消息]""。心之恋(客户):""通知：。8月25日是全国第八个残疾预防日，筑安社区居委会于明天8月27日（本周二）上午在辖区内开展“预防疾病致残  共享健康生活”宣传服务活动，希望学校有社会实践活动要求的学生积极参与，请有意参加志愿服务活动的人员于8月27日早上9:30到8组团筑安社区居委会集中开展活动。""。心之恋(客户):""【提示】买卖游戏账号、游戏装备等一定要在官方平台进行，不要点击陌生链接，以交保证金、提现失败、账号冻结等理由要求继续充值的都是诈骗！""。08月26日 20:25分。        (客户):""?各位业主：晚上好！[玫瑰]。8月26日秩序部夜间执勤安排：。值班：罗锋18285024210 。维修部：何彬18984855091?。辖区派出所电话：0851-83851334。三、带班时间：20:00-08:00。四、我们将12小时坚守岗位，如有需要请致电，我们将竭诚为您服务。夜间休息请关好门窗，做好安全防范，出入小区带好业主卡、谨防尾随。。贵阳恒大文化旅游城物业服务中心祝您：生活愉快！[烟花]""。        (客户):""[文件超过最大限制]""。&&&","[
    {
        ""话题倾向"": """"
    }
]"
群聊负向,"这是要分析的对话:&&&08月26日 15:59分。Ppt(客户):""[视频号消息]""。Ppt(客户):""??来自锡林郭勒大草原的美味??。[强]产地源头工厂 品质安全有保证。??8.27日11点烤肉礼盒限时秒杀。??149元到手8袋""。Ppt(客户):""转转转""。程(客户):""帮我下一份""。程(客户):""@Ppt?""。Ppt(客户):""好勒""。程(客户):""[暂不支持的消息类型]""。Ppt(客户):""@程?程总 下恒大城地址还是""。恒大城-管家-小曾(员工):""差点抢红包了[捂脸]""。程(客户):""是的""。08月26日 16:04分。程(客户):""[偷笑]""。08月26日 16:32分。Ppt(客户):""[图片]""。Ppt(客户):""??初秋每天必吃一个石榴。  —会理软籽突尼斯石榴??。 ??产地明日到货，预售中??。 礼盒装39.9元 净重5斤±0.2两。    详情扫码图片二维码咨询。            或咨询楼栋管家。   或电话咨询:18126299685""。搭哒哒(客户):""拍的看下""。搭哒哒(客户):""{""pre_msgid"":""14201775819830701355_1724661200423_external""}""。Ppt(客户):""[图片]""。08月26日 16:43分。三十而立(客户):""@Ppt?石榴""。Ppt(客户):""@三十而立?可以的几箱 老板""。三十而立(客户):""老板，小二来1箱试下味道""。三十而立(客户):""要不然罗老板让我们先尝后买也可以[偷笑][偷笑]""。Ppt(客户):""吃个几粒""。搭哒哒(客户):""[捂脸]""。晚上睡不着(客户):""[图片]""。晚上睡不着(客户):""@Ppt?""。Ppt(客户):""??""。三十而立(客户):""@晚上睡不着?恰不得，上火""。晚上睡不着(客户):""[憨笑][憨笑][憨笑]""。08月26日 16:50分。木土羊羽(客户):""@晚上睡不着?得瑟""。08月26日 17:50分。Ppt(客户):""[图片]""。Ppt(客户):""[图片]""。Ppt(客户):""[图片]""。Ppt(客户):""规格是：6个装，单果8两以上，净重5斤（±2两）""。&&&","[
    {
        ""话题倾向"": """"
    }
]"
群聊负向,"这是要分析的对话:&&&08月25日 10:43分。物业生活服务部(客户):""炎炎夏日[太阳]全靠空调冷饮续命[发抖]。可是这样的空调，你敢用吗[衰]。。优惠来袭[哇]现在下单。[礼物]立享【空调清洗】特惠。??挂机空调60元/台，158元3台。。立享清爽凉风，联系管家或??18126299685(微信同号)下单""。08月25日 11:51分。燕子(客户):""马上下雨楼顶东西快来收 ""。恒大城-管家-小涂(员工):""收到""。恒大城-管家-小涂(员工):""马上下雨，楼顶晒了衣服被物的抓紧收衣服@…………""。08月25日 13:33分。恒大城???? 秩序部 三期监控室(客户):""[视频号消息]""。恒大城???? 秩序部 三期监控室(客户):""骗子伪装手段千千万，“人设”过于完美要警惕！颜值出众、前途无量、相见恨晚，“包租婆”都成为了他们的目标；骗子假借租房名义，说自己知道投资“内幕”，一步步引诱房东上钩，血汗钱瞬间被骗走。网络交友需谨慎，投资理财要去正规平台。不要点击陌生链接，不要下载非法软件。敬请各位领导同事转发反诈视频及反诈日历。[抱拳][抱拳][抱拳]""。恒大城???? 秩序部 三期监控室(客户):""[图片]""。08月25日 14:49分。恒大城???? 秩序部 三期监控室(客户):""“XX客服”打来电话，说你开通了“百万保障”已经逾期未缴费！会每个月扣除800元，如需关闭要下载APP，共享屏幕教你操作。为了取得你的信任，告诉你网址查他的工号，还让你转账到“安全账户”验资，一步步诱导你“入坑”“百万保障”是免费的！说要扣费的都是骗子！敬请各位领导同事转发反诈视频及反诈日历。[抱拳][抱拳][抱拳]""。恒大城???? 秩序部 三期监控室(客户):""[视频号消息]""。恒大城???? 秩序部 三期监控室(客户):""[图片]""。08月25日 17:36分。24小时白昼(客户):""9栋2单位6楼，电梯口，有一堆纸壳，有需要的话，请自便，但请别把电梯口公共区域弄脏了""。24小时白昼(客户):""[文件超过最大限制]""。08月25日 20:23分。恒大城???? 秩序部 三期监控室(客户):""? 2024.8.25日? 。【秩序维护部】 。1.夜班值班时间段：20：00—08：00。2.夜班值班队长:徐霖。3.物业24小时服务电话：0791-85957719/85130408。? 【物业小贴士】?。1、园区道路是大家的，请将爱车停至车位或车库，勿占行车主干道。。2、予人方便，予己方便，整齐有序，文明停车。。3、随身携带门禁卡，刷卡进出，提高安全防止偷盗。。4、请随手关大堂门，轻拉轻推，勿用力拉扯。。5、非机动车请勿进大堂、楼道内充电。。6、请勿让爱宠随地大小便，做文明养宠人。""。&&&","{""事件提取"":null,""提取结果"":false}"
群聊负向,"这是要分析的对话:&&&08月25日 10:43分。物业生活服务部(客户):""炎炎夏日[太阳]全靠空调冷饮续命[发抖]。可是这样的空调，你敢用吗[衰]。。优惠来袭[哇]现在下单。[礼物]立享【空调清洗】特惠。??挂机空调60元/台，158元3台。。立享清爽凉风，联系管家或??18126299685(微信同号)下单""。08月25日 13:36分。恒大城???? 秩序部 三期监控室(客户):""[视频号消息]""。恒大城???? 秩序部 三期监控室(客户):""骗子伪装手段千千万，“人设”过于完美要警惕！颜值出众、前途无量、相见恨晚，“包租婆”都成为了他们的目标；骗子假借租房名义，说自己知道投资“内幕”，一步步引诱房东上钩，血汗钱瞬间被骗走。网络交友需谨慎，投资理财要去正规平台。不要点击陌生链接，不要下载非法软件。敬请各位领导同事转发反诈视频及反诈日历。[抱拳][抱拳][抱拳]""。恒大城???? 秩序部 三期监控室(客户):""[图片]""。08月25日 14:44分。恒大城???? 秩序部 三期监控室(客户):""“XX客服”打来电话，说你开通了“百万保障”已经逾期未缴费！会每个月扣除800元，如需关闭要下载APP，共享屏幕教你操作。为了取得你的信任，告诉你网址查他的工号，还让你转账到“安全账户”验资，一步步诱导你“入坑”“百万保障”是免费的！说要扣费的都是骗子！敬请各位领导同事转发反诈视频及反诈日历。[抱拳][抱拳][抱拳]""。恒大城???? 秩序部 三期监控室(客户):""[视频号消息]""。恒大城???? 秩序部 三期监控室(客户):""[图片]""。08月25日 14:51分。@星空@(客户):""一单元02户谁家晒东西又滴水啊。被子都被淋湿了""。08月25日 19:55分。Yu An(客户):""邻居们谁有电瓶三轮车租借一下[抱拳]""。08月25日 20:21分。恒大城???? 秩序部 三期监控室(客户):""? 2024.8.25日? 。【秩序维护部】 。1.夜班值班时间段：20：00—08：00。2.夜班值班队长:徐霖。3.物业24小时服务电话：0791-85957719/85130408。? 【物业小贴士】?。1、园区道路是大家的，请将爱车停至车位或车库，勿占行车主干道。。2、予人方便，予己方便，整齐有序，文明停车。。3、随身携带门禁卡，刷卡进出，提高安全防止偷盗。。4、请随手关大堂门，轻拉轻推，勿用力拉扯。。5、非机动车请勿进大堂、楼道内充电。。6、请勿让爱宠随地大小便，做文明养宠人。""。&&&","[
    {
        ""业主情感强度"": {
            ""星空@"": ""一般负面""
        },
        ""事件讨论开始时间"": ""08月25日 14:51"",
        ""事件讨论结束时间"": ""08月25日 14:51"",
        ""事件详情"": ""业主@星空@反馈，一单元02户有邻居晒东西滴水，导致其被子被淋湿。"",
        ""话题倾向"": """"
    }
]"
群聊负向,"这是要分析的对话:&&&08月25日 10:44分。物业生活服务部(客户):""炎炎夏日[太阳]全靠空调冷饮续命[发抖]。可是这样的空调，你敢用吗[衰]。。优惠来袭[哇]现在下单。[礼物]立享【空调清洗】特惠。??挂机空调60元/台，158元3台。。立享清爽凉风，联系管家或??18126299685(微信同号)下单""。08月25日 13:35分。恒大城???? 秩序部 三期监控室(客户):""骗子伪装手段千千万，“人设”过于完美要警惕！颜值出众、前途无量、相见恨晚，“包租婆”都成为了他们的目标；骗子假借租房名义，说自己知道投资“内幕”，一步步引诱房东上钩，血汗钱瞬间被骗走。网络交友需谨慎，投资理财要去正规平台。不要点击陌生链接，不要下载非法软件。敬请各位领导同事转发反诈视频及反诈日历。[抱拳][抱拳][抱拳]""。恒大城???? 秩序部 三期监控室(客户):""[视频号消息]""。恒大城???? 秩序部 三期监控室(客户):""[图片]""。08月25日 14:46分。恒大城???? 秩序部 三期监控室(客户):""“XX客服”打来电话，说你开通了“百万保障”已经逾期未缴费！会每个月扣除800元，如需关闭要下载APP，共享屏幕教你操作。为了取得你的信任，告诉你网址查他的工号，还让你转账到“安全账户”验资，一步步诱导你“入坑”“百万保障”是免费的！说要扣费的都是骗子！敬请各位领导同事转发反诈视频及反诈日历。[抱拳][抱拳][抱拳]""。恒大城???? 秩序部 三期监控室(客户):""[视频号消息]""。恒大城???? 秩序部 三期监控室(客户):""[图片]""。08月25日 19:01分。故渊(客户):""@恒大城???? 秩序部 三期监控室?52栋2单元一楼大厅臭死了""。故渊(客户):""赶紧叫人搞一下""。故渊(客户):""这素质真的差的可怕""。恒大城???? 秩序部 三期监控室(客户):""@故渊?好的""。08月25日 19:06分。恒大城???? 秩序部 三期监控室(客户):""马上过去处理""。08月25日 19:24分。恒大城???? 秩序部 三期监控室(客户):""[图片]""。恒大城???? 秩序部 三期监控室(客户):""[文件下载失败]""。恒大城???? 秩序部 三期监控室(客户):""打扫了一下大堂，也喷了一下清新剂，目前味道好多了""。08月25日 20:22分。恒大城???? 秩序部 三期监控室(客户):""? 2024.8.25日? 。【秩序维护部】 。1.夜班值班时间段：20：00—08：00。2.夜班值班队长:徐霖。3.物业24小时服务电话：0791-85957719/85130408。? 【物业小贴士】?。1、园区道路是大家的，请将爱车停至车位或车库，勿占行车主干道。。2、予人方便，予己方便，整齐有序，文明停车。。3、随身携带门禁卡，刷卡进出，提高安全防止偷盗。。4、请随手关大堂门，轻拉轻推，勿用力拉扯。。5、非机动车请勿进大堂、楼道内充电。。6、请勿让爱宠随地大小便，做文明养宠人。""。&&&","[
    {
        ""业主情感强度"": {
            ""故渊"": ""强烈负面""
        },
        ""事件讨论开始时间"": ""08月25日 19:01分"",
        ""事件讨论结束时间"": ""08月25日 19:24分"",
        ""事件详情"": ""在恒大城52栋2单元一楼大厅，有强烈的异味，业主故渊对此表示不满，并要求物业赶紧处理。故渊对物业的清洁工作表示不满。"",
        ""话题倾向"": """"
    }
]"
群聊负向,"这是要分析的对话:&&&08月25日 10:45分。物业生活服务部(客户):""炎炎夏日[太阳]全靠空调冷饮续命[发抖]。可是这样的空调，你敢用吗[衰]。。优惠来袭[哇]现在下单。[礼物]立享【空调清洗】特惠。??挂机空调60元/台，158元3台。。立享清爽凉风，联系管家或??18126299685(微信同号)下单""。08月25日 13:35分。恒大城???? 秩序部 三期监控室(客户):""骗子伪装手段千千万，“人设”过于完美要警惕！颜值出众、前途无量、相见恨晚，“包租婆”都成为了他们的目标；骗子假借租房名义，说自己知道投资“内幕”，一步步引诱房东上钩，血汗钱瞬间被骗走。网络交友需谨慎，投资理财要去正规平台。不要点击陌生链接，不要下载非法软件。敬请各位领导同事转发反诈视频及反诈日历。[抱拳][抱拳][抱拳]""。恒大城???? 秩序部 三期监控室(客户):""[视频号消息]""。恒大城???? 秩序部 三期监控室(客户):""[图片]""。08月25日 14:46分。恒大城???? 秩序部 三期监控室(客户):""“XX客服”打来电话，说你开通了“百万保障”已经逾期未缴费！会每个月扣除800元，如需关闭要下载APP，共享屏幕教你操作。为了取得你的信任，告诉你网址查他的工号，还让你转账到“安全账户”验资，一步步诱导你“入坑”“百万保障”是免费的！说要扣费的都是骗子！敬请各位领导同事转发反诈视频及反诈日历。[抱拳][抱拳][抱拳]""。恒大城???? 秩序部 三期监控室(客户):""[视频号消息]""。恒大城???? 秩序部 三期监控室(客户):""[图片]""。恒大城-管家-小范(员工):""请问有谁认识这个小朋友，他拿错了别人的滑…………""。恒大城-管家-小范(员工):""[图片]""。08月25日 18:11分。甜(客户):""[视频]""。甜(客户):""群里有会补这种地方漏水的人吗？或者有没有推荐""。08月25日 20:22分。恒大城???? 秩序部 三期监控室(客户):""? 2024.8.25日? 。【秩序维护部】 。1.夜班值班时间段：20：00—08：00。2.夜班值班队长:徐霖。3.物业24小时服务电话：0791-85957719/85130408。? 【物业小贴士】?。1、园区道路是大家的，请将爱车停至车位或车库，勿占行车主干道。。2、予人方便，予己方便，整齐有序，文明停车。。3、随身携带门禁卡，刷卡进出，提高安全防止偷盗。。4、请随手关大堂门，轻拉轻推，勿用力拉扯。。5、非机动车请勿进大堂、楼道内充电。。6、请勿让爱宠随地大小便，做文明养宠人。""。&&&","{""事件提取"":null,""提取结果"":false}"
群聊负向,"这是要分析的对话:&&&08月25日 10:45分。物业生活服务部(客户):""炎炎夏日[太阳]全靠空调冷饮续命[发抖]。可是这样的空调，你敢用吗[衰]。。优惠来袭[哇]现在下单。[礼物]立享【空调清洗】特惠。??挂机空调60元/台，158元3台。。立享清爽凉风，联系管家或??18126299685(微信同号)下单""。08月25日 13:35分。恒大城???? 秩序部 三期监控室(客户):""骗子伪装手段千千万，“人设”过于完美要警惕！颜值出众、前途无量、相见恨晚，“包租婆”都成为了他们的目标；骗子假借租房名义，说自己知道投资“内幕”，一步步引诱房东上钩，血汗钱瞬间被骗走。网络交友需谨慎，投资理财要去正规平台。不要点击陌生链接，不要下载非法软件。敬请各位领导同事转发反诈视频及反诈日历。[抱拳][抱拳][抱拳]""。恒大城???? 秩序部 三期监控室(客户):""[视频号消息]""。恒大城???? 秩序部 三期监控室(客户):""[图片]""。08月25日 14:46分。恒大城???? 秩序部 三期监控室(客户):""“XX客服”打来电话，说你开通了“百万保障”已经逾期未缴费！会每个月扣除800元，如需关闭要下载APP，共享屏幕教你操作。为了取得你的信任，告诉你网址查他的工号，还让你转账到“安全账户”验资，一步步诱导你“入坑”“百万保障”是免费的！说要扣费的都是骗子！敬请各位领导同事转发反诈视频及反诈日历。[抱拳][抱拳][抱拳]""。恒大城???? 秩序部 三期监控室(客户):""[视频号消息]""。恒大城???? 秩序部 三期监控室(客户):""[图片]""。08月25日 17:56分。恒大城-管家-小李(员工):""【管家休息】尊敬的各位业主，明天2024…………""。恒大城-管家-小李(员工):""[图片]""。08月25日 19:51分。王会忠(客户):""我的电动车放在外面老是被人推倒，车把手天天换[发怒]""。王会忠(客户):""那个人这么坏""。08月25日 20:21分。恒大城???? 秩序部 三期监控室(客户):""? 2024.8.25日? 。【秩序维护部】 。1.夜班值班时间段：20：00—08：00。2.夜班值班队长:徐霖。3.物业24小时服务电话：0791-85957719/85130408。? 【物业小贴士】?。1、园区道路是大家的，请将爱车停至车位或车库，勿占行车主干道。。2、予人方便，予己方便，整齐有序，文明停车。。3、随身携带门禁卡，刷卡进出，提高安全防止偷盗。。4、请随手关大堂门，轻拉轻推，勿用力拉扯。。5、非机动车请勿进大堂、楼道内充电。。6、请勿让爱宠随地大小便，做文明养宠人。""。&&&","[
    {
        ""业主情感强度"": {
            ""王会忠"": ""强烈负面""
        },
        ""事件讨论开始时间"": ""08月25日 19:51分"",
        ""事件讨论结束时间"": ""08月25日 19:51分"",
        ""事件详情"": ""业主王会忠投诉其电动车频繁被推倒，导致车把手需要经常更换，对此表示愤怒，并称推倒车的人很坏。"",
        ""话题倾向"": """"
    }
]"
群聊负向,"这是要分析的对话:&&&08月25日 10:46分。物业生活服务部(客户):""炎炎夏日[太阳]全靠空调冷饮续命[发抖]。可是这样的空调，你敢用吗[衰]。。优惠来袭[哇]现在下单。[礼物]立享【空调清洗】特惠。??挂机空调60元/台，158元3台。。立享清爽凉风，联系管家或??18126299685(微信同号)下单""。08月25日 10:58分。吴旭???????????(客户):""[图片]""。吴旭???????????(客户):""{""pre_msgid"":""14588275033763258062_1724554693286_external""}""。08月25日 12:38分。恒大城-管家-小潘(员工):""下大雨了，快收衣服@所有人 ""。08月25日 13:32分。恒大城???? 秩序部 三期监控室(客户):""[视频号消息]""。恒大城???? 秩序部 三期监控室(客户):""骗子伪装手段千千万，“人设”过于完美要警惕！颜值出众、前途无量、相见恨晚，“包租婆”都成为了他们的目标；骗子假借租房名义，说自己知道投资“内幕”，一步步引诱房东上钩，血汗钱瞬间被骗走。网络交友需谨慎，投资理财要去正规平台。不要点击陌生链接，不要下载非法软件。敬请各位领导同事转发反诈视频及反诈日历。[抱拳][抱拳][抱拳]""。恒大城???? 秩序部 三期监控室(客户):""[图片]""。08月25日 14:49分。恒大城???? 秩序部 三期监控室(客户):""“XX客服”打来电话，说你开通了“百万保障”已经逾期未缴费！会每个月扣除800元，如需关闭要下载APP，共享屏幕教你操作。为了取得你的信任，告诉你网址查他的工号，还让你转账到“安全账户”验资，一步步诱导你“入坑”“百万保障”是免费的！说要扣费的都是骗子！敬请各位领导同事转发反诈视频及反诈日历。[抱拳][抱拳][抱拳]""。恒大城???? 秩序部 三期监控室(客户):""[视频号消息]""。恒大城???? 秩序部 三期监控室(客户):""[图片]""。08月25日 20:24分。恒大城???? 秩序部 三期监控室(客户):""? 2024.8.25日? 。【秩序维护部】 。1.夜班值班时间段：20：00—08：00。2.夜班值班队长:徐霖。3.物业24小时服务电话：0791-85957719/85130408。? 【物业小贴士】?。1、园区道路是大家的，请将爱车停至车位或车库，勿占行车主干道。。2、予人方便，予己方便，整齐有序，文明停车。。3、随身携带门禁卡，刷卡进出，提高安全防止偷盗。。4、请随手关大堂门，轻拉轻推，勿用力拉扯。。5、非机动车请勿进大堂、楼道内充电。。6、请勿让爱宠随地大小便，做文明养宠人。""。朱明(客户):""管家，快到六栋一单元来这个水龙头坏掉了""。朱明(客户):""[图片]""。08月25日 20:30分。恒大城???? 秩序部 三期监控室(客户):""@朱明?收到""。&&&","{""事件提取"":null,""提取结果"":false}"
群聊负向,"这是要分析的对话:&&&08月25日 10:44分。物业生活服务部(客户):""炎炎夏日[太阳]全靠空调冷饮续命[发抖]。可是这样的空调，你敢用吗[衰]。。优惠来袭[哇]现在下单。[礼物]立享【空调清洗】特惠。??挂机空调60元/台，158元3台。。立享清爽凉风，联系管家或??18126299685(微信同号)下单""。08月25日 10:53分。强?15879061079(客户):""[图片]""。强?15879061079(客户):""挡住我车位的进出""。强?15879061079(客户):""@@恒大城???? 秩序部 三期监控室?""。08月25日 13:33分。恒大城???? 秩序部 三期监控室(客户):""骗子伪装手段千千万，“人设”过于完美要警惕！颜值出众、前途无量、相见恨晚，“包租婆”都成为了他们的目标；骗子假借租房名义，说自己知道投资“内幕”，一步步引诱房东上钩，血汗钱瞬间被骗走。网络交友需谨慎，投资理财要去正规平台。不要点击陌生链接，不要下载非法软件。敬请各位领导同事转发反诈视频及反诈日历。[抱拳][抱拳][抱拳]""。恒大城???? 秩序部 三期监控室(客户):""[视频号消息]""。恒大城???? 秩序部 三期监控室(客户):""[图片]""。08月25日 14:48分。恒大城???? 秩序部 三期监控室(客户):""“XX客服”打来电话，说你开通了“百万保障”已经逾期未缴费！会每个月扣除800元，如需关闭要下载APP，共享屏幕教你操作。为了取得你的信任，告诉你网址查他的工号，还让你转账到“安全账户”验资，一步步诱导你“入坑”“百万保障”是免费的！说要扣费的都是骗子！敬请各位领导同事转发反诈视频及反诈日历。[抱拳][抱拳][抱拳]""。恒大城???? 秩序部 三期监控室(客户):""[视频号消息]""。恒大城???? 秩序部 三期监控室(客户):""[图片]""。恒大城-管家-小范(员工):""请问有谁认识这个小朋友，他拿错了别人的滑…………""。恒大城-管家-小范(员工):""[图片]""。08月25日 17:16分。meyu(客户):""[图片]""。meyu(客户):""2单元门口捡了这个，不知道是不是那个孩子丢的，如果还要的@我""。08月25日 20:23分。恒大城???? 秩序部 三期监控室(客户):""? 2024.8.25日? 。【秩序维护部】 。1.夜班值班时间段：20：00—08：00。2.夜班值班队长:徐霖。3.物业24小时服务电话：0791-85957719/85130408。? 【物业小贴士】?。1、园区道路是大家的，请将爱车停至车位或车库，勿占行车主干道。。2、予人方便，予己方便，整齐有序，文明停车。。3、随身携带门禁卡，刷卡进出，提高安全防止偷盗。。4、请随手关大堂门，轻拉轻推，勿用力拉扯。。5、非机动车请勿进大堂、楼道内充电。。6、请勿让爱宠随地大小便，做文明养宠人。""。&&&","{""事件提取"":null,""提取结果"":false}"
群聊负向,"这是要分析的对话:&&&08月25日 10:46分。物业生活服务部(客户):""炎炎夏日[太阳]全靠空调冷饮续命[发抖]。可是这样的空调，你敢用吗[衰]。。优惠来袭[哇]现在下单。[礼物]立享【空调清洗】特惠。??挂机空调60元/台，158元3台。。立享清爽凉风，联系管家或??18126299685(微信同号)下单""。08月25日 11:56分。财运滚滚来(客户):""要是下雨啦麻烦在家里的邻居帮我到楼顶休一下被子谢谢啦""。08月25日 13:32分。恒大城???? 秩序部 三期监控室(客户):""骗子伪装手段千千万，“人设”过于完美要警惕！颜值出众、前途无量、相见恨晚，“包租婆”都成为了他们的目标；骗子假借租房名义，说自己知道投资“内幕”，一步步引诱房东上钩，血汗钱瞬间被骗走。网络交友需谨慎，投资理财要去正规平台。不要点击陌生链接，不要下载非法软件。敬请各位领导同事转发反诈视频及反诈日历。[抱拳][抱拳][抱拳]""。恒大城???? 秩序部 三期监控室(客户):""[视频号消息]""。恒大城???? 秩序部 三期监控室(客户):""[图片]""。08月25日 14:49分。恒大城???? 秩序部 三期监控室(客户):""“XX客服”打来电话，说你开通了“百万保障”已经逾期未缴费！会每个月扣除800元，如需关闭要下载APP，共享屏幕教你操作。为了取得你的信任，告诉你网址查他的工号，还让你转账到“安全账户”验资，一步步诱导你“入坑”“百万保障”是免费的！说要扣费的都是骗子！敬请各位领导同事转发反诈视频及反诈日历。[抱拳][抱拳][抱拳]""。恒大城???? 秩序部 三期监控室(客户):""[视频号消息]""。恒大城???? 秩序部 三期监控室(客户):""[图片]""。08月25日 15:34分。阿东(客户):""17以上楼上拆房子啊 午休哦??""。阿东(客户):""17以上楼上拆房子啊 午休哦??""。阿东(客户):""17以上楼上拆房子啊 午休哦??""。08月25日 20:23分。恒大城???? 秩序部 三期监控室(客户):""? 2024.8.25日? 。【秩序维护部】 。1.夜班值班时间段：20：00—08：00。2.夜班值班队长:徐霖。3.物业24小时服务电话：0791-85957719/85130408。? 【物业小贴士】?。1、园区道路是大家的，请将爱车停至车位或车库，勿占行车主干道。。2、予人方便，予己方便，整齐有序，文明停车。。3、随身携带门禁卡，刷卡进出，提高安全防止偷盗。。4、请随手关大堂门，轻拉轻推，勿用力拉扯。。5、非机动车请勿进大堂、楼道内充电。。6、请勿让爱宠随地大小便，做文明养宠人。""。&&&","[
    {
        ""业主情感强度"": {
            ""阿东"": ""一般负面""
        },
        ""事件讨论开始时间"": ""08月25日 15:34"",
        ""事件讨论结束时间"": ""08月25日 15:34"",
        ""事件详情"": ""阿东连续三次在群聊中表达了对17楼以上拆房子造成噪音，影响午休的不满。阿东表示在午休时间，楼上的拆房噪音让人无法休息。"",
        ""话题倾向"": """"
    }
]"
群聊负向,"这是要分析的对话:&&&08月25日 10:46分。物业生活服务部(客户):""炎炎夏日[太阳]全靠空调冷饮续命[发抖]。可是这样的空调，你敢用吗[衰]。。优惠来袭[哇]现在下单。[礼物]立享【空调清洗】特惠。??挂机空调60元/台，158元3台。。立享清爽凉风，联系管家或??18126299685(微信同号)下单""。08月25日 11:52分。恒大城-管家-小涂(员工):""马上下雨，楼顶晒了衣服被物的抓紧收衣服@…………""。08月25日 13:33分。恒大城???? 秩序部 三期监控室(客户):""骗子伪装手段千千万，“人设”过于完美要警惕！颜值出众、前途无量、相见恨晚，“包租婆”都成为了他们的目标；骗子假借租房名义，说自己知道投资“内幕”，一步步引诱房东上钩，血汗钱瞬间被骗走。网络交友需谨慎，投资理财要去正规平台。不要点击陌生链接，不要下载非法软件。敬请各位领导同事转发反诈视频及反诈日历。[抱拳][抱拳][抱拳]""。恒大城???? 秩序部 三期监控室(客户):""[视频号消息]""。恒大城???? 秩序部 三期监控室(客户):""[图片]""。08月25日 14:49分。恒大城???? 秩序部 三期监控室(客户):""“XX客服”打来电话，说你开通了“百万保障”已经逾期未缴费！会每个月扣除800元，如需关闭要下载APP，共享屏幕教你操作。为了取得你的信任，告诉你网址查他的工号，还让你转账到“安全账户”验资，一步步诱导你“入坑”“百万保障”是免费的！说要扣费的都是骗子！敬请各位领导同事转发反诈视频及反诈日历。[抱拳][抱拳][抱拳]""。恒大城???? 秩序部 三期监控室(客户):""[图片]""。恒大城???? 秩序部 三期监控室(客户):""[视频号消息]""。08月25日 20:24分。恒大城???? 秩序部 三期监控室(客户):""? 2024.8.25日? 。【秩序维护部】 。1.夜班值班时间段：20：00—08：00。2.夜班值班队长:徐霖。3.物业24小时服务电话：0791-85957719/85130408。? 【物业小贴士】?。1、园区道路是大家的，请将爱车停至车位或车库，勿占行车主干道。。2、予人方便，予己方便，整齐有序，文明停车。。3、随身携带门禁卡，刷卡进出，提高安全防止偷盗。。4、请随手关大堂门，轻拉轻推，勿用力拉扯。。5、非机动车请勿进大堂、楼道内充电。。6、请勿让爱宠随地大小便，做文明养宠人。""。08月25日 23:09分。@黄(客户):""群里15栋一单元1403的房主麻烦看到和你的租客说下晚上十点后麻烦小点声音天天晚上咚咚响，灯都和铃铛一样，如果没有改善我会买震楼器大家都不要住了""。&&&","[
    {
        ""业主情感强度"": {
            ""@黄"": ""强烈负面""
        },
        ""事件讨论开始时间"": ""08月25日 23:09分"",
        ""事件讨论结束时间"": ""08月25日 23:09分"",
        ""事件详情"": ""15栋一单元1403的业主反映其租客每天晚上十点后噪音过大，影响休息。业主表示灯光和声音像铃铛一样，造成困扰，并提出若情况没有改善将购买震楼器以示抗议。"",
        ""话题倾向"": """"
    }
]"
群聊负向,"这是要分析的对话:&&&08月25日 10:45分。物业生活服务部(客户):""炎炎夏日[太阳]全靠空调冷饮续命[发抖]。可是这样的空调，你敢用吗[衰]。。优惠来袭[哇]现在下单。[礼物]立享【空调清洗】特惠。??挂机空调60元/台，158元3台。。立享清爽凉风，联系管家或??18126299685(微信同号)下单""。08月25日 13:34分。恒大城???? 秩序部 三期监控室(客户):""骗子伪装手段千千万，“人设”过于完美要警惕！颜值出众、前途无量、相见恨晚，“包租婆”都成为了他们的目标；骗子假借租房名义，说自己知道投资“内幕”，一步步引诱房东上钩，血汗钱瞬间被骗走。网络交友需谨慎，投资理财要去正规平台。不要点击陌生链接，不要下载非法软件。敬请各位领导同事转发反诈视频及反诈日历。[抱拳][抱拳][抱拳]""。恒大城???? 秩序部 三期监控室(客户):""[视频号消息]""。恒大城???? 秩序部 三期监控室(客户):""[图片]""。08月25日 14:13分。老(客户):""@恒大城-管家-罗欢?19-2六楼 楼梯口一股骚味""。老(客户):""过来处理一下吧""。老(客户):""楼上楼下都检查一下""。08月25日 14:43分。恒大城???? 秩序部 三期监控室(客户):""[视频号消息]""。恒大城???? 秩序部 三期监控室(客户):""“XX客服”打来电话，说你开通了“百万保障”已经逾期未缴费！会每个月扣除800元，如需关闭要下载APP，共享屏幕教你操作。为了取得你的信任，告诉你网址查他的工号，还让你转账到“安全账户”验资，一步步诱导你“入坑”“百万保障”是免费的！说要扣费的都是骗子！敬请各位领导同事转发反诈视频及反诈日历。[抱拳][抱拳][抱拳]""。恒大城???? 秩序部 三期监控室(客户):""[图片]""。恒大城-管家-罗欢(员工):""好的，班长马上安排过去""。08月25日 15:06分。恒大城-管家-罗欢(员工):""楼层已拖，喷了点空气清新剂""。恒大城-管家-罗欢(员工):""[图片]""。08月25日 15:23分。老(客户):""@恒大城-管家-罗欢?是狗拉的尿还是""。老(客户):""好像不一定是6楼，是不是其他楼层""。恒大城-管家-罗欢(员工):""没有什么东西，楼层以及通道全部都拖了一下…………""。08月25日 18:36分。恒大城-管家-罗欢(员工):""尊敬的各位业主：。        您好！…………""。08月25日 20:22分。恒大城???? 秩序部 三期监控室(客户):""? 2024.8.25日? 。【秩序维护部】 。1.夜班值班时间段：20：00—08：00。2.夜班值班队长:徐霖。3.物业24小时服务电话：0791-85957719/85130408。? 【物业小贴士】?。1、园区道路是大家的，请将爱车停至车位或车库，勿占行车主干道。。2、予人方便，予己方便，整齐有序，文明停车。。3、随身携带门禁卡，刷卡进出，提高安全防止偷盗。。4、请随手关大堂门，轻拉轻推，勿用力拉扯。。5、非机动车请勿进大堂、楼道内充电。。6、请勿让爱宠随地大小便，做文明养宠人。""。&&&","{""事件提取"":null,""提取结果"":false}"
群聊负向,"这是要分析的对话:&&&08月25日 10:46分。物业生活服务部(客户):""炎炎夏日[太阳]全靠空调冷饮续命[发抖]。可是这样的空调，你敢用吗[衰]。。优惠来袭[哇]现在下单。[礼物]立享【空调清洗】特惠。??挂机空调60元/台，158元3台。。立享清爽凉风，联系管家或??18126299685(微信同号)下单""。08月25日 13:34分。恒大城???? 秩序部 三期监控室(客户):""骗子伪装手段千千万，“人设”过于完美要警惕！颜值出众、前途无量、相见恨晚，“包租婆”都成为了他们的目标；骗子假借租房名义，说自己知道投资“内幕”，一步步引诱房东上钩，血汗钱瞬间被骗走。网络交友需谨慎，投资理财要去正规平台。不要点击陌生链接，不要下载非法软件。敬请各位领导同事转发反诈视频及反诈日历。[抱拳][抱拳][抱拳]""。恒大城???? 秩序部 三期监控室(客户):""[视频号消息]""。恒大城???? 秩序部 三期监控室(客户):""[图片]""。08月25日 14:47分。恒大城???? 秩序部 三期监控室(客户):""“XX客服”打来电话，说你开通了“百万保障”已经逾期未缴费！会每个月扣除800元，如需关闭要下载APP，共享屏幕教你操作。为了取得你的信任，告诉你网址查他的工号，还让你转账到“安全账户”验资，一步步诱导你“入坑”“百万保障”是免费的！说要扣费的都是骗子！敬请各位领导同事转发反诈视频及反诈日历。[抱拳][抱拳][抱拳]""。恒大城???? 秩序部 三期监控室(客户):""[视频号消息]""。恒大城???? 秩序部 三期监控室(客户):""[图片]""。08月25日 17:08分。熊艳(客户):""电梯里面是在消毒吗？@恒大城-管家-小郑?""。恒大城-管家-小郑(员工):""我问下保洁班长""。恒大城-管家-小郑(员工):""今天下午没有呢，是怎么了吗@熊艳 ""。08月25日 17:14分。熊艳(客户):""我看电梯里面味道很重，应该是消毒清洁了""。恒大城-管家-小郑(员工):""可能之前有异味保洁阿姨消毒水拖了下地""。08月25日 18:35分。Mr. _Chen℡??(客户):""[图片]""。Mr. _Chen℡??(客户):""[图片]""。Mr. _Chen℡??(客户):""电动车管不了""。Mr. _Chen℡??(客户):""汽车也管不了""。Mr. _Chen℡??(客户):""真差劲??""。Mr.chen(客户):""@恒大城-管家-小郑?根本不是消毒水，就是拿杀虫剂喷了一下，碰了杀虫剂还把风幕机打开，味道根本出不去。""。恒大城???? 秩序部 三期监控室(客户):""@Mr. _Chen℡???我这边联系车主挪车，个别业主也确实素质有待搞高，地下车库那么多车位也不开下去""。08月25日 18:41分。恒大城???? 秩序部 三期监控室(客户):""@Mr.chen?我这边通知人到那去看一下电梯里""。Mr. _Chen℡??(客户):""进个单元门还要绕路[微笑]""。08月25日 18:54分。一支烟(客户):""恒大城还有哪栋是这样停车的？真是的""。08月25日 19:00分。恒大城???? 秩序部 三期监控室(客户):""已经联系两辆车了""。08月25日 19:08分。恒大城???? 秩序部 三期监控室(客户):""[图片]""。恒大城???? 秩序部 三期监控室(客户):""大堂的电动车已经挪出去了，门口两辆车也打了电话""。08月25日 20:07分。风吹麦浪(客户):""@恒大城???? 秩序部 三期监控室?@恒大城-管家-小郑?。有人又好空抛物，昨晚扔了，现在又一袋丢下来。""。风吹麦浪(客户):""这素质真的是绝了，懒得出奇。""。风吹麦浪(客户):""只管自己方便，不管低楼层用户！""。风吹麦浪(客户):""2单元，西南角，04和旁边那个户型。""。风吹麦浪(客户):""{""pre_msgid"":""16528834146116864519_1724587769240_external""}""。风吹麦浪(客户):""@恒大城???? 秩序部 三期监控室?@恒大城-管家-小郑?。2单元，西南角，04和旁边那个户型。""。08月25日 20:21分。恒大城???? 秩序部 三期监控室(客户):""? 2024.8.25日? 。【秩序维护部】 。1.夜班值班时间段：20：00—08：00。2.夜班值班队长:徐霖。3.物业24小时服务电话：0791-85957719/85130408。? 【物业小贴士】?。1、园区道路是大家的，请将爱车停至车位或车库，勿占行车主干道。。2、予人方便，予己方便，整齐有序，文明停车。。3、随身携带门禁卡，刷卡进出，提高安全防止偷盗。。4、请随手关大堂门，轻拉轻推，勿用力拉扯。。5、非机动车请勿进大堂、楼道内充电。。6、请勿让爱宠随地大小便，做文明养宠人。""。08月25日 20:27分。风吹麦浪(客户):""@恒大城???? 秩序部 三期监控室?。是不是也应该上门宣传一下并且查一下。之前有段时间出现高空抛物，前面那个管家就上门查到了是哪户扔的。好了一阵子，又开始了！""。恒大城???? 秩序部 三期监控室(客户):""收到""。&&&","[
    {
        ""业主情感强度"": {
            ""Mr.chen"": ""一般负面""
        },
        ""事件讨论开始时间"": ""08月25日 18:35"",
        ""事件讨论结束时间"": ""08月25日 18:35"",
        ""事件详情"": ""业主Mr.chen反馈电梯内味道重，认为物业并不是用消毒水而是简单用杀虫剂喷了一下电梯并打开了风幕机，导致电梯味道出不去"",
        ""话题倾向"": """"
    },
    {
        ""业主情感强度"": {
            ""Mr. _Chen℡??"": ""强烈负面"",
            ""一支烟"": ""强烈负面"",
        },
        ""事件讨论开始时间"": ""08月25日 18:35"",
        ""事件讨论结束时间"": ""08月25日 18:54"",
        ""事件详情"": ""业主Mr. _Chen在08月25日 18:35分表示对物业管理电动车和汽车的情况不满，称电动车和汽车都管不了，表示物业差劲。随后业主一支烟也对此问题表示不满。"",
        ""话题倾向"": """"
    }
    {
        ""业主情感强度"": {
            ""风吹麦浪"": ""强烈负面"",
        },
        ""事件讨论开始时间"": ""08月25日 20:07"",
        ""事件讨论结束时间"": ""08月25日 20:27"",
        ""事件详情"": ""业主风吹麦浪对小区内其他高楼层业主高空抛物现象表示强烈不满，认为他们没有素质，要求物业进行宣传禁止高空抛物并调查相关人员。"",
        ""话题倾向"": """"
    }
]"
群聊负向,"这是要分析的对话:&&&08月25日 10:47分。休息中）韶关恒大城-管家-李海通(员工):""[视频号消息]""。休息中）韶关恒大城-管家-李海通(员工):""??缤纷夏日。??精彩 一触即发。??欢…………""。08月25日 10:55分。温荜子??(客户):""@管家-李海通?还要拿票吗？[偷笑]""。08月25日 12:30分。休息中）韶关恒大城-管家-李海通(员工):""昨天已经结束了""。温荜子??(客户):""哦。看错了。以为是今天""。08月25日 19:04分。韶关恒大城A区监控员(客户):""2024-08-25。【秩序维护部】。1、值班时间段: 19:00-07:00。2、值班中队长: 祝金才。联系:13509859250。【温馨提示】。请各位业主知悉，如需要帮助或遇紧急情况，请电话联系值班室或值班中队长。。物业24小时值班电话：。0751-8709633。0751-8709600""。08月25日 19:24分。维妮(客户):""@韶关恒大城A区监控员?你好，你们方便派一个工作人员上来看一下，我们隔壁他一直敞开门一下午了，不知道怎么了""。08月25日 19:29分。韶关恒大城A区监控员(客户):""您好，请问是几栋几号房？""。维妮(客户):""16/602""。08月25日 19:36分。韶关恒大城A区监控员(客户):""收到""。08月25日 20:02分。维妮(客户):""@韶关恒大城A区监控员?是什么情况""。维妮(客户):""有没有来人看一下""。韶关恒大城A区监控员(客户):""这边在排查中，稍等一下""。08月25日 20:33分。韶关恒大城A区监控员(客户):""已联系业主回家关门""。08月25日 20:39分。维妮(客户):""是的，看到已经关门了""。08月26日 00:55分。御品香酒业(客户):""[图片]""。御品香酒业(客户):""谁把我车位停了""。御品香酒业(客户):""快点来移下车""。韶关恒大城A区监控员(客户):""收到""。08月26日 01:01分。御品香酒业(客户):""来了没有""。御品香酒业(客户):""那么晚烦死了[捂脸]""。韶关恒大城A区监控员(客户):""已经过去了，麻烦稍等一下""。&&&","[
    {
        ""业主情感强度"": {
            ""御品香酒业"": ""强烈负面""
        },
        ""事件讨论开始时间"": ""08月26日 00:55分"",
        ""事件讨论结束时间"": ""08月26日 01:01分"",
        ""事件详情"": ""御品香酒业业主发现自己的车位被占用，深夜请求物业协助处理。业主表现出强烈的不满和急切，物业监控员在接到请求后前往处理。"",
        ""话题倾向"": """"
    }
]"
群聊负向,"这是要分析的对话:&&&08月25日 11:15分。韶关恒大城-管家-黄曲力（休息中）(员工):""[视频号消息]""。韶关恒大城-管家-黄曲力（休息中）(员工):""??缤纷夏日。??精彩 一触即发。??欢…………""。08月25日 17:07分。LIAO??(客户):""[图片]""。LIAO??(客户):""塞住我家车了，联系不上车主""。韶关恒大城-管家-黄曲力（休息中）(员工):""收到""。08月25日 17:15分。韶关恒大城-管家-黄曲力（休息中）(员工):""[图片]""。韶关恒大城-管家-黄曲力（休息中）(员工):""移车服务也联系不上业主""。LIAO??(客户):""开走了""。韶关恒大城-管家-黄曲力（休息中）(员工):""好的""。08月25日 18:04分。A202418海(客户):""[图片]""。A202418海(客户):""@韶关恒大城-管家-黄曲力?石墩都被人移位了，可以停车了，你们都不管一下""。A202418海(客户):""@韶关恒大城A区监控员?""。韶关恒大城A区监控员(客户):""收到""。A202418海(客户):""@韶关恒大城A区监控员?最主要是石墩摆好来""。韶关恒大城A区监控员(客户):""收到，现在叫同事请走车辆，摆好石球""。A202418海(客户):""@韶关恒大城A区监控员?石球应该一边多加多一个，这样就不会被移动了，距离太远，所以很容易被移动。""。08月25日 18:09分。K哥疏通管道-维修-油烟-管道取物(客户):""[图片]""。A202418海(客户):""[图片]""。K哥疏通管道-维修-油烟-管道取物(客户):""这边也一样，长期堵塞和物业说过n遍也不知道为什么。好几天又这样了。""。A202418海(客户):""距离太远了很容易被移动@韶关恒大城A区监控员?""。08月25日 19:04分。韶关恒大城A区监控员(客户):""2024-08-25。【秩序维护部】。1、值班时间段: 19:00-07:00。2、值班中队长: 祝金才。联系:13509859250。【温馨提示】。请各位业主知悉，如需要帮助或遇紧急情况，请电话联系值班室或值班中队长。。物业24小时值班电话：。0751-8709633。0751-8709600""。08月25日 19:31分。韶关恒大城A区监控员(客户):""[图片]""。韶关恒大城A区监控员(客户):""已处理""。blue(客户):""各位邻居，请问恒大现在哪里有拍照片的店呀？""。LIAO??(客户):""二期那边""。LIAO??(客户):""老果农旁边有个拍照复印的，不知道现在关门没，可以去看看""。blue(客户):""好的哦，谢谢邻居[玫瑰][玫瑰]""。LIAO??(客户):""我家的前两天去拍了[破涕为笑]""。08月25日 19:42分。blue(客户):""我刚刚才想起来[捂脸][捂脸]""。??朱朱??(客户):""[图片]""。??朱朱??(客户):""[图片]""。??朱朱??(客户):""[图片]""。??朱朱??(客户):""[文件下载失败]""。??朱朱??(客户):""[文件下载失败]""。??朱朱??(客户):""[文件下载失败]""。??朱朱??(客户):""今日甜品清单:芒果圆子奶冻，芋圆芒果奶冻，10期业主现做现卖，需要的邻居可下单，送货上门！刚吃了很好吃，分享给大家[玫瑰]""。??朱朱??(客户):""需要的可进群下单[玫瑰][爱心]""。&&&","[
    {
        ""业主情感强度"": {
            ""LIAO??"": ""一般负面""
        },
        ""事件讨论开始时间"": ""08月25日 17:07分"",
        ""事件讨论结束时间"": ""08月25日 17:15分"",
        ""事件详情"": ""业主LIAO??的车辆被其他车辆堵住，且联系不上车主，表现出了急切和不满。"",
        ""话题倾向"": """"
    },
    {
        ""业主情感强度"": {
            ""K哥疏通管道-维修-油烟-管道取物"": ""强烈负面"",
            ""A202418海"": ""一般负面""
        },
        ""事件讨论开始时间"": ""08月25日 18:04分"",
        ""事件讨论结束时间"": ""08月25日 18:09分"",
        ""事件详情"": ""业主A202418海发现石墩被移位，导致可以停车，对此表示不满，并多次提出石墩的摆放问题，认为物业没有管理好。同时，K哥疏通管道-维修-油烟-管道取物也反馈了长期堵塞的问题，多次反映未得到解决。"",
        ""话题倾向"": """"
    }
]"
群聊负向,"这是要分析的对话:&&&08月24日 08:11分。???2?柏油路赵镜子??(客户):""尊敬的业主，您好：。       为更好、更快的解决业主问题，现将各值班人员、联系电话及值班时间公示在群内，各位业主可直接电话联系或在群内@秩序110。1、日常家用维修工具(螺丝刀、活动扳手、小锤等);。2、小型购物车、平板车、人字梯、打气筒，应急医用品等。。为您爱家保驾护航，如果您有家政保洁、直饮水卡办理、白蚁消杀、有偿维修、房屋租赁的业务需求，随时与我们联系，为您提供专业的服务。。【秩序维护部】。[爱心]1.值班时间段：。????08:00－20:00????。[爱心]2.值班中队长-赵队电话：0531-83131013。[爱心]3.物业服务电话：0531-55615896、55615596。??4.监控室值班24小时电话：0531-55612606。3、【物业-安保服务“小蜜蜂”】。[抱拳]如您家中有需要帮助的请联系我们?。[爱心]24小时为各位家人守候。[合十]贴心服务、真诚相伴。如需便民服务车，请直接联系；。①55612606。②55612808。有事您说话，我们会在第一时间安排人员帮你处理[玫瑰][玫瑰]""。???2?柏油路赵镜子??(客户):""[图片]""。08月24日 08:43分。济南绿洲12-13-17号楼管家大寒(员工):""[玫瑰][玫瑰]早安  绿洲[玫瑰][玫…………""。济南绿洲12-13-17号楼管家大寒(员工):""[链接]""。08月24日 08:56分。宁宁(客户):""??ˋ????ˊ??????????????????.*·做自己生活的舵手 把握梦想前进的方向 不服输 才能成长更好的自己。各位家人们[爱心]早上好！。我是物业保洁领班庄明华，联系电话 15628830750。各位保洁叔叔阿姨已到岗。??倘若您发现任何环境方面的问题或者有宝贵的建议，随时与我联系，我定会全力以赴为您排忧解难！。??感谢各位家人一直以来的信赖与支持！ ?? ??""。宁宁(客户):""[图片]""。08月24日 16:46分。济南绿洲12-13-17号楼管家大寒(员工):""??奔跑吧，少年??。金碧晨跑团开跑啦[…………""。济南绿洲12-13-17号楼管家大寒(员工):""[图片]""。08月24日 19:12分。???2?柏油路赵镜子??(客户):""??物业秩序“小蜜蜂” ??。[庆祝]“小蜜蜂”来了！来了！[庆祝]。[太阳]有事，您说话[太阳]。[庆祝]车辆电瓶亏电启动不了！。[庆祝]家里有沉物品搬不动了！。[庆祝]买了好多东西拿不了！。联系电话：0531-55612606。秩序小“蜜蜂”竭诚为您服务！[耶][耶][耶]。[庆祝]我们的口号：。[庆祝]真心帮助每一位[庆祝]。[庆祝]热心服务每一人[庆祝]。[庆祝]赠人玫瑰[玫瑰]，手有余香[庆祝]""。???2?柏油路赵镜子??(客户):""[图片]""。08月24日 20:04分。平安(客户):""尊敬的业主，您好：。       为更好、更快的解决业主问题，现将各值班人员、联系电话及值班时间公示在群内，各位业主可直接电话联系或在群内@秩序110。1、日常家用维修工具(螺丝刀、活动扳手、小锤等);。2、小型购物车、平板车、人字梯、打气筒，应急医用品等。。为您爱家保驾护航，如果您有家政保洁、直饮水卡办理、白蚁消杀、有偿维修、房屋租赁的业务需求，随时与我们联系，为您提供专业的服务。。【秩序维护部】。[爱心]1.值班时间段：。????20:00－08:00????。[爱心]2.值班中队长-赵队电话：0531-55615881。[爱心]3.物业服务电话：0531-55615896、55615596。??4.监控室值班24小时电话：0531-55612606。3、【物业-安保服务“小蜜蜂”】。[抱拳]如您家中有需要帮助的请联系我们?。[爱心]24小时为各位家人守候。[合十]贴心服务、真诚相伴。如需便民服务车，请直接联系；。①55612606。②55612808。有事您说话，我们会在第一时间安排人员帮你处理[玫瑰][玫瑰]""。平安(客户):""[图片]""。08月24日 23:53分。平安(客户):""尊敬的业主大家好！我是夜间执勤赵队长，金碧物业安保服务8月24号巡查，时刻守护业主们的安全，请安心入睡，如有紧急情况请拨打0531-55612606""。平安(客户):""[图片]""。08月25日 02:49分。平安(客户):""尊敬的业主大家好！我是夜间执勤赵队长，金碧物业安保服务8月25号巡查，时刻守护业主们的安全，请安心入睡，如有紧急情况请拨打0531-55612606""。平安(客户):""[图片]""。&&&","{""事件提取"":null,""提取结果"":false}"
群聊负向,"这是要分析的对话:&&&08月24日 09:46分。恒大城-管家-小刘(员工):""【南昌恒大城—便民服务来了】。 冲冲洗洗…………""。恒大城-管家-小刘(员工):""[文件下载失败]""。08月24日 10:33分。恒大城-管家-小刘(员工):""由于今天突然下雨???，暂停洗地毯和电动…………""。恒大城-管家-小刘(员工):""[图片]""。08月24日 11:06分。恒大城???? 秩序部 三期监控室(客户):""[文件超过最大限制]""。08月24日 11:14分。樊宇航(员工):""物业租售中心。??ll?  ??本周·好…………""。08月24日 15:22分。恒大城-管家-小刘(员工):""送电影票啦！送电影票啦！。走过路过，千万…………""。恒大城-管家-小刘(员工):""[图片]""。08月24日 20:12分。恒大城???? 秩序部 三期监控室(客户):""? 2024.8.24日? 。【秩序维护部】 。1.夜班值班时间段：20：00—08：00。2.夜班值班队长:徐霖。3.物业24小时服务电话：0791-85957719/85130408。? 【物业小贴士】?。1、园区道路是大家的，请将爱车停至车位或车库，勿占行车主干道。。2、予人方便，予己方便，整齐有序，文明停车。。3、随身携带门禁卡，刷卡进出，提高安全防止偷盗。。4、请随手关大堂门，轻拉轻推，勿用力拉扯。。5、非机动车请勿进大堂、楼道内充电。。6、请勿让爱宠随地大小便，做文明养宠人。""。08月24日 22:24分。栗er(客户):""出昌南体育馆水上乐园次卡 16元/次""。万碧霞(客户):""[视频]""。08月24日 22:30分。万碧霞(客户):""赶紧跟我排查下[发怒]""。恒大城???? 秩序部 三期监控室(客户):""你是几楼呀""。万碧霞(客户):""13""。恒大城???? 秩序部 三期监控室(客户):""房号多少，我叫我同事过去看一下""。万碧霞(客户):""18607008997""。万碧霞(客户):""{""pre_msgid"":""12490162916906346734_1724509999306_external""}""。万碧霞(客户):""1304""。恒大城???? 秩序部 三期监控室(客户):""好的，稍等一下""。&&&","[
    {
        ""业主情感强度"": {
            ""万碧霞"": ""强烈负面""
        },
        ""事件讨论开始时间"": ""08月24日 22:30分"",
        ""事件讨论结束时间"": ""08月24日 22:30分"",
        ""事件详情"": ""万碧霞业主在晚上22:30分左右，表现出强烈的不满，要求物业进行排查，从语气和内容上看，情绪激烈，具体原因未明，但物业工作人员已响应其请求，询问了具体房号并安排人员过去查看。"",
        ""话题倾向"": """"
    }
]"
群聊负向,"这是要分析的对话:&&&08月24日 04:05分。健康?? 平安?? 快乐(客户):""麻将扣桌子声，喧哗声，睡觉都被吵醒，请物业排查管理""。08月24日 05:39分。        (客户):""已上门打招呼了""。08月24日 08:10分。走向未来(客户):""尊敬的各位业主：早上好[玫瑰]。8月24日秩序部白班已接班，执勤安排如下：。一、值班:冯福祥 18045419898。二、24小时值班电：0851-83873003。辖区派出所电话：0851-83851334。三、带班时间：08:00-20:00。四、我们将12小时坚守岗位，如有需要请致电，我们将竭诚为您服务。外出请关好门窗、水电及燃气、出入小区带好业主卡、做好个人防护。。贵阳恒大文化旅游城物业服务中心祝您：生活愉快！[烟花]""。走向未来(客户):""[图片]""。08月24日 08:41分。晏春英(员工):""?????????家人们，早上好~。今天…………""。08月24日 15:40分。晏春英(员工):""家人们，吃冰棍儿啦""。晏春英(员工):""[文件超过最大限制]""。08月24日 16:28分。健康?? 平安?? 快乐(客户):""@晏春英?24楼的人行楼梯口拴着一条大狗，阻碍行人通行，请解决""。晏春英(员工):""马上过来协调??@402""。08月24日 18:41分。物业环境口～小王(客户):""?????♀?环境保洁日常工作回顾?? ??。??踏着清晨的阳光。挥舞着专属的工具??。走遍园区楼层的角角落落??。总能见到他们忙碌的身影??。?在不起眼的角落里??。??他们用心诠释服务的真谛?。??始于责任，归于平凡??。??奋力打造美好园区??""。物业环境口～小王(客户):""[文件超过最大限制]""。08月24日 20:15分。晏春英(员工):""【便民服务??暖心为您】 。      …………""。08月24日 20:29分。        (客户):""各位业主：晚上好！[玫瑰]。8月24日秩序部夜间执勤安排：。值班：罗锋18285024210 。维修部：李仕超17365003812。辖区派出所电话：0851-83851334。三、带班时间：20:00-08:00。四、我们将12小时坚守岗位，如有需要请致电，我们将竭诚为您服务。夜间休息请关好门窗，做好安全防范，出入小区带好业主卡、谨防尾随。。贵阳恒大文化旅游城物业服务中心祝您：生活愉快！[烟花]""。08月24日 20:35分。        (客户):""[图片]""。        (客户):""[视频]""。&&&","[
    {
        ""业主情感强度"": {
            ""健康?? 平安?? 快乐"": ""强烈负面""
        },
        ""事件讨论开始时间"": ""08月24日 04:05"",
        ""事件讨论结束时间"": ""08月24日 05:39"",
        ""事件详情"": ""业主反映晚上麻将扣桌子声和喧哗声导致无法休息，请求物业排查管理。之后有业主表示已上门打招呼，但未明确是否解决问题。"",
        ""话题倾向"": """"
    },
    {
        ""业主情感强度"": {
            ""健康?? 平安?? 快乐"": ""一般负面""
        },
        ""事件讨论开始时间"": ""08月24日 16:28"",
        ""事件讨论结束时间"": ""08月24日 16:28"",
        ""事件详情"": ""业主反映24楼的人行楼梯口拴着一条大狗，阻碍行人通行，请求物业解决。物业员工晏春英回应会马上过来协调。"",
        ""话题倾向"": """"
    }
]"
群聊负向,"这是要分析的对话:&&&08月24日 15:00分。韶关恒大城B区监控员(客户):""[文件下载失败]""。韶关恒大城B区监控员(客户):""请问这是谁家的老人，现在找不到回家的房号了，在63栋25楼敲门，现在我们人员带到65栋岗亭里了""。08月24日 15:37分。韶关恒大城-管家-彭小芸(员工):""[图片]""。韶关恒大城-管家-彭小芸(员工):""[图片]""。韶关恒大城-管家-彭小芸(员工):""[图片]""。韶关恒大城-管家-彭小芸(员工):""[视频]""。韶关恒大城-管家-彭小芸(员工):""抓鱼活动现在火热进行中""。08月24日 16:03分。韶关恒大城B区监控员(客户):""「韶关恒大城B区监控员：[图片]」。- - - - - - - - - - - - - - -。老人已送回家里了""。08月24日 19:02分。韶关恒大城B区监控员(客户):""2024-8-24。【秩序维护部】。1、值班时间段:【19:00-7:00】。2、值班中队长:  欧好。联系电话：15812973065。【温馨提示】。请各位业主知悉，如需要帮助或遇紧急情况，请电话联系值班室或值班中队长。。物业24小时值班电话：0751-8706100。0751-8706228""。08月24日 23:49分。盘小(客户):""64栋1501的几点了，还那么吵""。&&&","[
    {
        ""业主情感强度"": {
            ""盘小"": ""强烈负面""
        },
        ""事件讨论开始时间"": ""08月24日 23:49分"",
        ""事件讨论结束时间"": ""08月24日 23:49分"",
        ""事件详情"": ""盘小业主在晚上23:49分对64栋1501的噪音表示不满，称其'还那么吵'，显示出了对噪音扰民的强烈负面情绪。"",
        ""话题倾向"": """"
    }
]"
群聊负向,"这是要分析的对话:&&&08月24日 08:31分。石娇(员工):""?????????家人们，早上好~。今天…………""。08月24日 10:37分。譚譚(客户):""@保安服务-罗中林?请问调停车场监控你们负责不""。Z????R?(客户):""您好！在调监控呢""。08月24日 10:42分。譚譚(客户):""请务必帮我调到，辛苦了""。譚譚(客户):""这个角度看看另外的边调得到不呢，主要是太可恶了，给我撞成哪个样子。""。08月24日 10:51分。火(客户):""请物业班组重视这个事 协助我们把这个肇事者找到 维护业主的财产安全！ ""。08月24日 11:00分。往事随【冯】(客户):""@火?咋弄的""。火(客户):""冯叔 车子昨晚在停车场被人撞了  ""。08月24日 11:10分。石娇(员工):""[图片]""。石娇(员工):""{""pre_msgid"":""965695…………""。石娇(员工):""[图片]""。石娇(员工):""{""pre_msgid"":""168812…………""。石娇(员工):""[图片]""。石娇(员工):""{""pre_msgid"":""309116…………""。08月24日 11:19分。石娇(员工):""下午的西瓜大赛活动已在紧锣密鼓的筹备中，…………""。石娇(员工):""[图片]""。石娇(员工):""[图片]""。石娇(员工):""[图片]""。08月24日 14:31分。譚譚(客户):""[图片]""。譚譚(客户):""请问这个车车主在群里没有？""。08月24日 15:34分。石娇(员工):""[文件超过最大限制]""。石娇(员工):""[文件超过最大限制]""。石娇(员工):""[文件超过最大限制]""。08月24日 16:12分。王鼎祎(员工):""[图片]""。王鼎祎(员工):""[视频]""。王鼎祎(员工):""[文件超过最大限制]""。王鼎祎(员工):""[视频]""。王鼎祎(员工):""[图片]""。半分笑颜(客户):""家人们，吃瓜大赛开始啦，快点加入做吃瓜群众吧[呲牙]""。朗朗18386082773(客户):""可惜我家的吃瓜群众不在家[呲牙]""。王鼎祎(员工):""大朋友小朋友都可以参加的，天气热了，降热…………""。08月24日 16:22分。王鼎祎(员工):""[视频]""。王鼎祎(员工):""[视频]""。王鼎祎(员工):""[视频]""。08月24日 18:39分。石娇(员工):""『吃瓜群众集合??』。酷暑炎炎??西瓜甜…………""。石娇(员工):""[视频号消息]""。08月24日 20:26分。??一切??? 随缘????(客户):""各位业主：晚上好！[玫瑰]。8月 24日秩序部夜间执勤安排：。一、值班:罗中林。电话:17584997003。二、24小时值班电：0851-83862661。辖区派出所电话：0851-83851334。值班维修师傅：。周伦:13984891723带班时间：20:00-08:00。四、我们将12小时坚守岗位，如有需要请致电，我们将竭诚为您服务。夜间休息请关好门窗，做好安全防范，出入小区带好业主卡。。贵阳恒大文化旅游城物业服务中心祝您：。               生活愉快！""。??一切??? 随缘????(客户):""[视频]""。08月24日 21:29分。伦(客户):""各位业主大家晚上好，园区照明、设备房巡查，运行正常，保驾护航，物业维修部24小时在岗[加油][加油][加油]""。伦(客户):""[图片]""。&&&","[
    {
        ""业主情感强度"": {
            ""譚譚"": ""强烈负面""
        },
        ""事件讨论开始时间"": ""08月24日 10:37分"",
        ""事件讨论结束时间"": ""08月24日 14:31分"",
        ""事件详情"": ""在停车场，譚譚的车辆被撞，造成了车辆损坏。譚譚对此表示了强烈的不满，请求物业协助找出肇事者。"",
        ""话题倾向"": """"
    }
]"
群聊负向,"这是要分析的对话:&&&08月24日 10:31分。恒大城-管家-小冷(员工):""由于今天突然下雨???，暂停洗地毯和电动…………""。08月24日 11:07分。恒大城???? 秩序部 三期监控室(客户):""[文件超过最大限制]""。08月24日 14:29分。周谦TEL1?3?????222(客户):""[视频]""。周谦TEL1?3?????222(客户):""@恒大城???? 秩序部 三期监控室?@恒大城-管家-小冷?学习下""。08月24日 19:12分。Summer(客户):""还没有开路灯@恒大城-管家-小冷?""。Summer(客户):""@恒大城???? 秩序部 三期监控室?""。Summer(客户):""路灯呢，只开了单元门口的灯""。恒大城???? 秩序部 三期监控室(客户):""@Summer?好的，我联系师傅""。恒大城-管家-小冷(员工):""我这边叫师傅过去看一下。""。恒大城-管家-小冷(员工):""{""pre_msgid"":""745753…………""。Summer(客户):""路灯都好几天没开了""。微微-??(客户):""南门对面的游乐场也没开灯""。08月24日 19:18分。恒大城???? 秩序部 三期监控室(客户):""好的""。Summer(客户):""你们物业不是每天巡逻吗，难道没开路灯不知道[疑问][疑问]""。Summer(客户):""这最基本的路灯至少要保障每天都开吧""。恒大城???? 秩序部 三期监控室(客户):""@Summer?请放心，已经问了师傅""。08月24日 19:26分。三秒钟记忆(客户):""47栋一单元17楼的那位邻居家的狗刚才没多久在电梯里咬了我儿子""。三秒钟记忆(客户):""我现在来调监控了，没人承认我就报警""。08月24日 19:53分。刘亮钢????(客户):""先报警""。专卖(客户):""那真的是害人哦，狗咬人坐电梯就要抱着喽，实在不行就等别人先走，自己再坐电梯上去也行吧，咱们这栋楼小孩还蛮多的。""。风华正茂(客户):""这栋好多人养狗，还是蛮大的那种。""。刘亮钢????(客户):""有一次我老婆进电梯！也是17楼的狗出电梯！吓我老婆一跳，差点咬到了！要是咬到了，我杀他全家""。静-才美好(客户):""说的我都有点怕，我儿子每次都是自己去玩""。风华正茂(客户):""大狗真的别养""。专卖(客户):""咱们这儿好像还有人放养一样的，狗都跑到20楼拉屎，监控没拍到，在群里问了半天，没个吊人承认，赶紧报警""。刘亮钢????(客户):""他妈的，到处大小便！到了大小便的时候就把他拉出来溜了！有几只好大的狗""。08月24日 19:59分。Lucy(客户):""[惊恐][惊恐][惊恐]""。刘亮钢????(客户):""我们这栋楼哪户人家养了狗我都知道，我只要看到狗，我就知道是哪户的！最好是不要碰到我！""。风华正茂(客户):""那些养狗的出来说个话，如果咬到人了你们打算怎么办？""。开心，快乐(客户):""@恒大城???? 秩序部 三期监控室?@恒大城-管家-小冷?狗??的问题你们物业也要引起重视，家家户户都有小孩子，文明养狗，你们也要宣传到位。""。08月24日 20:05分。静-才美好(客户):""我们这栋真的好多小孩子""。恒大城???? 秩序部 三期监控室(客户):""? 2024.8.24日? 。【秩序维护部】 。1.夜班值班时间段：20：00—08：00。2.夜班值班队长:徐霖。3.物业24小时服务电话：0791-85957719/85130408。? 【物业小贴士】?。1、园区道路是大家的，请将爱车停至车位或车库，勿占行车主干道。。2、予人方便，予己方便，整齐有序，文明停车。。3、随身携带门禁卡，刷卡进出，提高安全防止偷盗。。4、请随手关大堂门，轻拉轻推，勿用力拉扯。。5、非机动车请勿进大堂、楼道内充电。。6、请勿让爱宠随地大小便，做文明养宠人。""。恒大城???? 秩序部 三期监控室(客户):""? 2024.8.24日? 。【秩序维护部】 。1.夜班值班时间段：20：00—08：00。2.夜班值班队长:徐霖。3.物业24小时服务电话：0791-85957719/85130408。? 【物业小贴士】?。1、园区道路是大家的，请将爱车停至车位或车库，勿占行车主干道。。2、予人方便，予己方便，整齐有序，文明停车。。3、随身携带门禁卡，刷卡进出，提高安全防止偷盗。。4、请随手关大堂门，轻拉轻推，勿用力拉扯。。5、非机动车请勿进大堂、楼道内充电。。6、请勿让爱宠随地大小便，做文明养宠人。""。恒大城???? 秩序部 三期监控室(客户):""? 2024.8.24日? 。【秩序维护部】 。1.夜班值班时间段：20：00—08：00。2.夜班值班队长:徐霖。3.物业24小时服务电话：0791-85957719/85130408。? 【物业小贴士】?。1、园区道路是大家的，请将爱车停至车位或车库，勿占行车主干道。。2、予人方便，予己方便，整齐有序，文明停车。。3、随身携带门禁卡，刷卡进出，提高安全防止偷盗。。4、请随手关大堂门，轻拉轻推，勿用力拉扯。。5、非机动车请勿进大堂、楼道内充电。。6、请勿让爱宠随地大小便，做文明养宠人。""。恒大城???? 秩序部 三期监控室(客户):""? 2024.8.24日? 。【秩序维护部】 。1.夜班值班时间段：20：00—08：00。2.夜班值班队长:徐霖。3.物业24小时服务电话：0791-85957719/85130408。? 【物业小贴士】?。1、园区道路是大家的，请将爱车停至车位或车库，勿占行车主干道。。2、予人方便，予己方便，整齐有序，文明停车。。3、随身携带门禁卡，刷卡进出，提高安全防止偷盗。。4、请随手关大堂门，轻拉轻推，勿用力拉扯。。5、非机动车请勿进大堂、楼道内充电。。6、请勿让爱宠随地大小便，做文明养宠人。""。墨缘(客户):""[图片]""。墨缘(客户):""卫生加强清理""。&&&","[
    {
        ""业主情感强度"": {
            ""Summer"": ""强烈负面"",
            ""微微-??"": ""一般负面""
        },
        ""事件讨论开始时间"": ""08月24日 19:12分"",
        ""事件讨论结束时间"": ""08月24日 19:18分"",
        ""事件详情"": ""Summer和微微-??等业主反映，晚上路灯没有全开，只开了单元门口的灯，已经连续几天这样。Summer对物业的日常巡逻提出质疑，认为物业应该发现并处理这个问题。"",
        ""话题倾向"": """"
    },
    {
        ""业主情感强度"": {
            ""风华正茂"": ""一般负面"",
            ""开心，快乐"": ""一般负面"",
            ""专卖"": ""一般负面"",
            ""三秒钟记忆"": ""强烈负面"",
            ""刘亮钢????"": ""强烈负面""
        },
        ""事件讨论开始时间"": ""08月24日 19:26分"",
        ""事件讨论结束时间"": ""08月24日 20:05分"",
        ""事件详情"": ""三秒钟记忆的业主反映其儿子在电梯里被47栋一单元17楼的邻居家的狗咬了，表示如果没人承认将报警。其他业主如刘亮钢????、专卖、风华正茂等也对此表示了强烈的关注和不满，讨论了关于养狗的管理问题。"",
        ""话题倾向"": """"
    }
]"
群聊负向,"这是要分析的对话:&&&08月24日 07:59分。万菲(客户):""物业公司、管家、各位邻居：一个月前我发现次卧和阳台之间那个下水管道雨板一直有滴水，导致我家阳台漏水，漏的整个阳台都是，叫你们物业来处理，说是施工队不在。我自己在阳台那里安了个挡雨板，解决了阳台漏水的问题。我以为就这样就行了，原先我以为是10楼漏水，昨天我下楼散步的时候发现这个漏水是整栋楼从上往下漏下去的。并且次卧靠漏水处的墙面都已经被漏水泡湿起皮了。请所有住01号房的邻居也检查一下自己次卧墙面是否泡水了。管家、物业你们到楼顶查看一下漏水的原因，现在01户的邻居入住的不多，以后都搬进来了，次卧墙面泡水的事还得找你们处理。你们还是抓紧时间处理一下吧，不要再拖了！""。万菲(客户):""@魏孝万?@客服负责人—蒙思娜?""。万菲(客户):""[视频]""。万菲(客户):""[视频]""。万菲(客户):""这是我刚录的视频""。万菲(客户):""这个水是从上至下流到一楼的""。万菲(客户):""现在没有下雨，你们应该去找一下漏水的原因""。万菲(客户):""真的，给大家办点实事！""。08月24日 08:05分。万菲(客户):""也对你们自己的工作负责，如果是公共设施坏了，你们该及时维修，否则一方面水白流另一方面把我们的房子也侵蚀坏了，你说你们能不解决吗？""。万菲(客户):""@魏孝万?管家！""。08月24日 08:11分。NaNa M(客户):""我让我们的师傅去拍查一下""。NaNa M(客户):""您家房号是多少""。万菲(客户):""901""。08月24日 08:16分。NaNa M(客户):""好的""。万菲(客户):""是整栋楼在漏，所有01户估计都有影响""。手可摘星陈(客户):""[捂脸][捂脸][捂脸]我都没有发现""。万菲(客户):""来我家看一下也行""。万菲(客户):""@手可摘星陈?您检查一下次卧靠窗那个墙面""。手可摘星陈(客户):""今天回去看哈   好的""。08月24日 09:02分。魏孝万(员工):""?????????家人们，早上好~。今天…………""。08月24日 14:51分。手可摘星陈(客户):""不晓得是不是我楼下10层这个漏""。手可摘星陈(客户):""[图片]""。手可摘星陈(客户):""@万飞?""。手可摘星陈(客户):""他那个阳台全是水""。万菲(客户):""肯定是的""。万菲(客户):""这大晴天的要不哪里来的水""。手可摘星陈(客户):""多久开始有的哟""。万菲(客户):""一个多月了呢""。万菲(客户):""喊物业检查，到今天都没处理""。手可摘星陈(客户):""是不是前面下大暴雨他们家进水咯""。手可摘星陈(客户):""我都很少回这边来了  吓得我回来看看""。何继雄(客户):""我让师傅去看看""。08月24日 14:56分。手可摘星陈(客户):""@第二需要负责人何继雄?直接看门进去看哈   怎么回事哟      。怎么阳台这么多水""。何继雄(客户):""好的""。万菲(客户):""10层以下全是滴水""。万菲(客户):""流了一个多月了""。何继雄(客户):""好的，已经给师傅说了，先去排查下""。万菲(客户):""我昨天在一楼看都流到一楼了，我还以为是楼顶水管漏水呢""。何继雄(客户):""1001已经收房了，我们没钥匙，在和业主对接过来开门""。08月24日 15:17分。魏孝万(员工):""@观海听澜姐 麻烦您把您的钥匙邮寄给我们…………""。08月24日 16:01分。万菲(客户):""我怀疑他家厨房那个小阳台也有积水""。万菲(客户):""也一直滴滴""。08月24日 18:01分。魏孝万(员工):""【便民服务??暖心为您】 。      …………""。08月24日 18:24分。万菲(客户):""@魏孝万?管家10楼的邻居联系上了吗？""。万菲(客户):""水还在滴呢""。魏孝万(员工):""我私信他不回""。魏孝万(员工):""微信群你也看见了""。魏孝万(员工):""我艾特她也不理我""。魏孝万(员工):""打电话也没接[撇嘴]""。万菲(客户):""有电话没呢，他家房子全是水。""。万菲(客户):""关键楼下全漏湿了。""。08月24日 18:29分。万菲(客户):""估计他家阳台地漏堵了""。万菲(客户):""再不管我都怕把我家阳台也搞废了""。万菲(客户):""@魏孝万?还是要尽快请他来处理一下哦""。魏孝万(员工):""电话一直在打，不接""。魏孝万(员工):""[图片]""。魏孝万(员工):""{""pre_msgid"":""173843…………""。08月24日 19:07分。观海听澜(客户):""[会话记录消息]""。观海听澜(客户):""「魏孝万：。我私信他不回」。- - - - - - - - - - - - - - -。你怎么公然撒谎？""。08月24日 19:24分。魏孝万(员工):""不好意思，管家有事先走了，工作没有及时交…………""。万菲(客户):""嗯，联系上了就行，及时开门把下水道疏通，把积水排了就好了！""。魏孝万(员工):""明天您把钥匙拿过来，我们上去看一下@观海…………""。08月24日 21:32分。观海听澜(客户):""@魏孝万?好的，明天过去找你们""。不畏将来  不念过往(客户):""[图片]""。不畏将来  不念过往(客户):""谁家小朋友在东门值班室""。不畏将来  不念过往(客户):""[图片]""。不畏将来  不念过往(客户):""{""pre_msgid"":""8080201632714900749_1724506543229_external""}""。不畏将来  不念过往(客户):""谁家小朋友在东门值班室""。不畏将来  不念过往(客户):""{""pre_msgid"":""12127671167166770515_1724506575448_external""}""。&&&","[
    {
        ""业主情感强度"": {
            ""手可摘星陈"": ""一般负面"",
            ""万菲"": ""强烈负面""
        },
        ""事件讨论开始时间"": ""08月24日 07:59"",
        ""事件讨论结束时间"": ""08月24日 21:32"",
        ""事件详情"": ""万菲和手可摘星陈等业主反映，整栋楼的01号房从上至下漏水，导致阳台和次卧墙面被泡湿起皮。万菲家阳台已安装挡雨板，但问题依旧存在。物业长时间未处理该问题，引起业主强烈不满。"",
        ""话题倾向"": """"
    }
]"
群聊负向,"这是要分析的对话:&&&08月24日 08:47分。雷松(员工):""?????????家人们，早上好~。今天…………""。08月24日 18:40分。雷松(员工):""【???♀管家播报—保洁篇】。。    …………""。雷松(员工):""[图片]""。雷松(员工):""[图片]""。雷松(员工):""[图片]""。08月24日 19:33分。?(客户):""各位业主：晚上好！[玫瑰]。8 月 24 日秩序部夜间执勤安排：。一、值班队长：董煜轩。电话: 17855557716。二、24小时值班电话：0851-83873635。辖区派出所电话：0851-83851334。三、带班时间：。20:00-08:00。四、我们将12小时坚守岗位，如有需要请致电，我们将竭诚为您服务。夜间休息请关好门窗，做好安全防范，出入小区带好业主卡。。贵阳恒大文化旅游城物业服务中心祝您：生活愉快！[烟花]""。08月24日 21:46分。一只橙?? ?? ?? ??(客户):""[图片]""。一只橙?? ?? ?? ??(客户):""@物业 董煜轩17855557716?这个狗晚上老爱来小区瞎逛，小孩在下面玩很危险勒""。?(客户):""收到 等下来赶走""。A富胜恒车行批发 菩萨19985260902(客户):""遇到好几次了  吓人""。?(客户):""这个马犬应该是我有主人的 等我联系联系看看能不能找到他主人和他说一声""。?(客户):""{""pre_msgid"":""9744803649286418357_1724507417201_external""}""。A富胜恒车行批发 菩萨19985260902(客户):""肯定是这个点故意放出来的    没人要就起锅烧油""。?(客户):""这个马犬应该是有主人的 等我联系联系看看能不能找到他主人和他说一声""。08月24日 22:00分。劉扬扬扬...(客户):""谁有二室一厅的户型图啊？发一个  谢谢""。&&&","[
    {
        ""业主情感强度"": {
            ""一只橙?? ?? ?? ??"": ""一般负面"",
            ""A富胜恒车行批发 菩萨19985260902"": ""强烈负面""
        },
        ""事件讨论开始时间"": ""08月24日 21:46"",
        ""事件讨论结束时间"": ""08月24日 21:46"",
        ""事件详情"": ""在小区内，一只无主的马犬频繁在夜间出现，给小孩玩耍带来了安全隐患。业主'一只橙?? ?? ?? ??'首先提出此问题，并@物业管理人员。其他业主表示遇到过好几次，并担忧狗只可能被故意放出来。"",
        ""话题倾向"": """"
    }
]"
群聊负向,"这是要分析的对话:&&&08月24日 08:29分。郑超超(员工):""?????????家人们，早上好~。今天…………""。08月24日 13:58分。飞(客户):""[图片]""。飞(客户):""小孩玩水，都没得大人看到起，心大哦""。08月24日 14:28分。郑超超(员工):""我这边让人去劝阻一下[抱拳]""。飞(客户):""@郑超超?给你发消息你不回呢，麻烦喊师傅来维修下""。08月24日 14:34分。飞(客户):""{""pre_msgid"":""12620855778097906872_1724481155410_external""}""。08月24日 16:02分。郑超超(员工):""各位家长们下午好：。        恒大…………""。08月24日 16:09分。找超哥找好房(客户):""「郑超超：。各位家长们下午好：。        恒大半山御景幼儿园要开始招生啦！请家长们准备好孩子报名所需资料，8月25日（明天）早上8：40到恒大半山御景物业服务中心进行报名登记，谢谢[愉快][玫瑰]。@所有人 」。- - - - - - - - - - - - - - -。21组团的还是""。郑超超(员工):""19组团后面这个""。找超哥找好房(客户):""好的，21这个不行了对吧""。郑超超(员工):""暂时还没消息""。08月24日 18:34分。郑超超(员工):""???金碧物业·恒大半山御景???。  …………""。郑超超(员工):""[图片]""。08月24日 20:24分。幸运(客户):""各位业主：晚上好！[玫瑰]。8月24日秩序部夜间执勤安排：。一、值班人员，陈开厅 15585240961。维修值班人员： 孔尧 18985000279。二、巡查期间未发现流浪狗、猫，值班期间如发现第一时间处理。三、带班时间：20:00-08:00。四、我们将12小时坚守岗位，如有需要请致电，我们将竭诚为您服务。夜间休息请关好门窗，做好安全防范，出入小区带好业主卡、谨防尾随。。贵阳金碧物业服务中心祝您：生活愉快！[烟花]""。08月24日 21:11分。郑超超(员工):""尊敬的业主朋友 flyingdance …………""。&&&","[
    {
        ""业主情感强度"": {
            ""飞"": ""一般负面""
        },
        ""事件讨论开始时间"": ""08月24日 13:58分"",
        ""事件讨论结束时间"": ""08月24日 14:34分"",
        ""事件详情"": ""业主飞在小区看到小孩独自玩水，没有大人监管，对此表示担忧。随后，飞尝试联系物业员工郑超超希望处理该问题，但感觉物业响应不够及时。"",
        ""话题倾向"": """"
    }
]"
群聊负向,"这是要分析的对话:&&&08月24日 08:27分。恒大城-管家-小潘(员工):""这是一条引用/回复消息：。""专收乡下土柚…………""。08月24日 10:33分。恒大城-管家-小潘(员工):""@所有人 由于今天突然下雨???，暂停洗…………""。红珊瑚(客户):""@恒大城-管家-小潘?下次洗地毯時再通知""。恒大城-管家-小潘(员工):""这是一条引用/回复消息：。""红珊瑚。@恒…………""。红珊瑚(客户):""這么好，謝謝了""。08月24日 10:56分。恒大城-管家-小潘(员工):""不客气哈""。08月24日 11:04分。恒大城???? 秩序部 三期监控室(客户):""[文件超过最大限制]""。恒大城金碧物业租售中心小樊(客户):""物业租售中心。??ll?  ??本周·好房??  ?ll??。?恒大城本周好房推荐。?居家3房2卫 电梯好楼层。建面积约130㎡ 总价75万。?首付11万 月供2891元。业主急卖 价格可谈  诚心出售。?????? ????????:13177807559微信同号，业主推荐朋友买房送物业费。恒大城3期房源，房东找到我们物业希望能尽快帮他卖掉。""。08月24日 16:54分。恒大城-管家-小潘(员工):""??南昌恒大城??便民活动日??。??便…………""。恒大城-管家-小潘(员工):""[视频号消息]""。08月24日 17:15分。立早(客户):""[文件超过最大限制]""。08月24日 20:04分。童洺(客户):""@恒大城???? 秩序部 三期监控室?这都多少天了，孩子们天天这样玩，到不是说什么，真砸到人，到时候又公说公有理婆说婆有理，没意思啊，麻烦物业做事就不能尽点心，不搞，好歹先排除隐患[吃瓜][吃瓜][吃瓜]""。童洺(客户):""[视频]""。恒大城???? 秩序部 三期监控室(客户):""? 2024.8.24日? 。【秩序维护部】 。1.夜班值班时间段：20：00—08：00。2.夜班值班队长:徐霖。3.物业24小时服务电话：0791-85957719/85130408。? 【物业小贴士】?。1、园区道路是大家的，请将爱车停至车位或车库，勿占行车主干道。。2、予人方便，予己方便，整齐有序，文明停车。。3、随身携带门禁卡，刷卡进出，提高安全防止偷盗。。4、请随手关大堂门，轻拉轻推，勿用力拉扯。。5、非机动车请勿进大堂、楼道内充电。。6、请勿让爱宠随地大小便，做文明养宠人。""。恒大城???? 秩序部 三期监控室(客户):""? 2024.8.24日? 。【秩序维护部】 。1.夜班值班时间段：20：00—08：00。2.夜班值班队长:徐霖。3.物业24小时服务电话：0791-85957719/85130408。? 【物业小贴士】?。1、园区道路是大家的，请将爱车停至车位或车库，勿占行车主干道。。2、予人方便，予己方便，整齐有序，文明停车。。3、随身携带门禁卡，刷卡进出，提高安全防止偷盗。。4、请随手关大堂门，轻拉轻推，勿用力拉扯。。5、非机动车请勿进大堂、楼道内充电。。6、请勿让爱宠随地大小便，做文明养宠人。""。恒大城???? 秩序部 三期监控室(客户):""? 2024.8.24日? 。【秩序维护部】 。1.夜班值班时间段：20：00—08：00。2.夜班值班队长:徐霖。3.物业24小时服务电话：0791-85957719/85130408。? 【物业小贴士】?。1、园区道路是大家的，请将爱车停至车位或车库，勿占行车主干道。。2、予人方便，予己方便，整齐有序，文明停车。。3、随身携带门禁卡，刷卡进出，提高安全防止偷盗。。4、请随手关大堂门，轻拉轻推，勿用力拉扯。。5、非机动车请勿进大堂、楼道内充电。。6、请勿让爱宠随地大小便，做文明养宠人。""。恒大城???? 秩序部 三期监控室(客户):""? 2024.8.24日? 。【秩序维护部】 。1.夜班值班时间段：20：00—08：00。2.夜班值班队长:徐霖。3.物业24小时服务电话：0791-85957719/85130408。? 【物业小贴士】?。1、园区道路是大家的，请将爱车停至车位或车库，勿占行车主干道。。2、予人方便，予己方便，整齐有序，文明停车。。3、随身携带门禁卡，刷卡进出，提高安全防止偷盗。。4、请随手关大堂门，轻拉轻推，勿用力拉扯。。5、非机动车请勿进大堂、楼道内充电。。6、请勿让爱宠随地大小便，做文明养宠人。""。08月24日 20:10分。恒大城???? 秩序部 三期监控室(客户):""? 2024.8.24日? 。【秩序维护部】 。1.夜班值班时间段：20：00—08：00。2.夜班值班队长:徐霖。3.物业24小时服务电话：0791-85957719/85130408。? 【物业小贴士】?。1、园区道路是大家的，请将爱车停至车位或车库，勿占行车主干道。。2、予人方便，予己方便，整齐有序，文明停车。。3、随身携带门禁卡，刷卡进出，提高安全防止偷盗。。4、请随手关大堂门，轻拉轻推，勿用力拉扯。。5、非机动车请勿进大堂、楼道内充电。。6、请勿让爱宠随地大小便，做文明养宠人。""。08月24日 20:15分。童洺(客户):""[视频]""。童洺(客户):""@恒大城???? 秩序部 三期监控室?这都多少天了，孩子们天天这样玩，到不是说什么，真砸到人，到时候又公说公有理婆说婆有理，没意思啊，麻烦物业做事就不能尽点心，不搞，好歹先排除隐患[吃瓜][吃瓜][吃瓜]""。&&&","[
    {
        ""业主情感强度"": {
            ""童洺"": ""强烈负面""
        },
        ""事件讨论开始时间"": ""08月24日 20:04分"",
        ""事件讨论结束时间"": ""08月24日 20:15分"",
        ""事件详情"": ""童洺业主对孩子们在小区内玩耍可能产生的安全隐患表示担忧，并批评物业没有尽到排除隐患的责任。具体事件为孩子们在高处玩耍，存在砸到人的风险。"",
        ""话题倾向"": """"
    }
]"
群聊负向,"这是要分析的对话:&&&08月24日 07:32分。陆才妹(客户):""[文件下载失败]""。陆才妹(客户):""@恒大城-管家-红红?我家门口都成水帘洞了""。陆才妹(客户):""[图片]""。陆才妹(客户):""[文件下载失败]""。陆才妹(客户):""[文件下载失败]""。陆才妹(客户):""这些空调排水管都没放到管子里面去""。08月24日 08:56分。恒大城-管家-红红(员工):""[流泪][流泪]""。恒大城-管家-红红(员工):""@所有人家人们发现自己家空调白色细的出水…………""。恒大城-管家-红红(员工):""客厅空调管子""。08月24日 11:08分。恒大城???? 秩序部 三期监控室(客户):""[文件超过最大限制]""。樊宇航(员工):""物业租售中心。??ll?  ??本周·好…………""。08月24日 15:32分。时光??(客户):""[文件下载失败]""。时光??(客户):""@恒大城-管家-红红?帮我问问""。时光??(客户):""开关烧烧臭了""。时光??(客户):""客厅的""。08月24日 15:39分。恒大城-管家-红红(员工):""我让师傅先过来看看""。08月24日 18:56分。恒大城-管家-红红(员工):""[视频号消息]""。恒大城-管家-红红(员工):""??南昌恒大城??便民活动日??。??便…………""。08月24日 20:08分。恒大城???? 秩序部 三期监控室(客户):""? 2024.8.24日? 。【秩序维护部】 。1.夜班值班时间段：20：00—08：00。2.夜班值班队长:徐霖。3.物业24小时服务电话：0791-85957719/85130408。? 【物业小贴士】?。1、园区道路是大家的，请将爱车停至车位或车库，勿占行车主干道。。2、予人方便，予己方便，整齐有序，文明停车。。3、随身携带门禁卡，刷卡进出，提高安全防止偷盗。。4、请随手关大堂门，轻拉轻推，勿用力拉扯。。5、非机动车请勿进大堂、楼道内充电。。6、请勿让爱宠随地大小便，做文明养宠人。""。&&&","[
    {
        ""业主情感强度"": {
            ""陆才妹"": ""强烈负面""
        },
        ""事件讨论开始时间"": ""08月24日 07:32"",
        ""事件讨论结束时间"": ""08月24日 08:56"",
        ""事件详情"": ""陆才妹家空调排水管未正确放置，导致水漏到门口，形成了水帘洞的情况。陆才妹对此表示不满，并附上了图片。恒大城-管家-红红对此表示关注，并提醒其他业主注意空调排水问题。"",
        ""话题倾向"": """"
    }
]"
群聊负向,"这是要分析的对话:&&&08月24日 06:05分。一期中队长(客户):""??长沙恒大雅苑。?2024年8??224日  星期六。?天气: 晴  气温：28－37℃。1、孙杨复出首战门票售罄，30元的票被炒到700元；。2、住建部：保交房涉及群众切身利益，老百姓交了钱，就应该拿到房；。3、合肥试点“购车即上牌”：线上办理最快 10 分钟，不用去车管所；。4、1.2万元黑神话悟空联名电脑秒售罄 Steam在线人数连创新高；。5、铁路旅客车站设计规范修订：男女厕位比应为1:2；微信搜：每日微语报。6、合资车企降价后销量仍下滑，专家：中国消费者挑剔，被自主品牌惯坏了；。7、泰康董事长陈东升：传统寿险面临挑战，未来最大需求在健康养老领域；。8、“不过包退”快玩不下去了？中公教育用白酒、旧电脑向学员“抵债”；。9、内蒙古24人摘沙葱被查处，当地：野沙葱属重点保护植物，禁止采卖；。10、中铁大桥局回应“硕士试用期月薪两千二”：工资由多部分构成；。11、新湖集团46.8亿元“员工福利”爆雷，打工人被迫成为公司债主；。12、小泉进次郎最快月底宣布竞选日本自民党总裁，目前民调最高；。13、奥巴马评美国大选：两位候选人仍势均力敌，特朗普是危险的；。14、美国上周首次申领失业救济人数增加4000人至23.2万人；。15、普京：乌军试图袭击库尔斯克核电站，希望有关机构能够履行承诺；""。一期中队长(客户):""[图片]""。一期中队长(客户):""???♂【防溺水??安全温馨提示】。??亲爱的业主家人们：大家好??。?天气渐热，为了孩子们??的安全，请提高安全防范意识?，时刻监督和管理??好孩子，加强对孩子的防溺水??安全教育，禁止??孩子私自到小溪、水库、江边玩水、捕鱼、捉虾、游泳等。 。??安全无小事 时刻要警惕??。请家长??加强对孩子防溺水的监管力度，提高孩子??防溺水的自觉性?。同时物业工作人员??也会加大对园区的巡逻。为孩子的生命安全构筑坚实的防线??。??如需帮助请拨24小时服务热线。二期?:0731-85066275。一期?:0731-85520610。#长沙恒大雅苑物业服务中心""。08月24日 09:04分。一期中队长(客户):""[文件超过最大限制]""。08月24日 11:05分。静(客户):""下负一楼的电梯里面也太臭了吧。""。静(客户):""一股下水道的臭味儿，太恶心了。""。长沙恒大雅苑20、25－27栋管家(员工):""收到，我通知保洁来处理""。liyan(客户):""确实，整个电梯都是味道，应该是电梯井里有臭水，保洁搞电梯厢没用""。08月24日 11:12分。长沙恒大雅苑20、25－27栋管家(员工):""收到，我先让保洁去搞一下""。08月24日 12:01分。陈康(客户):""[图片]""。08月24日 14:08分。长沙恒大雅苑20、25－27栋管家(员工):""电梯已用84拖洗哈@静""。08月24日 17:25分。长沙恒大雅苑20、25－27栋管家(员工):""【??园林绿化篇】   。园区的美丽??…………""。长沙恒大雅苑20、25－27栋管家(员工):""[图片]""。08月24日 18:03分。黄素容_长沙凤铝高端系统门窗(客户):"".""。08月24日 18:18分。一期中队长(客户):""[视频]""。一期中队长(客户):""【?? 秩序服务?巡逻篇】。我们是白班园区秩序的守护者??。每天园区全覆盖巡视??。希望用我们的行动??。为您营造舒适的居家环境??。如需帮助请拨打24小时服务热线。?:0731一85520610。值班中队长。?:17700582951（一期）。??我们竭诚为您服务??""。08月24日 20:02分。一期中队长(客户):""业主您好??。我是夜班秩序班长（苏静普17700582951），也是你的夜间安全守护者??，也许您从来没有见过我，因为我值守在您熟睡的每个晚上。夜间??我们会跟踪可疑人员、巡查车库、巡查园区、巡查楼层。。??清晨06:00我们还会查看每个电梯，确保您上班时电梯正常运行。。??如需帮助请及时拨打24小时服务电话85520610，我会出现在你需要的每个时刻???♂???♂???♂。祝您好梦！一醒来又是美美哒的一天哦???""。08月24日 20:17分。小牛牛(客户):""       【园林·浇水篇】。      天气持续炎热??，为了让小区绿植生长的更好??。，物业服务中心安排园林师傅给园区绿植浇水??，绿植喝完水后更精神??。   温馨提示各位邻居:天气炎热??，注意防暑哦??。""。小牛牛(客户):""[图片]""。08月25日 03:12分。一期中队长(客户):""【?? 秩序服务?巡逻篇】。我们是晚班园区秩序的守护者??。每天园区全覆盖巡视??。希望用我们的行动??。为您营造舒适的居家环境??。如需帮助请拨打24小时服务热线。?:0731一85520610。值班中队长。?:17700582951（一期）。??我们竭诚为您服务??""。一期中队长(客户):""[图片]""。&&&","[
    {
        ""业主情感强度"": {
            ""静"": ""强烈负面"",
            ""liyan"": ""一般负面""
        },
        ""事件讨论开始时间"": ""08月24日 11:05分"",
        ""事件讨论结束时间"": ""08月24日 14:08分"",
        ""事件详情"": ""在长沙恒大雅苑，有业主反映负一楼的电梯内部存在恶臭，像是下水道的味道。该问题被多位业主提出，表达了对物业维护的不满。物业方面收到反馈后，安排保洁进行了处理，并用84消毒液进行了拖洗。"",
        ""话题倾向"": """"
    }
]"
群聊负向,"这是要分析的对话:&&&08月24日 07:12分。AA守候??15968999950(客户):""[视频]""。AA守候??15968999950(客户):""谁家这么早就敲啥！""。08月24日 07:17分。恒大城???? 秩序部 三期监控室(客户):""@AA守候??15968999950?你家在几楼呀""。。(客户):""27楼 还是28楼敲的""。。(客户):""真的服了""。恒大城???? 秩序部 三期监控室(客户):""好的，我叫同事去看看""。朱敏(客户):""15楼都听的一清二楚""。。(客户):""{""pre_msgid"":""14491664767708092337_1724455122412_external""}""。。(客户):""{""pre_msgid"":""3443839591820292037_1724455131160_external""}""。08月24日 08:02分。AA守候??15968999950(客户):""@恒大城???? 秩序部 三期监控室?现在没有敲了！""。恒大城???? 秩序部 三期监控室(客户):""好""。08月24日 10:30分。恒大城-管家-小冷(员工):""由于今天突然下雨???，暂停洗地毯和电动…………""。08月24日 11:07分。恒大城???? 秩序部 三期监控室(客户):""[文件超过最大限制]""。08月24日 20:14分。恒大城???? 秩序部 三期监控室(客户):""? 2024.8.24日? 。【秩序维护部】 。1.夜班值班时间段：20：00—08：00。2.夜班值班队长:徐霖。3.物业24小时服务电话：0791-85957719/85130408。? 【物业小贴士】?。1、园区道路是大家的，请将爱车停至车位或车库，勿占行车主干道。。2、予人方便，予己方便，整齐有序，文明停车。。3、随身携带门禁卡，刷卡进出，提高安全防止偷盗。。4、请随手关大堂门，轻拉轻推，勿用力拉扯。。5、非机动车请勿进大堂、楼道内充电。。6、请勿让爱宠随地大小便，做文明养宠人。""。08月24日 21:10分。黑人牙膏(客户):""[视频]""。黑人牙膏(客户):""搞什么东西""。黑人牙膏(客户):""一天到晚""。黑人牙膏(客户):""除了跳蹦，就是拿椅子敲，天天又喊又叫""。黑人牙膏(客户):""生了就教好好吧，忍好久了，一到放假周末就这个样子""。08月25日 00:36分。流年(客户):""@黑人牙膏?你是在几楼啊""。08月25日 00:51分。黑人牙膏(客户):""10楼""。&&&","[
    {
        ""业主情感强度"": {
            ""朱敏"": ""一般负面"",
            ""AA守候??15968999950"": ""强烈负面""
        },
        ""事件讨论开始时间"": ""08月24日 07:12"",
        ""事件讨论结束时间"": ""08月24日 08:02"",
        ""事件详情"": ""业主AA守候??15968999950在早晨7点左右发视频抱怨有噪音，表示不满。随后，业主朱敏等也表示听到了噪音，表达了对该问题的共鸣和不满。物业秩序部表示将查看情况。"",
        ""话题倾向"": """"
    },
    {
        ""业主情感强度"": {
            ""黑人牙膏"": ""强烈负面""
        },
        ""事件讨论开始时间"": ""08月24日 21:10"",
        ""事件讨论结束时间"": ""08月25日 00:51"",
        ""事件详情"": ""业主黑人牙膏在晚上21:10分抱怨小区内有持续的噪音，如跳蹦和椅子敲击声，并表达了对放假期间噪音加重的特别不满。"",
        ""话题倾向"": """"
    }
]"
群聊负向,"这是要分析的对话:&&&08月24日 10:45分。恒大城-管家-小尧(员工):""由于今天突然下雨???，暂停洗地毯和电动…………""。08月24日 11:05分。恒大城???? 秩序部 三期监控室(客户):""[文件超过最大限制]""。08月24日 11:14分。樊宇航(员工):""物业租售中心。??ll?  ??本周·好…………""。08月24日 15:08分。明天会更好B6馆二楼7街2号(客户):""[链接]""。08月24日 17:50分。＆(客户):""@恒大城-管家-小尧?这三楼楼道阿姨今天来弄了吗？跟垃圾场一样臭哦""。＆(客户):""打开门就一股臭翻天的味道哦""。姜南(客户):""是什么臭啊""。恒大城-管家-小尧(员工):""弄了，我联系阿姨再去搞一下哈""。姜南(客户):""前段时间也臭过""。＆(客户):""最近两个月都是""。一诺千金(客户):"" 这个以后不能放了""。＆(客户):""不知道是什么臭""。＆(客户):""大厅有的时候也是好臭""。姜南(客户):""一开家里门就一股臭味飘来门""。一诺千金(客户):""喷点花露水吧""。一诺千金(客户):""这人要晕""。＆(客户):""不臭我都不会总说，一开门就臭翻天哦""。姜南(客户):""[便便][便便][便便]臭""。＆(客户):""楼道里是不是有什么特别臭的垃圾没清理哦""。＆(客户):""连着这两个月都是臭臭的""。恒大城-管家-小尧(员工):""上次阿姨清洁过一次了，我刚刚打电话现在让…………""。～桃子 ～(客户):""五楼电梯口两边，味道也很大，麻烦让阿姨过来喷点清香剂哦@恒大城-管家-小尧?""。＆(客户):""喷东西都不是根本解决问题""。＆(客户):""要查下是什么在一直发臭""。利华(客户):""是的，要找找原因""。＆(客户):""整栋楼都是臭的，我还以为只是三楼""。08月24日 17:55分。＆(客户):""大厅有时进来也是臭，麻烦辛苦查下什么原因吧@恒大城-管家-小尧?""。恒大城-管家-小尧(员工):""好的??""。＆(客户):""嗯，谢谢～""。08月24日 18:00分。恒大城-管家-小尧(员工):""[图片]""。恒大城-管家-小尧(员工):""[图片]""。恒大城-管家-小尧(员工):""[图片]""。恒大城-管家-小尧(员工):""阿姨已经过去清理了""。姜南(客户):""这不是一单元啊""。恒大城-管家-小尧(员工):""是一单元的""。姜南(客户):""这图片一看就不是""。恒大城-管家-小尧(员工):""阿姨现在还在，你现在去楼道""。恒大城-管家-小尧(员工):""应该还能看到他""。恒大城-管家-小尧(员工):""要去不""。～桃子 ～(客户):""「恒大城-管家-小尧：[图片]」。- - - - - - - - - - - - - - -。这是7栋[捂脸][捂脸][捂脸]""。罗明明(客户):""为什么图片下面写的是七栋？[破涕为笑][破涕为笑]""。姜南(客户):""不知道是几栋，你看图片，这根本就不是一单元""。姜南(客户):""你自己去看一下一单元的电梯布局吧""。恒大城-管家-小尧(员工):""定位定错了，老人家用手机""。～桃子 ～(客户):""「姜南：。不知道是几栋，你看图片，这根本就不是一单元」。- - - - - - - - - - - - - - -。确实不是31栋一单元[憨笑]""。恒大城-管家-小尧(员工):""肯定多少有些不会调""。姜南(客户):""不看上面的字，你就看图片，也不是""。姜南(客户):""一单元的两个电梯都不在一边""。08月24日 18:06分。恒大城-管家-小尧(员工):""[图片]""。恒大城-管家-小尧(员工):""[图片]""。恒大城-管家-小尧(员工):""[图片]""。罗明明(客户):""事实证明，图片发错了[破涕为笑]""。恒大城-管家-小尧(员工):""是31栋的，阿姨人还在楼道，你现在去还能…………""。金融房产徐13???1??31?(客户):""好好检查一下哪里来的臭味  前段时间有个大学生死在出租屋里 [捂脸]有点怕……""。～桃子 ～(客户):""阿姨在哪里，我没事，我去看下[破涕为笑][破涕为笑][破涕为笑]""。恒大城-管家-小尧(员工):""嗯嗯""。～桃子 ～(客户):""「金融房产徐13???1??31?：。好好检查一下哪里来的臭味  前段时间有个大学生死在出租屋里 [捂脸]有点怕……」。- - - - - - - - - - - - - - -。[白眼]别吓人""。～桃子 ～(客户):""五楼的味道好像就这两天，我家小孩都说好难闻""。恒大城-管家-小尧(员工):""这几天会重点排查一下原因""。金融房产徐13???1??31?(客户):""33天才发现""。金融房产徐13???1??31?(客户):""查一下放心点""。～桃子 ～(客户):""[表情]""。08月24日 18:20分。＆(客户):""是真的得查下[捂脸]""。＆(客户):""阿姨喷了东西还是盖不住味道""。......(客户):""@姜南?""。......(客户):""{""pre_msgid"":""7dae5fc1261ea83465946afd39941ad5_1724494935""}""。08月24日 20:08分。恒大城???? 秩序部 三期监控室(客户):""? 2024.8.24日? 。【秩序维护部】 。1.夜班值班时间段：20：00—08：00。2.夜班值班队长:徐霖。3.物业24小时服务电话：0791-85957719/85130408。? 【物业小贴士】?。1、园区道路是大家的，请将爱车停至车位或车库，勿占行车主干道。。2、予人方便，予己方便，整齐有序，文明停车。。3、随身携带门禁卡，刷卡进出，提高安全防止偷盗。。4、请随手关大堂门，轻拉轻推，勿用力拉扯。。5、非机动车请勿进大堂、楼道内充电。。6、请勿让爱宠随地大小便，做文明养宠人。""。&&&","[
    {
        ""业主情感强度"": {
            ""姜南"": ""强烈负面"",
            ""一诺千金"": ""一般负面"",
            ""＆"": ""强烈负面"",
            ""金融房产徐13???1??31?"": ""一般负面"",
            ""～桃子 ～"": ""一般负面""
        },
        ""事件讨论开始时间"": ""08月24日 17:50分"",
        ""事件讨论结束时间"": ""08月24日 18:20分"",
        ""事件详情"": ""在三楼和五楼的楼道里，业主们反映有持续的恶臭，影响日常生活。业主们对物业的清洁工作表示不满，并对恶臭的原因表示担忧。物业管家小尧虽然回应并安排了清洁，但发送的错误图片加深了业主的不信任。业主们情绪激动，多次表达了对物业的不满。"",
        ""话题倾向"": """"
    }
]"
群聊负向,"这是要分析的对话:&&&08月24日 08:29分。郑超超(员工):""?????????家人们，早上好~。今天…………""。08月24日 16:02分。郑超超(员工):""各位家长们下午好：。        恒大…………""。08月24日 16:11分。骏骏(客户):""报名需要什么资料啊?""。郑超超(员工):""我私发给您@骏骏""。骏骏(客户):""好的谢谢""。08月24日 18:35分。郑超超(员工):""???金碧物业·恒大半山御景???。  …………""。郑超超(员工):""[图片]""。08月24日 20:24分。幸运(客户):""各位业主：晚上好！[玫瑰]。8月24日秩序部夜间执勤安排：。一、值班人员，陈开厅 15585240961。维修值班人员： 孔尧 18985000279。二、巡查期间未发现流浪狗、猫，值班期间如发现第一时间处理。三、带班时间：20:00-08:00。四、我们将12小时坚守岗位，如有需要请致电，我们将竭诚为您服务。夜间休息请关好门窗，做好安全防范，出入小区带好业主卡、谨防尾随。。贵阳金碧物业服务中心祝您：生活愉快！[烟花]""。08月25日 01:56分。大鱼(客户):""请秩序部管一下，九栋这会还有人在家大喊大叫，严重影响大家休息""。大鱼(客户):""大概在八层左右""。08月25日 02:02分。幸运(客户):""好的 业主 我马上过去看一下""。08月25日 02:11分。幸运(客户):""业主 我在这里了 我没有听到声音 您家是在几层去我看一下""。幸运(客户):""@大鱼?""。大鱼(客户):""我家在七层""。大鱼(客户):""好像就是这几层，在家喝酒划拳[捂脸]""。幸运(客户):""好的 我去看一下""。大鱼(客户):""声音很大""。08月25日 02:24分。幸运(客户):""[视频]""。幸运(客户):""您好业主  我已到11层也没听见那家在划拳""。大鱼(客户):""嗯，他们好像刚收摊，多谢，有问题我再反应，谢谢""。幸运(客户):""好的 业主 如果是楼下的话 给我们说 我们给他们劝告""。&&&","[
    {
        ""业主情感强度"": {
            ""大鱼"": ""一般负面""
        },
        ""事件讨论开始时间"": ""08月25日 01:56"",
        ""事件讨论结束时间"": ""08月25日 02:24"",
        ""事件详情"": ""8月25日01:56分，业主大鱼反映九栋有住户在家大声喧哗，严重影响了其他居民的休息。大鱼表示噪声源大概在八层左右，并描述了噪声为喝酒划拳的声音。物业工作人员幸运在02:02分回应将马上过去查看，并在02:11分到达现场，但未听到噪声。大鱼在02:24分表示噪声刚刚停止。"",
        ""话题倾向"": """"
    }
]"
群聊负向,"这是要分析的对话:&&&08月24日 08:10分。???2?柏油路赵镜子??(客户):""尊敬的业主，您好：。       为更好、更快的解决业主问题，现将各值班人员、联系电话及值班时间公示在群内，各位业主可直接电话联系或在群内@秩序110。1、日常家用维修工具(螺丝刀、活动扳手、小锤等);。2、小型购物车、平板车、人字梯、打气筒，应急医用品等。。为您爱家保驾护航，如果您有家政保洁、直饮水卡办理、白蚁消杀、有偿维修、房屋租赁的业务需求，随时与我们联系，为您提供专业的服务。。【秩序维护部】。[爱心]1.值班时间段：。????08:00－20:00????。[爱心]2.值班中队长-赵队电话：0531-83131013。[爱心]3.物业服务电话：0531-55615896、55615596。??4.监控室值班24小时电话：0531-55612606。3、【物业-安保服务“小蜜蜂”】。[抱拳]如您家中有需要帮助的请联系我们?。[爱心]24小时为各位家人守候。[合十]贴心服务、真诚相伴。如需便民服务车，请直接联系；。①55612606。②55612808。有事您说话，我们会在第一时间安排人员帮你处理[玫瑰][玫瑰]""。???2?柏油路赵镜子??(客户):""[图片]""。08月24日 08:36分。济南绿洲37-38管家立冬(员工):""[玫瑰][玫瑰]早安  绿洲[玫瑰][玫…………""。济南绿洲37-38管家立冬(员工):""[链接]""。08月24日 08:49分。DY。(客户):""家人们，有知道修油烟机的吗？""。DY。(客户):""家里味道太大了""。08月24日 10:51分。幸运四叶草(客户):""我家也串味""。幸运四叶草(客户):""{""pre_msgid"":""4477081983139693357_1724467892271_external""}""。08月24日 16:43分。????(客户):""     ——??济南恒大绿洲??——。       ?贴心服务 真诚相伴?。             [太阳]急业主所急[太阳]。            [玫瑰]想业主所想[玫瑰]。       [加油]努力共创 美好家园[加油]。??24小时值班电话：。          0531-55612606.。???♀?济南恒大绿洲物业服务中心竭诚为您服务，本周安保服务周报请您查收！???♀?""。????(客户):""[图片]""。08月24日 16:51分。济南绿洲37-38管家立冬(员工):""??奔跑吧，少年??。金碧晨跑团开跑啦[…………""。济南绿洲37-38管家立冬(员工):""[图片]""。08月24日 17:30分。七分毒-(客户):""[图片]""。七分毒-(客户):""长眼了吗？堵这么死，你不用别人都不用，都放一辆了，第二辆还放？你咋不堵你家门口去""。七分毒-(客户):""{""pre_msgid"":""15662019629709831983_1724492101286_external""}""。七分毒-(客户):""堵这么死，你不用别人都不用，都放一辆了，第二辆还放？你咋不堵你家门口去""。08月24日 17:36分。七分毒-(客户):""@济南绿洲37-38管家立冬?""。08月24日 17:41分。济南绿洲37-38管家立冬(员工):""之前发过温馨提示，等再去贴一下吧""。08月24日 19:11分。???2?柏油路赵镜子??(客户):""??物业秩序“小蜜蜂” ??。[庆祝]“小蜜蜂”来了！来了！[庆祝]。[太阳]有事，您说话[太阳]。[庆祝]车辆电瓶亏电启动不了！。[庆祝]家里有沉物品搬不动了！。[庆祝]买了好多东西拿不了！。联系电话：0531-55612606。秩序小“蜜蜂”竭诚为您服务！[耶][耶][耶]。[庆祝]我们的口号：。[庆祝]真心帮助每一位[庆祝]。[庆祝]热心服务每一人[庆祝]。[庆祝]赠人玫瑰[玫瑰]，手有余香[庆祝]""。???2?柏油路赵镜子??(客户):""[图片]""。08月24日 20:05分。平安(客户):""尊敬的业主，您好：。       为更好、更快的解决业主问题，现将各值班人员、联系电话及值班时间公示在群内，各位业主可直接电话联系或在群内@秩序110。1、日常家用维修工具(螺丝刀、活动扳手、小锤等);。2、小型购物车、平板车、人字梯、打气筒，应急医用品等。。为您爱家保驾护航，如果您有家政保洁、直饮水卡办理、白蚁消杀、有偿维修、房屋租赁的业务需求，随时与我们联系，为您提供专业的服务。。【秩序维护部】。[爱心]1.值班时间段：。????20:00－08:00????。[爱心]2.值班中队长-赵队电话：0531-55615881。[爱心]3.物业服务电话：0531-55615896、55615596。??4.监控室值班24小时电话：0531-55612606。3、【物业-安保服务“小蜜蜂”】。[抱拳]如您家中有需要帮助的请联系我们?。[爱心]24小时为各位家人守候。[合十]贴心服务、真诚相伴。如需便民服务车，请直接联系；。①55612606。②55612808。有事您说话，我们会在第一时间安排人员帮你处理[玫瑰][玫瑰]""。平安(客户):""[图片]""。08月24日 23:52分。平安(客户):""尊敬的业主大家好！我是夜间执勤赵队长，金碧物业安保服务8月24号巡查，时刻守护业主们的安全，请安心入睡，如有紧急情况请拨打0531-55612606""。平安(客户):""[图片]""。08月25日 02:50分。平安(客户):""尊敬的业主大家好！我是夜间执勤赵队长，金碧物业安保服务8月25号巡查，时刻守护业主们的安全，请安心入睡，如有紧急情况请拨打0531-55612606""。平安(客户):""[图片]""。&&&","[
    {
        ""业主情感强度"": {
            ""DY."": ""一般负面"",
            ""幸运四叶草"": ""一般负面""
        },
        ""事件讨论开始时间"": ""08月24日 08:49分"",
        ""事件讨论结束时间"": ""08月24日 10:51分"",
        ""事件详情"": ""业主DY.和幸运四叶草反映家中油烟机需要维修，存在异味问题。"",
        ""话题倾向"": """"
    },
    {
        ""业主情感强度"": {
            ""七分毒-"": ""强烈负面""
        },
        ""事件讨论开始时间"": ""08月24日 17:30分"",
        ""事件讨论结束时间"": ""08月24日 17:41分"",
        ""事件详情"": ""业主七分毒-投诉小区内车辆停放不当，严重影响了其他居民的出行。"",
        ""话题倾向"": """"
    }
]"
群聊负向,"这是要分析的对话:&&&08月24日 08:47分。雷松(员工):""?????????家人们，早上好~。今天…………""。08月24日 14:42分。GS-PEI(客户):""@4-2-1603?工人来清理了没有？""。08月24日 14:58分。秋??????香(客户):""@GS-PEI?昨天来看了，说今天来，没有来，""。秋??????香(客户):""你问下，如果去没人，就给我发信息，我家早上有人在家，下午没人""。08月24日 15:06分。GS-PEI(客户):""刚问负责装修的，他说已经安排工人，没说啥时来。如果工人来了找不到人我在群里给你发信息。""。08月24日 15:32分。秋??????香(客户):""[表情]""。08月24日 18:41分。雷松(员工):""【???♀管家播报—保洁篇】。。    …………""。雷松(员工):""[图片]""。雷松(员工):""[图片]""。雷松(员工):""[图片]""。08月24日 19:33分。?(客户):""各位业主：晚上好！[玫瑰]。8 月 24 日秩序部夜间执勤安排：。一、值班队长：董煜轩。电话: 17855557716。二、24小时值班电话：0851-83873635。辖区派出所电话：0851-83851334。三、带班时间：。20:00-08:00。四、我们将12小时坚守岗位，如有需要请致电，我们将竭诚为您服务。夜间休息请关好门窗，做好安全防范，出入小区带好业主卡。。贵阳恒大文化旅游城物业服务中心祝您：生活愉快！[烟花]""。&&&","{""事件提取"":null,""提取结果"":false}"
群聊负向,"这是要分析的对话:&&&08月24日 06:05分。一期中队长(客户):""[图片]""。一期中队长(客户):""??长沙恒大雅苑。?2024年8??224日  星期六。?天气: 晴  气温：28－37℃。1、孙杨复出首战门票售罄，30元的票被炒到700元；。2、住建部：保交房涉及群众切身利益，老百姓交了钱，就应该拿到房；。3、合肥试点“购车即上牌”：线上办理最快 10 分钟，不用去车管所；。4、1.2万元黑神话悟空联名电脑秒售罄 Steam在线人数连创新高；。5、铁路旅客车站设计规范修订：男女厕位比应为1:2；微信搜：每日微语报。6、合资车企降价后销量仍下滑，专家：中国消费者挑剔，被自主品牌惯坏了；。7、泰康董事长陈东升：传统寿险面临挑战，未来最大需求在健康养老领域；。8、“不过包退”快玩不下去了？中公教育用白酒、旧电脑向学员“抵债”；。9、内蒙古24人摘沙葱被查处，当地：野沙葱属重点保护植物，禁止采卖；。10、中铁大桥局回应“硕士试用期月薪两千二”：工资由多部分构成；。11、新湖集团46.8亿元“员工福利”爆雷，打工人被迫成为公司债主；。12、小泉进次郎最快月底宣布竞选日本自民党总裁，目前民调最高；。13、奥巴马评美国大选：两位候选人仍势均力敌，特朗普是危险的；。14、美国上周首次申领失业救济人数增加4000人至23.2万人；。15、普京：乌军试图袭击库尔斯克核电站，希望有关机构能够履行承诺；""。一期中队长(客户):""???♂【防溺水??安全温馨提示】。??亲爱的业主家人们：大家好??。?天气渐热，为了孩子们??的安全，请提高安全防范意识?，时刻监督和管理??好孩子，加强对孩子的防溺水??安全教育，禁止??孩子私自到小溪、水库、江边玩水、捕鱼、捉虾、游泳等。 。??安全无小事 时刻要警惕??。请家长??加强对孩子防溺水的监管力度，提高孩子??防溺水的自觉性?。同时物业工作人员??也会加大对园区的巡逻。为孩子的生命安全构筑坚实的防线??。??如需帮助请拨24小时服务热线。二期?:0731-85066275。一期?:0731-85520610。#长沙恒大雅苑物业服务中心""。08月24日 06:40分。刘波(客户):""@一期中队长?2号电梯停在9楼很久了，是不是又坏了！""。一期中队长(客户):""@刘波?收到，马上通知师傅处理""。08月24日 07:10分。一期中队长(客户):""18-2门机保护，重启后恢复运行@刘波?""。刘波(客户):""[强][强]""。Jia wang(客户):""@刘波?业主你好，18-2门机保护，已处理恢复运行，感谢你的反馈，祝你生活愉快??""。08月24日 09:03分。一期中队长(客户):""[文件超过最大限制]""。08月24日 09:24分。A长沙房产16年的大谭(客户):""[强][强][强]""。08月24日 18:19分。一期中队长(客户):""[视频]""。一期中队长(客户):""【?? 秩序服务?巡逻篇】。我们是白班园区秩序的守护者??。每天园区全覆盖巡视??。希望用我们的行动??。为您营造舒适的居家环境??。如需帮助请拨打24小时服务热线。?:0731一85520610。值班中队长。?:17700582951（一期）。??我们竭诚为您服务??""。08月24日 20:01分。一期中队长(客户):""业主您好??。我是夜班秩序班长（苏静普17700582951），也是你的夜间安全守护者??，也许您从来没有见过我，因为我值守在您熟睡的每个晚上。夜间??我们会跟踪可疑人员、巡查车库、巡查园区、巡查楼层。。??清晨06:00我们还会查看每个电梯，确保您上班时电梯正常运行。。??如需帮助请及时拨打24小时服务电话85520610，我会出现在你需要的每个时刻???♂???♂???♂。祝您好梦！一醒来又是美美哒的一天哦???""。08月24日 20:18分。小牛牛(客户):""       【园林·浇水篇】。      天气持续炎热??，为了让小区绿植生长的更好??。，物业服务中心安排园林师傅给园区绿植浇水??，绿植喝完水后更精神??。   温馨提示各位邻居:天气炎热??，注意防暑哦??。""。小牛牛(客户):""[图片]""。08月24日 21:57分。每天都要活得开心(客户):""[图片]""。每天都要活得开心(客户):""大门口停了好多电动车""。每天都要活得开心(客户):""还有谁垃圾随便丢路上""。一期中队长(客户):""收到""。08月24日 22:13分。一期中队长(客户):""[图片]""。一期中队长(客户):""@每天都要活得开心?已清理""。08月25日 03:10分。一期中队长(客户):""【?? 秩序服务?巡逻篇】。我们是晚班园区秩序的守护者??。每天园区全覆盖巡视??。希望用我们的行动??。为您营造舒适的居家环境??。如需帮助请拨打24小时服务热线。?:0731一85520610。值班中队长。?:17700582951（一期）。??我们竭诚为您服务??""。一期中队长(客户):""[图片]""。&&&","[
    {
        ""业主情感强度"": {
            ""每天都要活得开心"": ""一般负面""
        },
        ""事件讨论开始时间"": ""08月24日 21:57分"",
        ""事件讨论结束时间"": ""08月24日 22:13分"",
        ""事件详情"": ""大门口停了好多电动车，还有谁垃圾随便丢路上，此情况被业主每天都要活得开心发现并提出。"",
        ""话题倾向"": """"
    }
]"
群聊负向,"这是要分析的对话:&&&08月24日 11:09分。恒大城金碧物业租售中心小樊(客户):""物业租售中心。??ll?  ??本周·好房??  ?ll??。?恒大城本周好房推荐。?居家3房2卫 电梯好楼层。建面积约130㎡ 总价75万。?首付11万 月供2891元。业主急卖 价格可谈  诚心出售。?????? ????????:13177807559微信同号，业主推荐朋友买房送物业费。恒大城3期房源，房东找到我们物业希望能尽快帮他卖掉。""。恒大城???? 秩序部 三期监控室(客户):""[文件超过最大限制]""。08月24日 14:35分。时光(客户):""[视频]""。时光(客户):""楼上扔这么多东西下来，吓我一跳""。时光(客户):""@恒大城-管家-小范?""。恒大城-管家-小范(员工):""@所有人请各住户不要往楼下乱扔垃圾，生活…………""。恒大城-管家-小范(员工):""@时光我通知保洁过去清理""。08月24日 20:12分。恒大城???? 秩序部 三期监控室(客户):""? 2024.8.24日? 。【秩序维护部】 。1.夜班值班时间段：20：00—08：00。2.夜班值班队长:徐霖。3.物业24小时服务电话：0791-85957719/85130408。? 【物业小贴士】?。1、园区道路是大家的，请将爱车停至车位或车库，勿占行车主干道。。2、予人方便，予己方便，整齐有序，文明停车。。3、随身携带门禁卡，刷卡进出，提高安全防止偷盗。。4、请随手关大堂门，轻拉轻推，勿用力拉扯。。5、非机动车请勿进大堂、楼道内充电。。6、请勿让爱宠随地大小便，做文明养宠人。""。&&&","[
    {
        ""业主情感强度"": {
            ""时光"": ""一般负面""
        },
        ""事件讨论开始时间"": ""08月24日 14:35分"",
        ""事件讨论结束时间"": ""08月24日 14:35分"",
        ""事件详情"": ""业主时光在物业群聊中反映，楼上扔下很多垃圾，吓到了他。"",
        ""话题倾向"": """"
    }
]"
群聊负向,"这是要分析的对话:&&&08月24日 08:35分。李彬(员工):""?????????家人们，早上好~。今天…………""。李彬(员工):""各位业主早上好，麻烦各位业主暂时将车辆停…………""。08月24日 09:24分。裸眼看世界(农家乐)(客户):""不好意思，我想请问一下，我们房子被楼上漏水下来泡楼顶和地板的问题是不解决了吗？还是说我没有收房，给物业的没有关系""。裸眼看世界(农家乐)(客户):""{""pre_msgid"":""4397889045268206025_1724462643276_external""}""。裸眼看世界(农家乐)(客户):""不好意思，我想请问一下，我们房子被楼上漏水下来泡楼顶和地板的问题是不解决了吗？还是说我没有收房，和物业的没有关系""。裸眼看世界(农家乐)(客户):""这种情况，房怎么收？""。08月24日 09:32分。裸眼看世界(农家乐)(客户):""7月19号发现的问题，那时候都不晓得泡了好多天，现在8月24号，一个多月了，处理的结果就是这样？""。08月24日 16:21分。李彬(员工):""尊敬的业主朋友 佐丹奴  ，欢迎加入业主…………""。08月24日 20:00分。L．(客户):""─???今日值班公告???─。。         2024年8月24日?。 今日夜间值班情况如下?：。?????♂秩序值班人员：彭昌雷。    值班电话：14785558155。维修值班师傅：周伦。电话：13984891723。??夜间温馨提示：。??有任何需要帮助请及时拨打值班人员电话或者物业服务中心24小时热线：0851-83862661??。??夜间回家的家人请规范停车??，互相方便出行?。        愿家人们晚安好梦！??。   。      贴心服务[爱心]真诚相伴。           ——贵阳恒大文化旅游城物业服务中心""。&&&","[
    {
        ""业主情感强度"": {
            ""裸眼看世界(农家乐)"": ""强烈负面""
        },
        ""事件讨论开始时间"": ""08月24日 09:24分"",
        ""事件讨论结束时间"": ""08月24日 09:32分"",
        ""事件详情"": ""业主裸眼看世界(农家乐)反映其房子被楼上漏水泡坏楼顶和地板，自7月19号发现问题以来，物业尚未给出满意的处理结果，至08月24日已经过去一个多月。业主对此表示强烈不满，质疑物业的处理效率和质量。"",
        ""话题倾向"": """"
    }
]"
群聊负向,"这是要分析的对话:&&&08月24日 11:03分。恒大城-管家-小冯(员工):""[文件超过最大限制]""。08月24日 11:08分。恒大城金碧物业租售中心小樊(客户):""物业租售中心。??ll?  ??本周·好房??  ?ll??。?恒大城本周好房推荐。?居家3房2卫 电梯好楼层。建面积约130㎡ 总价75万。?首付11万 月供2891元。业主急卖 价格可谈  诚心出售。?????? ????????:13177807559微信同号，业主推荐朋友买房送物业费。恒大城3期房源，房东找到我们物业希望能尽快帮他卖掉。""。08月24日 12:07分。Wik??(客户):""电梯里面好臭""。Wik??(客户):""不去负一的那个""。恒大城-管家-小冯(员工):""好的，我让中午秩序同事过去看下""。08月24日 16:08分。恒大城-管家-小冯(员工):""??南昌恒大城??便民活动日??。??便…………""。恒大城-管家-小冯(员工):""[视频号消息]""。08月24日 18:39分。熙熙(客户):""电梯经常好臭""。熙熙(客户):""不知道哪里原因""。恒大城-管家-小冯(员工):""我下午去了两个电梯检查没有臭，我这边让晚…………""。恒大城???? 秩序部 三期监控室(客户):""@熙熙?现在还好臭吗？""。熙熙(客户):""现在不臭""。08月24日 18:45分。恒大城???? 秩序部 三期监控室(客户):""好的""。08月24日 18:50分。廖小平(客户):""@恒大城-管家-小冯?负一楼电梯还是难闻""。恒大城-管家-小冯(员工):""好的，我让晚班秩序同事过去看下""。08月24日 20:08分。恒大城???? 秩序部 三期监控室(客户):""? 2024.8.24日? 。【秩序维护部】 。1.夜班值班时间段：20：00—08：00。2.夜班值班队长:徐霖。3.物业24小时服务电话：0791-85957719/85130408。? 【物业小贴士】?。1、园区道路是大家的，请将爱车停至车位或车库，勿占行车主干道。。2、予人方便，予己方便，整齐有序，文明停车。。3、随身携带门禁卡，刷卡进出，提高安全防止偷盗。。4、请随手关大堂门，轻拉轻推，勿用力拉扯。。5、非机动车请勿进大堂、楼道内充电。。6、请勿让爱宠随地大小便，做文明养宠人。""。&&&","[
    {
        ""业主情感强度"": {
            ""廖小平"": ""一般负面"",
            ""Wik??"": ""一般负面"",
            ""熙熙"": ""一般负面""
        },
        ""事件讨论开始时间"": ""08月24日 12:07分"",
        ""事件讨论结束时间"": ""08月24日 18:50分"",
        ""事件详情"": ""在恒大城小区，有业主反映电梯内存在异味问题，具体表现为'电梯里面好臭'和'电梯经常好臭'。Wik??、熙熙和廖小平三位业主分别表达了他们对这一问题的不满。熙熙业主表示不知道臭味的来源，而廖小平业主在晚上的时候仍然提到负一楼电梯难闻。"",
        ""话题倾向"": """"
    }
]"
